customer_id,snapshot_date,churn_probability,risk_percentile,risk_band
C000001,2025-12-31,0.12682439150871747,0.12233333333333334,Low
C000002,2025-12-31,0.9588188694855946,0.7765,Critical
C000003,2025-12-31,0.9273525593709767,0.6536666666666666,Critical
C000004,2025-12-31,0.9638397389867436,0.9481666666666667,Critical
C000005,2025-12-31,0.2704663569662607,0.32766666666666666,Low
C000006,2025-12-31,0.9616595610428681,0.8493333333333334,Critical
C000007,2025-12-31,0.6696515325162924,0.5783333333333334,High
C000008,2025-12-31,0.899343393215612,0.6335,Critical
C000009,2025-12-31,0.9637681586483334,0.9445,Critical
C000010,2025-12-31,0.19992691376550556,0.21133333333333335,Low
C000011,2025-12-31,0.34780510654277785,0.44616666666666666,Low
C000012,2025-12-31,0.954450720766121,0.7296666666666667,Critical
C000013,2025-12-31,0.49916836691502736,0.5375,Medium
C000014,2025-12-31,0.2652096815152886,0.31733333333333336,Low
C000015,2025-12-31,0.06352693268839896,0.013333333333333334,Low
C000016,2025-12-31,0.33157223759813975,0.4225,Low
C000017,2025-12-31,0.20322952832529143,0.21733333333333332,Low
C000018,2025-12-31,0.9584247717654563,0.771,Critical
C000019,2025-12-31,0.1894621940589949,0.19816666666666666,Low
C000020,2025-12-31,0.3143160301784504,0.39716666666666667,Low
C000021,2025-12-31,0.16500405179446753,0.16833333333333333,Low
C000022,2025-12-31,0.9651007371725046,0.983,Critical
C000023,2025-12-31,0.962440173528274,0.884,Critical
C000024,2025-12-31,0.17441850750798435,0.18216666666666667,Low
C000025,2025-12-31,0.9567910659063529,0.7515,Critical
C000026,2025-12-31,0.8084748295544101,0.6046666666666667,Critical
C000027,2025-12-31,0.9640221527396786,0.9553333333333334,Critical
C000028,2025-12-31,0.20753843981036166,0.2245,Low
C000029,2025-12-31,0.5804932359618472,0.5613333333333334,High
C000030,2025-12-31,0.7991350735155355,0.6035,Critical
C000031,2025-12-31,0.8825621079541023,0.6266666666666667,Critical
C000032,2025-12-31,0.9640583560184327,0.958,Critical
C000033,2025-12-31,0.4381331379162596,0.5123333333333333,Medium
C000034,2025-12-31,0.4160822077984858,0.5016666666666667,Medium
C000035,2025-12-31,0.9590426419781876,0.7808333333333334,Critical
C000036,2025-12-31,0.965693177398864,0.9973333333333333,Critical
C000037,2025-12-31,0.11302205459963673,0.10433333333333333,Low
C000038,2025-12-31,0.9636359721391939,0.9376666666666666,Critical
C000039,2025-12-31,0.20304482593810433,0.21683333333333332,Low
C000040,2025-12-31,0.9242495200631048,0.6503333333333333,Critical
C000041,2025-12-31,0.9638440911441103,0.9485,Critical
C000042,2025-12-31,0.23589057980266573,0.2693333333333333,Low
C000043,2025-12-31,0.7974544489870854,0.6031666666666666,Critical
C000044,2025-12-31,0.309767367097947,0.39,Low
C000045,2025-12-31,0.23144183390220466,0.26316666666666666,Low
C000046,2025-12-31,0.9485584520161355,0.6953333333333334,Critical
C000047,2025-12-31,0.9635669682143777,0.9353333333333333,Critical
C000048,2025-12-31,0.2245256427414574,0.25233333333333335,Low
C000049,2025-12-31,0.2262638837809866,0.25433333333333336,Low
C000050,2025-12-31,0.2748913888202374,0.3358333333333333,Low
C000051,2025-12-31,0.29886213624925057,0.37466666666666665,Low
C000052,2025-12-31,0.9626530939007818,0.8923333333333333,Critical
C000053,2025-12-31,0.9577024626910702,0.762,Critical
C000054,2025-12-31,0.4714701955704402,0.5274166666666666,Medium
C000055,2025-12-31,0.48014201116361716,0.5303333333333333,Medium
C000056,2025-12-31,0.9359347688719083,0.666,Critical
C000057,2025-12-31,0.9611660580002647,0.833,Critical
C000058,2025-12-31,0.26111393246070974,0.31133333333333335,Low
C000059,2025-12-31,0.06168171497609302,0.007666666666666666,Low
C000060,2025-12-31,0.862840325374588,0.6181666666666666,Critical
C000061,2025-12-31,0.5560133923822584,0.5558333333333333,High
C000062,2025-12-31,0.48097530445361275,0.5308333333333334,Medium
C000063,2025-12-31,0.28602534896849,0.3525,Low
C000064,2025-12-31,0.9636490308643321,0.9385,Critical
C000065,2025-12-31,0.9246125614539187,0.6508333333333334,Critical
C000066,2025-12-31,0.1402829963884454,0.13833333333333334,Low
C000067,2025-12-31,0.2798958488709394,0.344,Low
C000068,2025-12-31,0.956304994768112,0.7453333333333333,Critical
C000069,2025-12-31,0.23123355702413073,0.2628333333333333,Low
C000070,2025-12-31,0.11715789394168381,0.11,Low
C000071,2025-12-31,0.17128042737151672,0.17816666666666667,Low
C000072,2025-12-31,0.2311343808572427,0.2625,Low
C000073,2025-12-31,0.6622594759157748,0.5768333333333333,High
C000074,2025-12-31,0.9600278473606014,0.7988333333333333,Critical
C000075,2025-12-31,0.16135933332209004,0.163,Low
C000076,2025-12-31,0.9613074039542876,0.8376666666666667,Critical
C000077,2025-12-31,0.5159665085111698,0.544,Medium
C000078,2025-12-31,0.27452324364664776,0.33516666666666667,Low
C000079,2025-12-31,0.2855409977774153,0.3515,Low
C000080,2025-12-31,0.07505038742724544,0.0445,Low
C000081,2025-12-31,0.16539905254663387,0.16883333333333334,Low
C000082,2025-12-31,0.14909938418261226,0.14783333333333334,Low
C000083,2025-12-31,0.3943745188154659,0.4885,Medium
C000084,2025-12-31,0.26156511277324673,0.31233333333333335,Low
C000085,2025-12-31,0.3844070993937723,0.48133333333333334,Medium
C000086,2025-12-31,0.9620841680608724,0.8668333333333333,Critical
C000087,2025-12-31,0.0727771823510421,0.0395,Low
C000088,2025-12-31,0.1577428489710568,0.15916666666666668,Low
C000089,2025-12-31,0.9244470112580165,0.6505,Critical
C000090,2025-12-31,0.06908242249825798,0.03216666666666667,Low
C000091,2025-12-31,0.5754631462598402,0.56,High
C000092,2025-12-31,0.13074008409956953,0.127,Low
C000093,2025-12-31,0.24733968022243372,0.2886666666666667,Low
C000094,2025-12-31,0.12902042647602474,0.12466666666666666,Low
C000095,2025-12-31,0.42699879691613346,0.5066666666666667,Medium
C000096,2025-12-31,0.06641380262266271,0.023,Low
C000097,2025-12-31,0.06728794401896142,0.0255,Low
C000098,2025-12-31,0.588462767605909,0.563,High
C000099,2025-12-31,0.06577366362949813,0.0205,Low
C000100,2025-12-31,0.9621765817419119,0.872,Critical
C000101,2025-12-31,0.2936689977641365,0.36683333333333334,Low
C000102,2025-12-31,0.9595577163044426,0.7896666666666666,Critical
C000103,2025-12-31,0.13139498411050143,0.12866666666666668,Low
C000104,2025-12-31,0.884679131803511,0.6278333333333334,Critical
C000105,2025-12-31,0.9604354546005491,0.81,Critical
C000106,2025-12-31,0.304502435448152,0.3825,Low
C000107,2025-12-31,0.32705638394402475,0.4146666666666667,Low
C000108,2025-12-31,0.11792895683110301,0.11116666666666666,Low
C000109,2025-12-31,0.9402815102381755,0.6736666666666666,Critical
C000110,2025-12-31,0.9630932890179116,0.9125,Critical
C000111,2025-12-31,0.9572567460643374,0.758,Critical
C000112,2025-12-31,0.17424168114599572,0.18166666666666667,Low
C000113,2025-12-31,0.4695813708292928,0.5268333333333334,Medium
C000114,2025-12-31,0.9621638684982966,0.8713333333333333,Critical
C000115,2025-12-31,0.9637781409986358,0.9448333333333333,Critical
C000116,2025-12-31,0.1209518530877694,0.1155,Low
C000117,2025-12-31,0.2544184350562066,0.29983333333333334,Low
C000118,2025-12-31,0.14569039148378538,0.14266666666666666,Low
C000119,2025-12-31,0.1845366906687866,0.1925,Low
C000120,2025-12-31,0.9645888356613525,0.9718333333333333,Critical
C000121,2025-12-31,0.9357939508898455,0.6656666666666666,Critical
C000122,2025-12-31,0.4687808662198938,0.5265,Medium
C000123,2025-12-31,0.42655264433390583,0.5058333333333334,Medium
C000124,2025-12-31,0.9620616602575242,0.8658333333333333,Critical
C000125,2025-12-31,0.1668044909042368,0.17016666666666666,Low
C000126,2025-12-31,0.3274626041579414,0.41583333333333333,Low
C000127,2025-12-31,0.5793803547451234,0.5608333333333333,High
C000128,2025-12-31,0.09249219413082925,0.07516666666666667,Low
C000129,2025-12-31,0.24572918527631563,0.2853333333333333,Low
C000130,2025-12-31,0.943636164783019,0.6805,Critical
C000131,2025-12-31,0.9626790742539723,0.8943333333333333,Critical
C000132,2025-12-31,0.5267255819140688,0.548,Medium
C000133,2025-12-31,0.38574188046082813,0.4821666666666667,Medium
C000134,2025-12-31,0.11561441877785018,0.10783333333333334,Low
C000135,2025-12-31,0.1410029179583574,0.13916666666666666,Low
C000136,2025-12-31,0.3090316495611965,0.38916666666666666,Low
C000137,2025-12-31,0.9403647580499267,0.674,Critical
C000138,2025-12-31,0.964054519528999,0.9576666666666667,Critical
C000139,2025-12-31,0.19884713022426312,0.21033333333333334,Low
C000140,2025-12-31,0.7938046007594913,0.602,Critical
C000141,2025-12-31,0.5464875817748266,0.5528333333333333,Medium
C000142,2025-12-31,0.20657342686192012,0.22333333333333333,Low
C000143,2025-12-31,0.5017763526519436,0.5385,Medium
C000144,2025-12-31,0.7441257766255683,0.5926666666666667,Critical
C000145,2025-12-31,0.33340228649585585,0.42633333333333334,Low
C000146,2025-12-31,0.9614529233648526,0.8413333333333334,Critical
C000147,2025-12-31,0.9475280599438016,0.6915,Critical
C000148,2025-12-31,0.3238777531434026,0.4093333333333333,Low
C000149,2025-12-31,0.7358162644621564,0.5906666666666667,Critical
C000150,2025-12-31,0.9589946065622059,0.78,Critical
C000151,2025-12-31,0.2930803076907355,0.366,Low
C000152,2025-12-31,0.3171234708444764,0.40116666666666667,Low
C000153,2025-12-31,0.28432607371618046,0.3496666666666667,Low
C000154,2025-12-31,0.2678414351679624,0.32366666666666666,Low
C000155,2025-12-31,0.9584240906161616,0.7708333333333334,Critical
C000156,2025-12-31,0.9181817285800008,0.6455,Critical
C000157,2025-12-31,0.14987125619148547,0.1485,Low
C000158,2025-12-31,0.12842498124309717,0.12383333333333334,Low
C000159,2025-12-31,0.260114889428445,0.30933333333333335,Low
C000160,2025-12-31,0.9629858159759781,0.906,Critical
C000161,2025-12-31,0.681431130349791,0.5806666666666667,High
C000162,2025-12-31,0.2568474804985871,0.304,Low
C000163,2025-12-31,0.32477384724283637,0.41133333333333333,Low
C000164,2025-12-31,0.9647706221466121,0.9755,Critical
C000165,2025-12-31,0.05860088391382981,0.0011666666666666668,Low
C000166,2025-12-31,0.9601498787991507,0.8015,Critical
C000167,2025-12-31,0.24388461922975493,0.2816666666666667,Low
C000168,2025-12-31,0.08966595788505898,0.07016666666666667,Low
C000169,2025-12-31,0.8975723685604099,0.6328333333333334,Critical
C000170,2025-12-31,0.06788106796414332,0.028,Low
C000171,2025-12-31,0.26010344029008975,0.30916666666666665,Low
C000172,2025-12-31,0.09104528598227447,0.07183333333333333,Low
C000173,2025-12-31,0.961292225735638,0.8371666666666666,Critical
C000174,2025-12-31,0.2441540782911941,0.2826666666666667,Low
C000175,2025-12-31,0.768318984747446,0.598,Critical
C000176,2025-12-31,0.727625056462819,0.5878333333333333,Critical
C000177,2025-12-31,0.4438105156168744,0.5161666666666667,Medium
C000178,2025-12-31,0.8379290281532216,0.6115,Critical
C000179,2025-12-31,0.16910584360079026,0.1755,Low
C000180,2025-12-31,0.26311454606865714,0.31433333333333335,Low
C000181,2025-12-31,0.9569029202592684,0.753,Critical
C000182,2025-12-31,0.18204981602857373,0.19,Low
C000183,2025-12-31,0.24081878734495485,0.27666666666666667,Low
C000184,2025-12-31,0.9573924382573346,0.7591666666666667,Critical
C000185,2025-12-31,0.3258735394876138,0.4131666666666667,Low
C000186,2025-12-31,0.10494325711568357,0.09433333333333334,Low
C000187,2025-12-31,0.9620832724996733,0.8666666666666667,Critical
C000188,2025-12-31,0.9445380789265956,0.6831666666666667,Critical
C000189,2025-12-31,0.21242219724275255,0.23216666666666666,Low
C000190,2025-12-31,0.9249657874868427,0.6513333333333333,Critical
C000191,2025-12-31,0.9645921437446567,0.9721666666666666,Critical
C000192,2025-12-31,0.14997850682161132,0.149,Low
C000193,2025-12-31,0.06921355199177583,0.0325,Low
C000194,2025-12-31,0.15660834394472292,0.15766666666666668,Low
C000195,2025-12-31,0.21942738966032393,0.24233333333333335,Low
C000196,2025-12-31,0.20784991340683556,0.22483333333333333,Low
C000197,2025-12-31,0.963206666509472,0.9176666666666666,Critical
C000198,2025-12-31,0.08586637093084164,0.06433333333333334,Low
C000199,2025-12-31,0.19830004522164998,0.20933333333333334,Low
C000200,2025-12-31,0.5557318653316349,0.5555,High
C000201,2025-12-31,0.4384137730058155,0.5126666666666667,Medium
C000202,2025-12-31,0.14842817113108558,0.14633333333333334,Low
C000203,2025-12-31,0.19127347327035704,0.19983333333333334,Low
C000204,2025-12-31,0.17533628130787168,0.183,Low
C000205,2025-12-31,0.8129036628242337,0.6056666666666667,Critical
C000206,2025-12-31,0.07802712847822486,0.051166666666666666,Low
C000207,2025-12-31,0.6190985095646476,0.569,High
C000208,2025-12-31,0.9652170176541629,0.9873333333333333,Critical
C000209,2025-12-31,0.2584808056153549,0.307,Low
C000210,2025-12-31,0.9640262954034028,0.9556666666666667,Critical
C000211,2025-12-31,0.26928720909202386,0.32616666666666666,Low
C000212,2025-12-31,0.4184903828457105,0.5021666666666667,Medium
C000213,2025-12-31,0.32094706837365744,0.4056666666666667,Low
C000214,2025-12-31,0.9635820256958313,0.936,Critical
C000215,2025-12-31,0.2685998501530373,0.3248333333333333,Low
C000216,2025-12-31,0.23071884008713792,0.2608333333333333,Low
C000217,2025-12-31,0.9532717725146306,0.7198333333333333,Critical
C000218,2025-12-31,0.9572939747596768,0.7583333333333333,Critical
C000219,2025-12-31,0.06531292323493039,0.019,Low
C000220,2025-12-31,0.17808397478081317,0.18633333333333332,Low
C000221,2025-12-31,0.13643661645447056,0.13433333333333333,Low
C000222,2025-12-31,0.9608828545767439,0.8243333333333334,Critical
C000223,2025-12-31,0.2441344205339869,0.2825,Low
C000224,2025-12-31,0.9614080542431612,0.84,Critical
C000225,2025-12-31,0.8681318714055322,0.6208333333333333,Critical
C000226,2025-12-31,0.26131854554557277,0.31183333333333335,Low
C000227,2025-12-31,0.5192199774174415,0.5456666666666666,Medium
C000228,2025-12-31,0.1688372473282046,0.17483333333333334,Low
C000229,2025-12-31,0.9240448599600013,0.6498333333333334,Critical
C000230,2025-12-31,0.2741609726258726,0.3345,Low
C000231,2025-12-31,0.26529064570719,0.3175,Low
C000232,2025-12-31,0.9552622422667278,0.7363333333333333,Critical
C000233,2025-12-31,0.9586090708601098,0.7738333333333334,Critical
C000234,2025-12-31,0.4599723152537519,0.5231666666666667,Medium
C000235,2025-12-31,0.958475679394899,0.7721666666666667,Critical
C000236,2025-12-31,0.9500456837265573,0.7016666666666667,Critical
C000237,2025-12-31,0.9641925843423937,0.964,Critical
C000238,2025-12-31,0.07187518619937926,0.03783333333333333,Low
C000239,2025-12-31,0.5087437419434849,0.5413333333333333,Medium
C000240,2025-12-31,0.9631816417527449,0.9161666666666667,Critical
C000241,2025-12-31,0.12194060387709603,0.11733333333333333,Low
C000242,2025-12-31,0.09870994909781433,0.08483333333333333,Low
C000243,2025-12-31,0.38642688772588674,0.4826666666666667,Medium
C000244,2025-12-31,0.2270764336223098,0.255,Low
C000245,2025-12-31,0.29567943284296255,0.36983333333333335,Low
C000246,2025-12-31,0.9619398772768027,0.8618333333333333,Critical
C000247,2025-12-31,0.42319745167861966,0.5041666666666667,Medium
C000248,2025-12-31,0.4424348564575169,0.5145,Medium
C000249,2025-12-31,0.9617659186317384,0.8536666666666667,Critical
C000250,2025-12-31,0.07732425425686111,0.04933333333333333,Low
C000251,2025-12-31,0.3875325034844676,0.4835,Medium
C000252,2025-12-31,0.9626282078487219,0.8911666666666667,Critical
C000253,2025-12-31,0.9313616134473333,0.6581666666666667,Critical
C000254,2025-12-31,0.9609842337800746,0.8265,Critical
C000255,2025-12-31,0.09147959466717955,0.07283333333333333,Low
C000256,2025-12-31,0.33656327843393496,0.43016666666666664,Low
C000257,2025-12-31,0.19393370369513516,0.204,Low
C000258,2025-12-31,0.9615893397524548,0.8466666666666667,Critical
C000259,2025-12-31,0.13645887966040496,0.13466666666666666,Low
C000260,2025-12-31,0.10095772605925406,0.0885,Low
C000261,2025-12-31,0.1333022471425638,0.13016666666666668,Low
C000262,2025-12-31,0.8106696992214468,0.6051666666666666,Critical
C000263,2025-12-31,0.2753519941607009,0.3365,Low
C000264,2025-12-31,0.19404593404829695,0.20433333333333334,Low
C000265,2025-12-31,0.9643493828005606,0.9671666666666666,Critical
C000266,2025-12-31,0.17056034349948343,0.17683333333333334,Low
C000267,2025-12-31,0.11052219052485512,0.10183333333333333,Low
C000268,2025-12-31,0.1678453127504127,0.17233333333333334,Low
C000269,2025-12-31,0.3420456257847473,0.43666666666666665,Low
C000270,2025-12-31,0.9611296045914958,0.8323333333333334,Critical
C000271,2025-12-31,0.9630788576979293,0.9116666666666666,Critical
C000272,2025-12-31,0.6913508779107141,0.583,High
C000273,2025-12-31,0.4990037224838575,0.5371666666666667,Medium
C000274,2025-12-31,0.964202658296948,0.9646666666666667,Critical
C000275,2025-12-31,0.06846773782366511,0.029666666666666668,Low
C000276,2025-12-31,0.5579288816353811,0.5563333333333333,High
C000277,2025-12-31,0.9636553944370535,0.9388333333333333,Critical
C000278,2025-12-31,0.25934612811447105,0.30783333333333335,Low
C000279,2025-12-31,0.9631814168384242,0.916,Critical
C000280,2025-12-31,0.6565217547352802,0.5748333333333333,High
C000281,2025-12-31,0.18827010462821844,0.19683333333333333,Low
C000282,2025-12-31,0.0678074189006619,0.027833333333333335,Low
C000283,2025-12-31,0.959102127182816,0.7816666666666666,Critical
C000284,2025-12-31,0.9601885217976108,0.8038333333333333,Critical
C000285,2025-12-31,0.7948075919975254,0.6021666666666666,Critical
C000286,2025-12-31,0.959624999865436,0.7908333333333334,Critical
C000287,2025-12-31,0.5833602205639995,0.562,High
C000288,2025-12-31,0.8682142035867829,0.621,Critical
C000289,2025-12-31,0.9624980258041368,0.8866666666666667,Critical
C000290,2025-12-31,0.3902773272296556,0.48483333333333334,Medium
C000291,2025-12-31,0.9651205376400815,0.9833333333333333,Critical
C000292,2025-12-31,0.1769324280438588,0.1845,Low
C000293,2025-12-31,0.16751979125330552,0.1715,Low
C000294,2025-12-31,0.8583878359202043,0.6165,Critical
C000295,2025-12-31,0.9598528288509046,0.7941666666666667,Critical
C000296,2025-12-31,0.9618853098816844,0.8588333333333333,Critical
C000297,2025-12-31,0.30203911726897664,0.37916666666666665,Low
C000298,2025-12-31,0.9530373732629331,0.7173333333333334,Critical
C000299,2025-12-31,0.7538916351257017,0.5948333333333333,Critical
C000300,2025-12-31,0.09360106420747677,0.076,Low
C000301,2025-12-31,0.9304837976792729,0.6571666666666667,Critical
C000302,2025-12-31,0.3327281671963576,0.425,Low
C000303,2025-12-31,0.24044837481957482,0.276,Low
C000304,2025-12-31,0.8776190259473015,0.6261666666666666,Critical
C000305,2025-12-31,0.961220517240672,0.8348333333333333,Critical
C000306,2025-12-31,0.16743228815480307,0.17133333333333334,Low
C000307,2025-12-31,0.9623591220281108,0.8801666666666667,Critical
C000308,2025-12-31,0.2725374063399328,0.332,Low
C000309,2025-12-31,0.07991491360029927,0.05416666666666667,Low
C000310,2025-12-31,0.9525513171061348,0.7133333333333334,Critical
C000311,2025-12-31,0.44747886488695215,0.5178333333333334,Medium
C000312,2025-12-31,0.30985216809696975,0.39016666666666666,Low
C000313,2025-12-31,0.9600559004223411,0.7995,Critical
C000314,2025-12-31,0.9473000387144377,0.6908333333333333,Critical
C000315,2025-12-31,0.29207423914986874,0.36383333333333334,Low
C000316,2025-12-31,0.15900185144748633,0.16133333333333333,Low
C000317,2025-12-31,0.10495070184754296,0.0945,Low
C000318,2025-12-31,0.08400072194112286,0.06133333333333333,Low
C000319,2025-12-31,0.10019234023786784,0.088,Low
C000320,2025-12-31,0.8182284124826671,0.6073333333333333,Critical
C000321,2025-12-31,0.962806041196723,0.8983333333333333,Critical
C000322,2025-12-31,0.8878315640340729,0.6295,Critical
C000323,2025-12-31,0.2253658599356659,0.2535,Low
C000324,2025-12-31,0.22744671634997896,0.25533333333333336,Low
C000325,2025-12-31,0.9558743192975688,0.7411666666666666,Critical
C000326,2025-12-31,0.11356264642663087,0.10483333333333333,Low
C000327,2025-12-31,0.20600414240929574,0.22216666666666668,Low
C000328,2025-12-31,0.450010136704672,0.5188333333333334,Medium
C000329,2025-12-31,0.09464386408348376,0.079,Low
C000330,2025-12-31,0.96404160779458,0.9563333333333334,Critical
C000331,2025-12-31,0.3553960954862709,0.4553333333333333,Medium
C000332,2025-12-31,0.9622453647351298,0.8746666666666667,Critical
C000333,2025-12-31,0.9613404874425665,0.8385,Critical
C000334,2025-12-31,0.25730986773460124,0.30483333333333335,Low
C000335,2025-12-31,0.9600436510724712,0.799,Critical
C000336,2025-12-31,0.9641517094058685,0.9621666666666666,Critical
C000337,2025-12-31,0.09155030904256208,0.073,Low
C000338,2025-12-31,0.961747778753535,0.8521666666666666,Critical
C000339,2025-12-31,0.6692250110265694,0.5781666666666667,High
C000340,2025-12-31,0.9631970103173225,0.917,Critical
C000341,2025-12-31,0.11774100104409019,0.11083333333333334,Low
C000342,2025-12-31,0.9516685948082156,0.7098333333333333,Critical
C000343,2025-12-31,0.23061258849617697,0.2605,Low
C000344,2025-12-31,0.9630611140865567,0.9108333333333334,Critical
C000345,2025-12-31,0.9527299259506098,0.7151666666666666,Critical
C000346,2025-12-31,0.15188187665369318,0.152,Low
C000347,2025-12-31,0.11330479342606037,0.1045,Low
C000348,2025-12-31,0.3071371180115508,0.38616666666666666,Low
C000349,2025-12-31,0.172313050600464,0.17966666666666667,Low
C000350,2025-12-31,0.10205272965099232,0.09083333333333334,Low
C000351,2025-12-31,0.9551970904078088,0.736,Critical
C000352,2025-12-31,0.9604260011866742,0.8095,Critical
C000353,2025-12-31,0.8891822664682856,0.6298333333333334,Critical
C000354,2025-12-31,0.06705736395215564,0.025,Low
C000355,2025-12-31,0.2589950860518679,0.3075,Low
C000356,2025-12-31,0.9617835337180706,0.8543333333333333,Critical
C000357,2025-12-31,0.9595006129727518,0.7891666666666667,Critical
C000358,2025-12-31,0.19142127686912622,0.2,Low
C000359,2025-12-31,0.06434878301894219,0.016,Low
C000360,2025-12-31,0.955137591298441,0.7355,Critical
C000361,2025-12-31,0.15228947246978797,0.153,Low
C000362,2025-12-31,0.9518023168827062,0.7101666666666666,Critical
C000363,2025-12-31,0.9647832253612668,0.9761666666666666,Critical
C000364,2025-12-31,0.09895232191312608,0.08533333333333333,Low
C000365,2025-12-31,0.3697561862176872,0.4656666666666667,Medium
C000366,2025-12-31,0.9609743033680838,0.8263333333333334,Critical
C000367,2025-12-31,0.964147987262387,0.9618333333333333,Critical
C000368,2025-12-31,0.9616508724826763,0.849,Critical
C000369,2025-12-31,0.11405233101729094,0.10583333333333333,Low
C000370,2025-12-31,0.9179894099039037,0.6453333333333333,Critical
C000371,2025-12-31,0.9576648667126199,0.7616666666666667,Critical
C000372,2025-12-31,0.1682327347328111,0.17316666666666666,Low
C000373,2025-12-31,0.7964320901479169,0.6028333333333333,Critical
C000374,2025-12-31,0.9616429426107418,0.8486666666666667,Critical
C000375,2025-12-31,0.3480064991095821,0.44633333333333336,Low
C000376,2025-12-31,0.43188961441322204,0.5095,Medium
C000377,2025-12-31,0.959169263835011,0.7828333333333334,Critical
C000378,2025-12-31,0.6068464047088917,0.5665,High
C000379,2025-12-31,0.37677358534385336,0.4735,Medium
C000380,2025-12-31,0.12371209379472174,0.11883333333333333,Low
C000381,2025-12-31,0.24438616305621766,0.2835,Low
C000382,2025-12-31,0.10687378697340848,0.09666666666666666,Low
C000383,2025-12-31,0.9583321777586408,0.7691666666666667,Critical
C000384,2025-12-31,0.1269424005504937,0.12266666666666666,Low
C000385,2025-12-31,0.9633599107019397,0.9263333333333333,Critical
C000386,2025-12-31,0.16633147034089832,0.1695,Low
C000387,2025-12-31,0.35498077684409973,0.45466666666666666,Medium
C000388,2025-12-31,0.10757846679959786,0.09766666666666667,Low
C000389,2025-12-31,0.26729634074590053,0.32233333333333336,Low
C000390,2025-12-31,0.9532779756885303,0.7201666666666666,Critical
C000391,2025-12-31,0.2896290180561662,0.3596666666666667,Low
C000392,2025-12-31,0.9013036848655913,0.6345,Critical
C000393,2025-12-31,0.9633487444410825,0.9253333333333333,Critical
C000394,2025-12-31,0.3629615556194901,0.4618333333333333,Medium
C000395,2025-12-31,0.9630226899171749,0.9083333333333333,Critical
C000396,2025-12-31,0.28369849080369397,0.3491666666666667,Low
C000397,2025-12-31,0.07028179316456641,0.035333333333333335,Low
C000398,2025-12-31,0.9587384129049145,0.7748333333333334,Critical
C000399,2025-12-31,0.7315252124031607,0.5895,Critical
C000400,2025-12-31,0.3317317151426374,0.4231666666666667,Low
C000401,2025-12-31,0.9653465613215605,0.9905,Critical
C000402,2025-12-31,0.15215711405069232,0.1525,Low
C000403,2025-12-31,0.37946063531731866,0.476,Medium
C000404,2025-12-31,0.46119151995423396,0.5238333333333334,Medium
C000405,2025-12-31,0.14989997969032956,0.14866666666666667,Low
C000406,2025-12-31,0.384231966638374,0.48083333333333333,Medium
C000407,2025-12-31,0.9656141717302992,0.9955,Critical
C000408,2025-12-31,0.2711610221387279,0.329,Low
C000409,2025-12-31,0.5063628593616588,0.5405,Medium
C000410,2025-12-31,0.9488320415180683,0.6968333333333333,Critical
C000411,2025-12-31,0.223883978094646,0.251,Low
C000412,2025-12-31,0.22991301285011834,0.26,Low
C000413,2025-12-31,0.09311964667818613,0.0755,Low
C000414,2025-12-31,0.8408687701334511,0.6121666666666666,Critical
C000415,2025-12-31,0.9624801566219151,0.8858333333333334,Critical
C000416,2025-12-31,0.9635080910140627,0.9328333333333333,Critical
C000417,2025-12-31,0.8896263521597239,0.63,Critical
C000418,2025-12-31,0.08244634748485768,0.058833333333333335,Low
C000419,2025-12-31,0.3943637090804337,0.48833333333333334,Medium
C000420,2025-12-31,0.08811844582507761,0.06766666666666667,Low
C000421,2025-12-31,0.9651412271407818,0.985,Critical
C000422,2025-12-31,0.80191891010608,0.6038333333333333,Critical
C000423,2025-12-31,0.3444572277523588,0.43983333333333335,Low
C000424,2025-12-31,0.9512435523888189,0.7075,Critical
C000425,2025-12-31,0.18928799698760876,0.19783333333333333,Low
C000426,2025-12-31,0.3523353140417193,0.4513333333333333,Medium
C000427,2025-12-31,0.27582994924657067,0.3375,Low
C000428,2025-12-31,0.9608307486198108,0.8223333333333334,Critical
C000429,2025-12-31,0.3752603966458851,0.4711666666666667,Medium
C000430,2025-12-31,0.28857060200506895,0.35833333333333334,Low
C000431,2025-12-31,0.9645595670238762,0.9713333333333334,Critical
C000432,2025-12-31,0.08385128480753534,0.06116666666666667,Low
C000433,2025-12-31,0.3297889287867944,0.42,Low
C000434,2025-12-31,0.33350125949266074,0.4265,Low
C000435,2025-12-31,0.9613996000838715,0.8395,Critical
C000436,2025-12-31,0.29205704093122237,0.3636666666666667,Low
C000437,2025-12-31,0.960515827337959,0.8133333333333334,Critical
C000438,2025-12-31,0.38801294609346004,0.484,Medium
C000439,2025-12-31,0.22028295103887766,0.24466666666666667,Low
C000440,2025-12-31,0.2289129848454237,0.25816666666666666,Low
C000441,2025-12-31,0.21752905874246609,0.24,Low
C000442,2025-12-31,0.14955527331530508,0.14816666666666667,Low
C000443,2025-12-31,0.28047396825616766,0.3443333333333333,Low
C000444,2025-12-31,0.2481466476333429,0.29,Low
C000445,2025-12-31,0.15587094739748555,0.1565,Low
C000446,2025-12-31,0.2632148997577748,0.3145,Low
C000447,2025-12-31,0.29884173239241246,0.3745,Low
C000448,2025-12-31,0.21642313869465926,0.23816666666666667,Low
C000449,2025-12-31,0.1559069160818652,0.15683333333333332,Low
C000450,2025-12-31,0.3128250394417878,0.3955,Low
C000451,2025-12-31,0.9631328577262425,0.914,Critical
C000452,2025-12-31,0.4088870438131617,0.49583333333333335,Medium
C000453,2025-12-31,0.23106279414272882,0.2618333333333333,Low
C000454,2025-12-31,0.9632361670513112,0.92,Critical
C000455,2025-12-31,0.9593539647807078,0.7865,Critical
C000456,2025-12-31,0.9633789909157947,0.927,Critical
C000457,2025-12-31,0.9606956057735836,0.8186666666666667,Critical
C000458,2025-12-31,0.4964756088384034,0.5361666666666667,Medium
C000459,2025-12-31,0.26101563220861274,0.311,Low
C000460,2025-12-31,0.9246617266996723,0.651,Critical
C000461,2025-12-31,0.2912013679502115,0.3626666666666667,Low
C000462,2025-12-31,0.16848851995101385,0.1735,Low
C000463,2025-12-31,0.9337918909354572,0.6606666666666666,Critical
C000464,2025-12-31,0.4670560042506941,0.5261666666666667,Medium
C000465,2025-12-31,0.9629215519159707,0.9031666666666667,Critical
C000466,2025-12-31,0.9620952523308829,0.8671666666666666,Critical
C000467,2025-12-31,0.9651020846993705,0.9831666666666666,Critical
C000468,2025-12-31,0.9618801499622958,0.8583333333333333,Critical
C000469,2025-12-31,0.29751960549432854,0.3725,Low
C000470,2025-12-31,0.10817064861455655,0.098,Low
C000471,2025-12-31,0.1579063295714484,0.15933333333333333,Low
C000472,2025-12-31,0.10127424077263132,0.08916666666666667,Low
C000473,2025-12-31,0.9343918828658467,0.6618333333333334,Critical
C000474,2025-12-31,0.9635992209730526,0.9365,Critical
C000475,2025-12-31,0.9655034893300499,0.9935,Critical
C000476,2025-12-31,0.3113008981856705,0.393,Low
C000477,2025-12-31,0.9562902826398586,0.745,Critical
C000478,2025-12-31,0.2789163883566879,0.3423333333333333,Low
C000479,2025-12-31,0.3880782409791372,0.48433333333333334,Medium
C000480,2025-12-31,0.3497026032608968,0.4483333333333333,Low
C000481,2025-12-31,0.9648720719546798,0.9775,Critical
C000482,2025-12-31,0.9550506344707387,0.7338333333333333,Critical
C000483,2025-12-31,0.12414787862034272,0.119,Low
C000484,2025-12-31,0.9607346556937614,0.8205,Critical
C000485,2025-12-31,0.30688702140500485,0.3858333333333333,Low
C000486,2025-12-31,0.12486468727487127,0.11983333333333333,Low
C000487,2025-12-31,0.7751376147942234,0.5995,Critical
C000488,2025-12-31,0.2811683426290447,0.3451666666666667,Low
C000489,2025-12-31,0.2100146821910408,0.2275,Low
C000490,2025-12-31,0.9628484272511724,0.9005,Critical
C000491,2025-12-31,0.24935539812594343,0.29183333333333333,Low
C000492,2025-12-31,0.963744671413786,0.9426666666666667,Critical
C000493,2025-12-31,0.3790834772312637,0.47533333333333333,Medium
C000494,2025-12-31,0.34462890839212285,0.44033333333333335,Low
C000495,2025-12-31,0.1549641107468397,0.15533333333333332,Low
C000496,2025-12-31,0.9610242999847097,0.828,Critical
C000497,2025-12-31,0.8694717391254686,0.6218333333333333,Critical
C000498,2025-12-31,0.8660195370399847,0.6198333333333333,Critical
C000499,2025-12-31,0.17843438841177575,0.18716666666666668,Low
C000500,2025-12-31,0.3407240201384208,0.43416666666666665,Low
C000501,2025-12-31,0.5265359782423885,0.5478333333333333,Medium
C000502,2025-12-31,0.9604665441110495,0.8113333333333334,Critical
C000503,2025-12-31,0.12706816613333513,0.123,Low
C000504,2025-12-31,0.748798873067897,0.5933333333333334,Critical
C000505,2025-12-31,0.5454615729255322,0.5526666666666666,Medium
C000506,2025-12-31,0.3452566923967521,0.44233333333333336,Low
C000507,2025-12-31,0.9407521157215415,0.6746666666666666,Critical
C000508,2025-12-31,0.9186282975327126,0.6456666666666667,Critical
C000509,2025-12-31,0.17229198386373998,0.1795,Low
C000510,2025-12-31,0.8167681284407929,0.6068333333333333,Critical
C000511,2025-12-31,0.9324692797772762,0.6595,Critical
C000512,2025-12-31,0.9573287656021433,0.7586666666666667,Critical
C000513,2025-12-31,0.9650741688902843,0.9823333333333333,Critical
C000514,2025-12-31,0.3635314162932202,0.4623333333333333,Medium
C000515,2025-12-31,0.9641901437476882,0.9638333333333333,Critical
C000516,2025-12-31,0.19477466967934373,0.20633333333333334,Low
C000517,2025-12-31,0.3351216586531191,0.42816666666666664,Low
C000518,2025-12-31,0.3347429122043694,0.42733333333333334,Low
C000519,2025-12-31,0.2901065561723797,0.361,Low
C000520,2025-12-31,0.959230652226356,0.7845,Critical
C000521,2025-12-31,0.9632172798466284,0.9181666666666667,Critical
C000522,2025-12-31,0.9594174767631346,0.7881666666666667,Critical
C000523,2025-12-31,0.06770178480569747,0.027333333333333334,Low
C000524,2025-12-31,0.32055234977712493,0.4051666666666667,Low
C000525,2025-12-31,0.946453863331343,0.688,Critical
C000526,2025-12-31,0.17159199858890406,0.17883333333333334,Low
C000527,2025-12-31,0.957109307284166,0.7558333333333334,Critical
C000528,2025-12-31,0.6949024546454273,0.5835,High
C000529,2025-12-31,0.9631220359752506,0.9138333333333334,Critical
C000530,2025-12-31,0.37555350076492683,0.4715,Medium
C000531,2025-12-31,0.9418295861550083,0.6766666666666666,Critical
C000532,2025-12-31,0.42644472750169404,0.5056666666666667,Medium
C000533,2025-12-31,0.34813126720216103,0.4465,Low
C000534,2025-12-31,0.943047366023077,0.679,Critical
C000535,2025-12-31,0.3145608612398852,0.3973333333333333,Low
C000536,2025-12-31,0.9641438122626625,0.9616666666666667,Critical
C000537,2025-12-31,0.4534409784193998,0.5205,Medium
C000538,2025-12-31,0.9641670868999914,0.9631666666666666,Critical
C000539,2025-12-31,0.8359740820006761,0.6106666666666667,Critical
C000540,2025-12-31,0.06230387359486425,0.0095,Low
C000541,2025-12-31,0.9632354655474912,0.9198333333333333,Critical
C000542,2025-12-31,0.713540457692619,0.5866666666666667,High
C000543,2025-12-31,0.43556586977726214,0.5113333333333333,Medium
C000544,2025-12-31,0.0970416411485819,0.08133333333333333,Low
C000545,2025-12-31,0.1242895016496494,0.11933333333333333,Low
C000546,2025-12-31,0.15322160237290547,0.15433333333333332,Low
C000547,2025-12-31,0.9336041474073328,0.6601666666666667,Critical
C000548,2025-12-31,0.23442311877280805,0.26666666666666666,Low
C000549,2025-12-31,0.356149432628392,0.4563333333333333,Medium
C000550,2025-12-31,0.9649215140988726,0.9786666666666667,Critical
C000551,2025-12-31,0.22295344995887345,0.24866666666666667,Low
C000552,2025-12-31,0.3557398521115422,0.4558333333333333,Medium
C000553,2025-12-31,0.9641811777746622,0.9636666666666667,Critical
C000554,2025-12-31,0.9570639011666099,0.7548333333333334,Critical
C000555,2025-12-31,0.3122455998929807,0.39416666666666667,Low
C000556,2025-12-31,0.870273168883927,0.6221666666666666,Critical
C000557,2025-12-31,0.7603916948047073,0.5966666666666667,Critical
C000558,2025-12-31,0.7657835517382221,0.5973333333333334,Critical
C000559,2025-12-31,0.2864786436364906,0.354,Low
C000560,2025-12-31,0.9630236127921256,0.9085,Critical
C000561,2025-12-31,0.43098795052410527,0.5088333333333334,Medium
C000562,2025-12-31,0.96321238168545,0.918,Critical
C000563,2025-12-31,0.9635770379488257,0.9358333333333333,Critical
C000564,2025-12-31,0.19438685841568967,0.20516666666666666,Low
C000565,2025-12-31,0.20260024302819798,0.21616666666666667,Low
C000566,2025-12-31,0.10722802291711793,0.09733333333333333,Low
C000567,2025-12-31,0.9401078180588115,0.6726666666666666,Critical
C000568,2025-12-31,0.2592126282640468,0.30766666666666664,Low
C000569,2025-12-31,0.9195412290601243,0.6458333333333334,Critical
C000570,2025-12-31,0.29213788958016806,0.3641666666666667,Low
C000571,2025-12-31,0.9638224718235385,0.9466666666666667,Critical
C000572,2025-12-31,0.28620828595505626,0.35283333333333333,Low
C000573,2025-12-31,0.9620808285923855,0.8665,Critical
C000574,2025-12-31,0.37486135622762257,0.4706666666666667,Medium
C000575,2025-12-31,0.8370186546808961,0.611,Critical
C000576,2025-12-31,0.19791049641482297,0.20866666666666667,Low
C000577,2025-12-31,0.9610160659675507,0.8278333333333333,Critical
C000578,2025-12-31,0.3776057963776927,0.474,Medium
C000579,2025-12-31,0.28586428331598485,0.352,Low
C000580,2025-12-31,0.29271549720334716,0.36516666666666664,Low
C000581,2025-12-31,0.9653643637689902,0.991,Critical
C000582,2025-12-31,0.9364145384555744,0.6668333333333333,Critical
C000583,2025-12-31,0.08094625705949436,0.05616666666666666,Low
C000584,2025-12-31,0.9525591531042249,0.7135,Critical
C000585,2025-12-31,0.4566086619220357,0.5218333333333334,Medium
C000586,2025-12-31,0.3003449335429503,0.3765,Low
C000587,2025-12-31,0.9506414514863852,0.7055,Critical
C000588,2025-12-31,0.19033064774169606,0.19916666666666666,Low
C000589,2025-12-31,0.231066695994925,0.262,Low
C000590,2025-12-31,0.9625296568019373,0.888,Critical
C000591,2025-12-31,0.4997788236023855,0.5378333333333334,Medium
C000592,2025-12-31,0.9621188730804437,0.8681666666666666,Critical
C000593,2025-12-31,0.9633380725703424,0.9246666666666666,Critical
C000594,2025-12-31,0.9632180262165903,0.9183333333333333,Critical
C000595,2025-12-31,0.9501148161528389,0.7023333333333334,Critical
C000596,2025-12-31,0.9618420703792272,0.8566666666666667,Critical
C000597,2025-12-31,0.2577213767843807,0.3055,Low
C000598,2025-12-31,0.11215535248373394,0.10383333333333333,Low
C000599,2025-12-31,0.5342811892857148,0.5501666666666667,Medium
C000600,2025-12-31,0.9582996038769971,0.7686666666666667,Critical
C000601,2025-12-31,0.9605329797077123,0.8141666666666667,Critical
C000602,2025-12-31,0.6045262818852245,0.566,High
C000603,2025-12-31,0.2940253249973959,0.36733333333333335,Low
C000604,2025-12-31,0.8167501297497664,0.6066666666666667,Critical
C000605,2025-12-31,0.097964127835987,0.08283333333333333,Low
C000606,2025-12-31,0.9602877647160767,0.8056666666666666,Critical
C000607,2025-12-31,0.9646968393554581,0.974,Critical
C000608,2025-12-31,0.1990801709497404,0.21083333333333334,Low
C000609,2025-12-31,0.9528019460279307,0.7155,Critical
C000610,2025-12-31,0.29655134981831494,0.37083333333333335,Low
C000611,2025-12-31,0.19461495777747273,0.20566666666666666,Low
C000612,2025-12-31,0.41279746270050754,0.4985,Medium
C000613,2025-12-31,0.2918766197196981,0.3635,Low
C000614,2025-12-31,0.09058588328217969,0.0715,Low
C000615,2025-12-31,0.9621052332403611,0.8675,Critical
C000616,2025-12-31,0.9548508602720256,0.732,Critical
C000617,2025-12-31,0.20959262299776868,0.22716666666666666,Low
C000618,2025-12-31,0.9539210871647726,0.7251666666666666,Critical
C000619,2025-12-31,0.9582122005458359,0.7675,Critical
C000620,2025-12-31,0.21060214600688956,0.2285,Low
C000621,2025-12-31,0.21559041879951646,0.23683333333333334,Low
C000622,2025-12-31,0.9567755948547757,0.7513333333333333,Critical
C000623,2025-12-31,0.9614488689289415,0.841,Critical
C000624,2025-12-31,0.9516133869681336,0.7093333333333334,Critical
C000625,2025-12-31,0.4324767603731308,0.5104166666666666,Medium
C000626,2025-12-31,0.06235884941616293,0.009666666666666667,Low
C000627,2025-12-31,0.9614921923683258,0.8428333333333333,Critical
C000628,2025-12-31,0.48961306890662604,0.5336666666666666,Medium
C000629,2025-12-31,0.3088990075335791,0.389,Low
C000630,2025-12-31,0.31687165578995075,0.401,Low
C000631,2025-12-31,0.9657475598405701,0.9985,Critical
C000632,2025-12-31,0.41004391679929614,0.49666666666666665,Medium
C000633,2025-12-31,0.23859149837566698,0.274,Low
C000634,2025-12-31,0.0657812539024296,0.020666666666666667,Low
C000635,2025-12-31,0.9553599692291078,0.737,Critical
C000636,2025-12-31,0.06740360717148904,0.026333333333333334,Low
C000637,2025-12-31,0.08570337910932523,0.06416666666666666,Low
C000638,2025-12-31,0.9625737469132117,0.89,Critical
C000639,2025-12-31,0.9519293479639989,0.7105,Critical
C000640,2025-12-31,0.17770873246078486,0.186,Low
C000641,2025-12-31,0.2978642967029373,0.37283333333333335,Low
C000642,2025-12-31,0.9618450363258625,0.857,Critical
C000643,2025-12-31,0.07893378822846146,0.0525,Low
C000644,2025-12-31,0.962313529709219,0.8771666666666667,Critical
C000645,2025-12-31,0.7195199655124598,0.587,High
C000646,2025-12-31,0.9346714115912725,0.6623333333333333,Critical
C000647,2025-12-31,0.7825326567638786,0.6003333333333334,Critical
C000648,2025-12-31,0.5756210865484688,0.5601666666666667,High
C000649,2025-12-31,0.060622244556338384,0.0055,Low
C000650,2025-12-31,0.9602701670276556,0.8053333333333333,Critical
C000651,2025-12-31,0.9497406590470315,0.7005,Critical
C000652,2025-12-31,0.94724409859267,0.6906666666666667,Critical
C000653,2025-12-31,0.9645043915463559,0.9695,Critical
C000654,2025-12-31,0.9633755156871501,0.9268333333333333,Critical
C000655,2025-12-31,0.2574639623011458,0.305,Low
C000656,2025-12-31,0.9619486741378518,0.8621666666666666,Critical
C000657,2025-12-31,0.4159748189738794,0.5013333333333333,Medium
C000658,2025-12-31,0.0722191150750815,0.03833333333333333,Low
C000659,2025-12-31,0.9612785219421194,0.8368333333333333,Critical
C000660,2025-12-31,0.3913165458174821,0.4856666666666667,Medium
C000661,2025-12-31,0.5070439901936842,0.5408333333333334,Medium
C000662,2025-12-31,0.5148149855160539,0.5436666666666666,Medium
C000663,2025-12-31,0.9389054216931796,0.6713333333333333,Critical
C000664,2025-12-31,0.34399322794100523,0.43933333333333335,Low
C000665,2025-12-31,0.219975304017776,0.24366666666666667,Low
C000666,2025-12-31,0.9228284293916066,0.648,Critical
C000667,2025-12-31,0.960402545844374,0.8085,Critical
C000668,2025-12-31,0.5002749256813255,0.5383333333333333,Medium
C000669,2025-12-31,0.8834323884788594,0.6273333333333333,Critical
C000670,2025-12-31,0.965747134302361,0.9983333333333333,Critical
C000671,2025-12-31,0.9570043596077652,0.7538333333333334,Critical
C000672,2025-12-31,0.1521635865288097,0.15266666666666667,Low
C000673,2025-12-31,0.9541561414932271,0.727,Critical
C000674,2025-12-31,0.8768092513325163,0.626,Critical
C000675,2025-12-31,0.5128595548504552,0.5428333333333333,Medium
C000676,2025-12-31,0.1772967537176043,0.18533333333333332,Low
C000677,2025-12-31,0.2606862862021206,0.31033333333333335,Low
C000678,2025-12-31,0.869082877156437,0.6216666666666667,Critical
C000679,2025-12-31,0.9037519555187618,0.6355,Critical
C000680,2025-12-31,0.45450905464819363,0.521,Medium
C000681,2025-12-31,0.5106540132207728,0.5421666666666667,Medium
C000682,2025-12-31,0.960334139893989,0.807,Critical
C000683,2025-12-31,0.05816409353455929,0.0006666666666666666,Low
C000684,2025-12-31,0.24682906642583693,0.2876666666666667,Low
C000685,2025-12-31,0.09173679820071086,0.07333333333333333,Low
C000686,2025-12-31,0.9570240811269853,0.7543333333333333,Critical
C000687,2025-12-31,0.3046726472777011,0.38266666666666665,Low
C000688,2025-12-31,0.9605536478428943,0.8148333333333333,Critical
C000689,2025-12-31,0.10838187744130194,0.0985,Low
C000690,2025-12-31,0.8854597148322793,0.628,Critical
C000691,2025-12-31,0.4714701955704402,0.5274166666666666,Medium
C000692,2025-12-31,0.34255942724168226,0.4375,Low
C000693,2025-12-31,0.9322959512867731,0.6591666666666667,Critical
C000694,2025-12-31,0.2717922055175564,0.33066666666666666,Low
C000695,2025-12-31,0.2752049923096325,0.33616666666666667,Low
C000696,2025-12-31,0.9623100532678777,0.8766666666666667,Critical
C000697,2025-12-31,0.946903228621252,0.6895,Critical
C000698,2025-12-31,0.9530140879801419,0.7168333333333333,Critical
C000699,2025-12-31,0.9613902687900836,0.8391666666666666,Critical
C000700,2025-12-31,0.23861639238633306,0.27416666666666667,Low
C000701,2025-12-31,0.34478215405396345,0.4405,Low
C000702,2025-12-31,0.0903111809771167,0.071,Low
C000703,2025-12-31,0.4306826098977335,0.5086666666666667,Medium
C000704,2025-12-31,0.9156003171836119,0.6431666666666667,Critical
C000705,2025-12-31,0.17343770546126036,0.1805,Low
C000706,2025-12-31,0.2620350664484922,0.313,Low
C000707,2025-12-31,0.2687677800708232,0.32516666666666666,Low
C000708,2025-12-31,0.21213327999945308,0.23116666666666666,Low
C000709,2025-12-31,0.9230938325330067,0.6483333333333333,Critical
C000710,2025-12-31,0.8949141929581828,0.6323333333333333,Critical
C000711,2025-12-31,0.44647745292346697,0.517,Medium
C000712,2025-12-31,0.9353764817808351,0.6646666666666666,Critical
C000713,2025-12-31,0.7774810729710322,0.5996666666666667,Critical
C000714,2025-12-31,0.28195269385678595,0.3466666666666667,Low
C000715,2025-12-31,0.8644730293670971,0.619,Critical
C000716,2025-12-31,0.30140796293235345,0.37816666666666665,Low
C000717,2025-12-31,0.08607907448761361,0.06466666666666666,Low
C000718,2025-12-31,0.3329352221283503,0.426,Low
C000719,2025-12-31,0.23254399680648455,0.26466666666666666,Low
C000720,2025-12-31,0.13028420511930702,0.1265,Low
C000721,2025-12-31,0.158077107195408,0.15983333333333333,Low
C000722,2025-12-31,0.11681688707981398,0.1095,Low
C000723,2025-12-31,0.22220159542755305,0.24816666666666667,Low
C000724,2025-12-31,0.3447941843029752,0.44083333333333335,Low
C000725,2025-12-31,0.3003083142805933,0.37633333333333335,Low
C000726,2025-12-31,0.336744596003202,0.43066666666666664,Low
C000727,2025-12-31,0.21226185602276873,0.23183333333333334,Low
C000728,2025-12-31,0.2641121536270395,0.31583333333333335,Low
C000729,2025-12-31,0.2887102339013603,0.3585,Low
C000730,2025-12-31,0.3036777253069116,0.38083333333333336,Low
C000731,2025-12-31,0.9563296606896984,0.7463333333333333,Critical
C000732,2025-12-31,0.9493105097791545,0.6983333333333334,Critical
C000733,2025-12-31,0.9594312937624206,0.7885,Critical
C000734,2025-12-31,0.9604246208148682,0.8093333333333333,Critical
C000735,2025-12-31,0.603640210734872,0.5658333333333333,High
C000736,2025-12-31,0.4906329366397259,0.5338333333333334,Medium
C000737,2025-12-31,0.07990148706806795,0.054,Low
C000738,2025-12-31,0.41649586268391753,0.5018333333333334,Medium
C000739,2025-12-31,0.9644048967483353,0.968,Critical
C000740,2025-12-31,0.8683807180825691,0.6213333333333333,Critical
C000741,2025-12-31,0.3171571814456679,0.4013333333333333,Low
C000742,2025-12-31,0.5733030000585216,0.5593333333333333,High
C000743,2025-12-31,0.23402002397624866,0.266,Low
C000744,2025-12-31,0.20419015938565632,0.21916666666666668,Low
C000745,2025-12-31,0.09446201569178075,0.07866666666666666,Low
C000746,2025-12-31,0.11531557110913582,0.107,Low
C000747,2025-12-31,0.9591364139307513,0.7821666666666667,Critical
C000748,2025-12-31,0.9313506776267175,0.658,Critical
C000749,2025-12-31,0.9618465311049906,0.8573333333333333,Critical
C000750,2025-12-31,0.4471166352730518,0.5176666666666667,Medium
C000751,2025-12-31,0.08106698104118813,0.0565,Low
C000752,2025-12-31,0.40440730796276014,0.49433333333333335,Medium
C000753,2025-12-31,0.2035183092316506,0.21766666666666667,Low
C000754,2025-12-31,0.28813180073344696,0.3575,Low
C000755,2025-12-31,0.9629998773904864,0.907,Critical
C000756,2025-12-31,0.12118020112619192,0.11566666666666667,Low
C000757,2025-12-31,0.3178639817459602,0.4025,Low
C000758,2025-12-31,0.31640233153793135,0.3998333333333333,Low
C000759,2025-12-31,0.14742959449680665,0.1445,Low
C000760,2025-12-31,0.18228928266113079,0.19016666666666668,Low
C000761,2025-12-31,0.17138336748079697,0.17833333333333334,Low
C000762,2025-12-31,0.06668497298144159,0.023666666666666666,Low
C000763,2025-12-31,0.18481171038454128,0.19333333333333333,Low
C000764,2025-12-31,0.06879930382058914,0.031,Low
C000765,2025-12-31,0.15813199156634303,0.16,Low
C000766,2025-12-31,0.3926858901706575,0.4861666666666667,Medium
C000767,2025-12-31,0.9615015853773428,0.8431666666666666,Critical
C000768,2025-12-31,0.23407645514322692,0.26616666666666666,Low
C000769,2025-12-31,0.3844133962527754,0.4815,Medium
C000770,2025-12-31,0.28682764251646736,0.3555,Low
C000771,2025-12-31,0.07487492885298226,0.044,Low
C000772,2025-12-31,0.964833618771435,0.9766666666666667,Critical
C000773,2025-12-31,0.1504847267315,0.14966666666666667,Low
C000774,2025-12-31,0.8589328078462982,0.6168333333333333,Critical
C000775,2025-12-31,0.5752953401804709,0.5598333333333333,High
C000776,2025-12-31,0.6698994689389081,0.5785,High
C000777,2025-12-31,0.9630598271424891,0.9106666666666666,Critical
C000778,2025-12-31,0.35411399115677683,0.4538333333333333,Medium
C000779,2025-12-31,0.9590750989713509,0.7811666666666667,Critical
C000780,2025-12-31,0.960457711964504,0.8106666666666666,Critical
C000781,2025-12-31,0.17769778724556598,0.18583333333333332,Low
C000782,2025-12-31,0.7740529171143882,0.5993333333333334,Critical
C000783,2025-12-31,0.670325574991153,0.5786666666666667,High
C000784,2025-12-31,0.15563379453940931,0.156,Low
C000785,2025-12-31,0.2654288060688529,0.318,Low
C000786,2025-12-31,0.06124809769634081,0.006833333333333334,Low
C000787,2025-12-31,0.06832053698340824,0.0295,Low
C000788,2025-12-31,0.9631904975381084,0.9166666666666666,Critical
C000789,2025-12-31,0.24431581944301897,0.2833333333333333,Low
C000790,2025-12-31,0.1983803005123158,0.2095,Low
C000791,2025-12-31,0.1273535077719173,0.12333333333333334,Low
C000792,2025-12-31,0.9621630829935924,0.8711666666666666,Critical
C000793,2025-12-31,0.3092134779847328,0.3893333333333333,Low
C000794,2025-12-31,0.16527249967906305,0.1685,Low
C000795,2025-12-31,0.30533937002789613,0.38333333333333336,Low
C000796,2025-12-31,0.9656398408175733,0.996,Critical
C000797,2025-12-31,0.9624136305575913,0.883,Critical
C000798,2025-12-31,0.9600580961688993,0.7996666666666666,Critical
C000799,2025-12-31,0.9508698418554452,0.7066666666666667,Critical
C000800,2025-12-31,0.9612938809175683,0.8373333333333334,Critical
C000801,2025-12-31,0.267648091835829,0.3233333333333333,Low
C000802,2025-12-31,0.9650735285521875,0.9821666666666666,Critical
C000803,2025-12-31,0.9625439715380243,0.8885,Critical
C000804,2025-12-31,0.1286178480926936,0.124,Low
C000805,2025-12-31,0.13461637435455956,0.132,Low
C000806,2025-12-31,0.964157938394024,0.9628333333333333,Critical
C000807,2025-12-31,0.9642095529613152,0.9651666666666666,Critical
C000808,2025-12-31,0.43369194759995383,0.511,Medium
C000809,2025-12-31,0.9260269378894456,0.6525,Critical
C000810,2025-12-31,0.33170779448112053,0.42283333333333334,Low
C000811,2025-12-31,0.36874901666421595,0.4648333333333333,Medium
C000812,2025-12-31,0.9491162608494946,0.6976666666666667,Critical
C000813,2025-12-31,0.9620550998046601,0.8653333333333333,Critical
C000814,2025-12-31,0.9624448303976716,0.8843333333333333,Critical
C000815,2025-12-31,0.2281039824991485,0.25616666666666665,Low
C000816,2025-12-31,0.9623752928836794,0.8806666666666667,Critical
C000817,2025-12-31,0.96267769557069,0.8941666666666667,Critical
C000818,2025-12-31,0.9592074342150498,0.7838333333333334,Critical
C000819,2025-12-31,0.3948069326509171,0.4886666666666667,Medium
C000820,2025-12-31,0.1977497860589915,0.2085,Low
C000821,2025-12-31,0.38282951544221916,0.4796666666666667,Medium
C000822,2025-12-31,0.25036547841971424,0.2936666666666667,Low
C000823,2025-12-31,0.35929395391238694,0.4588333333333333,Medium
C000824,2025-12-31,0.9626626417548293,0.8928333333333334,Critical
C000825,2025-12-31,0.41010103200352627,0.49683333333333335,Medium
C000826,2025-12-31,0.1576503960222565,0.159,Low
C000827,2025-12-31,0.15797262274099919,0.15966666666666668,Low
C000828,2025-12-31,0.7055918424283528,0.5848333333333333,High
C000829,2025-12-31,0.9567710347108153,0.751,Critical
C000830,2025-12-31,0.3352221908099291,0.42833333333333334,Low
C000831,2025-12-31,0.5122414009466498,0.5423333333333333,Medium
C000832,2025-12-31,0.9635154648438045,0.9331666666666667,Critical
C000833,2025-12-31,0.9617588430173107,0.8533333333333334,Critical
C000834,2025-12-31,0.17437584164897565,0.182,Low
C000835,2025-12-31,0.9609958051166768,0.8268333333333333,Critical
C000836,2025-12-31,0.9619063680446778,0.86,Critical
C000837,2025-12-31,0.292433666806585,0.3645,Low
C000838,2025-12-31,0.9521688561048526,0.7116666666666667,Critical
C000839,2025-12-31,0.11358955235349544,0.10516666666666667,Low
C000840,2025-12-31,0.2411602422601823,0.2775,Low
C000841,2025-12-31,0.3359311336467443,0.42933333333333334,Low
C000842,2025-12-31,0.21701641300438654,0.23916666666666667,Low
C000843,2025-12-31,0.15643896944792046,0.1575,Low
C000844,2025-12-31,0.9628288530192274,0.8995,Critical
C000845,2025-12-31,0.9605296307411373,0.814,Critical
C000846,2025-12-31,0.3912970245415475,0.48533333333333334,Medium
C000847,2025-12-31,0.9577652576487513,0.7621666666666667,Critical
C000848,2025-12-31,0.9177865576538817,0.645,Critical
C000849,2025-12-31,0.9642076230056172,0.965,Critical
C000850,2025-12-31,0.20951690513610463,0.22683333333333333,Low
C000851,2025-12-31,0.9317541232081624,0.6585,Critical
C000852,2025-12-31,0.9630037390794776,0.9071666666666667,Critical
C000853,2025-12-31,0.9627076695607579,0.8951666666666667,Critical
C000854,2025-12-31,0.9065517323318062,0.6371666666666667,Critical
C000855,2025-12-31,0.12839802843455092,0.12366666666666666,Low
C000856,2025-12-31,0.40117679076313334,0.49216666666666664,Medium
C000857,2025-12-31,0.2738044315156714,0.33366666666666667,Low
C000858,2025-12-31,0.16815589351542526,0.173,Low
C000859,2025-12-31,0.12054227232190073,0.1145,Low
C000860,2025-12-31,0.943480098104585,0.68,Critical
C000861,2025-12-31,0.15097687365841156,0.1505,Low
C000862,2025-12-31,0.2114554347914934,0.2295,Low
C000863,2025-12-31,0.886979146578773,0.6291666666666667,Critical
C000864,2025-12-31,0.960503509437487,0.8128333333333333,Critical
C000865,2025-12-31,0.9501899577730621,0.7028333333333333,Critical
C000866,2025-12-31,0.9630856185844469,0.9118333333333334,Critical
C000867,2025-12-31,0.4640751820344806,0.5251666666666667,Medium
C000868,2025-12-31,0.16375204213811348,0.16683333333333333,Low
C000869,2025-12-31,0.13719561331681826,0.13566666666666666,Low
C000870,2025-12-31,0.9618461857500855,0.8571666666666666,Critical
C000871,2025-12-31,0.29316561129632507,0.36616666666666664,Low
C000872,2025-12-31,0.956695666520655,0.7496666666666667,Critical
C000873,2025-12-31,0.9345738663899908,0.6621666666666667,Critical
C000874,2025-12-31,0.05926160220908555,0.0018333333333333333,Low
C000875,2025-12-31,0.9623713731274922,0.8805,Critical
C000876,2025-12-31,0.21491738283352,0.23533333333333334,Low
C000877,2025-12-31,0.2120186109620221,0.23066666666666666,Low
C000878,2025-12-31,0.2506222747303146,0.29383333333333334,Low
C000879,2025-12-31,0.24314336252733293,0.2801666666666667,Low
C000880,2025-12-31,0.45182901066539766,0.52,Medium
C000881,2025-12-31,0.9203523484932635,0.6468333333333334,Critical
C000882,2025-12-31,0.3533527564054093,0.4528333333333333,Medium
C000883,2025-12-31,0.6023908657191184,0.5653333333333334,High
C000884,2025-12-31,0.2972818887468205,0.37166666666666665,Low
C000885,2025-12-31,0.28485190247221664,0.3506666666666667,Low
C000886,2025-12-31,0.06331120517888493,0.012666666666666666,Low
C000887,2025-12-31,0.44120780998256026,0.514,Medium
C000888,2025-12-31,0.0980897523114407,0.0835,Low
C000889,2025-12-31,0.28458970387541493,0.3505,Low
C000890,2025-12-31,0.3949214918461316,0.48883333333333334,Medium
C000891,2025-12-31,0.14027243724906538,0.13816666666666666,Low
C000892,2025-12-31,0.3546470729009577,0.4545,Medium
C000893,2025-12-31,0.9634893633909213,0.9316666666666666,Critical
C000894,2025-12-31,0.2779796805738385,0.3411666666666667,Low
C000895,2025-12-31,0.9594031380652629,0.7875,Critical
C000896,2025-12-31,0.0697134250051523,0.0335,Low
C000897,2025-12-31,0.9565329148577361,0.7485,Critical
C000898,2025-12-31,0.9570868014968252,0.755,Critical
C000899,2025-12-31,0.957949824026667,0.7643333333333333,Critical
C000900,2025-12-31,0.43967233516984255,0.5131666666666667,Medium
C000901,2025-12-31,0.8170162668646644,0.607,Critical
C000902,2025-12-31,0.2321544853857297,0.264,Low
C000903,2025-12-31,0.957862459755884,0.7636666666666667,Critical
C000904,2025-12-31,0.9608547619884592,0.8233333333333334,Critical
C000905,2025-12-31,0.9623370917337356,0.8786666666666667,Critical
C000906,2025-12-31,0.09206416549010153,0.0745,Low
C000907,2025-12-31,0.7276314785440414,0.588,Critical
C000908,2025-12-31,0.4633773055344838,0.5246666666666666,Medium
C000909,2025-12-31,0.9656009434822641,0.995,Critical
C000910,2025-12-31,0.18259961919625609,0.19066666666666668,Low
C000911,2025-12-31,0.9635420205292912,0.9345,Critical
C000912,2025-12-31,0.9621385184850327,0.8686666666666667,Critical
C000913,2025-12-31,0.3631388709330876,0.462,Medium
C000914,2025-12-31,0.0826117987613414,0.059333333333333335,Low
C000915,2025-12-31,0.25028117547530765,0.2931666666666667,Low
C000916,2025-12-31,0.9610555768380191,0.8296666666666667,Critical
C000917,2025-12-31,0.06492639497755333,0.017666666666666667,Low
C000918,2025-12-31,0.9604014992948787,0.8083333333333333,Critical
C000919,2025-12-31,0.9640691794709793,0.9586666666666667,Critical
C000920,2025-12-31,0.23629723784647338,0.2703333333333333,Low
C000921,2025-12-31,0.2287434215674089,0.25783333333333336,Low
C000922,2025-12-31,0.43967421434358095,0.5133333333333333,Medium
C000923,2025-12-31,0.41185902502728267,0.498,Medium
C000924,2025-12-31,0.4522060857705817,0.5201666666666667,Medium
C000925,2025-12-31,0.9588086443586178,0.776,Critical
C000926,2025-12-31,0.44250290908975454,0.5146666666666667,Medium
C000927,2025-12-31,0.06777939183276106,0.027666666666666666,Low
C000928,2025-12-31,0.3193238336831933,0.4038333333333333,Low
C000929,2025-12-31,0.9623388437601936,0.8788333333333334,Critical
C000930,2025-12-31,0.09592999225785366,0.08,Low
C000931,2025-12-31,0.30812119041083835,0.38816666666666666,Low
C000932,2025-12-31,0.33216334402319614,0.42383333333333334,Low
C000933,2025-12-31,0.9612840622427931,0.837,Critical
C000934,2025-12-31,0.962965864388758,0.9046666666666666,Critical
C000935,2025-12-31,0.4155488391750264,0.5008333333333334,Medium
C000936,2025-12-31,0.1883245677651443,0.197,Low
C000937,2025-12-31,0.1142742232467359,0.106,Low
C000938,2025-12-31,0.8972993667693475,0.6325,Critical
C000939,2025-12-31,0.9569604693989561,0.7536666666666667,Critical
C000940,2025-12-31,0.09939103418421415,0.086,Low
C000941,2025-12-31,0.9618523200644552,0.8576666666666667,Critical
C000942,2025-12-31,0.21414035522643984,0.23483333333333334,Low
C000943,2025-12-31,0.6371326839954315,0.5721666666666667,High
C000944,2025-12-31,0.3231925044067436,0.4088333333333333,Low
C000945,2025-12-31,0.30603549205351466,0.385,Low
C000946,2025-12-31,0.45494681002147686,0.5213333333333333,Medium
C000947,2025-12-31,0.9621223878887463,0.8683333333333333,Critical
C000948,2025-12-31,0.9640160318076682,0.9546666666666667,Critical
C000949,2025-12-31,0.9638282267443286,0.9475,Critical
C000950,2025-12-31,0.40045095132979985,0.49166666666666664,Medium
C000951,2025-12-31,0.9645113561917472,0.9696666666666667,Critical
C000952,2025-12-31,0.06297009888273997,0.011666666666666667,Low
C000953,2025-12-31,0.2986826294666002,0.37416666666666665,Low
C000954,2025-12-31,0.26738088279820466,0.32266666666666666,Low
C000955,2025-12-31,0.9197754351196146,0.646,Critical
C000956,2025-12-31,0.37283111451345086,0.469,Medium
C000957,2025-12-31,0.24232437132825657,0.279,Low
C000958,2025-12-31,0.07847150387233175,0.052,Low
C000959,2025-12-31,0.3464779926597537,0.44366666666666665,Low
C000960,2025-12-31,0.06925726402611339,0.03266666666666666,Low
C000961,2025-12-31,0.24578353361638786,0.2856666666666667,Low
C000962,2025-12-31,0.27337998154929743,0.3333333333333333,Low
C000963,2025-12-31,0.23511166081631274,0.26766666666666666,Low
C000964,2025-12-31,0.9494161744054406,0.6988333333333333,Critical
C000965,2025-12-31,0.2564191955442239,0.30316666666666664,Low
C000966,2025-12-31,0.26288155676862374,0.31383333333333335,Low
C000967,2025-12-31,0.9526760744484412,0.7145,Critical
C000968,2025-12-31,0.09563857987529957,0.07983333333333334,Low
C000969,2025-12-31,0.37581843676857085,0.4725,Medium
C000970,2025-12-31,0.21915391917513535,0.24216666666666667,Low
C000971,2025-12-31,0.16422408081893508,0.1675,Low
C000972,2025-12-31,0.06810451190092637,0.029,Low
C000973,2025-12-31,0.96240445140415,0.8826666666666667,Critical
C000974,2025-12-31,0.07387978158521878,0.041833333333333333,Low
C000975,2025-12-31,0.931172357691342,0.6573333333333333,Critical
C000976,2025-12-31,0.23658323579430332,0.2705,Low
C000977,2025-12-31,0.31334699927655185,0.39616666666666667,Low
C000978,2025-12-31,0.9420841820142994,0.677,Critical
C000979,2025-12-31,0.9619063920386052,0.8601666666666666,Critical
C000980,2025-12-31,0.9646182429555519,0.9731666666666666,Critical
C000981,2025-12-31,0.9602393651648901,0.8046666666666666,Critical
C000982,2025-12-31,0.07583343803895798,0.0465,Low
C000983,2025-12-31,0.628936392010426,0.5711666666666667,High
C000984,2025-12-31,0.9586364326200539,0.774,Critical
C000985,2025-12-31,0.18511911042976148,0.19383333333333333,Low
C000986,2025-12-31,0.5126200956760673,0.5426666666666666,Medium
C000987,2025-12-31,0.843088376038296,0.6128333333333333,Critical
C000988,2025-12-31,0.9481523437346944,0.6936666666666667,Critical
C000989,2025-12-31,0.2916682934622545,0.36333333333333334,Low
C000990,2025-12-31,0.11814718493825914,0.11166666666666666,Low
C000991,2025-12-31,0.9454787819997809,0.6865,Critical
C000992,2025-12-31,0.9637580646413205,0.9436666666666667,Critical
C000993,2025-12-31,0.44710493622918496,0.5175,Medium
C000994,2025-12-31,0.2787277436662905,0.3421666666666667,Low
C000995,2025-12-31,0.23409294959859528,0.2665,Low
C000996,2025-12-31,0.9599113598297283,0.7956666666666666,Critical
C000997,2025-12-31,0.9651445382355361,0.9853333333333333,Critical
C000998,2025-12-31,0.9285161074911302,0.6546666666666666,Critical
C000999,2025-12-31,0.11136398965870309,0.10283333333333333,Low
C001000,2025-12-31,0.06459569807382405,0.016666666666666666,Low
C001001,2025-12-31,0.4827000718266581,0.5313333333333333,Medium
C001002,2025-12-31,0.15512653212447022,0.1555,Low
C001003,2025-12-31,0.9621581233307723,0.87,Critical
C001004,2025-12-31,0.9415584009920073,0.676,Critical
C001005,2025-12-31,0.32408453544997007,0.4098333333333333,Low
C001006,2025-12-31,0.9537483593951993,0.7238333333333333,Critical
C001007,2025-12-31,0.6450275149932484,0.5738333333333333,High
C001008,2025-12-31,0.2554641153712056,0.302,Low
C001009,2025-12-31,0.06654567256988964,0.023333333333333334,Low
C001010,2025-12-31,0.12142227418537731,0.1165,Low
C001011,2025-12-31,0.9406717075329993,0.6745,Critical
C001012,2025-12-31,0.17387551733446915,0.18133333333333335,Low
C001013,2025-12-31,0.962650732930669,0.892,Critical
C001014,2025-12-31,0.45942040038802756,0.523,Medium
C001015,2025-12-31,0.2657284678757161,0.31883333333333336,Low
C001016,2025-12-31,0.956699292261086,0.7498333333333334,Critical
C001017,2025-12-31,0.11831833896477316,0.11216666666666666,Low
C001018,2025-12-31,0.3329366710563248,0.4261666666666667,Low
C001019,2025-12-31,0.9618521361412423,0.8575,Critical
C001020,2025-12-31,0.9634984287552605,0.932,Critical
C001021,2025-12-31,0.21960258089602472,0.243,Low
C001022,2025-12-31,0.09963018010167568,0.08616666666666667,Low
C001023,2025-12-31,0.06545992199909105,0.0195,Low
C001024,2025-12-31,0.3151755591729341,0.3975,Low
C001025,2025-12-31,0.31829178340498876,0.403,Low
C001026,2025-12-31,0.2738711578324222,0.3338333333333333,Low
C001027,2025-12-31,0.22465418523340844,0.25266666666666665,Low
C001028,2025-12-31,0.9378820353071187,0.67,Critical
C001029,2025-12-31,0.5514088925511037,0.5536666666666666,High
C001030,2025-12-31,0.96391578757475,0.9514166666666667,Critical
C001031,2025-12-31,0.2638130126310772,0.3155,Low
C001032,2025-12-31,0.31958751939994073,0.4043333333333333,Low
C001033,2025-12-31,0.17030505005615118,0.17666666666666667,Low
C001034,2025-12-31,0.9627186299366554,0.8955,Critical
C001035,2025-12-31,0.34172347308933687,0.43566666666666665,Low
C001036,2025-12-31,0.9642203284355082,0.9656666666666667,Critical
C001037,2025-12-31,0.33260832697954495,0.4245,Low
C001038,2025-12-31,0.5059366978232714,0.5401666666666667,Medium
C001039,2025-12-31,0.33502628646345345,0.428,Low
C001040,2025-12-31,0.34654395962223045,0.44416666666666665,Low
C001041,2025-12-31,0.9232550035449253,0.649,Critical
C001042,2025-12-31,0.9628081498363977,0.8985,Critical
C001043,2025-12-31,0.4324767603731308,0.5104166666666666,Medium
C001044,2025-12-31,0.45754360441086633,0.5221666666666667,Medium
C001045,2025-12-31,0.9597110367053082,0.792,Critical
C001046,2025-12-31,0.9643123067008038,0.9666666666666667,Critical
C001047,2025-12-31,0.9465541421780702,0.6885,Critical
C001048,2025-12-31,0.2858825523389905,0.3521666666666667,Low
C001049,2025-12-31,0.9633547969887782,0.9256666666666666,Critical
C001050,2025-12-31,0.25696695114229623,0.3045,Low
C001051,2025-12-31,0.3588101339936958,0.4585,Medium
C001052,2025-12-31,0.10946893872117608,0.10033333333333333,Low
C001053,2025-12-31,0.9603759080117088,0.808,Critical
C001054,2025-12-31,0.9590038260542704,0.7805,Critical
C001055,2025-12-31,0.2111572404263361,0.22933333333333333,Low
C001056,2025-12-31,0.9531570882764197,0.7183333333333334,Critical
C001057,2025-12-31,0.47157577278192603,0.5276666666666666,Medium
C001058,2025-12-31,0.12954274025032064,0.1255,Low
C001059,2025-12-31,0.9408683785986899,0.675,Critical
C001060,2025-12-31,0.20441075569053066,0.21966666666666668,Low
C001061,2025-12-31,0.27550563198594014,0.3368333333333333,Low
C001062,2025-12-31,0.3613011174614817,0.4605,Medium
C001063,2025-12-31,0.9616189394793949,0.8476666666666667,Critical
C001064,2025-12-31,0.1788019893265701,0.18733333333333332,Low
C001065,2025-12-31,0.1798805921651725,0.1885,Low
C001066,2025-12-31,0.6679460722289584,0.5778333333333333,High
C001067,2025-12-31,0.9428974854810335,0.6785,Critical
C001068,2025-12-31,0.9562263039246733,0.744,Critical
C001069,2025-12-31,0.4305715824892287,0.5085,Medium
C001070,2025-12-31,0.19290541723075996,0.20266666666666666,Low
C001071,2025-12-31,0.12416103073547063,0.11916666666666667,Low
C001072,2025-12-31,0.2354034193358764,0.268,Low
C001073,2025-12-31,0.960140303963119,0.8011666666666667,Critical
C001074,2025-12-31,0.06736359997752434,0.026,Low
C001075,2025-12-31,0.1681379535374112,0.17283333333333334,Low
C001076,2025-12-31,0.9623970217430028,0.8821666666666667,Critical
C001077,2025-12-31,0.3502137635721727,0.449,Medium
C001078,2025-12-31,0.24694905629357278,0.288,Low
C001079,2025-12-31,0.0658121096582305,0.021,Low
C001080,2025-12-31,0.965129314918653,0.9838333333333333,Critical
C001081,2025-12-31,0.8897361368001174,0.6303333333333333,Critical
C001082,2025-12-31,0.9633272471961493,0.924,Critical
C001083,2025-12-31,0.9595938522546149,0.7903333333333333,Critical
C001084,2025-12-31,0.330090434959548,0.4206666666666667,Low
C001085,2025-12-31,0.962644464915073,0.8918333333333334,Critical
C001086,2025-12-31,0.9639611694355518,0.9533333333333334,Critical
C001087,2025-12-31,0.9640426668406344,0.9565,Critical
C001088,2025-12-31,0.19312159962092582,0.20316666666666666,Low
C001089,2025-12-31,0.30572807512106825,0.3845,Low
C001090,2025-12-31,0.8289019061171242,0.6091666666666666,Critical
C001091,2025-12-31,0.1235798721132849,0.11833333333333333,Low
C001092,2025-12-31,0.11611373121675748,0.10816666666666666,Low
C001093,2025-12-31,0.8533772190802905,0.615,Critical
C001094,2025-12-31,0.08338546672726853,0.06016666666666667,Low
C001095,2025-12-31,0.22902381164138963,0.2585,Low
C001096,2025-12-31,0.9543740547275678,0.729,Critical
C001097,2025-12-31,0.09491737238717451,0.07966666666666666,Low
C001098,2025-12-31,0.4022183002881892,0.49283333333333335,Medium
C001099,2025-12-31,0.963814870030637,0.9465,Critical
C001100,2025-12-31,0.14870177515171598,0.14716666666666667,Low
C001101,2025-12-31,0.9606737908565433,0.818,Critical
C001102,2025-12-31,0.9597160796382981,0.7921666666666667,Critical
C001103,2025-12-31,0.9612125998478905,0.8339166666666666,Critical
C001104,2025-12-31,0.9496467641097474,0.6996666666666667,Critical
C001105,2025-12-31,0.3307012431896926,0.42133333333333334,Low
C001106,2025-12-31,0.08256934049826281,0.059,Low
C001107,2025-12-31,0.06902858426433031,0.03166666666666667,Low
C001108,2025-12-31,0.9617584451928094,0.8531666666666666,Critical
C001109,2025-12-31,0.9530231724608296,0.717,Critical
C001110,2025-12-31,0.9608631490904704,0.8238333333333333,Critical
C001111,2025-12-31,0.9641332052768257,0.9611666666666666,Critical
C001112,2025-12-31,0.3705868039118739,0.4668333333333333,Medium
C001113,2025-12-31,0.9655345225730615,0.994,Critical
C001114,2025-12-31,0.5150938363184289,0.5438333333333333,Medium
C001115,2025-12-31,0.9160305156140569,0.6435,Critical
C001116,2025-12-31,0.30554061920537573,0.38366666666666666,Low
C001117,2025-12-31,0.16720150597223069,0.171,Low
C001118,2025-12-31,0.49234584702132356,0.5345,Medium
C001119,2025-12-31,0.14114241738118524,0.1395,Low
C001120,2025-12-31,0.1753937289105716,0.18316666666666667,Low
C001121,2025-12-31,0.5161838073475817,0.5441666666666667,Medium
C001122,2025-12-31,0.17960401827163588,0.188,Low
C001123,2025-12-31,0.23238195898347272,0.2643333333333333,Low
C001124,2025-12-31,0.24549030625614607,0.2851666666666667,Low
C001125,2025-12-31,0.960638125292325,0.8166666666666667,Critical
C001126,2025-12-31,0.945239622193094,0.685,Critical
C001127,2025-12-31,0.9587382860695287,0.7746666666666666,Critical
C001128,2025-12-31,0.6449714158098933,0.5736666666666667,High
C001129,2025-12-31,0.960134573404385,0.801,Critical
C001130,2025-12-31,0.13136740926626164,0.1285,Low
C001131,2025-12-31,0.08130902636507457,0.056666666666666664,Low
C001132,2025-12-31,0.23830726519222512,0.2735,Low
C001133,2025-12-31,0.38683598839549527,0.483,Medium
C001134,2025-12-31,0.1792112949368483,0.18766666666666668,Low
C001135,2025-12-31,0.065931977125015,0.021333333333333333,Low
C001136,2025-12-31,0.2286576108627447,0.2575,Low
C001137,2025-12-31,0.27278958449461027,0.33216666666666667,Low
C001138,2025-12-31,0.9577875295048197,0.7623333333333333,Critical
C001139,2025-12-31,0.49835237563306095,0.5368333333333334,Medium
C001140,2025-12-31,0.37753400895390715,0.47383333333333333,Medium
C001141,2025-12-31,0.08443995981575902,0.06233333333333333,Low
C001142,2025-12-31,0.5328477067638656,0.5498333333333333,Medium
C001143,2025-12-31,0.5529416807406007,0.554,High
C001144,2025-12-31,0.959925625469546,0.7965,Critical
C001145,2025-12-31,0.9639466515267102,0.9528333333333333,Critical
C001146,2025-12-31,0.9554161463657528,0.7371666666666666,Critical
C001147,2025-12-31,0.2978996296390784,0.373,Low
C001148,2025-12-31,0.9636441056553795,0.9381666666666667,Critical
C001149,2025-12-31,0.42433361574544937,0.5046666666666667,Medium
C001150,2025-12-31,0.5235452191036474,0.5466666666666666,Medium
C001151,2025-12-31,0.21737563326291784,0.2395,Low
C001152,2025-12-31,0.9619609772983773,0.8623333333333333,Critical
C001153,2025-12-31,0.06412620242661574,0.014833333333333334,Low
C001154,2025-12-31,0.36626366866958354,0.4633333333333333,Medium
C001155,2025-12-31,0.34440652655676884,0.43966666666666665,Low
C001156,2025-12-31,0.8342989799100539,0.6101666666666666,Critical
C001157,2025-12-31,0.963031703554693,0.909,Critical
C001158,2025-12-31,0.36459517472829717,0.463,Medium
C001159,2025-12-31,0.5303890517988845,0.5493333333333333,Medium
C001160,2025-12-31,0.19425369753725097,0.20466666666666666,Low
C001161,2025-12-31,0.35965810470152704,0.45916666666666667,Medium
C001162,2025-12-31,0.9435077959400854,0.6803333333333333,Critical
C001163,2025-12-31,0.09789766699234471,0.08266666666666667,Low
C001164,2025-12-31,0.9521414004539132,0.7113333333333334,Critical
C001165,2025-12-31,0.18453405946142956,0.19233333333333333,Low
C001166,2025-12-31,0.2036517005063192,0.218,Low
C001167,2025-12-31,0.37959485556246725,0.4765,Medium
C001168,2025-12-31,0.11124690459282366,0.10266666666666667,Low
C001169,2025-12-31,0.28357336668016053,0.349,Low
C001170,2025-12-31,0.962904201681858,0.9025,Critical
C001171,2025-12-31,0.963251751835399,0.9208333333333333,Critical
C001172,2025-12-31,0.42817101876016367,0.5075,Medium
C001173,2025-12-31,0.24152640585051066,0.2783333333333333,Low
C001174,2025-12-31,0.9639771506401423,0.9538333333333333,Critical
C001175,2025-12-31,0.963787972428781,0.9455,Critical
C001176,2025-12-31,0.9282864589848029,0.6543333333333333,Critical
C001177,2025-12-31,0.9583555043864794,0.7695,Critical
C001178,2025-12-31,0.9646727961857825,0.9736666666666667,Critical
C001179,2025-12-31,0.08013569955390133,0.0545,Low
C001180,2025-12-31,0.22940603383608452,0.25916666666666666,Low
C001181,2025-12-31,0.29154022237207244,0.363,Low
C001182,2025-12-31,0.9567745653225009,0.7511666666666666,Critical
C001183,2025-12-31,0.11660071286832552,0.10933333333333334,Low
C001184,2025-12-31,0.2024764856759899,0.21566666666666667,Low
C001185,2025-12-31,0.19810270358369206,0.20883333333333334,Low
C001186,2025-12-31,0.4110999761850733,0.49733333333333335,Medium
C001187,2025-12-31,0.1667741674115598,0.17,Low
C001188,2025-12-31,0.281388618235124,0.3458333333333333,Low
C001189,2025-12-31,0.2226855067262428,0.2485,Low
C001190,2025-12-31,0.30395348913655584,0.38133333333333336,Low
C001191,2025-12-31,0.9613991937571768,0.8393333333333334,Critical
C001192,2025-12-31,0.9605982398582396,0.8155,Critical
C001193,2025-12-31,0.9503111731598093,0.7036666666666667,Critical
C001194,2025-12-31,0.957275106517285,0.7581666666666667,Critical
C001195,2025-12-31,0.9609008767848768,0.8248333333333333,Critical
C001196,2025-12-31,0.26091223683647385,0.31083333333333335,Low
C001197,2025-12-31,0.24690706784517344,0.28783333333333333,Low
C001198,2025-12-31,0.958205476173006,0.767,Critical
C001199,2025-12-31,0.9157478862304954,0.6433333333333333,Critical
C001200,2025-12-31,0.15791550713361088,0.1595,Low
C001201,2025-12-31,0.18759809896132196,0.19583333333333333,Low
C001202,2025-12-31,0.96304390122543,0.9098333333333334,Critical
C001203,2025-12-31,0.6691691884529241,0.578,High
C001204,2025-12-31,0.07275754822227957,0.03933333333333333,Low
C001205,2025-12-31,0.9640219541542869,0.9551666666666667,Critical
C001206,2025-12-31,0.9287661735455264,0.6551666666666667,Critical
C001207,2025-12-31,0.5835177327096924,0.5621666666666667,High
C001208,2025-12-31,0.9557217957873002,0.7405,Critical
C001209,2025-12-31,0.2775829814769208,0.3403333333333333,Low
C001210,2025-12-31,0.25317737939489726,0.29783333333333334,Low
C001211,2025-12-31,0.07514010543880774,0.045,Low
C001212,2025-12-31,0.6674386949085077,0.5775,High
C001213,2025-12-31,0.9525797376093422,0.7138333333333333,Critical
C001214,2025-12-31,0.09854056436281822,0.08416666666666667,Low
C001215,2025-12-31,0.9575903983943853,0.761,Critical
C001216,2025-12-31,0.21949131325133256,0.2425,Low
C001217,2025-12-31,0.1528288896319896,0.15383333333333332,Low
C001218,2025-12-31,0.415717579954553,0.501,Medium
C001219,2025-12-31,0.5135386880288163,0.543,Medium
C001220,2025-12-31,0.512280253893381,0.5425,Medium
C001221,2025-12-31,0.1781579086802324,0.1865,Low
C001222,2025-12-31,0.279028337306384,0.3426666666666667,Low
C001223,2025-12-31,0.23721188121711193,0.27166666666666667,Low
C001224,2025-12-31,0.16854501382008466,0.17366666666666666,Low
C001225,2025-12-31,0.1375892057689726,0.136,Low
C001226,2025-12-31,0.3308316317257905,0.4215,Low
C001227,2025-12-31,0.30119400108460775,0.37783333333333335,Low
C001228,2025-12-31,0.2581387854043628,0.30616666666666664,Low
C001229,2025-12-31,0.406356884571967,0.495,Medium
C001230,2025-12-31,0.9340316051246292,0.6611666666666667,Critical
C001231,2025-12-31,0.1163524972841281,0.10866666666666666,Low
C001232,2025-12-31,0.5448958660195026,0.5521666666666667,Medium
C001233,2025-12-31,0.3349379775179755,0.4275,Low
C001234,2025-12-31,0.0788354399464422,0.052333333333333336,Low
C001235,2025-12-31,0.4768825160028641,0.5291666666666667,Medium
C001236,2025-12-31,0.9606303462627793,0.8165,Critical
C001237,2025-12-31,0.5554479403873257,0.5553333333333333,High
C001238,2025-12-31,0.3194383208078433,0.404,Low
C001239,2025-12-31,0.14060555604972025,0.1385,Low
C001240,2025-12-31,0.3291707501154432,0.419,Low
C001241,2025-12-31,0.26860642952097535,0.325,Low
C001242,2025-12-31,0.3563534336357177,0.45666666666666667,Medium
C001243,2025-12-31,0.14494111871881657,0.142,Low
C001244,2025-12-31,0.21540078335137083,0.236,Low
C001245,2025-12-31,0.9636069133474029,0.9366666666666666,Critical
C001246,2025-12-31,0.9497082220516305,0.7,Critical
C001247,2025-12-31,0.05947523572038078,0.0023333333333333335,Low
C001248,2025-12-31,0.9546849347099483,0.7311666666666666,Critical
C001249,2025-12-31,0.9610273431196976,0.8281666666666667,Critical
C001250,2025-12-31,0.31609407840122056,0.3993333333333333,Low
C001251,2025-12-31,0.23227393086619655,0.26416666666666666,Low
C001252,2025-12-31,0.27788494759560994,0.341,Low
C001253,2025-12-31,0.912761187981578,0.6413333333333333,Critical
C001254,2025-12-31,0.9654717438308049,0.9928333333333333,Critical
C001255,2025-12-31,0.33499863541679226,0.42783333333333334,Low
C001256,2025-12-31,0.08495841334949196,0.06266666666666666,Low
C001257,2025-12-31,0.6219288981720856,0.5698333333333333,High
C001258,2025-12-31,0.13589767838072844,0.13333333333333333,Low
C001259,2025-12-31,0.28600211522872643,0.35233333333333333,Low
C001260,2025-12-31,0.12554826613473177,0.121,Low
C001261,2025-12-31,0.959377707510391,0.787,Critical
C001262,2025-12-31,0.07715973572675032,0.049,Low
C001263,2025-12-31,0.11499685350813109,0.10683333333333334,Low
C001264,2025-12-31,0.9501078707117611,0.7021666666666667,Critical
C001265,2025-12-31,0.1558881375602208,0.15666666666666668,Low
C001266,2025-12-31,0.48832388552375033,0.533,Medium
C001267,2025-12-31,0.26564053580772257,0.31866666666666665,Low
C001268,2025-12-31,0.07374674037333702,0.0415,Low
C001269,2025-12-31,0.9645138605356104,0.9698333333333333,Critical
C001270,2025-12-31,0.10863291625062499,0.09883333333333333,Low
C001271,2025-12-31,0.961084395789339,0.831,Critical
C001272,2025-12-31,0.5747554728225288,0.5596666666666666,High
C001273,2025-12-31,0.965271325672581,0.9886666666666667,Critical
C001274,2025-12-31,0.2819010004580909,0.3463333333333333,Low
C001275,2025-12-31,0.08257507725158518,0.059166666666666666,Low
C001276,2025-12-31,0.9584088181910252,0.7706666666666667,Critical
C001277,2025-12-31,0.6451293817310937,0.574,High
C001278,2025-12-31,0.9640307765371835,0.956,Critical
C001279,2025-12-31,0.3044341970692722,0.38216666666666665,Low
C001280,2025-12-31,0.9583859117838863,0.77,Critical
C001281,2025-12-31,0.2897026055094667,0.35983333333333334,Low
C001282,2025-12-31,0.9061014012203698,0.6368333333333334,Critical
C001283,2025-12-31,0.2979533813481962,0.37316666666666665,Low
C001284,2025-12-31,0.3427822711155592,0.43766666666666665,Low
C001285,2025-12-31,0.9636819480996458,0.94,Critical
C001286,2025-12-31,0.962676806444084,0.8939166666666667,Critical
C001287,2025-12-31,0.9611104292245684,0.832,Critical
C001288,2025-12-31,0.9652250798032821,0.9878333333333333,Critical
C001289,2025-12-31,0.9621725004172704,0.8718333333333333,Critical
C001290,2025-12-31,0.9606875086393202,0.8185,Critical
C001291,2025-12-31,0.9337965191695745,0.6608333333333334,Critical
C001292,2025-12-31,0.1842527794279977,0.19166666666666668,Low
C001293,2025-12-31,0.49913767006861787,0.5373333333333333,Medium
C001294,2025-12-31,0.9598002796645767,0.7936666666666666,Critical
C001295,2025-12-31,0.961701881870669,0.8505,Critical
C001296,2025-12-31,0.6615745159613841,0.5765,High
C001297,2025-12-31,0.8087873956867581,0.6048333333333333,Critical
C001298,2025-12-31,0.2232797353444322,0.24966666666666668,Low
C001299,2025-12-31,0.20261048521929848,0.21633333333333332,Low
C001300,2025-12-31,0.9578492712460854,0.7635,Critical
C001301,2025-12-31,0.05984859552528111,0.0035,Low
C001302,2025-12-31,0.9657071534123971,0.9978333333333333,Critical
C001303,2025-12-31,0.6339915513687254,0.572,High
C001304,2025-12-31,0.9549952827709575,0.7333333333333333,Critical
C001305,2025-12-31,0.059531000257237905,0.0026666666666666666,Low
C001306,2025-12-31,0.5038670398406705,0.5393333333333333,Medium
C001307,2025-12-31,0.4921020492887784,0.5343333333333333,Medium
C001308,2025-12-31,0.9594193980959825,0.7883333333333333,Critical
C001309,2025-12-31,0.3176027181323779,0.4023333333333333,Low
C001310,2025-12-31,0.7298121850415908,0.5888333333333333,Critical
C001311,2025-12-31,0.9632213143877215,0.9188333333333333,Critical
C001312,2025-12-31,0.2716195889309125,0.33,Low
C001313,2025-12-31,0.16910899696364412,0.17566666666666667,Low
C001314,2025-12-31,0.43200778208216445,0.5096666666666667,Medium
C001315,2025-12-31,0.8554887500621485,0.6156666666666667,Critical
C001316,2025-12-31,0.9588728997532884,0.7786666666666666,Critical
C001317,2025-12-31,0.07451506020767708,0.043166666666666666,Low
C001318,2025-12-31,0.7096876062684845,0.5856666666666667,High
C001319,2025-12-31,0.9640410429975725,0.9561666666666667,Critical
C001320,2025-12-31,0.9628802950735226,0.9015,Critical
C001321,2025-12-31,0.9509846525360599,0.707,Critical
C001322,2025-12-31,0.9647355296092405,0.975,Critical
C001323,2025-12-31,0.06934657210872648,0.033,Low
C001324,2025-12-31,0.12162019400099368,0.11683333333333333,Low
C001325,2025-12-31,0.22153362340750196,0.24666666666666667,Low
C001326,2025-12-31,0.674080983062988,0.5793333333333334,High
C001327,2025-12-31,0.9640835790252836,0.9598333333333333,Critical
C001328,2025-12-31,0.9521498181749241,0.7115,Critical
C001329,2025-12-31,0.3376723376562967,0.43116666666666664,Low
C001330,2025-12-31,0.8682914887080647,0.6211666666666666,Critical
C001331,2025-12-31,0.34650361107113126,0.444,Low
C001332,2025-12-31,0.3319969166654171,0.42333333333333334,Low
C001333,2025-12-31,0.07691621240675928,0.048666666666666664,Low
C001334,2025-12-31,0.2898834380740204,0.3606666666666667,Low
C001335,2025-12-31,0.9620238017333259,0.8646666666666667,Critical
C001336,2025-12-31,0.1171015275185272,0.10983333333333334,Low
C001337,2025-12-31,0.9611485811717063,0.8325,Critical
C001338,2025-12-31,0.17345307330101334,0.18083333333333335,Low
C001339,2025-12-31,0.08734070830212975,0.06683333333333333,Low
C001340,2025-12-31,0.1636517231233556,0.16666666666666666,Low
C001341,2025-12-31,0.9644616520961703,0.9691666666666666,Critical
C001342,2025-12-31,0.9651531946152208,0.9858333333333333,Critical
C001343,2025-12-31,0.3484701886160662,0.44733333333333336,Low
C001344,2025-12-31,0.48030276107503345,0.5305,Medium
C001345,2025-12-31,0.2774048264242104,0.3398333333333333,Low
C001346,2025-12-31,0.23076645281904296,0.261,Low
C001347,2025-12-31,0.06830596657919671,0.029333333333333333,Low
C001348,2025-12-31,0.3077210011033634,0.38766666666666666,Low
C001349,2025-12-31,0.2548632903957423,0.3006666666666667,Low
C001350,2025-12-31,0.1164561952624825,0.109,Low
C001351,2025-12-31,0.2714498183074565,0.3295,Low
C001352,2025-12-31,0.3396865431846055,0.433,Low
C001353,2025-12-31,0.28877489978932586,0.35883333333333334,Low
C001354,2025-12-31,0.30844523956538006,0.38866666666666666,Low
C001355,2025-12-31,0.2275507955609013,0.2555,Low
C001356,2025-12-31,0.47034290285088254,0.527,Medium
C001357,2025-12-31,0.9539421639398636,0.7253333333333334,Critical
C001358,2025-12-31,0.32448701394859775,0.4106666666666667,Low
C001359,2025-12-31,0.9638022886058139,0.9461666666666667,Critical
C001360,2025-12-31,0.1042678182490121,0.09383333333333334,Low
C001361,2025-12-31,0.25002384948024,0.2926666666666667,Low
C001362,2025-12-31,0.5300441297765645,0.5491666666666667,Medium
C001363,2025-12-31,0.6285596231527667,0.571,High
C001364,2025-12-31,0.9623533368213829,0.8798333333333334,Critical
C001365,2025-12-31,0.9610002894113757,0.827,Critical
C001366,2025-12-31,0.9615042312549956,0.8435,Critical
C001367,2025-12-31,0.267007964525874,0.32133333333333336,Low
C001368,2025-12-31,0.8570948454435184,0.6161666666666666,Critical
C001369,2025-12-31,0.9434181337546309,0.6798333333333333,Critical
C001370,2025-12-31,0.9622599712838594,0.8753333333333333,Critical
C001371,2025-12-31,0.9619118349697113,0.8603333333333333,Critical
C001372,2025-12-31,0.20776631417735847,0.22466666666666665,Low
C001373,2025-12-31,0.9625490071699249,0.889,Critical
C001374,2025-12-31,0.11474656881219207,0.1065,Low
C001375,2025-12-31,0.9627356772315389,0.8963333333333333,Critical
C001376,2025-12-31,0.9592999709803748,0.7855,Critical
C001377,2025-12-31,0.4115547706280407,0.49783333333333335,Medium
C001378,2025-12-31,0.9612255226611411,0.8353333333333334,Critical
C001379,2025-12-31,0.19820252304822897,0.20916666666666667,Low
C001380,2025-12-31,0.9651478292141525,0.9856666666666667,Critical
C001381,2025-12-31,0.8749362126102205,0.6248333333333334,Critical
C001382,2025-12-31,0.9382067048931514,0.6701666666666667,Critical
C001383,2025-12-31,0.08047243828006607,0.05466666666666667,Low
C001384,2025-12-31,0.3836704158336204,0.4801666666666667,Medium
C001385,2025-12-31,0.9480243839790908,0.6931666666666667,Critical
C001386,2025-12-31,0.28684058030130627,0.3556666666666667,Low
C001387,2025-12-31,0.2218556606215256,0.24766666666666667,Low
C001388,2025-12-31,0.09145717471259816,0.07266666666666667,Low
C001389,2025-12-31,0.3357914500995609,0.42916666666666664,Low
C001390,2025-12-31,0.39090963225921077,0.485,Medium
C001391,2025-12-31,0.947053093149584,0.6901666666666667,Critical
C001392,2025-12-31,0.9548518792211063,0.7321666666666666,Critical
C001393,2025-12-31,0.22021378141121442,0.2445,Low
C001394,2025-12-31,0.2218009804212946,0.2475,Low
C001395,2025-12-31,0.3586657391685371,0.45816666666666667,Medium
C001396,2025-12-31,0.07371115694976534,0.04133333333333333,Low
C001397,2025-12-31,0.1570786453825547,0.158,Low
C001398,2025-12-31,0.22305612361855962,0.249,Low
C001399,2025-12-31,0.09433754227985897,0.07816666666666666,Low
C001400,2025-12-31,0.1989303945971472,0.2105,Low
C001401,2025-12-31,0.9602546986510504,0.805,Critical
C001402,2025-12-31,0.3759855403503347,0.4726666666666667,Medium
C001403,2025-12-31,0.9488024040295464,0.6966666666666667,Critical
C001404,2025-12-31,0.24764730587711256,0.289,Low
C001405,2025-12-31,0.5524763043552849,0.5538333333333333,High
C001406,2025-12-31,0.0755956387599102,0.04616666666666667,Low
C001407,2025-12-31,0.4592194656286844,0.5228333333333334,Medium
C001408,2025-12-31,0.9599423170165929,0.797,Critical
C001409,2025-12-31,0.9601637214755291,0.8028333333333333,Critical
C001410,2025-12-31,0.37375360188805445,0.4695,Medium
C001411,2025-12-31,0.9454182480602213,0.686,Critical
C001412,2025-12-31,0.3246185291314518,0.411,Low
C001413,2025-12-31,0.9584710825461871,0.7718333333333334,Critical
C001414,2025-12-31,0.22655767109417327,0.2545,Low
C001415,2025-12-31,0.6211181824686269,0.5695,High
C001416,2025-12-31,0.9627220632068245,0.8956666666666667,Critical
C001417,2025-12-31,0.9645309047944578,0.9701666666666666,Critical
C001418,2025-12-31,0.2066861526189824,0.2235,Low
C001419,2025-12-31,0.08904269038319601,0.06883333333333333,Low
C001420,2025-12-31,0.1962710906070493,0.207,Low
C001421,2025-12-31,0.4974536123051612,0.5365,Medium
C001422,2025-12-31,0.06179909577697682,0.008166666666666666,Low
C001423,2025-12-31,0.24866419082564686,0.29033333333333333,Low
C001424,2025-12-31,0.35820436673636097,0.4575,Medium
C001425,2025-12-31,0.9624966202225043,0.8865,Critical
C001426,2025-12-31,0.1149320496539636,0.10666666666666667,Low
C001427,2025-12-31,0.965721858017136,0.9981666666666666,Critical
C001428,2025-12-31,0.10018076022476759,0.08783333333333333,Low
C001429,2025-12-31,0.26674959103912377,0.31983333333333336,Low
C001430,2025-12-31,0.9614928598499386,0.843,Critical
C001431,2025-12-31,0.06893002085958556,0.031166666666666665,Low
C001432,2025-12-31,0.16900188613422204,0.17516666666666666,Low
C001433,2025-12-31,0.4895102359200705,0.5335,Medium
C001434,2025-12-31,0.0987048095439348,0.08466666666666667,Low
C001435,2025-12-31,0.9624261598130994,0.8833333333333333,Critical
C001436,2025-12-31,0.1631813042339403,0.1655,Low
C001437,2025-12-31,0.9630703927327214,0.9111666666666667,Critical
C001438,2025-12-31,0.9647789102498736,0.9756666666666667,Critical
C001439,2025-12-31,0.1816075526642599,0.18916666666666668,Low
C001440,2025-12-31,0.31541403657158446,0.3978333333333333,Low
C001441,2025-12-31,0.06388877937785473,0.014166666666666666,Low
C001442,2025-12-31,0.39381506155159207,0.4871666666666667,Medium
C001443,2025-12-31,0.9115426000822605,0.6406666666666667,Critical
C001444,2025-12-31,0.9149413527304597,0.6425,Critical
C001445,2025-12-31,0.33844688923239347,0.432,Low
C001446,2025-12-31,0.3965442853086887,0.4895,Medium
C001447,2025-12-31,0.14594994909841813,0.143,Low
C001448,2025-12-31,0.10231772630312148,0.09116666666666666,Low
C001449,2025-12-31,0.964023930796654,0.9555,Critical
C001450,2025-12-31,0.21218889616273584,0.23166666666666666,Low
C001451,2025-12-31,0.2294675702794369,0.2595,Low
C001452,2025-12-31,0.24474462162881205,0.284,Low
C001453,2025-12-31,0.07616789868649088,0.047,Low
C001454,2025-12-31,0.9628342367502998,0.9001666666666667,Critical
C001455,2025-12-31,0.9592108530262683,0.784,Critical
C001456,2025-12-31,0.3811395131416917,0.47783333333333333,Medium
C001457,2025-12-31,0.31260756638017856,0.3948333333333333,Low
C001458,2025-12-31,0.06236823795922416,0.009833333333333333,Low
C001459,2025-12-31,0.9634370152976741,0.9291666666666667,Critical
C001460,2025-12-31,0.10968853515690435,0.10066666666666667,Low
C001461,2025-12-31,0.9487643951005733,0.6963333333333334,Critical
C001462,2025-12-31,0.9376868663341164,0.6695,Critical
C001463,2025-12-31,0.5607346672467582,0.5568333333333333,High
C001464,2025-12-31,0.3228981723916164,0.408,Low
C001465,2025-12-31,0.9530998364115179,0.7178333333333333,Critical
C001466,2025-12-31,0.21585572982145554,0.23716666666666666,Low
C001467,2025-12-31,0.9638278299796887,0.9473333333333334,Critical
C001468,2025-12-31,0.4923477401269425,0.5346666666666666,Medium
C001469,2025-12-31,0.16873393245588977,0.17416666666666666,Low
C001470,2025-12-31,0.2085705075183415,0.22566666666666665,Low
C001471,2025-12-31,0.9630367846512523,0.9095,Critical
C001472,2025-12-31,0.07788667046161232,0.051,Low
C001473,2025-12-31,0.49418535371105204,0.5353333333333333,Medium
C001474,2025-12-31,0.9624555845572574,0.8851666666666667,Critical
C001475,2025-12-31,0.08096918389150469,0.05633333333333333,Low
C001476,2025-12-31,0.15606063593031663,0.15716666666666668,Low
C001477,2025-12-31,0.9637968478665115,0.946,Critical
C001478,2025-12-31,0.7731305915149473,0.599,Critical
C001479,2025-12-31,0.9609739276621725,0.8261666666666667,Critical
C001480,2025-12-31,0.9559090949516115,0.7416666666666667,Critical
C001481,2025-12-31,0.9620054003643027,0.8636666666666667,Critical
C001482,2025-12-31,0.9618807268407661,0.8585,Critical
C001483,2025-12-31,0.2345591227447441,0.267,Low
C001484,2025-12-31,0.09184771775467203,0.074,Low
C001485,2025-12-31,0.9230966607673371,0.6485,Critical
C001486,2025-12-31,0.0676926843265188,0.027166666666666665,Low
C001487,2025-12-31,0.07674889727375626,0.04783333333333333,Low
C001488,2025-12-31,0.8861849896863375,0.6283333333333333,Critical
C001489,2025-12-31,0.9587818560387835,0.7753333333333333,Critical
C001490,2025-12-31,0.39305602739873097,0.48633333333333334,Medium
C001491,2025-12-31,0.8670523632371134,0.6203333333333333,Critical
C001492,2025-12-31,0.9634073040440944,0.9276666666666666,Critical
C001493,2025-12-31,0.96125410469053,0.8361666666666666,Critical
C001494,2025-12-31,0.9620159935711782,0.8641666666666666,Critical
C001495,2025-12-31,0.961673979731929,0.8495,Critical
C001496,2025-12-31,0.32361189109669614,0.4091666666666667,Low
C001497,2025-12-31,0.16879091983529923,0.17433333333333334,Low
C001498,2025-12-31,0.4236395935433441,0.5043333333333333,Medium
C001499,2025-12-31,0.9625958915147863,0.8906666666666667,Critical
C001500,2025-12-31,0.9246001319584355,0.6506666666666666,Critical
C001501,2025-12-31,0.9614501496044121,0.8411666666666666,Critical
C001502,2025-12-31,0.9639714668919087,0.9536666666666667,Critical
C001503,2025-12-31,0.06678745138660099,0.024333333333333332,Low
C001504,2025-12-31,0.3848214124541496,0.48183333333333334,Medium
C001505,2025-12-31,0.807064726227689,0.6045,Critical
C001506,2025-12-31,0.06730863009287977,0.025666666666666667,Low
C001507,2025-12-31,0.21014837256384344,0.22783333333333333,Low
C001508,2025-12-31,0.27337963281157013,0.33316666666666667,Low
C001509,2025-12-31,0.9649103441613214,0.9785,Critical
C001510,2025-12-31,0.23354007545359748,0.2655,Low
C001511,2025-12-31,0.29694317919496344,0.37116666666666664,Low
C001512,2025-12-31,0.9536711314864945,0.7231666666666666,Critical
C001513,2025-12-31,0.2261366759841462,0.25416666666666665,Low
C001514,2025-12-31,0.9622095162590171,0.8728333333333333,Critical
C001515,2025-12-31,0.07198493350774374,0.038,Low
C001516,2025-12-31,0.9456852751022683,0.6868333333333333,Critical
C001517,2025-12-31,0.37097332289305096,0.4673333333333333,Medium
C001518,2025-12-31,0.07102577019309338,0.0365,Low
C001519,2025-12-31,0.9594895670087302,0.789,Critical
C001520,2025-12-31,0.4042023995686124,0.49416666666666664,Medium
C001521,2025-12-31,0.9546898212109941,0.7313333333333333,Critical
C001522,2025-12-31,0.3276837107691681,0.4166666666666667,Low
C001523,2025-12-31,0.33100437156759277,0.42183333333333334,Low
C001524,2025-12-31,0.9535322109892691,0.72225,Critical
C001525,2025-12-31,0.9543484024174026,0.7285,Critical
C001526,2025-12-31,0.9633428252532591,0.9251666666666667,Critical
C001527,2025-12-31,0.3815364846445119,0.4781666666666667,Medium
C001528,2025-12-31,0.9625101297803269,0.8871666666666667,Critical
C001529,2025-12-31,0.9630162042879151,0.9076666666666666,Critical
C001530,2025-12-31,0.3087592793308348,0.3888333333333333,Low
C001531,2025-12-31,0.9570489618833232,0.7546666666666667,Critical
C001532,2025-12-31,0.20526171776539856,0.2205,Low
C001533,2025-12-31,0.26269491816267027,0.3135,Low
C001534,2025-12-31,0.5861530703361321,0.5626666666666666,High
C001535,2025-12-31,0.2634902754846629,0.31516666666666665,Low
C001536,2025-12-31,0.954356673620401,0.7286666666666667,Critical
C001537,2025-12-31,0.9637854384077477,0.9453333333333334,Critical
C001538,2025-12-31,0.9624387231082797,0.8838333333333334,Critical
C001539,2025-12-31,0.9612148172130882,0.8341666666666666,Critical
C001540,2025-12-31,0.9601604568693084,0.8025,Critical
C001541,2025-12-31,0.4938647264151741,0.5351666666666667,Medium
C001542,2025-12-31,0.402423757652302,0.49316666666666664,Medium
C001543,2025-12-31,0.6249183890487946,0.5703333333333334,High
C001544,2025-12-31,0.9612641534426561,0.8365,Critical
C001545,2025-12-31,0.965048411288782,0.9813333333333333,Critical
C001546,2025-12-31,0.32713037061813277,0.41483333333333333,Low
C001547,2025-12-31,0.08831910554673106,0.06783333333333333,Low
C001548,2025-12-31,0.7101584626886129,0.586,High
C001549,2025-12-31,0.09374504802156064,0.07633333333333334,Low
C001550,2025-12-31,0.9562479995138439,0.7443333333333333,Critical
C001551,2025-12-31,0.26090662566649364,0.31066666666666665,Low
C001552,2025-12-31,0.3296093704589812,0.4195,Low
C001553,2025-12-31,0.9401292389790247,0.673,Critical
C001554,2025-12-31,0.8930119205099896,0.6311666666666667,Critical
C001555,2025-12-31,0.949899824766104,0.7011666666666667,Critical
C001556,2025-12-31,0.945279482038985,0.6855,Critical
C001557,2025-12-31,0.868721150829655,0.6215,Critical
C001558,2025-12-31,0.29276331876900946,0.3655,Low
C001559,2025-12-31,0.9657529395576335,0.9988333333333334,Critical
C001560,2025-12-31,0.9625573582293181,0.8891666666666667,Critical
C001561,2025-12-31,0.36075043333970996,0.46,Medium
C001562,2025-12-31,0.21385864839167076,0.234,Low
C001563,2025-12-31,0.22763548970265576,0.25566666666666665,Low
C001564,2025-12-31,0.223645957497813,0.25016666666666665,Low
C001565,2025-12-31,0.21616445230508544,0.23783333333333334,Low
C001566,2025-12-31,0.9499607168831199,0.7015,Critical
C001567,2025-12-31,0.20619995585800052,0.22266666666666668,Low
C001568,2025-12-31,0.07688282281686876,0.0485,Low
C001569,2025-12-31,0.9621506987892022,0.8695,Critical
C001570,2025-12-31,0.9623169162126001,0.8773333333333333,Critical
C001571,2025-12-31,0.41950596414799196,0.5025,Medium
C001572,2025-12-31,0.9532298603018415,0.7195,Critical
C001573,2025-12-31,0.29737112486557876,0.37183333333333335,Low
C001574,2025-12-31,0.16333772876895536,0.16583333333333333,Low
C001575,2025-12-31,0.8146880667856493,0.6063333333333333,Critical
C001576,2025-12-31,0.9450330482837831,0.684,Critical
C001577,2025-12-31,0.9602960028370829,0.8063333333333333,Critical
C001578,2025-12-31,0.2671694549736897,0.32183333333333336,Low
C001579,2025-12-31,0.26022309259116205,0.30966666666666665,Low
C001580,2025-12-31,0.24401608775460545,0.2821666666666667,Low
C001581,2025-12-31,0.7847015859274604,0.6013333333333334,Critical
C001582,2025-12-31,0.17111081999784764,0.17766666666666667,Low
C001583,2025-12-31,0.4273856245138085,0.507,Medium
C001584,2025-12-31,0.9556006922212686,0.7388333333333333,Critical
C001585,2025-12-31,0.44758072136634625,0.518,Medium
C001586,2025-12-31,0.8715458894357336,0.6228333333333333,Critical
C001587,2025-12-31,0.9527206529342007,0.715,Critical
C001588,2025-12-31,0.2074003335177149,0.22416666666666665,Low
C001589,2025-12-31,0.3327377441027401,0.4251666666666667,Low
C001590,2025-12-31,0.28567907881691346,0.3516666666666667,Low
C001591,2025-12-31,0.7281633157527249,0.5883333333333334,Critical
C001592,2025-12-31,0.9339689565315871,0.661,Critical
C001593,2025-12-31,0.9401263843414108,0.6728333333333333,Critical
C001594,2025-12-31,0.9606486085543148,0.8171666666666667,Critical
C001595,2025-12-31,0.9638272036095309,0.9471666666666667,Critical
C001596,2025-12-31,0.19184729634026723,0.201,Low
C001597,2025-12-31,0.9353200087290888,0.6645,Critical
C001598,2025-12-31,0.3140621552893354,0.397,Low
C001599,2025-12-31,0.9654574281991019,0.9926666666666667,Critical
C001600,2025-12-31,0.953838285658695,0.7243333333333334,Critical
C001601,2025-12-31,0.3285473646757707,0.4176666666666667,Low
C001602,2025-12-31,0.9608125257845227,0.8218333333333333,Critical
C001603,2025-12-31,0.4207708958216742,0.5031666666666667,Medium
C001604,2025-12-31,0.9606027189902923,0.8156666666666667,Critical
C001605,2025-12-31,0.06292468216328685,0.011333333333333334,Low
C001606,2025-12-31,0.09409799842575868,0.07716666666666666,Low
C001607,2025-12-31,0.9598621555270039,0.795,Critical
C001608,2025-12-31,0.3448568077180301,0.44133333333333336,Low
C001609,2025-12-31,0.9581154560202457,0.766,Critical
C001610,2025-12-31,0.2095529279937709,0.227,Low
C001611,2025-12-31,0.9653646328533183,0.9911666666666666,Critical
C001612,2025-12-31,0.22473843423449125,0.25283333333333335,Low
C001613,2025-12-31,0.2324315692758733,0.2645,Low
C001614,2025-12-31,0.9642191684429346,0.9655,Critical
C001615,2025-12-31,0.0913216714652257,0.07233333333333333,Low
C001616,2025-12-31,0.9641500586879038,0.962,Critical
C001617,2025-12-31,0.9516123679009582,0.7091666666666666,Critical
C001618,2025-12-31,0.37785717518636314,0.4741666666666667,Medium
C001619,2025-12-31,0.953193328698501,0.7186666666666667,Critical
C001620,2025-12-31,0.2819449100485705,0.3465,Low
C001621,2025-12-31,0.34522696735372166,0.44216666666666665,Low
C001622,2025-12-31,0.940098682378936,0.6725,Critical
C001623,2025-12-31,0.9567431236253335,0.7506666666666667,Critical
C001624,2025-12-31,0.28211163405678086,0.347,Low
C001625,2025-12-31,0.9604330351521645,0.8098333333333333,Critical
C001626,2025-12-31,0.9631135975839945,0.9135,Critical
C001627,2025-12-31,0.11659639490246437,0.10916666666666666,Low
C001628,2025-12-31,0.12638062465378516,0.12183333333333334,Low
C001629,2025-12-31,0.9003788434147041,0.6338333333333334,Critical
C001630,2025-12-31,0.955077335056945,0.7345,Critical
C001631,2025-12-31,0.47619870428022604,0.5288333333333334,Medium
C001632,2025-12-31,0.7404360450201385,0.5918333333333333,Critical
C001633,2025-12-31,0.08517172320400714,0.0635,Low
C001634,2025-12-31,0.22939887323461208,0.259,Low
C001635,2025-12-31,0.15916105560622743,0.1615,Low
C001636,2025-12-31,0.3562199611269569,0.4565,Medium
C001637,2025-12-31,0.9534230283997759,0.7215,Critical
C001638,2025-12-31,0.10202225010846273,0.09066666666666667,Low
C001639,2025-12-31,0.667939259856151,0.5776666666666667,High
C001640,2025-12-31,0.07507719743094939,0.04466666666666667,Low
C001641,2025-12-31,0.9572092544303027,0.7575,Critical
C001642,2025-12-31,0.36836307375517335,0.46416666666666667,Medium
C001643,2025-12-31,0.9348828491904158,0.663,Critical
C001644,2025-12-31,0.9646565169121958,0.9735,Critical
C001645,2025-12-31,0.09174340350612104,0.0735,Low
C001646,2025-12-31,0.11021195474458582,0.10133333333333333,Low
C001647,2025-12-31,0.06996755666300353,0.0345,Low
C001648,2025-12-31,0.10322438780373049,0.09283333333333334,Low
C001649,2025-12-31,0.21879401930886944,0.24183333333333334,Low
C001650,2025-12-31,0.4332876150920071,0.5108333333333334,Medium
C001651,2025-12-31,0.22057377886180554,0.2455,Low
C001652,2025-12-31,0.06272183077388925,0.011,Low
C001653,2025-12-31,0.3159515955105772,0.3988333333333333,Low
C001654,2025-12-31,0.356630272231959,0.4568333333333333,Medium
C001655,2025-12-31,0.35019675167015474,0.4488333333333333,Medium
C001656,2025-12-31,0.9606850375115384,0.8183333333333334,Critical
C001657,2025-12-31,0.4614768644722296,0.5241666666666667,Medium
C001658,2025-12-31,0.3230345116203259,0.4085,Low
C001659,2025-12-31,0.3766908306594736,0.47333333333333333,Medium
C001660,2025-12-31,0.0819911995668657,0.058166666666666665,Low
C001661,2025-12-31,0.9585865195628153,0.7733333333333333,Critical
C001662,2025-12-31,0.34951327599908694,0.448,Low
C001663,2025-12-31,0.9626633629176501,0.8931666666666667,Critical
C001664,2025-12-31,0.21446968563516144,0.235,Low
C001665,2025-12-31,0.29859124941276666,0.37383333333333335,Low
C001666,2025-12-31,0.24856069885108098,0.2901666666666667,Low
C001667,2025-12-31,0.7663123870272194,0.5976666666666667,Critical
C001668,2025-12-31,0.2082822105971587,0.22516666666666665,Low
C001669,2025-12-31,0.13828785430523158,0.13633333333333333,Low
C001670,2025-12-31,0.9628976532240183,0.9023333333333333,Critical
C001671,2025-12-31,0.7813707684186647,0.6001666666666666,Critical
C001672,2025-12-31,0.07410930826494645,0.0425,Low
C001673,2025-12-31,0.9600192822249275,0.7986666666666666,Critical
C001674,2025-12-31,0.286725243977181,0.35533333333333333,Low
C001675,2025-12-31,0.20828422853006612,0.22533333333333333,Low
C001676,2025-12-31,0.44358924027354174,0.5158333333333334,Medium
C001677,2025-12-31,0.22412472592225172,0.2515,Low
C001678,2025-12-31,0.9638862547069037,0.9491666666666667,Critical
C001679,2025-12-31,0.065240465134828,0.018166666666666668,Low
C001680,2025-12-31,0.07785723987468626,0.050833333333333335,Low
C001681,2025-12-31,0.9626887605778194,0.8948333333333334,Critical
C001682,2025-12-31,0.25545371972787034,0.30183333333333334,Low
C001683,2025-12-31,0.9638309110769737,0.9478333333333333,Critical
C001684,2025-12-31,0.15121372389757146,0.15133333333333332,Low
C001685,2025-12-31,0.9589871558259057,0.7796666666666666,Critical
C001686,2025-12-31,0.15990722267043475,0.162,Low
C001687,2025-12-31,0.19496911930786107,0.2065,Low
C001688,2025-12-31,0.5502497126311029,0.5531666666666667,High
C001689,2025-12-31,0.9513508648444287,0.7081666666666667,Critical
C001690,2025-12-31,0.9484925853267613,0.695,Critical
C001691,2025-12-31,0.9466374762175889,0.6888333333333333,Critical
C001692,2025-12-31,0.9295325609104852,0.6561666666666667,Critical
C001693,2025-12-31,0.20089113508170653,0.21333333333333335,Low
C001694,2025-12-31,0.33209062256250066,0.4235,Low
C001695,2025-12-31,0.9638635404664075,0.9486666666666667,Critical
C001696,2025-12-31,0.25142873590184667,0.2955,Low
C001697,2025-12-31,0.3134617986266441,0.3963333333333333,Low
C001698,2025-12-31,0.9656710734337316,0.9968333333333333,Critical
C001699,2025-12-31,0.9641356488289,0.9613333333333334,Critical
C001700,2025-12-31,0.89879149342856,0.6331666666666667,Critical
C001701,2025-12-31,0.9620100713384145,0.864,Critical
C001702,2025-12-31,0.9629643838061193,0.9045,Critical
C001703,2025-12-31,0.9654141600460683,0.9921666666666666,Critical
C001704,2025-12-31,0.9632950341992519,0.9231666666666667,Critical
C001705,2025-12-31,0.2864241644956516,0.3536666666666667,Low
C001706,2025-12-31,0.9637057161034308,0.9408333333333333,Critical
C001707,2025-12-31,0.96205993697866,0.8656666666666667,Critical
C001708,2025-12-31,0.23109381688278607,0.26216666666666666,Low
C001709,2025-12-31,0.6077012613039238,0.5666666666666667,High
C001710,2025-12-31,0.9649334987869523,0.979,Critical
C001711,2025-12-31,0.9593788044141854,0.7871666666666667,Critical
C001712,2025-12-31,0.0726575527389351,0.039,Low
C001713,2025-12-31,0.9568086984719472,0.7518333333333334,Critical
C001714,2025-12-31,0.9649941216879947,0.9801666666666666,Critical
C001715,2025-12-31,0.31289220669369033,0.39566666666666667,Low
C001716,2025-12-31,0.9599066237266017,0.7955,Critical
C001717,2025-12-31,0.5799636859518232,0.5611666666666667,High
C001718,2025-12-31,0.8488494987872669,0.614,Critical
C001719,2025-12-31,0.9584615819823163,0.7716666666666666,Critical
C001720,2025-12-31,0.9638105039990233,0.9463333333333334,Critical
C001721,2025-12-31,0.9560971223749711,0.7431666666666666,Critical
C001722,2025-12-31,0.3127955245629637,0.39516666666666667,Low
C001723,2025-12-31,0.3408178807349705,0.4345,Low
C001724,2025-12-31,0.9406074347673,0.6743333333333333,Critical
C001725,2025-12-31,0.961526653578221,0.844,Critical
C001726,2025-12-31,0.9627321952521157,0.8961666666666667,Critical
C001727,2025-12-31,0.9632219365008287,0.919,Critical
C001728,2025-12-31,0.3940616699241187,0.488,Medium
C001729,2025-12-31,0.13383700586778335,0.13116666666666665,Low
C001730,2025-12-31,0.1734803267004018,0.181,Low
C001731,2025-12-31,0.9628820458908613,0.9018333333333334,Critical
C001732,2025-12-31,0.9619221294844372,0.8606666666666667,Critical
C001733,2025-12-31,0.24120212420518813,0.2776666666666667,Low
C001734,2025-12-31,0.9382896295924065,0.6705,Critical
C001735,2025-12-31,0.9616920705863473,0.8501666666666666,Critical
C001736,2025-12-31,0.9537201385345004,0.7236666666666667,Critical
C001737,2025-12-31,0.9601577976847064,0.8021666666666667,Critical
C001738,2025-12-31,0.3018488798273095,0.37883333333333336,Low
C001739,2025-12-31,0.9568588462605977,0.7525,Critical
C001740,2025-12-31,0.2864576388664515,0.35383333333333333,Low
C001741,2025-12-31,0.15014909832229692,0.14933333333333335,Low
C001742,2025-12-31,0.2669089808164345,0.32083333333333336,Low
C001743,2025-12-31,0.9599652813477123,0.7971666666666667,Critical
C001744,2025-12-31,0.25090662534057984,0.29433333333333334,Low
C001745,2025-12-31,0.4285248213961708,0.5076666666666667,Medium
C001746,2025-12-31,0.5841608707052923,0.5623333333333334,High
C001747,2025-12-31,0.3290828455149768,0.4186666666666667,Low
C001748,2025-12-31,0.2718287068086941,0.3308333333333333,Low
C001749,2025-12-31,0.9632744138465271,0.922,Critical
C001750,2025-12-31,0.9597341025175044,0.7925,Critical
C001751,2025-12-31,0.23782114100422977,0.273,Low
C001752,2025-12-31,0.23612062228274552,0.2698333333333333,Low
C001753,2025-12-31,0.9583063520203104,0.7688333333333334,Critical
C001754,2025-12-31,0.907347912083169,0.6375,Critical
C001755,2025-12-31,0.6855606537914944,0.5816666666666667,High
C001756,2025-12-31,0.3395939937836064,0.43283333333333335,Low
C001757,2025-12-31,0.9566876212857736,0.7495,Critical
C001758,2025-12-31,0.9556007415791813,0.739,Critical
C001759,2025-12-31,0.32612686217618303,0.41333333333333333,Low
C001760,2025-12-31,0.2680130580535731,0.324,Low
C001761,2025-12-31,0.8670983091079457,0.6205,Critical
C001762,2025-12-31,0.9368552315092087,0.6681666666666667,Critical
C001763,2025-12-31,0.1539334979465853,0.1545,Low
C001764,2025-12-31,0.21958031380064588,0.24266666666666667,Low
C001765,2025-12-31,0.17524801425236206,0.18283333333333332,Low
C001766,2025-12-31,0.3410306190730692,0.43466666666666665,Low
C001767,2025-12-31,0.4462767927342732,0.5168333333333334,Medium
C001768,2025-12-31,0.9651467185226349,0.9855,Critical
C001769,2025-12-31,0.09279780157012117,0.07533333333333334,Low
C001770,2025-12-31,0.9588149732828567,0.7763333333333333,Critical
C001771,2025-12-31,0.47361605782138394,0.5283333333333333,Medium
C001772,2025-12-31,0.2941363982679029,0.36783333333333335,Low
C001773,2025-12-31,0.1616148145456828,0.1635,Low
C001774,2025-12-31,0.22864732840311539,0.25733333333333336,Low
C001775,2025-12-31,0.3462836232922269,0.44316666666666665,Low
C001776,2025-12-31,0.9588341665502506,0.7775,Critical
C001777,2025-12-31,0.9602525681507844,0.8048333333333333,Critical
C001778,2025-12-31,0.9417508213172208,0.6761666666666667,Critical
C001779,2025-12-31,0.4139658049819814,0.49966666666666665,Medium
C001780,2025-12-31,0.9030459371599564,0.6351666666666667,Critical
C001781,2025-12-31,0.3015573313112261,0.37833333333333335,Low
C001782,2025-12-31,0.9480862072076385,0.6933333333333334,Critical
C001783,2025-12-31,0.8726444000993068,0.6235,Critical
C001784,2025-12-31,0.34777333767687285,0.446,Low
C001785,2025-12-31,0.9634543189722043,0.9298333333333333,Critical
C001786,2025-12-31,0.9592856173072618,0.7853333333333333,Critical
C001787,2025-12-31,0.9054825280663698,0.6365,Critical
C001788,2025-12-31,0.11357898972241227,0.105,Low
C001789,2025-12-31,0.8752290030011269,0.625,Critical
C001790,2025-12-31,0.10802594556069911,0.09783333333333333,Low
C001791,2025-12-31,0.28871851248741714,0.3586666666666667,Low
C001792,2025-12-31,0.9644225187966269,0.9683333333333334,Critical
C001793,2025-12-31,0.9524469317077261,0.7128333333333333,Critical
C001794,2025-12-31,0.9631112470127979,0.9133333333333333,Critical
C001795,2025-12-31,0.08150610102032275,0.0575,Low
C001796,2025-12-31,0.9106184844194157,0.6396666666666667,Critical
C001797,2025-12-31,0.9600063804803382,0.7983333333333333,Critical
C001798,2025-12-31,0.9628137373461957,0.8986666666666666,Critical
C001799,2025-12-31,0.3813988265022707,0.478,Medium
C001800,2025-12-31,0.9496740143225564,0.6998333333333333,Critical
C001801,2025-12-31,0.9605190563790784,0.8136666666666666,Critical
C001802,2025-12-31,0.17344257801417742,0.18066666666666667,Low
C001803,2025-12-31,0.38241019459966274,0.4791666666666667,Medium
C001804,2025-12-31,0.20423764414137183,0.21933333333333332,Low
C001805,2025-12-31,0.22155797569380442,0.247,Low
C001806,2025-12-31,0.2509281187331626,0.2945,Low
C001807,2025-12-31,0.6383436982511662,0.5723333333333334,High
C001808,2025-12-31,0.47999253168882844,0.5301666666666667,Medium
C001809,2025-12-31,0.27734298558553433,0.3396666666666667,Low
C001810,2025-12-31,0.3989619231888062,0.4905,Medium
C001811,2025-12-31,0.9603932991407147,0.8081666666666667,Critical
C001812,2025-12-31,0.9626872101577345,0.8946666666666667,Critical
C001813,2025-12-31,0.4426546740293816,0.5148333333333334,Medium
C001814,2025-12-31,0.5428297940197665,0.5518333333333333,Medium
C001815,2025-12-31,0.8740205023107898,0.6243333333333333,Critical
C001816,2025-12-31,0.22017239387741472,0.24416666666666667,Low
C001817,2025-12-31,0.9603634475503852,0.8078333333333333,Critical
C001818,2025-12-31,0.13100489550402897,0.12733333333333333,Low
C001819,2025-12-31,0.4695214053797172,0.5266666666666666,Medium
C001820,2025-12-31,0.9629635138092848,0.9043333333333333,Critical
C001821,2025-12-31,0.18474537710784866,0.19316666666666665,Low
C001822,2025-12-31,0.07579388274060699,0.04633333333333333,Low
C001823,2025-12-31,0.5736331281867092,0.5595,High
C001824,2025-12-31,0.06592132599075216,0.021166666666666667,Low
C001825,2025-12-31,0.23368790654823401,0.26566666666666666,Low
C001826,2025-12-31,0.9580541003532529,0.7653333333333333,Critical
C001827,2025-12-31,0.26703675402657373,0.3215,Low
C001828,2025-12-31,0.06421511134491575,0.015166666666666667,Low
C001829,2025-12-31,0.5954571324813257,0.5641666666666667,High
C001830,2025-12-31,0.9492972448195712,0.698,Critical
C001831,2025-12-31,0.3166437197147952,0.40066666666666667,Low
C001832,2025-12-31,0.13130995967674045,0.12816666666666668,Low
C001833,2025-12-31,0.9146934999895152,0.6423333333333333,Critical
C001834,2025-12-31,0.9640271023983722,0.9558333333333333,Critical
C001835,2025-12-31,0.935438853270412,0.6648333333333334,Critical
C001836,2025-12-31,0.9637480712378967,0.9428333333333333,Critical
C001837,2025-12-31,0.9641558590417633,0.9626666666666667,Critical
C001838,2025-12-31,0.9618116150284847,0.8553333333333333,Critical
C001839,2025-12-31,0.11920282041141934,0.11316666666666667,Low
C001840,2025-12-31,0.21614842595756076,0.23766666666666666,Low
C001841,2025-12-31,0.7310463437961819,0.5891666666666666,Critical
C001842,2025-12-31,0.2500384302578822,0.29283333333333333,Low
C001843,2025-12-31,0.8944041948966933,0.6318333333333334,Critical
C001844,2025-12-31,0.2245213149451304,0.25216666666666665,Low
C001845,2025-12-31,0.15173666511928816,0.15166666666666667,Low
C001846,2025-12-31,0.3044636774861104,0.38233333333333336,Low
C001847,2025-12-31,0.9641597806203505,0.963,Critical
C001848,2025-12-31,0.9487275473773016,0.6961666666666667,Critical
C001849,2025-12-31,0.9628501921907601,0.9006666666666666,Critical
C001850,2025-12-31,0.7434424728561146,0.5925,Critical
C001851,2025-12-31,0.9530431546938921,0.7175,Critical
C001852,2025-12-31,0.9578152724967303,0.7628333333333334,Critical
C001853,2025-12-31,0.24314278388546687,0.28,Low
C001854,2025-12-31,0.9651615384717115,0.9863333333333333,Critical
C001855,2025-12-31,0.9652235213026987,0.9875,Critical
C001856,2025-12-31,0.9616996386539908,0.8503333333333334,Critical
C001857,2025-12-31,0.963106171508337,0.9131666666666667,Critical
C001858,2025-12-31,0.5099467141886547,0.5418333333333333,Medium
C001859,2025-12-31,0.08421421441477338,0.062,Low
C001860,2025-12-31,0.07514806696997044,0.04516666666666667,Low
C001861,2025-12-31,0.960703566103823,0.819,Critical
C001862,2025-12-31,0.19424348501315694,0.2045,Low
C001863,2025-12-31,0.12976957209170858,0.12616666666666668,Low
C001864,2025-12-31,0.9616296088395936,0.8478333333333333,Critical
C001865,2025-12-31,0.9291475806581814,0.6558333333333334,Critical
C001866,2025-12-31,0.2578225732446289,0.30566666666666664,Low
C001867,2025-12-31,0.9635362910765438,0.9341666666666667,Critical
C001868,2025-12-31,0.9599868663068709,0.7976666666666666,Critical
C001869,2025-12-31,0.13113323636812857,0.12783333333333333,Low
C001870,2025-12-31,0.06995420446693484,0.034333333333333334,Low
C001871,2025-12-31,0.9621430590425225,0.869,Critical
C001872,2025-12-31,0.9603475282675372,0.8075,Critical
C001873,2025-12-31,0.9621062821828263,0.8676666666666667,Critical
C001874,2025-12-31,0.9445507606618326,0.6833333333333333,Critical
C001875,2025-12-31,0.25081229168100483,0.2941666666666667,Low
C001876,2025-12-31,0.2743436749780548,0.335,Low
C001877,2025-12-31,0.9629243554285966,0.9035,Critical
C001878,2025-12-31,0.951425197096408,0.7086666666666667,Critical
C001879,2025-12-31,0.3714940348758426,0.4676666666666667,Medium
C001880,2025-12-31,0.20054938884863172,0.21283333333333335,Low
C001881,2025-12-31,0.6849244840861695,0.5813333333333334,High
C001882,2025-12-31,0.21853532037067938,0.24133333333333334,Low
C001883,2025-12-31,0.09782651378537592,0.08233333333333333,Low
C001884,2025-12-31,0.5424068600610145,0.5516666666666666,Medium
C001885,2025-12-31,0.963894192039735,0.9495,Critical
C001886,2025-12-31,0.2086449731140665,0.22616666666666665,Low
C001887,2025-12-31,0.3523006760258783,0.45116666666666666,Medium
C001888,2025-12-31,0.3840562734994215,0.4805,Medium
C001889,2025-12-31,0.14460192272510822,0.14166666666666666,Low
C001890,2025-12-31,0.6123560068096854,0.5676666666666667,High
C001891,2025-12-31,0.9619464134762992,0.862,Critical
C001892,2025-12-31,0.06137389650187212,0.007166666666666667,Low
C001893,2025-12-31,0.757356080331418,0.5956666666666667,Critical
C001894,2025-12-31,0.3024079817447825,0.37983333333333336,Low
C001895,2025-12-31,0.8559639809811087,0.6158333333333333,Critical
C001896,2025-12-31,0.9593217601792127,0.786,Critical
C001897,2025-12-31,0.3418239817683473,0.436,Low
C001898,2025-12-31,0.298748834910432,0.37433333333333335,Low
C001899,2025-12-31,0.9617204094118542,0.8513333333333334,Critical
C001900,2025-12-31,0.5446966895623202,0.552,Medium
C001901,2025-12-31,0.24369724402792006,0.2811666666666667,Low
C001902,2025-12-31,0.06908474156121934,0.03233333333333333,Low
C001903,2025-12-31,0.910502233548324,0.6395,Critical
C001904,2025-12-31,0.3357877610479201,0.429,Low
C001905,2025-12-31,0.24015146780151916,0.27566666666666667,Low
C001906,2025-12-31,0.6735951240728273,0.5791666666666667,High
C001907,2025-12-31,0.35792268265692706,0.4573333333333333,Medium
C001908,2025-12-31,0.46368165352389074,0.525,Medium
C001909,2025-12-31,0.9548432383691012,0.7318333333333333,Critical
C001910,2025-12-31,0.29017236464612517,0.3611666666666667,Low
C001911,2025-12-31,0.32638502222586907,0.4136666666666667,Low
C001912,2025-12-31,0.9637272411615578,0.9418333333333333,Critical
C001913,2025-12-31,0.10904514334570818,0.09983333333333333,Low
C001914,2025-12-31,0.309441872989271,0.38966666666666666,Low
C001915,2025-12-31,0.2774552410205992,0.34,Low
C001916,2025-12-31,0.9409538474522772,0.6751666666666667,Critical
C001917,2025-12-31,0.9543025142046662,0.7278333333333333,Critical
C001918,2025-12-31,0.9516488693168856,0.7095,Critical
C001919,2025-12-31,0.06571482447908984,0.02033333333333333,Low
C001920,2025-12-31,0.06241284450877869,0.01,Low
C001921,2025-12-31,0.9619322604367389,0.8615,Critical
C001922,2025-12-31,0.8554357714994595,0.6155,Critical
C001923,2025-12-31,0.06677589114554822,0.024,Low
C001924,2025-12-31,0.21379470144651244,0.23366666666666666,Low
C001925,2025-12-31,0.23492422806600702,0.26716666666666666,Low
C001926,2025-12-31,0.28846112142620456,0.3581666666666667,Low
C001927,2025-12-31,0.2065265851284527,0.22316666666666668,Low
C001928,2025-12-31,0.9080394166452384,0.638,Critical
C001929,2025-12-31,0.2718709870422549,0.331,Low
C001930,2025-12-31,0.19259928433296503,0.202,Low
C001931,2025-12-31,0.96156755669801,0.8455,Critical
C001932,2025-12-31,0.9593278894422913,0.7861666666666667,Critical
C001933,2025-12-31,0.4662732705581279,0.526,Medium
C001934,2025-12-31,0.9654876319184073,0.993,Critical
C001935,2025-12-31,0.4869673234199779,0.5328333333333334,Medium
C001936,2025-12-31,0.0588408358959932,0.0016666666666666668,Low
C001937,2025-12-31,0.3070241655430367,0.386,Low
C001938,2025-12-31,0.281661869106484,0.3461666666666667,Low
C001939,2025-12-31,0.7102253039409726,0.5861666666666666,High
C001940,2025-12-31,0.6153232379759167,0.5685,High
C001941,2025-12-31,0.9543012130875028,0.7276666666666667,Critical
C001942,2025-12-31,0.24749762870737635,0.28883333333333333,Low
C001943,2025-12-31,0.9632294661924501,0.9195,Critical
C001944,2025-12-31,0.9624504322124787,0.8845,Critical
C001945,2025-12-31,0.9640450605439622,0.9571666666666667,Critical
C001946,2025-12-31,0.7401530868675318,0.5916666666666667,Critical
C001947,2025-12-31,0.4556821867262329,0.5216666666666666,Medium
C001948,2025-12-31,0.9645590438280621,0.9711666666666666,Critical
C001949,2025-12-31,0.1325569784621475,0.12966666666666668,Low
C001950,2025-12-31,0.955058607037743,0.7341666666666666,Critical
C001951,2025-12-31,0.9601582395443123,0.8023333333333333,Critical
C001952,2025-12-31,0.3931876136569576,0.4865,Medium
C001953,2025-12-31,0.08912097148613869,0.069,Low
C001954,2025-12-31,0.13155499674754997,0.12883333333333333,Low
C001955,2025-12-31,0.06993901623463773,0.034,Low
C001956,2025-12-31,0.24115937614883576,0.2773333333333333,Low
C001957,2025-12-31,0.9590917372892097,0.7813333333333333,Critical
C001958,2025-12-31,0.07927143040664643,0.052833333333333336,Low
C001959,2025-12-31,0.28635027000371654,0.35333333333333333,Low
C001960,2025-12-31,0.9583973068785779,0.7705,Critical
C001961,2025-12-31,0.2806924514196058,0.3445,Low
C001962,2025-12-31,0.2632736821147707,0.31483333333333335,Low
C001963,2025-12-31,0.6498151161349948,0.5746666666666667,High
C001964,2025-12-31,0.9658272912845902,0.9998333333333334,Critical
C001965,2025-12-31,0.3195138408199658,0.4041666666666667,Low
C001966,2025-12-31,0.402611754973732,0.49333333333333335,Medium
C001967,2025-12-31,0.9606677264911228,0.8175,Critical
C001968,2025-12-31,0.3057058380687001,0.38416666666666666,Low
C001969,2025-12-31,0.8257964814715281,0.6086666666666667,Critical
C001970,2025-12-31,0.24712272188307857,0.28833333333333333,Low
C001971,2025-12-31,0.9625090267256485,0.887,Critical
C001972,2025-12-31,0.9616324389980858,0.848,Critical
C001973,2025-12-31,0.9634060550977726,0.9275,Critical
C001974,2025-12-31,0.9648603563090633,0.977,Critical
C001975,2025-12-31,0.06430861567543807,0.0155,Low
C001976,2025-12-31,0.9587784126515947,0.7751666666666667,Critical
C001977,2025-12-31,0.9545830522838802,0.7305,Critical
C001978,2025-12-31,0.3529649135891149,0.45216666666666666,Medium
C001979,2025-12-31,0.9538535768115571,0.7246666666666667,Critical
C001980,2025-12-31,0.2583129691200607,0.3065,Low
C001981,2025-12-31,0.9612186007307025,0.8345,Critical
C001982,2025-12-31,0.5254204778878098,0.5468333333333333,Medium
C001983,2025-12-31,0.9560868340783758,0.7426666666666667,Critical
C001984,2025-12-31,0.31759816037210514,0.4021666666666667,Low
C001985,2025-12-31,0.06369848719393567,0.013666666666666667,Low
C001986,2025-12-31,0.8602505239535638,0.6173333333333333,Critical
C001987,2025-12-31,0.3327380337229857,0.42533333333333334,Low
C001988,2025-12-31,0.09426603785959596,0.078,Low
C001989,2025-12-31,0.9644464784013017,0.9686666666666667,Critical
C001990,2025-12-31,0.9623557407263386,0.88,Critical
C001991,2025-12-31,0.9599414201023958,0.7968333333333333,Critical
C001992,2025-12-31,0.2999403641377493,0.37566666666666665,Low
C001993,2025-12-31,0.8138441052563111,0.6061666666666666,Critical
C001994,2025-12-31,0.189967380009362,0.1985,Low
C001995,2025-12-31,0.1584015565935785,0.16033333333333333,Low
C001996,2025-12-31,0.18456852154722472,0.19266666666666668,Low
C001997,2025-12-31,0.32418673359279837,0.41,Low
C001998,2025-12-31,0.06761467009835054,0.026833333333333334,Low
C001999,2025-12-31,0.06745372959162048,0.02666666666666667,Low
C002000,2025-12-31,0.9621923280506395,0.8723333333333333,Critical
C002001,2025-12-31,0.9550651626719137,0.7343333333333333,Critical
C002002,2025-12-31,0.33264278291468335,0.4246666666666667,Low
C002003,2025-12-31,0.3772480587372789,0.4736666666666667,Medium
C002004,2025-12-31,0.15756487534584104,0.15866666666666668,Low
C002005,2025-12-31,0.19675526572020496,0.20733333333333334,Low
C002006,2025-12-31,0.2732451810721783,0.3328333333333333,Low
C002007,2025-12-31,0.926614369960483,0.6533333333333333,Critical
C002008,2025-12-31,0.5510312587798551,0.5533333333333333,High
C002009,2025-12-31,0.7014435118105101,0.5843333333333334,High
C002010,2025-12-31,0.961460226873735,0.8416666666666667,Critical
C002011,2025-12-31,0.21993324184056362,0.2435,Low
C002012,2025-12-31,0.5586715775480612,0.5565,High
C002013,2025-12-31,0.06331106189228262,0.0125,Low
C002014,2025-12-31,0.3747577343872142,0.4705,Medium
C002015,2025-12-31,0.9633062933958191,0.9235,Critical
C002016,2025-12-31,0.7068916804903073,0.5851666666666666,High
C002017,2025-12-31,0.5278585868607394,0.5483333333333333,Medium
C002018,2025-12-31,0.39716869407949645,0.48966666666666664,Medium
C002019,2025-12-31,0.9635508830773643,0.935,Critical
C002020,2025-12-31,0.3765874404822173,0.4731666666666667,Medium
C002021,2025-12-31,0.28531874123440243,0.3511666666666667,Low
C002022,2025-12-31,0.9601463258721625,0.8013333333333333,Critical
C002023,2025-12-31,0.9549247521403844,0.7328333333333333,Critical
C002024,2025-12-31,0.9115112318229066,0.6405,Critical
C002025,2025-12-31,0.9595120689959132,0.7893333333333333,Critical
C002026,2025-12-31,0.2394461395778338,0.27466666666666667,Low
C002027,2025-12-31,0.3521689108262504,0.451,Medium
C002028,2025-12-31,0.07355823265889293,0.04083333333333333,Low
C002029,2025-12-31,0.3328407739381323,0.4256666666666667,Low
C002030,2025-12-31,0.23951542506387713,0.275,Low
C002031,2025-12-31,0.23106189099348798,0.26166666666666666,Low
C002032,2025-12-31,0.2785436185719522,0.3416666666666667,Low
C002033,2025-12-31,0.28274599623599195,0.3476666666666667,Low
C002034,2025-12-31,0.2339395848433851,0.2658333333333333,Low
C002035,2025-12-31,0.9656604611308075,0.9965,Critical
C002036,2025-12-31,0.1249251831268771,0.12,Low
C002037,2025-12-31,0.22478106890356275,0.253,Low
C002038,2025-12-31,0.831017959544516,0.6095,Critical
C002039,2025-12-31,0.9369990480251555,0.6686666666666666,Critical
C002040,2025-12-31,0.2992160557876004,0.375,Low
C002041,2025-12-31,0.19877257685078129,0.21016666666666667,Low
C002042,2025-12-31,0.6847857399629889,0.5811666666666667,High
C002043,2025-12-31,0.38026034485053906,0.4771666666666667,Medium
C002044,2025-12-31,0.08835377679901008,0.068,Low
C002045,2025-12-31,0.1032034269615995,0.09266666666666666,Low
C002046,2025-12-31,0.9538759142435053,0.7248333333333333,Critical
C002047,2025-12-31,0.2174178366204681,0.23983333333333334,Low
C002048,2025-12-31,0.961348456591158,0.8386666666666667,Critical
C002049,2025-12-31,0.9607109016842771,0.8195,Critical
C002050,2025-12-31,0.32462574436241537,0.4111666666666667,Low
C002051,2025-12-31,0.9607511950501658,0.8211666666666667,Critical
C002052,2025-12-31,0.8934791886832715,0.6313333333333333,Critical
C002053,2025-12-31,0.9512202548655901,0.7073333333333334,Critical
C002054,2025-12-31,0.3838551827147312,0.48033333333333333,Medium
C002055,2025-12-31,0.22120514414601444,0.24616666666666667,Low
C002056,2025-12-31,0.21542744091704102,0.23616666666666666,Low
C002057,2025-12-31,0.960518466207946,0.8135,Critical
C002058,2025-12-31,0.10110557796006153,0.08866666666666667,Low
C002059,2025-12-31,0.9485963184250054,0.6958333333333333,Critical
C002060,2025-12-31,0.2934156613134542,0.36666666666666664,Low
C002061,2025-12-31,0.2766400884454732,0.3388333333333333,Low
C002062,2025-12-31,0.9623806015945755,0.881,Critical
C002063,2025-12-31,0.9566644027020049,0.749,Critical
C002064,2025-12-31,0.19315999289487573,0.20333333333333334,Low
C002065,2025-12-31,0.17539395453924225,0.18333333333333332,Low
C002066,2025-12-31,0.35343455967251985,0.453,Medium
C002067,2025-12-31,0.9563017147241063,0.7451666666666666,Critical
C002068,2025-12-31,0.9641317311378224,0.961,Critical
C002069,2025-12-31,0.24390594172935112,0.282,Low
C002070,2025-12-31,0.9623121210344722,0.877,Critical
C002071,2025-12-31,0.2188705686492165,0.242,Low
C002072,2025-12-31,0.9640547835526508,0.9578333333333333,Critical
C002073,2025-12-31,0.2730192969228765,0.3325,Low
C002074,2025-12-31,0.26513268192526956,0.31716666666666665,Low
C002075,2025-12-31,0.05944442443686962,0.002,Low
C002076,2025-12-31,0.5029610296503851,0.5391666666666667,Medium
C002077,2025-12-31,0.9613582503363186,0.8388333333333333,Critical
C002078,2025-12-31,0.961890890530482,0.859,Critical
C002079,2025-12-31,0.9625750610611501,0.8901666666666667,Critical
C002080,2025-12-31,0.20027611928338962,0.21233333333333335,Low
C002081,2025-12-31,0.35386622398820755,0.4533333333333333,Medium
C002082,2025-12-31,0.9638343057514399,0.948,Critical
C002083,2025-12-31,0.46528694897218964,0.5256666666666666,Medium
C002084,2025-12-31,0.12021933454211046,0.11416666666666667,Low
C002085,2025-12-31,0.9636413754002563,0.938,Critical
C002086,2025-12-31,0.12603509389850356,0.1215,Low
C002087,2025-12-31,0.9625833745576076,0.8905,Critical
C002088,2025-12-31,0.2671754122568117,0.322,Low
C002089,2025-12-31,0.9639078781651044,0.951,Critical
C002090,2025-12-31,0.9656345892947638,0.9958333333333333,Critical
C002091,2025-12-31,0.9644455179782186,0.9685,Critical
C002092,2025-12-31,0.16078723084791754,0.16283333333333333,Low
C002093,2025-12-31,0.9504815130813612,0.705,Critical
C002094,2025-12-31,0.08379417429598911,0.061,Low
C002095,2025-12-31,0.9623313179165054,0.8776666666666667,Critical
C002096,2025-12-31,0.17006973170135234,0.1765,Low
C002097,2025-12-31,0.8825927549476832,0.6268333333333334,Critical
C002098,2025-12-31,0.37417979938293233,0.4698333333333333,Medium
C002099,2025-12-31,0.656547128808853,0.575,High
C002100,2025-12-31,0.9632926741501358,0.923,Critical
C002101,2025-12-31,0.28835270234783,0.358,Low
C002102,2025-12-31,0.3582833866512951,0.4578333333333333,Medium
C002103,2025-12-31,0.9599034234169531,0.7953333333333333,Critical
C002104,2025-12-31,0.24478655809839908,0.2841666666666667,Low
C002105,2025-12-31,0.19815034811488888,0.209,Low
C002106,2025-12-31,0.12548774590628134,0.12083333333333333,Low
C002107,2025-12-31,0.964721787920911,0.9745,Critical
C002108,2025-12-31,0.13843567869750192,0.1365,Low
C002109,2025-12-31,0.9549804487190032,0.7331666666666666,Critical
C002110,2025-12-31,0.9345277931696941,0.662,Critical
C002111,2025-12-31,0.34391475834453694,0.43916666666666665,Low
C002112,2025-12-31,0.42278077293189736,0.5036666666666667,Medium
C002113,2025-12-31,0.963458653423726,0.9301666666666667,Critical
C002114,2025-12-31,0.09182646224039144,0.07383333333333333,Low
C002115,2025-12-31,0.9604455509559026,0.8103333333333333,Critical
C002116,2025-12-31,0.9547904840752804,0.7316666666666667,Critical
C002117,2025-12-31,0.30157472393434687,0.3785,Low
C002118,2025-12-31,0.20205109312751776,0.2145,Low
C002119,2025-12-31,0.11717892966915762,0.11016666666666666,Low
C002120,2025-12-31,0.3317145399062467,0.423,Low
C002121,2025-12-31,0.09438042290000291,0.07833333333333334,Low
C002122,2025-12-31,0.9562566240324983,0.7446666666666667,Critical
C002123,2025-12-31,0.34069452667828415,0.434,Low
C002124,2025-12-31,0.4027128938950759,0.49366666666666664,Medium
C002125,2025-12-31,0.26167393071033546,0.31266666666666665,Low
C002126,2025-12-31,0.21571169764053363,0.237,Low
C002127,2025-12-31,0.16987671834423154,0.17616666666666667,Low
C002128,2025-12-31,0.22040162927766682,0.24483333333333332,Low
C002129,2025-12-31,0.5221920840151775,0.5465,Medium
C002130,2025-12-31,0.81363683785414,0.606,Critical
C002131,2025-12-31,0.260445886011813,0.31,Low
C002132,2025-12-31,0.9596881439666317,0.7913333333333333,Critical
C002133,2025-12-31,0.9526642980990002,0.7143333333333334,Critical
C002134,2025-12-31,0.9631148662774475,0.9136666666666666,Critical
C002135,2025-12-31,0.8315518039552243,0.6096666666666667,Critical
C002136,2025-12-31,0.8396574390769613,0.612,Critical
C002137,2025-12-31,0.9493278184954459,0.6985,Critical
C002138,2025-12-31,0.9566790964353279,0.7491666666666666,Critical
C002139,2025-12-31,0.9632903722693901,0.9226666666666666,Critical
C002140,2025-12-31,0.9647303369401512,0.9746666666666667,Critical
C002141,2025-12-31,0.3490097147858735,0.44766666666666666,Low
C002142,2025-12-31,0.16998997764669097,0.17633333333333334,Low
C002143,2025-12-31,0.914182583020262,0.642,Critical
C002144,2025-12-31,0.26396995040935106,0.31566666666666665,Low
C002145,2025-12-31,0.22175955351399632,0.24716666666666667,Low
C002146,2025-12-31,0.4115208316116217,0.49766666666666665,Medium
C002147,2025-12-31,0.36902152893177,0.465,Medium
C002148,2025-12-31,0.06004238025297468,0.004166666666666667,Low
C002149,2025-12-31,0.876098017363052,0.6256666666666667,Critical
C002150,2025-12-31,0.1646213131186162,0.16783333333333333,Low
C002151,2025-12-31,0.8865665856942025,0.629,Critical
C002152,2025-12-31,0.3742269656183506,0.47,Medium
C002153,2025-12-31,0.11046430694465618,0.10166666666666667,Low
C002154,2025-12-31,0.5547656375757815,0.5546666666666666,High
C002155,2025-12-31,0.9587863914000399,0.7756666666666666,Critical
C002156,2025-12-31,0.21548732971671122,0.2365,Low
C002157,2025-12-31,0.9650493385215352,0.9815,Critical
C002158,2025-12-31,0.20751340850746014,0.22433333333333333,Low
C002159,2025-12-31,0.06530434577886206,0.018833333333333334,Low
C002160,2025-12-31,0.9622381907982174,0.874,Critical
C002161,2025-12-31,0.14020271353769934,0.138,Low
C002162,2025-12-31,0.2604279151852049,0.30983333333333335,Low
C002163,2025-12-31,0.16494173864279218,0.16816666666666666,Low
C002164,2025-12-31,0.8652182089984484,0.6191666666666666,Critical
C002165,2025-12-31,0.7118409973309762,0.5865,High
C002166,2025-12-31,0.9624863308651558,0.8861666666666667,Critical
C002167,2025-12-31,0.06808547389063906,0.028666666666666667,Low
C002168,2025-12-31,0.9631628657819139,0.9153333333333333,Critical
C002169,2025-12-31,0.3278327678214004,0.41683333333333333,Low
C002170,2025-12-31,0.9610511961141168,0.8293333333333334,Critical
C002171,2025-12-31,0.38366782263580984,0.48,Medium
C002172,2025-12-31,0.345272602678144,0.4425,Low
C002173,2025-12-31,0.24639573318097394,0.28683333333333333,Low
C002174,2025-12-31,0.9582011074905878,0.7668333333333334,Critical
C002175,2025-12-31,0.07524714561957799,0.0455,Low
C002176,2025-12-31,0.26074507191977236,0.3105,Low
C002177,2025-12-31,0.962973602726095,0.9055,Critical
C002178,2025-12-31,0.878249824006606,0.6263333333333333,Critical
C002179,2025-12-31,0.27919332304611066,0.3428333333333333,Low
C002180,2025-12-31,0.4532856497499332,0.5203333333333333,Medium
C002181,2025-12-31,0.7965573799657255,0.603,Critical
C002182,2025-12-31,0.948345636987073,0.6941666666666667,Critical
C002183,2025-12-31,0.30517239515259725,0.38316666666666666,Low
C002184,2025-12-31,0.960814284304251,0.822,Critical
C002185,2025-12-31,0.5668689118491428,0.5576666666666666,High
C002186,2025-12-31,0.0654834733139662,0.019666666666666666,Low
C002187,2025-12-31,0.284009833451287,0.3495,Low
C002188,2025-12-31,0.21070330626289283,0.22883333333333333,Low
C002189,2025-12-31,0.9616147526530904,0.8473333333333334,Critical
C002190,2025-12-31,0.2916341246482148,0.3631666666666667,Low
C002191,2025-12-31,0.42513843135448504,0.5053333333333333,Medium
C002192,2025-12-31,0.19976243522112389,0.21116666666666667,Low
C002193,2025-12-31,0.957572553575191,0.7608333333333334,Critical
C002194,2025-12-31,0.9532726800040083,0.72,Critical
C002195,2025-12-31,0.08140054413605606,0.057,Low
C002196,2025-12-31,0.06473978646960453,0.017166666666666667,Low
C002197,2025-12-31,0.9543391254455539,0.7283333333333334,Critical
C002198,2025-12-31,0.96346203702539,0.9305,Critical
C002199,2025-12-31,0.9614729209596405,0.842,Critical
C002200,2025-12-31,0.5413459830246543,0.5513333333333333,Medium
C002201,2025-12-31,0.0630538569274947,0.012,Low
C002202,2025-12-31,0.963920124963893,0.9516666666666667,Critical
C002203,2025-12-31,0.9612198347459017,0.8346666666666667,Critical
C002204,2025-12-31,0.9545967804530727,0.7306666666666667,Critical
C002205,2025-12-31,0.0889537387515046,0.06866666666666667,Low
C002206,2025-12-31,0.36446429885114523,0.4628333333333333,Medium
C002207,2025-12-31,0.3354050141800615,0.42866666666666664,Low
C002208,2025-12-31,0.20595660281879455,0.222,Low
C002209,2025-12-31,0.1292515858885314,0.12483333333333334,Low
C002210,2025-12-31,0.2904035237986317,0.3615,Low
C002211,2025-12-31,0.2666958281728249,0.3195,Low
C002212,2025-12-31,0.6046487188964017,0.5661666666666667,High
C002213,2025-12-31,0.061332232234923956,0.007,Low
C002214,2025-12-31,0.11747256233690624,0.1105,Low
C002215,2025-12-31,0.7546857404666724,0.5953333333333334,Critical
C002216,2025-12-31,0.09603274763776735,0.08033333333333334,Low
C002217,2025-12-31,0.31887435754909993,0.4035,Low
C002218,2025-12-31,0.23587978225562226,0.26916666666666667,Low
C002219,2025-12-31,0.9632495525040342,0.9205,Critical
C002220,2025-12-31,0.13883438495784142,0.13683333333333333,Low
C002221,2025-12-31,0.07289140023930844,0.03983333333333333,Low
C002222,2025-12-31,0.09367952862612226,0.07616666666666666,Low
C002223,2025-12-31,0.6906146095539086,0.5826666666666667,High
C002224,2025-12-31,0.3715578510196733,0.4678333333333333,Medium
C002225,2025-12-31,0.5210797844952867,0.5461666666666667,Medium
C002226,2025-12-31,0.7381599979254694,0.5913333333333334,Critical
C002227,2025-12-31,0.9585610838038429,0.7731666666666667,Critical
C002228,2025-12-31,0.1358598238680462,0.133,Low
C002229,2025-12-31,0.35050380212923354,0.44966666666666666,Medium
C002230,2025-12-31,0.06774297441315077,0.0275,Low
C002231,2025-12-31,0.9582657507192142,0.7681666666666667,Critical
C002232,2025-12-31,0.2740477277311068,0.3343333333333333,Low
C002233,2025-12-31,0.9652444121643713,0.9881666666666666,Critical
C002234,2025-12-31,0.2708538635125975,0.32866666666666666,Low
C002235,2025-12-31,0.37235109737962335,0.4685,Medium
C002236,2025-12-31,0.9556202382113269,0.7396666666666667,Critical
C002237,2025-12-31,0.5672611691159894,0.5578333333333333,High
C002238,2025-12-31,0.6327463894890228,0.5718333333333333,High
C002239,2025-12-31,0.1792232789633472,0.18783333333333332,Low
C002240,2025-12-31,0.2557341091400343,0.30233333333333334,Low
C002241,2025-12-31,0.32206496690105607,0.407,Low
C002242,2025-12-31,0.8705031623256213,0.6223333333333333,Critical
C002243,2025-12-31,0.07987863631453142,0.05383333333333333,Low
C002244,2025-12-31,0.07025622299648675,0.035,Low
C002245,2025-12-31,0.9617558518657686,0.8526666666666667,Critical
C002246,2025-12-31,0.25614081291922813,0.30283333333333334,Low
C002247,2025-12-31,0.9637719241179221,0.9446666666666667,Critical
C002248,2025-12-31,0.953404294652521,0.7213333333333334,Critical
C002249,2025-12-31,0.3275829994271559,0.4165,Low
C002250,2025-12-31,0.9619015159187052,0.8595,Critical
C002251,2025-12-31,0.9094295397333,0.6388333333333334,Critical
C002252,2025-12-31,0.22401885611449335,0.25116666666666665,Low
C002253,2025-12-31,0.9655335276809357,0.9938333333333333,Critical
C002254,2025-12-31,0.17967957528682157,0.18833333333333332,Low
C002255,2025-12-31,0.0671753326125292,0.025333333333333333,Low
C002256,2025-12-31,0.9642028177515315,0.9648333333333333,Critical
C002257,2025-12-31,0.31036492450693404,0.3915,Low
C002258,2025-12-31,0.3816386667274296,0.4785,Medium
C002259,2025-12-31,0.5347500494462228,0.5505,Medium
C002260,2025-12-31,0.9630657722427062,0.911,Critical
C002261,2025-12-31,0.9523497527513164,0.7123333333333334,Critical
C002262,2025-12-31,0.9557923765859876,0.7408333333333333,Critical
C002263,2025-12-31,0.11363315650555685,0.10533333333333333,Low
C002264,2025-12-31,0.1163967983914787,0.10883333333333334,Low
C002265,2025-12-31,0.3519227258583028,0.45066666666666666,Medium
C002266,2025-12-31,0.30571944721745364,0.38433333333333336,Low
C002267,2025-12-31,0.2443887126897557,0.2836666666666667,Low
C002268,2025-12-31,0.9623118234275051,0.8768333333333334,Critical
C002269,2025-12-31,0.9651616456963272,0.9865,Critical
C002270,2025-12-31,0.960317908169752,0.8065,Critical
C002271,2025-12-31,0.20362475132387559,0.21783333333333332,Low
C002272,2025-12-31,0.29210133780341196,0.364,Low
C002273,2025-12-31,0.9624702300338784,0.8853333333333333,Critical
C002274,2025-12-31,0.9442108336949846,0.682,Critical
C002275,2025-12-31,0.16769956762294957,0.172,Low
C002276,2025-12-31,0.9615338402776067,0.8445,Critical
C002277,2025-12-31,0.18256641474030086,0.1905,Low
C002278,2025-12-31,0.9627558178866985,0.8971666666666667,Critical
C002279,2025-12-31,0.11061541227490912,0.102,Low
C002280,2025-12-31,0.9622656042578361,0.8756666666666667,Critical
C002281,2025-12-31,0.14832537622943995,0.14616666666666667,Low
C002282,2025-12-31,0.9526814920611294,0.7146666666666667,Critical
C002283,2025-12-31,0.26531226171683836,0.31766666666666665,Low
C002284,2025-12-31,0.2117626272294164,0.23016666666666666,Low
C002285,2025-12-31,0.30021534566292374,0.37616666666666665,Low
C002286,2025-12-31,0.37925621687573363,0.4755,Medium
C002287,2025-12-31,0.3354978597401998,0.42883333333333334,Low
C002288,2025-12-31,0.20052500192614975,0.21266666666666667,Low
C002289,2025-12-31,0.33807005542747187,0.43166666666666664,Low
C002290,2025-12-31,0.3239263933076595,0.4095,Low
C002291,2025-12-31,0.9540926359238707,0.7265,Critical
C002292,2025-12-31,0.47603518687670393,0.5286666666666666,Medium
C002293,2025-12-31,0.9645463755414972,0.9708333333333333,Critical
C002294,2025-12-31,0.44297801607697807,0.5151666666666667,Medium
C002295,2025-12-31,0.2358322225455416,0.269,Low
C002296,2025-12-31,0.3391152978351108,0.4325,Low
C002297,2025-12-31,0.2185783299984794,0.2415,Low
C002298,2025-12-31,0.9617302468588577,0.8516666666666667,Critical
C002299,2025-12-31,0.13618400826375948,0.134,Low
C002300,2025-12-31,0.9470798808996491,0.6903333333333334,Critical
C002301,2025-12-31,0.2771389398446764,0.3395,Low
C002302,2025-12-31,0.07154084694800204,0.037,Low
C002303,2025-12-31,0.9651382493740419,0.9845,Critical
C002304,2025-12-31,0.9542511755191724,0.7275,Critical
C002305,2025-12-31,0.20311226273028757,0.217,Low
C002306,2025-12-31,0.1601505341847088,0.16233333333333333,Low
C002307,2025-12-31,0.3214346441787703,0.4063333333333333,Low
C002308,2025-12-31,0.32984708432380666,0.4201666666666667,Low
C002309,2025-12-31,0.3222595042327387,0.4071666666666667,Low
C002310,2025-12-31,0.9576095207520012,0.7611666666666667,Critical
C002311,2025-12-31,0.12669611465738273,0.12216666666666667,Low
C002312,2025-12-31,0.34459041344877367,0.44016666666666665,Low
C002313,2025-12-31,0.9604859231429792,0.8125,Critical
C002314,2025-12-31,0.4735563585859606,0.5281666666666667,Medium
C002315,2025-12-31,0.27222215039855946,0.3315,Low
C002316,2025-12-31,0.9650583654093108,0.9816666666666667,Critical
C002317,2025-12-31,0.2798230699816481,0.3438333333333333,Low
C002318,2025-12-31,0.9504196607413332,0.7045,Critical
C002319,2025-12-31,0.18245935970141156,0.19033333333333333,Low
C002320,2025-12-31,0.9600659412045235,0.7998333333333333,Critical
C002321,2025-12-31,0.4704780978435974,0.5271666666666667,Medium
C002322,2025-12-31,0.08357109925910373,0.06066666666666667,Low
C002323,2025-12-31,0.30052473114343436,0.37683333333333335,Low
C002324,2025-12-31,0.1244834989573831,0.1195,Low
C002325,2025-12-31,0.645442558914387,0.5741666666666667,High
C002326,2025-12-31,0.4954880613417541,0.5356666666666666,Medium
C002327,2025-12-31,0.3686790174539815,0.4646666666666667,Medium
C002328,2025-12-31,0.9520781146894102,0.711,Critical
C002329,2025-12-31,0.1426997672808267,0.14033333333333334,Low
C002330,2025-12-31,0.17642579315354737,0.184,Low
C002331,2025-12-31,0.9653508670074581,0.9908333333333333,Critical
C002332,2025-12-31,0.4301623959537799,0.5081666666666667,Medium
C002333,2025-12-31,0.5538318185627461,0.5541666666666667,High
C002334,2025-12-31,0.2003324813790429,0.2125,Low
C002335,2025-12-31,0.3217953430512093,0.4065,Low
C002336,2025-12-31,0.24072804481390683,0.27616666666666667,Low
C002337,2025-12-31,0.28792369947431634,0.3571666666666667,Low
C002338,2025-12-31,0.9613174329579164,0.8381666666666666,Critical
C002339,2025-12-31,0.15561497507451982,0.15583333333333332,Low
C002340,2025-12-31,0.1289256784201099,0.1245,Low
C002341,2025-12-31,0.9508241606227555,0.7063333333333334,Critical
C002342,2025-12-31,0.07781989248786939,0.050666666666666665,Low
C002343,2025-12-31,0.06524266630069028,0.018333333333333333,Low
C002344,2025-12-31,0.7294767511089214,0.5886666666666667,Critical
C002345,2025-12-31,0.37393308578300566,0.4696666666666667,Medium
C002346,2025-12-31,0.292973380013592,0.36583333333333334,Low
C002347,2025-12-31,0.13464792595823386,0.13216666666666665,Low
C002348,2025-12-31,0.23562049938465404,0.26866666666666666,Low
C002349,2025-12-31,0.9640773001549995,0.9596666666666667,Critical
C002350,2025-12-31,0.2677990904795771,0.3235,Low
C002351,2025-12-31,0.9589534787757684,0.7795,Critical
C002352,2025-12-31,0.3841136967458611,0.4806666666666667,Medium
C002353,2025-12-31,0.4056368379689091,0.49483333333333335,Medium
C002354,2025-12-31,0.9632494019484926,0.9203333333333333,Critical
C002355,2025-12-31,0.9614781194991607,0.8421666666666666,Critical
C002356,2025-12-31,0.2789758309932782,0.3425,Low
C002357,2025-12-31,0.9616434102044749,0.8488333333333333,Critical
C002358,2025-12-31,0.9620082896464037,0.8638333333333333,Critical
C002359,2025-12-31,0.33269166244516324,0.42483333333333334,Low
C002360,2025-12-31,0.3756617049179918,0.4718333333333333,Medium
C002361,2025-12-31,0.39334319487235375,0.4866666666666667,Medium
C002362,2025-12-31,0.35919720198718913,0.45866666666666667,Medium
C002363,2025-12-31,0.9627483988443108,0.8968333333333334,Critical
C002364,2025-12-31,0.211735547188171,0.23,Low
C002365,2025-12-31,0.9621616404232419,0.8705,Critical
C002366,2025-12-31,0.17832234496195118,0.18683333333333332,Low
C002367,2025-12-31,0.34055069890279926,0.43383333333333335,Low
C002368,2025-12-31,0.1709772973373717,0.1775,Low
C002369,2025-12-31,0.36985529438077996,0.4658333333333333,Medium
C002370,2025-12-31,0.115694378391196,0.108,Low
C002371,2025-12-31,0.9614443991684158,0.8406666666666667,Critical
C002372,2025-12-31,0.23183956153273652,0.2638333333333333,Low
C002373,2025-12-31,0.3343257141277251,0.42683333333333334,Low
C002374,2025-12-31,0.19475555717675833,0.20616666666666666,Low
C002375,2025-12-31,0.9626721620267294,0.8933333333333333,Critical
C002376,2025-12-31,0.2633836233655295,0.315,Low
C002377,2025-12-31,0.9251284444866327,0.6516666666666666,Critical
C002378,2025-12-31,0.9592789173291113,0.7851666666666667,Critical
C002379,2025-12-31,0.9240639012326866,0.65,Critical
C002380,2025-12-31,0.9440793694359462,0.6816666666666666,Critical
C002381,2025-12-31,0.9513096774162433,0.7078333333333333,Critical
C002382,2025-12-31,0.33039719506630577,0.421,Low
C002383,2025-12-31,0.3642557248557703,0.46266666666666667,Medium
C002384,2025-12-31,0.375667081206037,0.472,Medium
C002385,2025-12-31,0.9636832973592059,0.9403333333333334,Critical
C002386,2025-12-31,0.9576262905715671,0.7613333333333333,Critical
C002387,2025-12-31,0.2093858380544791,0.2265,Low
C002388,2025-12-31,0.3120887820045447,0.3938333333333333,Low
C002389,2025-12-31,0.9470105622012696,0.69,Critical
C002390,2025-12-31,0.2200600329223974,0.244,Low
C002391,2025-12-31,0.07834411400540592,0.051833333333333335,Low
C002392,2025-12-31,0.9618217926196985,0.8561666666666666,Critical
C002393,2025-12-31,0.962117591983073,0.868,Critical
C002394,2025-12-31,0.9655842247071854,0.9948333333333333,Critical
C002395,2025-12-31,0.2763547132875752,0.3383333333333333,Low
C002396,2025-12-31,0.5763849517776501,0.5603333333333333,High
C002397,2025-12-31,0.9623321414947279,0.878,Critical
C002398,2025-12-31,0.35577429731271865,0.45616666666666666,Medium
C002399,2025-12-31,0.964700178582428,0.9741666666666666,Critical
C002400,2025-12-31,0.9639469648772853,0.953,Critical
C002401,2025-12-31,0.3254100924191064,0.41233333333333333,Low
C002402,2025-12-31,0.14687660437523783,0.14366666666666666,Low
C002403,2025-12-31,0.29333444454546936,0.3665,Low
C002404,2025-12-31,0.7898300729174083,0.6015,Critical
C002405,2025-12-31,0.17258828567670312,0.17983333333333335,Low
C002406,2025-12-31,0.32335766138088434,0.409,Low
C002407,2025-12-31,0.24426687783555953,0.2831666666666667,Low
C002408,2025-12-31,0.27465710122626424,0.3355,Low
C002409,2025-12-31,0.9605146781788485,0.8131666666666667,Critical
C002410,2025-12-31,0.37903727262657233,0.4751666666666667,Medium
C002411,2025-12-31,0.9452853538626865,0.6856666666666666,Critical
C002412,2025-12-31,0.961640213161926,0.8485,Critical
C002413,2025-12-31,0.21217495952341817,0.2315,Low
C002414,2025-12-31,0.17548504053333583,0.1835,Low
C002415,2025-12-31,0.15439842027007677,0.15483333333333332,Low
C002416,2025-12-31,0.9644146094433202,0.9681666666666666,Critical
C002417,2025-12-31,0.43982904779965204,0.5136666666666667,Medium
C002418,2025-12-31,0.2655990764824006,0.3185,Low
C002419,2025-12-31,0.873421759941753,0.624,Critical
C002420,2025-12-31,0.2503580021645733,0.2935,Low
C002421,2025-12-31,0.9640740286035266,0.959,Critical
C002422,2025-12-31,0.9312755028305335,0.6576666666666666,Critical
C002423,2025-12-31,0.9571217832041383,0.756,Critical
C002424,2025-12-31,0.1847435483291796,0.193,Low
C002425,2025-12-31,0.9477975974659608,0.692,Critical
C002426,2025-12-31,0.1472735659809449,0.14433333333333334,Low
C002427,2025-12-31,0.38212473510903616,0.479,Medium
C002428,2025-12-31,0.39987819804152586,0.491,Medium
C002429,2025-12-31,0.9638271701959754,0.947,Critical
C002430,2025-12-31,0.28692482590133145,0.35583333333333333,Low
C002431,2025-12-31,0.9648601969327646,0.9768333333333333,Critical
C002432,2025-12-31,0.3186892614241114,0.4033333333333333,Low
C002433,2025-12-31,0.39342928855485537,0.48683333333333334,Medium
C002434,2025-12-31,0.8262546812611279,0.6088333333333333,Critical
C002435,2025-12-31,0.9641539586265012,0.9625,Critical
C002436,2025-12-31,0.9601562713161115,0.8018333333333333,Critical
C002437,2025-12-31,0.9610940993570211,0.8313333333333334,Critical
C002438,2025-12-31,0.3099572816198641,0.39066666666666666,Low
C002439,2025-12-31,0.32429643643936945,0.4101666666666667,Low
C002440,2025-12-31,0.1689756351559757,0.175,Low
C002441,2025-12-31,0.07459445357983525,0.043333333333333335,Low
C002442,2025-12-31,0.9653366570351486,0.9898333333333333,Critical
C002443,2025-12-31,0.41453544657445285,0.49983333333333335,Medium
C002444,2025-12-31,0.16365114394452765,0.1665,Low
C002445,2025-12-31,0.28109714825256366,0.345,Low
C002446,2025-12-31,0.9541212856573282,0.7268333333333333,Critical
C002447,2025-12-31,0.42756481816669933,0.5071666666666667,Medium
C002448,2025-12-31,0.32740543781913983,0.41533333333333333,Low
C002449,2025-12-31,0.3709540469980494,0.4671666666666667,Medium
C002450,2025-12-31,0.06598135768287698,0.021666666666666667,Low
C002451,2025-12-31,0.9097138783860839,0.6391666666666667,Critical
C002452,2025-12-31,0.9610140270541536,0.8275,Critical
C002453,2025-12-31,0.11690895102657793,0.10966666666666666,Low
C002454,2025-12-31,0.9600058228076415,0.7981666666666667,Critical
C002455,2025-12-31,0.28974910047499775,0.36,Low
C002456,2025-12-31,0.9554644978861986,0.7375,Critical
C002457,2025-12-31,0.9647832989771262,0.9763333333333334,Critical
C002458,2025-12-31,0.1506616086911229,0.15,Low
C002459,2025-12-31,0.39007554653031007,0.4846666666666667,Medium
C002460,2025-12-31,0.08651762989246436,0.066,Low
C002461,2025-12-31,0.9652403250123784,0.988,Critical
C002462,2025-12-31,0.06434766754864264,0.015833333333333335,Low
C002463,2025-12-31,0.13600419542421363,0.1335,Low
C002464,2025-12-31,0.2524553487661006,0.297,Low
C002465,2025-12-31,0.5819107331350285,0.5616666666666666,High
C002466,2025-12-31,0.3209388795236647,0.4055,Low
C002467,2025-12-31,0.4152967079522993,0.5005,Medium
C002468,2025-12-31,0.30672267855580176,0.3855,Low
C002469,2025-12-31,0.9604716656912723,0.812,Critical
C002470,2025-12-31,0.19581086021687721,0.20683333333333334,Low
C002471,2025-12-31,0.8863030016177532,0.6286666666666667,Critical
C002472,2025-12-31,0.9614486620833675,0.8408333333333333,Critical
C002473,2025-12-31,0.8050657236494181,0.6043333333333333,Critical
C002474,2025-12-31,0.3784809041707578,0.475,Medium
C002475,2025-12-31,0.6812341590225639,0.5805,High
C002476,2025-12-31,0.7264487121966731,0.5876666666666667,Critical
C002477,2025-12-31,0.2974694767259809,0.37233333333333335,Low
C002478,2025-12-31,0.9635070719619261,0.9326666666666666,Critical
C002479,2025-12-31,0.06973391777012906,0.033666666666666664,Low
C002480,2025-12-31,0.9163197806296797,0.6436666666666667,Critical
C002481,2025-12-31,0.7594592020380553,0.5963333333333334,Critical
C002482,2025-12-31,0.9601918728006448,0.804,Critical
C002483,2025-12-31,0.07956881649056806,0.05333333333333334,Low
C002484,2025-12-31,0.5190140502033815,0.5453333333333333,Medium
C002485,2025-12-31,0.9656987104173345,0.9975,Critical
C002486,2025-12-31,0.20228006754959701,0.21483333333333332,Low
C002487,2025-12-31,0.21237277103388194,0.232,Low
C002488,2025-12-31,0.21402997857890707,0.23416666666666666,Low
C002489,2025-12-31,0.9650388596289297,0.9811666666666666,Critical
C002490,2025-12-31,0.956109812881902,0.7433333333333333,Critical
C002491,2025-12-31,0.35359006791863634,0.45316666666666666,Medium
C002492,2025-12-31,0.5000053868600488,0.538,Medium
C002493,2025-12-31,0.9586859325692361,0.7745,Critical
C002494,2025-12-31,0.07778968397596654,0.0505,Low
C002495,2025-12-31,0.9094489175449603,0.639,Critical
C002496,2025-12-31,0.10920979500634892,0.1,Low
C002497,2025-12-31,0.07555706291961918,0.046,Low
C002498,2025-12-31,0.2560756615282465,0.30266666666666664,Low
C002499,2025-12-31,0.25008227701315955,0.293,Low
C002500,2025-12-31,0.16342456639621558,0.166,Low
C002501,2025-12-31,0.06444233604751533,0.01633333333333333,Low
C002502,2025-12-31,0.9647174527721373,0.9743333333333334,Critical
C002503,2025-12-31,0.07832109465446771,0.0515,Low
C002504,2025-12-31,0.9571596030712545,0.7565,Critical
C002505,2025-12-31,0.9601563196341653,0.802,Critical
C002506,2025-12-31,0.957175635522773,0.7568333333333334,Critical
C002507,2025-12-31,0.23624643731878517,0.27016666666666667,Low
C002508,2025-12-31,0.3037180932889431,0.381,Low
C002509,2025-12-31,0.21060856888832083,0.22866666666666666,Low
C002510,2025-12-31,0.1672058230065874,0.17116666666666666,Low
C002511,2025-12-31,0.0853261787354213,0.06366666666666666,Low
C002512,2025-12-31,0.29255332066762546,0.36483333333333334,Low
C002513,2025-12-31,0.24480358986764714,0.2843333333333333,Low
C002514,2025-12-31,0.05951678764350989,0.0025,Low
C002515,2025-12-31,0.9649218895702235,0.9788333333333333,Critical
C002516,2025-12-31,0.9630195757584249,0.908,Critical
C002517,2025-12-31,0.340210868289077,0.43333333333333335,Low
C002518,2025-12-31,0.5094163737198877,0.5415,Medium
C002519,2025-12-31,0.06901500763908586,0.0315,Low
C002520,2025-12-31,0.455451175308117,0.5215,Medium
C002521,2025-12-31,0.06906219018065918,0.032,Low
C002522,2025-12-31,0.09808217406885689,0.08333333333333333,Low
C002523,2025-12-31,0.5050742457104062,0.5398333333333334,Medium
C002524,2025-12-31,0.21315545041423214,0.23266666666666666,Low
C002525,2025-12-31,0.4005196608727319,0.49183333333333334,Medium
C002526,2025-12-31,0.9563250136262118,0.7458333333333333,Critical
C002527,2025-12-31,0.13219986242117807,0.12933333333333333,Low
C002528,2025-12-31,0.329671069404541,0.41983333333333334,Low
C002529,2025-12-31,0.2136530131469682,0.2335,Low
C002530,2025-12-31,0.9037554377127246,0.6356666666666667,Critical
C002531,2025-12-31,0.9514173671093905,0.7085,Critical
C002532,2025-12-31,0.2388607182020678,0.2743333333333333,Low
C002533,2025-12-31,0.9626630923975995,0.893,Critical
C002534,2025-12-31,0.9605964278707441,0.8153333333333334,Critical
C002535,2025-12-31,0.9649665973538949,0.9795,Critical
C002536,2025-12-31,0.6985257091311493,0.5838333333333333,High
C002537,2025-12-31,0.14075977308803303,0.13883333333333334,Low
C002538,2025-12-31,0.13726484675492148,0.13583333333333333,Low
C002539,2025-12-31,0.9597409550203567,0.7926666666666666,Critical
C002540,2025-12-31,0.24883400919261703,0.2906666666666667,Low
C002541,2025-12-31,0.6281373242506999,0.5708333333333333,High
C002542,2025-12-31,0.4158897415537844,0.5011666666666666,Medium
C002543,2025-12-31,0.4176442103846498,0.502,Medium
C002544,2025-12-31,0.9651985473907954,0.9866666666666667,Critical
C002545,2025-12-31,0.09760462661242075,0.082,Low
C002546,2025-12-31,0.20529218817030817,0.221,Low
C002547,2025-12-31,0.7485902766742362,0.5931666666666666,Critical
C002548,2025-12-31,0.0818299995571712,0.058,Low
C002549,2025-12-31,0.6144478769151044,0.5683333333333334,High
C002550,2025-12-31,0.14297459856151706,0.1405,Low
C002551,2025-12-31,0.08403091559007381,0.0615,Low
C002552,2025-12-31,0.9471563369151127,0.6905,Critical
C002553,2025-12-31,0.13026349772851373,0.12633333333333333,Low
C002554,2025-12-31,0.9473423076295879,0.6911666666666667,Critical
C002555,2025-12-31,0.9628138300083942,0.8988333333333334,Critical
C002556,2025-12-31,0.24544654666567448,0.285,Low
C002557,2025-12-31,0.4511429139675655,0.5195,Medium
C002558,2025-12-31,0.9646080411467851,0.9726666666666667,Critical
C002559,2025-12-31,0.3084368865086115,0.3885,Low
C002560,2025-12-31,0.9647822427845162,0.976,Critical
C002561,2025-12-31,0.9626748605633001,0.8935,Critical
C002562,2025-12-31,0.11245251196262566,0.104,Low
C002563,2025-12-31,0.9593210966741021,0.7858333333333334,Critical
C002564,2025-12-31,0.9600438019369802,0.7991666666666667,Critical
C002565,2025-12-31,0.22518474443744954,0.25333333333333335,Low
C002566,2025-12-31,0.9611579785496674,0.8326666666666667,Critical
C002567,2025-12-31,0.1697811677420332,0.176,Low
C002568,2025-12-31,0.06564567158372951,0.020166666666666666,Low
C002569,2025-12-31,0.28996325259374284,0.36083333333333334,Low
C002570,2025-12-31,0.13077138112888223,0.12716666666666668,Low
C002571,2025-12-31,0.15978357690828174,0.16183333333333333,Low
C002572,2025-12-31,0.9650255710384693,0.9806666666666667,Critical
C002573,2025-12-31,0.9543747402853154,0.7291666666666666,Critical
C002574,2025-12-31,0.19088380062206212,0.1995,Low
C002575,2025-12-31,0.32514861161980346,0.412,Low
C002576,2025-12-31,0.350101526465496,0.44866666666666666,Medium
C002577,2025-12-31,0.14911674220077498,0.148,Low
C002578,2025-12-31,0.05947359477614442,0.0021666666666666666,Low
C002579,2025-12-31,0.06306459847706679,0.012166666666666666,Low
C002580,2025-12-31,0.458882505249278,0.5226666666666666,Medium
C002581,2025-12-31,0.9528768000511558,0.716,Critical
C002582,2025-12-31,0.24186327985297185,0.2786666666666667,Low
C002583,2025-12-31,0.27541454539316873,0.33666666666666667,Low
C002584,2025-12-31,0.9622319768774292,0.8738333333333334,Critical
C002585,2025-12-31,0.09825934183156805,0.08383333333333333,Low
C002586,2025-12-31,0.18724790395259538,0.19533333333333333,Low
C002587,2025-12-31,0.9623923596268389,0.8818333333333334,Critical
C002588,2025-12-31,0.06308621372500703,0.012333333333333333,Low
C002589,2025-12-31,0.24812743869723666,0.28983333333333333,Low
C002590,2025-12-31,0.062102445686960016,0.009,Low
C002591,2025-12-31,0.6417278845419826,0.5733333333333334,High
C002592,2025-12-31,0.22152639375275582,0.2465,Low
C002593,2025-12-31,0.5366413250370207,0.5506666666666666,Medium
C002594,2025-12-31,0.9615636297214071,0.8453333333333334,Critical
C002595,2025-12-31,0.24600013255345096,0.28633333333333333,Low
C002596,2025-12-31,0.3614103595323595,0.46066666666666667,Medium
C002597,2025-12-31,0.9592704051780889,0.785,Critical
C002598,2025-12-31,0.18871575268820054,0.19766666666666666,Low
C002599,2025-12-31,0.9656143316590503,0.9956666666666667,Critical
C002600,2025-12-31,0.44320348448521035,0.5155,Medium
C002601,2025-12-31,0.9629910252605284,0.9066666666666666,Critical
C002602,2025-12-31,0.9619308454138343,0.8611666666666666,Critical
C002603,2025-12-31,0.23956880829918517,0.27516666666666667,Low
C002604,2025-12-31,0.37551511039519325,0.4713333333333333,Medium
C002605,2025-12-31,0.9636135756750193,0.9368333333333333,Critical
C002606,2025-12-31,0.2204425427468509,0.24516666666666667,Low
C002607,2025-12-31,0.4847755149501507,0.532,Medium
C002608,2025-12-31,0.2739246765713061,0.33416666666666667,Low
C002609,2025-12-31,0.7490328650600372,0.5936666666666667,Critical
C002610,2025-12-31,0.20232804025971482,0.215,Low
C002611,2025-12-31,0.9623476734841413,0.8791666666666667,Critical
C002612,2025-12-31,0.21333900324023883,0.23283333333333334,Low
C002613,2025-12-31,0.9604210065162229,0.809,Critical
C002614,2025-12-31,0.8205606008426963,0.6076666666666667,Critical
C002615,2025-12-31,0.1361598212473325,0.13383333333333333,Low
C002616,2025-12-31,0.08091936685205513,0.056,Low
C002617,2025-12-31,0.9531068534529009,0.718,Critical
C002618,2025-12-31,0.9621395075023287,0.8688333333333333,Critical
C002619,2025-12-31,0.3686302582645056,0.4645,Medium
C002620,2025-12-31,0.9622124780777366,0.873,Critical
C002621,2025-12-31,0.2575135233480819,0.30516666666666664,Low
C002622,2025-12-31,0.15762097564309466,0.15883333333333333,Low
C002623,2025-12-31,0.9543262427265934,0.728,Critical
C002624,2025-12-31,0.16395307586688893,0.16716666666666666,Low
C002625,2025-12-31,0.9237786064333445,0.6496666666666666,Critical
C002626,2025-12-31,0.9518938131458302,0.7103333333333334,Critical
C002627,2025-12-31,0.9636709967107017,0.9393333333333334,Critical
C002628,2025-12-31,0.08741507820878619,0.067,Low
C002629,2025-12-31,0.3404872940309094,0.43366666666666664,Low
C002630,2025-12-31,0.12319956686076083,0.118,Low
C002631,2025-12-31,0.29243858077059676,0.36466666666666664,Low
C002632,2025-12-31,0.07160013467433644,0.037333333333333336,Low
C002633,2025-12-31,0.3539963443518072,0.4535,Medium
C002634,2025-12-31,0.9594036336609083,0.7876666666666666,Critical
C002635,2025-12-31,0.3274482133238008,0.4156666666666667,Low
C002636,2025-12-31,0.8798715069327402,0.6265,Critical
C002637,2025-12-31,0.9530047133613205,0.7165,Critical
C002638,2025-12-31,0.7309450713272335,0.589,Critical
C002639,2025-12-31,0.9641536961835807,0.9623333333333334,Critical
C002640,2025-12-31,0.9623347847989057,0.8781666666666667,Critical
C002641,2025-12-31,0.9502516864371143,0.7035,Critical
C002642,2025-12-31,0.32297458372403814,0.4081666666666667,Low
C002643,2025-12-31,0.11439760448179305,0.10616666666666667,Low
C002644,2025-12-31,0.48876905485958794,0.5333333333333333,Medium
C002645,2025-12-31,0.9585935246107247,0.7735,Critical
C002646,2025-12-31,0.9349504333305981,0.6631666666666667,Critical
C002647,2025-12-31,0.19738431504284307,0.208,Low
C002648,2025-12-31,0.7539003917572661,0.595,Critical
C002649,2025-12-31,0.15084848175787546,0.15033333333333335,Low
C002650,2025-12-31,0.14659468139111234,0.14333333333333334,Low
C002651,2025-12-31,0.9560027381191868,0.742,Critical
C002652,2025-12-31,0.0986146500211575,0.0845,Low
C002653,2025-12-31,0.15223580308192594,0.15283333333333332,Low
C002654,2025-12-31,0.9485739819524214,0.6956666666666667,Critical
C002655,2025-12-31,0.3553107495088413,0.455,Medium
C002656,2025-12-31,0.9602019723206666,0.8041666666666667,Critical
C002657,2025-12-31,0.16274356410873933,0.16466666666666666,Low
C002658,2025-12-31,0.959853632628754,0.7943333333333333,Critical
C002659,2025-12-31,0.4807446635515314,0.5306666666666666,Medium
C002660,2025-12-31,0.5636382836493984,0.5575,High
C002661,2025-12-31,0.4764532211216286,0.529,Medium
C002662,2025-12-31,0.963220520181315,0.9186666666666666,Critical
C002663,2025-12-31,0.2767144731515892,0.339,Low
C002664,2025-12-31,0.3225257988025388,0.4076666666666667,Low
C002665,2025-12-31,0.7321184024546318,0.59,Critical
C002666,2025-12-31,0.9522977705973555,0.7121666666666666,Critical
C002667,2025-12-31,0.9524719459400512,0.713,Critical
C002668,2025-12-31,0.24593157554874367,0.286,Low
C002669,2025-12-31,0.09988224496298818,0.087,Low
C002670,2025-12-31,0.39962383726894246,0.49083333333333334,Medium
C002671,2025-12-31,0.09236162518552664,0.07483333333333334,Low
C002672,2025-12-31,0.9579203847730544,0.764,Critical
C002673,2025-12-31,0.9588342623880642,0.7776666666666666,Critical
C002674,2025-12-31,0.9630705658258943,0.9113333333333333,Critical
C002675,2025-12-31,0.35210642377089235,0.4508333333333333,Medium
C002676,2025-12-31,0.41210465812410807,0.49816666666666665,Medium
C002677,2025-12-31,0.9604706732951346,0.8115,Critical
C002678,2025-12-31,0.08264720986214277,0.0595,Low
C002679,2025-12-31,0.08342331961797679,0.0605,Low
C002680,2025-12-31,0.16270658024272422,0.1645,Low
C002681,2025-12-31,0.4677314118800929,0.5263333333333333,Medium
C002682,2025-12-31,0.9630922808671928,0.9123333333333333,Critical
C002683,2025-12-31,0.2578743718485336,0.306,Low
C002684,2025-12-31,0.09466340289229835,0.07916666666666666,Low
C002685,2025-12-31,0.15885286314715477,0.16116666666666668,Low
C002686,2025-12-31,0.30826340166038935,0.3883333333333333,Low
C002687,2025-12-31,0.7531845498852654,0.5945,Critical
C002688,2025-12-31,0.9090296588752279,0.6386666666666667,Critical
C002689,2025-12-31,0.9608546431279527,0.8231666666666667,Critical
C002690,2025-12-31,0.5567565774387403,0.5561666666666667,High
C002691,2025-12-31,0.9640747341599747,0.9591666666666666,Critical
C002692,2025-12-31,0.6191415858361541,0.5691666666666667,High
C002693,2025-12-31,0.9621553706839604,0.8698333333333333,Critical
C002694,2025-12-31,0.24138131798500836,0.278,Low
C002695,2025-12-31,0.9434901348724694,0.6801666666666667,Critical
C002696,2025-12-31,0.9617506616727156,0.8523333333333334,Critical
C002697,2025-12-31,0.24446049622300414,0.2838333333333333,Low
C002698,2025-12-31,0.9656833652712405,0.997,Critical
C002699,2025-12-31,0.06863812555784375,0.0305,Low
C002700,2025-12-31,0.9586720549554423,0.7741666666666667,Critical
C002701,2025-12-31,0.8302721764557832,0.6093333333333333,Critical
C002702,2025-12-31,0.9097376583836406,0.6393333333333333,Critical
C002703,2025-12-31,0.38180693583354913,0.4786666666666667,Medium
C002704,2025-12-31,0.3463585522904636,0.44333333333333336,Low
C002705,2025-12-31,0.061137153945851584,0.006666666666666667,Low
C002706,2025-12-31,0.18870578700517004,0.1975,Low
C002707,2025-12-31,0.27611860663688015,0.338,Low
C002708,2025-12-31,0.2271893538970617,0.25516666666666665,Low
C002709,2025-12-31,0.8638730837780996,0.6186666666666667,Critical
C002710,2025-12-31,0.9655582077036754,0.9945,Critical
C002711,2025-12-31,0.2893804786608671,0.3595,Low
C002712,2025-12-31,0.07916445030115224,0.05266666666666667,Low
C002713,2025-12-31,0.9607405841908895,0.821,Critical
C002714,2025-12-31,0.3541135050719068,0.45366666666666666,Medium
C002715,2025-12-31,0.14094178413691597,0.139,Low
C002716,2025-12-31,0.18151878261463225,0.189,Low
C002717,2025-12-31,0.13589603804334052,0.13316666666666666,Low
C002718,2025-12-31,0.5566811480046403,0.556,High
C002719,2025-12-31,0.9617025100115226,0.8506666666666667,Critical
C002720,2025-12-31,0.9634830759291776,0.9315,Critical
C002721,2025-12-31,0.25080949794336577,0.294,Low
C002722,2025-12-31,0.3495373518060463,0.44816666666666666,Low
C002723,2025-12-31,0.9643618788632488,0.9673333333333334,Critical
C002724,2025-12-31,0.11803118204513537,0.11133333333333334,Low
C002725,2025-12-31,0.9349533676892299,0.6633333333333333,Critical
C002726,2025-12-31,0.8366569024678056,0.6108333333333333,Critical
C002727,2025-12-31,0.08064982366477104,0.055,Low
C002728,2025-12-31,0.2764038717114544,0.3385,Low
C002729,2025-12-31,0.9636383338964949,0.9378333333333333,Critical
C002730,2025-12-31,0.9631491412147187,0.915,Critical
C002731,2025-12-31,0.9604853835934746,0.8123333333333334,Critical
C002732,2025-12-31,0.9142655736711474,0.6421666666666667,Critical
C002733,2025-12-31,0.9505297659888146,0.7051666666666667,Critical
C002734,2025-12-31,0.28661843988247965,0.3545,Low
C002735,2025-12-31,0.9610755587253674,0.8306666666666667,Critical
C002736,2025-12-31,0.3995998976877098,0.49066666666666664,Medium
C002737,2025-12-31,0.9600746217718172,0.8003333333333333,Critical
C002738,2025-12-31,0.9619259064594665,0.861,Critical
C002739,2025-12-31,0.9591828172551123,0.7831666666666667,Critical
C002740,2025-12-31,0.08087845946294392,0.05583333333333333,Low
C002741,2025-12-31,0.1180837791390293,0.1115,Low
C002742,2025-12-31,0.2097314345339257,0.22733333333333333,Low
C002743,2025-12-31,0.14436486851946154,0.1415,Low
C002744,2025-12-31,0.9571754754236045,0.7566666666666667,Critical
C002745,2025-12-31,0.22306128494534896,0.24916666666666668,Low
C002746,2025-12-31,0.3730727970171362,0.4693333333333333,Medium
C002747,2025-12-31,0.6196449931673538,0.5693333333333334,High
C002748,2025-12-31,0.9553062151537172,0.7365,Critical
C002749,2025-12-31,0.9516561844388306,0.7096666666666667,Critical
C002750,2025-12-31,0.07976684802465615,0.0535,Low
C002751,2025-12-31,0.9065006721476202,0.637,Critical
C002752,2025-12-31,0.958389965983972,0.7701666666666667,Critical
C002753,2025-12-31,0.06740069619202899,0.026166666666666668,Low
C002754,2025-12-31,0.09425823418014075,0.07783333333333334,Low
C002755,2025-12-31,0.27175758307175396,0.3305,Low
C002756,2025-12-31,0.9564842852473858,0.7478333333333333,Critical
C002757,2025-12-31,0.964485115686227,0.9693333333333334,Critical
C002758,2025-12-31,0.9612646605211738,0.8366666666666667,Critical
C002759,2025-12-31,0.9649899098014091,0.98,Critical
C002760,2025-12-31,0.9650707718027949,0.982,Critical
C002761,2025-12-31,0.5075283595878606,0.541,Medium
C002762,2025-12-31,0.10229123129326367,0.091,Low
C002763,2025-12-31,0.08361207438774805,0.060833333333333336,Low
C002764,2025-12-31,0.9575530990637856,0.7605,Critical
C002765,2025-12-31,0.08958655469706574,0.07,Low
C002766,2025-12-31,0.28834621073063826,0.35783333333333334,Low
C002767,2025-12-31,0.9451497538018883,0.6845,Critical
C002768,2025-12-31,0.16006547951265812,0.16216666666666665,Low
C002769,2025-12-31,0.3230072842711325,0.4083333333333333,Low
C002770,2025-12-31,0.16297740972004512,0.165,Low
C002771,2025-12-31,0.6604068287169568,0.576,High
C002772,2025-12-31,0.961230406500471,0.8356666666666667,Critical
C002773,2025-12-31,0.45153089714303934,0.5198333333333334,Medium
C002774,2025-12-31,0.9224936650016279,0.6475,Critical
C002775,2025-12-31,0.9251078752645849,0.6515,Critical
C002776,2025-12-31,0.8491343871069775,0.6145,Critical
C002777,2025-12-31,0.9639310446485442,0.9521666666666667,Critical
C002778,2025-12-31,0.9622548719904725,0.875,Critical
C002779,2025-12-31,0.30798747747979327,0.388,Low
C002780,2025-12-31,0.26011503254713036,0.3095,Low
C002781,2025-12-31,0.30504330098452864,0.383,Low
C002782,2025-12-31,0.9628203152762849,0.8991666666666667,Critical
C002783,2025-12-31,0.37287106460628333,0.4691666666666667,Medium
C002784,2025-12-31,0.8358072372375575,0.6105,Critical
C002785,2025-12-31,0.9561434910657868,0.7435,Critical
C002786,2025-12-31,0.9633559059716948,0.9258333333333333,Critical
C002787,2025-12-31,0.9578049465459341,0.7626666666666667,Critical
C002788,2025-12-31,0.27366151922202836,0.3335,Low
C002789,2025-12-31,0.8025479402179059,0.604,Critical
C002790,2025-12-31,0.09993502462442994,0.08733333333333333,Low
C002791,2025-12-31,0.17899445142511092,0.1875,Low
C002792,2025-12-31,0.9614200091580352,0.8405,Critical
C002793,2025-12-31,0.9566516781229945,0.7488333333333334,Critical
C002794,2025-12-31,0.9595951114427529,0.7905,Critical
C002795,2025-12-31,0.9609658862787643,0.826,Critical
C002796,2025-12-31,0.9631454366725197,0.9148333333333334,Critical
C002797,2025-12-31,0.243788122059846,0.2815,Low
C002798,2025-12-31,0.20588481335264944,0.22183333333333333,Low
C002799,2025-12-31,0.9592017873361322,0.7835,Critical
C002800,2025-12-31,0.9070325793173817,0.6373333333333333,Critical
C002801,2025-12-31,0.34438020809904296,0.4395,Low
C002802,2025-12-31,0.963337900263391,0.9245,Critical
C002803,2025-12-31,0.41324539930402865,0.49866666666666665,Medium
C002804,2025-12-31,0.10015717200601176,0.08766666666666667,Low
C002805,2025-12-31,0.20203960944333377,0.21433333333333332,Low
C002806,2025-12-31,0.34196653656636816,0.4365,Low
C002807,2025-12-31,0.9588574010978966,0.7785,Critical
C002808,2025-12-31,0.9588435529835552,0.7783333333333333,Critical
C002809,2025-12-31,0.42662953987541724,0.5061666666666667,Medium
C002810,2025-12-31,0.065081835255391,0.017833333333333333,Low
C002811,2025-12-31,0.9623366551020477,0.8785,Critical
C002812,2025-12-31,0.9602957666141928,0.8061666666666667,Critical
C002813,2025-12-31,0.9594745697122407,0.7886666666666666,Critical
C002814,2025-12-31,0.9469409405220451,0.6896666666666667,Critical
C002815,2025-12-31,0.3274786967708026,0.416,Low
C002816,2025-12-31,0.9608501895767733,0.8226666666666667,Critical
C002817,2025-12-31,0.1735383951741735,0.18116666666666667,Low
C002818,2025-12-31,0.1882467588810682,0.1965,Low
C002819,2025-12-31,0.5065889386794428,0.5406666666666666,Medium
C002820,2025-12-31,0.9599182173825178,0.7963333333333333,Critical
C002821,2025-12-31,0.12973003281604956,0.126,Low
C002822,2025-12-31,0.07474022319610645,0.043833333333333335,Low
C002823,2025-12-31,0.11532962834428546,0.10733333333333334,Low
C002824,2025-12-31,0.95910275560342,0.7818333333333334,Critical
C002825,2025-12-31,0.3311628142591864,0.4221666666666667,Low
C002826,2025-12-31,0.1541819200280051,0.15466666666666667,Low
C002827,2025-12-31,0.3155453701297479,0.39816666666666667,Low
C002828,2025-12-31,0.6265248378186118,0.5706666666666667,High
C002829,2025-12-31,0.31835036908712266,0.4031666666666667,Low
C002830,2025-12-31,0.43221562007606634,0.51,Medium
C002831,2025-12-31,0.9615028169130689,0.8433333333333334,Critical
C002832,2025-12-31,0.2563924115597472,0.303,Low
C002833,2025-12-31,0.9639320922462139,0.9523333333333334,Critical
C002834,2025-12-31,0.5296334310990756,0.549,Medium
C002835,2025-12-31,0.26844408616153276,0.3245,Low
C002836,2025-12-31,0.9399748342131424,0.6723333333333333,Critical
C002837,2025-12-31,0.07027549704619236,0.035166666666666666,Low
C002838,2025-12-31,0.3655279265545386,0.46316666666666667,Medium
C002839,2025-12-31,0.961526403731538,0.8438333333333333,Critical
C002840,2025-12-31,0.9619019460067273,0.8596666666666667,Critical
C002841,2025-12-31,0.9564842316601272,0.7476666666666667,Critical
C002842,2025-12-31,0.9637434567915322,0.9425,Critical
C002843,2025-12-31,0.14521779650922897,0.1425,Low
C002844,2025-12-31,0.9633579892149386,0.9261666666666667,Critical
C002845,2025-12-31,0.9600886587356117,0.8005,Critical
C002846,2025-12-31,0.9378134936944522,0.6698333333333333,Critical
C002847,2025-12-31,0.9175961919240506,0.6446666666666667,Critical
C002848,2025-12-31,0.9446047156956882,0.6835,Critical
C002849,2025-12-31,0.2527948215447852,0.2975,Low
C002850,2025-12-31,0.41363741856927244,0.4995,Medium
C002851,2025-12-31,0.9528764219633689,0.7158333333333333,Critical
C002852,2025-12-31,0.21030275614675187,0.228,Low
C002853,2025-12-31,0.3368825871609864,0.43083333333333335,Low
C002854,2025-12-31,0.10722220728073639,0.09716666666666667,Low
C002855,2025-12-31,0.9636700287913734,0.9391666666666667,Critical
C002856,2025-12-31,0.2585577923287417,0.30733333333333335,Low
C002857,2025-12-31,0.9627703581320647,0.8975,Critical
C002858,2025-12-31,0.06161124978628695,0.0075,Low
C002859,2025-12-31,0.9642009564235033,0.9643333333333334,Critical
C002860,2025-12-31,0.06532891179691987,0.019166666666666665,Low
C002861,2025-12-31,0.23948393116186248,0.2748333333333333,Low
C002862,2025-12-31,0.926054757134147,0.6526666666666666,Critical
C002863,2025-12-31,0.5622908513941582,0.5573333333333333,High
C002864,2025-12-31,0.9570162208134265,0.7541666666666667,Critical
C002865,2025-12-31,0.6087242439640543,0.5668333333333333,High
C002866,2025-12-31,0.7513527749795563,0.5941666666666666,Critical
C002867,2025-12-31,0.8661062115855535,0.62,Critical
C002868,2025-12-31,0.9632901649828177,0.9225,Critical
C002869,2025-12-31,0.9625601364000224,0.8895,Critical
C002870,2025-12-31,0.09172653973274637,0.07316666666666667,Low
C002871,2025-12-31,0.25823685554336023,0.30633333333333335,Low
C002872,2025-12-31,0.9572337984978628,0.7576666666666667,Critical
C002873,2025-12-31,0.12949630770459655,0.12533333333333332,Low
C002874,2025-12-31,0.5614099683319914,0.5571666666666667,High
C002875,2025-12-31,0.6014775250603267,0.5651666666666667,High
C002876,2025-12-31,0.9640762456778104,0.9595,Critical
C002877,2025-12-31,0.06175095847241304,0.008,Low
C002878,2025-12-31,0.08614517253420419,0.065,Low
C002879,2025-12-31,0.3173389120003358,0.40166666666666667,Low
C002880,2025-12-31,0.9633420961536326,0.925,Critical
C002881,2025-12-31,0.9526396076829458,0.7141666666666666,Critical
C002882,2025-12-31,0.9605780234104359,0.815,Critical
C002883,2025-12-31,0.9601034217791655,0.8006666666666666,Critical
C002884,2025-12-31,0.9322247004565386,0.659,Critical
C002885,2025-12-31,0.9628840056152117,0.902,Critical
C002886,2025-12-31,0.3263715974355419,0.4135,Low
C002887,2025-12-31,0.9624414679509016,0.8841666666666667,Critical
C002888,2025-12-31,0.17700268544168885,0.185,Low
C002889,2025-12-31,0.9512669645303097,0.7076666666666667,Critical
C002890,2025-12-31,0.9529512251744592,0.7161666666666666,Critical
C002891,2025-12-31,0.5423166122242249,0.5515,Medium
C002892,2025-12-31,0.13226205724819376,0.1295,Low
C002893,2025-12-31,0.2984174444824588,0.37366666666666665,Low
C002894,2025-12-31,0.5213218346013025,0.5463333333333333,Medium
C002895,2025-12-31,0.1506539574522681,0.14983333333333335,Low
C002896,2025-12-31,0.24998603175475306,0.2925,Low
C002897,2025-12-31,0.191438684292065,0.20016666666666666,Low
C002898,2025-12-31,0.22899504713038196,0.25833333333333336,Low
C002899,2025-12-31,0.9562342250175336,0.7441666666666666,Critical
C002900,2025-12-31,0.7715437937831693,0.5985,Critical
C002901,2025-12-31,0.10417372051569342,0.09366666666666666,Low
C002902,2025-12-31,0.9012537024418293,0.6343333333333333,Critical
C002903,2025-12-31,0.9255721189268754,0.652,Critical
C002904,2025-12-31,0.11935790816125501,0.1135,Low
C002905,2025-12-31,0.16305841251018358,0.16533333333333333,Low
C002906,2025-12-31,0.34826521339380373,0.44683333333333336,Low
C002907,2025-12-31,0.9582525082446732,0.768,Critical
C002908,2025-12-31,0.3922513540491041,0.486,Medium
C002909,2025-12-31,0.3299402765830022,0.4205,Low
C002910,2025-12-31,0.9641141210975972,0.9606666666666667,Critical
C002911,2025-12-31,0.31986036830166786,0.4045,Low
C002912,2025-12-31,0.18517505725742436,0.194,Low
C002913,2025-12-31,0.18458596754409617,0.19283333333333333,Low
C002914,2025-12-31,0.34661338159594623,0.44433333333333336,Low
C002915,2025-12-31,0.741982868503842,0.5921666666666666,Critical
C002916,2025-12-31,0.17126693218131536,0.178,Low
C002917,2025-12-31,0.11165440238448192,0.10316666666666667,Low
C002918,2025-12-31,0.3303692454606237,0.42083333333333334,Low
C002919,2025-12-31,0.2532526089204181,0.298,Low
C002920,2025-12-31,0.9039708484851366,0.6358333333333334,Critical
C002921,2025-12-31,0.7669204158195386,0.5978333333333333,Critical
C002922,2025-12-31,0.35113832346289625,0.45016666666666666,Medium
C002923,2025-12-31,0.42972141338086906,0.508,Medium
C002924,2025-12-31,0.2300494682688293,0.26016666666666666,Low
C002925,2025-12-31,0.17696486153637422,0.18466666666666667,Low
C002926,2025-12-31,0.9461158846175133,0.6876666666666666,Critical
C002927,2025-12-31,0.3268498385835736,0.4145,Low
C002928,2025-12-31,0.9649719253640606,0.9798333333333333,Critical
C002929,2025-12-31,0.25364348179527463,0.299,Low
C002930,2025-12-31,0.19751416470186656,0.20816666666666667,Low
C002931,2025-12-31,0.9623825761784474,0.8811666666666667,Critical
C002932,2025-12-31,0.9503340878535448,0.704,Critical
C002933,2025-12-31,0.2758439833679069,0.33766666666666667,Low
C002934,2025-12-31,0.9262125678006585,0.653,Critical
C002935,2025-12-31,0.1719549511611721,0.179,Low
C002936,2025-12-31,0.3360760945677121,0.4295,Low
C002937,2025-12-31,0.1292539786046962,0.125,Low
C002938,2025-12-31,0.17832805768926807,0.187,Low
C002939,2025-12-31,0.057546178349800615,0.0003333333333333333,Low
C002940,2025-12-31,0.22224716160451574,0.24833333333333332,Low
C002941,2025-12-31,0.9621480518406337,0.8693333333333333,Critical
C002942,2025-12-31,0.09388728182949257,0.07683333333333334,Low
C002943,2025-12-31,0.21088464361451495,0.22916666666666666,Low
C002944,2025-12-31,0.24322619586730687,0.2805,Low
C002945,2025-12-31,0.96224920338691,0.8748333333333334,Critical
C002946,2025-12-31,0.955055242922428,0.734,Critical
C002947,2025-12-31,0.9652064796233528,0.987,Critical
C002948,2025-12-31,0.9535005199156292,0.7218333333333333,Critical
C002949,2025-12-31,0.9639783947989438,0.954,Critical
C002950,2025-12-31,0.9632196483594936,0.9185,Critical
C002951,2025-12-31,0.08972225281207162,0.07033333333333333,Low
C002952,2025-12-31,0.2880398617291984,0.35733333333333334,Low
C002953,2025-12-31,0.15473007847409107,0.155,Low
C002954,2025-12-31,0.9592249354551385,0.7843333333333333,Critical
C002955,2025-12-31,0.09788814631694871,0.0825,Low
C002956,2025-12-31,0.9606612842039574,0.8173333333333334,Critical
C002957,2025-12-31,0.08074238561584048,0.05533333333333333,Low
C002958,2025-12-31,0.8737633199226874,0.6241666666666666,Critical
C002959,2025-12-31,0.17396023919516532,0.1815,Low
C002960,2025-12-31,0.960004942822589,0.798,Critical
C002961,2025-12-31,0.0989424610127143,0.08516666666666667,Low
C002962,2025-12-31,0.2606065598392479,0.31016666666666665,Low
C002963,2025-12-31,0.9382191597499682,0.6703333333333333,Critical
C002964,2025-12-31,0.9633500210004362,0.9255,Critical
C002965,2025-12-31,0.32825654523370784,0.41733333333333333,Low
C002966,2025-12-31,0.1442478890594932,0.14116666666666666,Low
C002967,2025-12-31,0.9629231039333898,0.9033333333333333,Critical
C002968,2025-12-31,0.9605460040769634,0.8146666666666667,Critical
C002969,2025-12-31,0.8745916986047707,0.6246666666666667,Critical
C002970,2025-12-31,0.19662709967080427,0.20716666666666667,Low
C002971,2025-12-31,0.15105939105012664,0.15083333333333335,Low
C002972,2025-12-31,0.12933390689317326,0.12516666666666668,Low
C002973,2025-12-31,0.8944531297945112,0.632,Critical
C002974,2025-12-31,0.876660466517667,0.6258333333333334,Critical
C002975,2025-12-31,0.07384099632309479,0.041666666666666664,Low
C002976,2025-12-31,0.31127156526191563,0.3928333333333333,Low
C002977,2025-12-31,0.26727226772537055,0.32216666666666666,Low
C002978,2025-12-31,0.5208754755091658,0.546,Medium
C002979,2025-12-31,0.3716449473859509,0.468,Medium
C002980,2025-12-31,0.7337577907694924,0.5903333333333334,Critical
C002981,2025-12-31,0.209282592240814,0.22633333333333333,Low
C002982,2025-12-31,0.22675906587097663,0.25466666666666665,Low
C002983,2025-12-31,0.2041881766341328,0.219,Low
C002984,2025-12-31,0.34488441537281145,0.4415,Low
C002985,2025-12-31,0.27417423196754737,0.33466666666666667,Low
C002986,2025-12-31,0.06812052416057833,0.029166666666666667,Low
C002987,2025-12-31,0.08806422958996744,0.0675,Low
C002988,2025-12-31,0.9624550664791562,0.885,Critical
C002989,2025-12-31,0.31390630173805906,0.3965,Low
C002990,2025-12-31,0.9551537594845335,0.7356666666666667,Critical
C002991,2025-12-31,0.23287614241739032,0.265,Low
C002992,2025-12-31,0.23149631167055382,0.2635,Low
C002993,2025-12-31,0.34565925136634074,0.443,Low
C002994,2025-12-31,0.9621475923768158,0.8691666666666666,Critical
C002995,2025-12-31,0.25844999519894357,0.30683333333333335,Low
C002996,2025-12-31,0.9653947429932667,0.9918333333333333,Critical
C002997,2025-12-31,0.9622573692854536,0.8751666666666666,Critical
C002998,2025-12-31,0.21173245484225003,0.22983333333333333,Low
C002999,2025-12-31,0.18494072467798237,0.19366666666666665,Low
C003000,2025-12-31,0.22953780364174511,0.25966666666666666,Low
C003001,2025-12-31,0.2701213022801323,0.32666666666666666,Low
C003002,2025-12-31,0.18785581514826633,0.196,Low
C003003,2025-12-31,0.6581949895024877,0.5755,High
C003004,2025-12-31,0.23682381064007132,0.271,Low
C003005,2025-12-31,0.3756834580542326,0.4721666666666667,Medium
C003006,2025-12-31,0.9588414002755373,0.7781666666666667,Critical
C003007,2025-12-31,0.24488072410173936,0.2845,Low
C003008,2025-12-31,0.9507534850921071,0.706,Critical
C003009,2025-12-31,0.9395696182554851,0.672,Critical
C003010,2025-12-31,0.19240581097573387,0.20183333333333334,Low
C003011,2025-12-31,0.9392513205886979,0.6715,Critical
C003012,2025-12-31,0.2756796365610706,0.337,Low
C003013,2025-12-31,0.9467090516842673,0.6891666666666667,Critical
C003014,2025-12-31,0.17427048185715158,0.18183333333333335,Low
C003015,2025-12-31,0.9637428396122623,0.9423333333333334,Critical
C003016,2025-12-31,0.1594032076242677,0.16166666666666665,Low
C003017,2025-12-31,0.14985821717168535,0.14833333333333334,Low
C003018,2025-12-31,0.963202785855378,0.9175,Critical
C003019,2025-12-31,0.9569534918841326,0.7535,Critical
C003020,2025-12-31,0.9533589361128657,0.721,Critical
C003021,2025-12-31,0.9604958711521291,0.8126666666666666,Critical
C003022,2025-12-31,0.32478562410684453,0.4115,Low
C003023,2025-12-31,0.9610679555746516,0.8301666666666667,Critical
C003024,2025-12-31,0.9607706728232092,0.8215,Critical
C003025,2025-12-31,0.2865392108275735,0.35433333333333333,Low
C003026,2025-12-31,0.29073122428546455,0.36183333333333334,Low
C003027,2025-12-31,0.16705876658657057,0.17083333333333334,Low
C003028,2025-12-31,0.44697227791514593,0.5173333333333333,Medium
C003029,2025-12-31,0.08010450965904983,0.05433333333333333,Low
C003030,2025-12-31,0.34692963262260107,0.44483333333333336,Low
C003031,2025-12-31,0.9615859710721316,0.8463333333333334,Critical
C003032,2025-12-31,0.9600487670848968,0.7993333333333333,Critical
C003033,2025-12-31,0.4093941592958798,0.496,Medium
C003034,2025-12-31,0.10636285467827082,0.096,Low
C003035,2025-12-31,0.1857952559354061,0.19433333333333333,Low
C003036,2025-12-31,0.9489012701248482,0.6973333333333334,Critical
C003037,2025-12-31,0.27829944580297417,0.3415,Low
C003038,2025-12-31,0.5690870742596554,0.5581666666666667,High
C003039,2025-12-31,0.9610949191803004,0.8315,Critical
C003040,2025-12-31,0.6105785633605288,0.567,High
C003041,2025-12-31,0.964317879418649,0.9668333333333333,Critical
C003042,2025-12-31,0.9629659720837367,0.9048333333333334,Critical
C003043,2025-12-31,0.9262980941907796,0.6531666666666667,Critical
C003044,2025-12-31,0.12289482967358395,0.11783333333333333,Low
C003045,2025-12-31,0.09139099366479231,0.0725,Low
C003046,2025-12-31,0.2534152499315236,0.29833333333333334,Low
C003047,2025-12-31,0.16839009718214407,0.17333333333333334,Low
C003048,2025-12-31,0.9460168503095275,0.6873333333333334,Critical
C003049,2025-12-31,0.33670997754505755,0.4305,Low
C003050,2025-12-31,0.7472168865158005,0.593,Critical
C003051,2025-12-31,0.958348497333657,0.7693333333333333,Critical
C003052,2025-12-31,0.9598482639737966,0.794,Critical
C003053,2025-12-31,0.11401826813143949,0.10566666666666667,Low
C003054,2025-12-31,0.9536322770403962,0.7228333333333333,Critical
C003055,2025-12-31,0.0849609000690749,0.06283333333333334,Low
C003056,2025-12-31,0.1725966786156189,0.18,Low
C003057,2025-12-31,0.6325208651870191,0.5716666666666667,High
C003058,2025-12-31,0.14846525402063526,0.1465,Low
C003059,2025-12-31,0.9657483061068518,0.9986666666666667,Critical
C003060,2025-12-31,0.07153031483499102,0.036833333333333336,Low
C003061,2025-12-31,0.3623509358133798,0.461,Medium
C003062,2025-12-31,0.9373931804010174,0.6693333333333333,Critical
C003063,2025-12-31,0.9612014243918048,0.8333333333333334,Critical
C003064,2025-12-31,0.6710592200433817,0.579,High
C003065,2025-12-31,0.46581553690723515,0.5258333333333334,Medium
C003066,2025-12-31,0.9618002857094888,0.8548333333333333,Critical
C003067,2025-12-31,0.33661062125992675,0.43033333333333335,Low
C003068,2025-12-31,0.9588313059908335,0.7771666666666667,Critical
C003069,2025-12-31,0.384259513131119,0.481,Medium
C003070,2025-12-31,0.24317651944018293,0.2803333333333333,Low
C003071,2025-12-31,0.09900190888983602,0.0855,Low
C003072,2025-12-31,0.9650767053782193,0.9825,Critical
C003073,2025-12-31,0.11200352982047627,0.10366666666666667,Low
C003074,2025-12-31,0.960851741773158,0.8228333333333333,Critical
C003075,2025-12-31,0.2241023129993324,0.25133333333333335,Low
C003076,2025-12-31,0.20366527390105962,0.21816666666666668,Low
C003077,2025-12-31,0.963521797991004,0.9335,Critical
C003078,2025-12-31,0.23550078442710018,0.2683333333333333,Low
C003079,2025-12-31,0.20322110171080285,0.21716666666666667,Low
C003080,2025-12-31,0.8152254539975204,0.6065,Critical
C003081,2025-12-31,0.9213428660537984,0.6473333333333333,Critical
C003082,2025-12-31,0.21840937961374507,0.241,Low
C003083,2025-12-31,0.9651265242941388,0.9836666666666667,Critical
C003084,2025-12-31,0.956074638653213,0.7425,Critical
C003085,2025-12-31,0.21972906617768165,0.24333333333333335,Low
C003086,2025-12-31,0.08873289446955472,0.06816666666666667,Low
C003087,2025-12-31,0.086030217286441,0.0645,Low
C003088,2025-12-31,0.10640742428887547,0.09616666666666666,Low
C003089,2025-12-31,0.9598473112323277,0.7938333333333333,Critical
C003090,2025-12-31,0.9545664514437503,0.7303333333333333,Critical
C003091,2025-12-31,0.13991362539738386,0.13766666666666666,Low
C003092,2025-12-31,0.1185535485414954,0.1125,Low
C003093,2025-12-31,0.30328351328279907,0.38033333333333336,Low
C003094,2025-12-31,0.958544208643127,0.773,Critical
C003095,2025-12-31,0.8754738834789221,0.6253333333333333,Critical
C003096,2025-12-31,0.3066697440034892,0.38516666666666666,Low
C003097,2025-12-31,0.3527695257782224,0.45166666666666666,Medium
C003098,2025-12-31,0.47944826156553844,0.53,Medium
C003099,2025-12-31,0.8421957811085004,0.6123333333333333,Critical
C003100,2025-12-31,0.9301919922451619,0.6568333333333334,Critical
C003101,2025-12-31,0.07747723780012836,0.049833333333333334,Low
C003102,2025-12-31,0.9641133512961314,0.9605,Critical
C003103,2025-12-31,0.17202896298210746,0.17916666666666667,Low
C003104,2025-12-31,0.9124332414596644,0.641,Critical
C003105,2025-12-31,0.2810239217428711,0.3448333333333333,Low
C003106,2025-12-31,0.9624915645334768,0.8863333333333333,Critical
C003107,2025-12-31,0.9599957911293884,0.7978333333333333,Critical
C003108,2025-12-31,0.9333613626196672,0.66,Critical
C003109,2025-12-31,0.23442596151599435,0.2668333333333333,Low
C003110,2025-12-31,0.43253393887886243,0.5106666666666667,Medium
C003111,2025-12-31,0.21811386412406986,0.24083333333333334,Low
C003112,2025-12-31,0.9631667691261222,0.9158333333333334,Critical
C003113,2025-12-31,0.7956985253409413,0.6025,Critical
C003114,2025-12-31,0.25720171401277475,0.30466666666666664,Low
C003115,2025-12-31,0.9643939446494499,0.9676666666666667,Critical
C003116,2025-12-31,0.3464807554537522,0.44383333333333336,Low
C003117,2025-12-31,0.8921762798455841,0.631,Critical
C003118,2025-12-31,0.28144411573587236,0.346,Low
C003119,2025-12-31,0.2650545817383267,0.31683333333333336,Low
C003120,2025-12-31,0.19430447488194946,0.20483333333333334,Low
C003121,2025-12-31,0.060008760132858135,0.004,Low
C003122,2025-12-31,0.3380615921016347,0.4315,Low
C003123,2025-12-31,0.30569989023003713,0.384,Low
C003124,2025-12-31,0.911195018222108,0.6401666666666667,Critical
C003125,2025-12-31,0.08507317416405064,0.06333333333333334,Low
C003126,2025-12-31,0.9632268067252259,0.9191666666666667,Critical
C003127,2025-12-31,0.9625309468694846,0.8881666666666667,Critical
C003128,2025-12-31,0.9639014755725852,0.95,Critical
C003129,2025-12-31,0.16468378887275162,0.168,Low
C003130,2025-12-31,0.8600591423000091,0.6171666666666666,Critical
C003131,2025-12-31,0.9536005888382156,0.7225,Critical
C003132,2025-12-31,0.9171506523790981,0.6445,Critical
C003133,2025-12-31,0.9167566834140107,0.644,Critical
C003134,2025-12-31,0.2585040325851716,0.30716666666666664,Low
C003135,2025-12-31,0.9597091157948668,0.7918333333333333,Critical
C003136,2025-12-31,0.06668760036492381,0.023833333333333335,Low
C003137,2025-12-31,0.9545027695000431,0.73,Critical
C003138,2025-12-31,0.9628307783245166,0.8996666666666666,Critical
C003139,2025-12-31,0.09386985458738166,0.07666666666666666,Low
C003140,2025-12-31,0.48516639109198295,0.5325,Medium
C003141,2025-12-31,0.25434433321500555,0.2996666666666667,Low
C003142,2025-12-31,0.1634554818930263,0.16616666666666666,Low
C003143,2025-12-31,0.38794464873203127,0.48383333333333334,Medium
C003144,2025-12-31,0.42960191143820436,0.5078333333333334,Medium
C003145,2025-12-31,0.5607967880654104,0.557,High
C003146,2025-12-31,0.10623864831850649,0.0955,Low
C003147,2025-12-31,0.2866796465656138,0.35483333333333333,Low
C003148,2025-12-31,0.07762284945489618,0.050166666666666665,Low
C003149,2025-12-31,0.7117991313115414,0.5863333333333334,High
C003150,2025-12-31,0.44367171918493553,0.516,Medium
C003151,2025-12-31,0.27707837507454375,0.3393333333333333,Low
C003152,2025-12-31,0.2972383969418711,0.3715,Low
C003153,2025-12-31,0.280462644493031,0.3441666666666667,Low
C003154,2025-12-31,0.06548625294282744,0.019833333333333335,Low
C003155,2025-12-31,0.20607697677910275,0.22233333333333333,Low
C003156,2025-12-31,0.23492489708460695,0.2673333333333333,Low
C003157,2025-12-31,0.7837973138227899,0.6006666666666667,Critical
C003158,2025-12-31,0.959586660061161,0.79,Critical
C003159,2025-12-31,0.26604513749300024,0.31916666666666665,Low
C003160,2025-12-31,0.6464331315654859,0.5743333333333334,High
C003161,2025-12-31,0.777886830174407,0.5998333333333333,Critical
C003162,2025-12-31,0.2058377873598786,0.22166666666666668,Low
C003163,2025-12-31,0.9581462564075384,0.7661666666666667,Critical
C003164,2025-12-31,0.9604587413842562,0.8108333333333333,Critical
C003165,2025-12-31,0.11621552591195876,0.10833333333333334,Low
C003166,2025-12-31,0.5513082703343574,0.5535,High
C003167,2025-12-31,0.33244190340223584,0.4241666666666667,Low
C003168,2025-12-31,0.12593056667162247,0.12133333333333333,Low
C003169,2025-12-31,0.7169674732941017,0.5868333333333333,High
C003170,2025-12-31,0.9629900353776802,0.9065,Critical
C003171,2025-12-31,0.9617692028025479,0.854,Critical
C003172,2025-12-31,0.9646393719792461,0.9733333333333334,Critical
C003173,2025-12-31,0.41355092580968855,0.49916666666666665,Medium
C003174,2025-12-31,0.3096588364859735,0.3898333333333333,Low
C003175,2025-12-31,0.9635309559967219,0.934,Critical
C003176,2025-12-31,0.10880488359824952,0.09933333333333333,Low
C003177,2025-12-31,0.9532150487947747,0.7188333333333333,Critical
C003178,2025-12-31,0.2705545674035048,0.3278333333333333,Low
C003179,2025-12-31,0.8447580961111264,0.6131666666666666,Critical
C003180,2025-12-31,0.2377655893619399,0.27266666666666667,Low
C003181,2025-12-31,0.9530319428892629,0.7171666666666666,Critical
C003182,2025-12-31,0.07496790477841787,0.04416666666666667,Low
C003183,2025-12-31,0.9653452672778328,0.9903333333333333,Critical
C003184,2025-12-31,0.9573360535550998,0.759,Critical
C003185,2025-12-31,0.9563492922711774,0.7465,Critical
C003186,2025-12-31,0.2866831422356481,0.355,Low
C003187,2025-12-31,0.06421268564395571,0.015,Low
C003188,2025-12-31,0.9631035146905494,0.913,Critical
C003189,2025-12-31,0.17073135999495195,0.17716666666666667,Low
C003190,2025-12-31,0.0661672820584109,0.02266666666666667,Low
C003191,2025-12-31,0.1116271087053185,0.103,Low
C003192,2025-12-31,0.06341010576300787,0.013,Low
C003193,2025-12-31,0.2945283304238198,0.36883333333333335,Low
C003194,2025-12-31,0.964865574581256,0.9771666666666666,Critical
C003195,2025-12-31,0.37124220497763355,0.4675,Medium
C003196,2025-12-31,0.9639046381045947,0.9503333333333334,Critical
C003197,2025-12-31,0.5183486697021632,0.5451666666666667,Medium
C003198,2025-12-31,0.46111787270222315,0.5236666666666666,Medium
C003199,2025-12-31,0.3256282475509537,0.41283333333333333,Low
C003200,2025-12-31,0.3472016514449494,0.4455,Low
C003201,2025-12-31,0.2627195072609511,0.31366666666666665,Low
C003202,2025-12-31,0.26709730986921526,0.32166666666666666,Low
C003203,2025-12-31,0.9644538004844793,0.9688333333333333,Critical
C003204,2025-12-31,0.06963993428189708,0.03333333333333333,Low
C003205,2025-12-31,0.9228567761412197,0.6481666666666667,Critical
C003206,2025-12-31,0.8657555133882262,0.6195,Critical
C003207,2025-12-31,0.9653304172722005,0.9893333333333333,Critical
C003208,2025-12-31,0.8862198220182878,0.6285,Critical
C003209,2025-12-31,0.24673965435602474,0.28733333333333333,Low
C003210,2025-12-31,0.9636277293938882,0.9375,Critical
C003211,2025-12-31,0.15719581634470264,0.15816666666666668,Low
C003212,2025-12-31,0.9631382609777956,0.9143333333333333,Critical
C003213,2025-12-31,0.9457661884057545,0.6871666666666667,Critical
C003214,2025-12-31,0.26119200153049515,0.3115,Low
C003215,2025-12-31,0.9079770165484321,0.6378333333333334,Critical
C003216,2025-12-31,0.10339521703891456,0.093,Low
C003217,2025-12-31,0.9274246982893254,0.654,Critical
C003218,2025-12-31,0.9346804677314166,0.6625,Critical
C003219,2025-12-31,0.956274129676051,0.7448333333333333,Critical
C003220,2025-12-31,0.857163499047498,0.6163333333333333,Critical
C003221,2025-12-31,0.3199431170026135,0.4046666666666667,Low
C003222,2025-12-31,0.9634376720176342,0.9293333333333333,Critical
C003223,2025-12-31,0.358758268936626,0.4583333333333333,Medium
C003224,2025-12-31,0.9656033003507837,0.9951666666666666,Critical
C003225,2025-12-31,0.4632745393934812,0.5245,Medium
C003226,2025-12-31,0.9454645671264065,0.6863333333333334,Critical
C003227,2025-12-31,0.44593833596259175,0.5165,Medium
C003228,2025-12-31,0.9444939846259971,0.683,Critical
C003229,2025-12-31,0.27614649613996634,0.33816666666666667,Low
C003230,2025-12-31,0.1916893941215744,0.20066666666666666,Low
C003231,2025-12-31,0.08563668341399326,0.064,Low
C003232,2025-12-31,0.20717487434050616,0.22383333333333333,Low
C003233,2025-12-31,0.9454910653916487,0.6866666666666666,Critical
C003234,2025-12-31,0.3179102439139869,0.4026666666666667,Low
C003235,2025-12-31,0.37036564679234324,0.4666666666666667,Medium
C003236,2025-12-31,0.960289351720648,0.8058333333333333,Critical
C003237,2025-12-31,0.9371971857685848,0.6688333333333333,Critical
C003238,2025-12-31,0.07299661634067976,0.04016666666666667,Low
C003239,2025-12-31,0.9646774613694186,0.9738333333333333,Critical
C003240,2025-12-31,0.2598632530868457,0.30866666666666664,Low
C003241,2025-12-31,0.25447052764457523,0.3001666666666667,Low
C003242,2025-12-31,0.43891245151091846,0.513,Medium
C003243,2025-12-31,0.2376979038074775,0.2723333333333333,Low
C003244,2025-12-31,0.9598599677623039,0.7948333333333333,Critical
C003245,2025-12-31,0.9633328967233941,0.9241666666666667,Critical
C003246,2025-12-31,0.9484806100854173,0.6946666666666667,Critical
C003247,2025-12-31,0.40987504554855,0.4965,Medium
C003248,2025-12-31,0.9625025701048383,0.8868333333333334,Critical
C003249,2025-12-31,0.9563899320845701,0.7468333333333333,Critical
C003250,2025-12-31,0.9573199915761519,0.7585,Critical
C003251,2025-12-31,0.3033819400727048,0.3805,Low
C003252,2025-12-31,0.31642129071875263,0.4,Low
C003253,2025-12-31,0.9608166943909332,0.8221666666666667,Critical
C003254,2025-12-31,0.9463048617152922,0.6878333333333333,Critical
C003255,2025-12-31,0.17739655017205438,0.18566666666666667,Low
C003256,2025-12-31,0.19448808949700144,0.20533333333333334,Low
C003257,2025-12-31,0.8617848236363481,0.618,Critical
C003258,2025-12-31,0.9246639644763736,0.6511666666666667,Critical
C003259,2025-12-31,0.30732324635313957,0.38666666666666666,Low
C003260,2025-12-31,0.1895270197470547,0.19833333333333333,Low
C003261,2025-12-31,0.7733970400381921,0.5991666666666666,Critical
C003262,2025-12-31,0.14181076470713652,0.13983333333333334,Low
C003263,2025-12-31,0.3819699053776644,0.47883333333333333,Medium
C003264,2025-12-31,0.33619498644948836,0.42983333333333335,Low
C003265,2025-12-31,0.30716735763640574,0.3863333333333333,Low
C003266,2025-12-31,0.12169499793623133,0.117,Low
C003267,2025-12-31,0.0694316364875713,0.033166666666666664,Low
C003268,2025-12-31,0.28978160149178245,0.36033333333333334,Low
C003269,2025-12-31,0.1630521546888064,0.16516666666666666,Low
C003270,2025-12-31,0.2615688420674715,0.3125,Low
C003271,2025-12-31,0.13449601718424992,0.13183333333333333,Low
C003272,2025-12-31,0.30107405514947305,0.37766666666666665,Low
C003273,2025-12-31,0.528808508992016,0.5485,Medium
C003274,2025-12-31,0.9537964595104329,0.724,Critical
C003275,2025-12-31,0.9616331306620775,0.8481666666666666,Critical
C003276,2025-12-31,0.2703358558749602,0.3273333333333333,Low
C003277,2025-12-31,0.27172913708261875,0.33016666666666666,Low
C003278,2025-12-31,0.917736127385739,0.6448333333333334,Critical
C003279,2025-12-31,0.33858325976776094,0.43216666666666664,Low
C003280,2025-12-31,0.26326521689872395,0.31466666666666665,Low
C003281,2025-12-31,0.8471960010926826,0.6136666666666667,Critical
C003282,2025-12-31,0.22777955723233853,0.256,Low
C003283,2025-12-31,0.12138806321350577,0.11616666666666667,Low
C003284,2025-12-31,0.07520666145761558,0.04533333333333334,Low
C003285,2025-12-31,0.21695097790281173,0.239,Low
C003286,2025-12-31,0.14336756912336965,0.14066666666666666,Low
C003287,2025-12-31,0.863070895872572,0.6183333333333333,Critical
C003288,2025-12-31,0.9610808424242526,0.8308333333333333,Critical
C003289,2025-12-31,0.176988435347748,0.18483333333333332,Low
C003290,2025-12-31,0.06526396790165506,0.0185,Low
C003291,2025-12-31,0.09053500926929407,0.07116666666666667,Low
C003292,2025-12-31,0.2062427172119654,0.22283333333333333,Low
C003293,2025-12-31,0.4279506824492108,0.5073333333333333,Medium
C003294,2025-12-31,0.7683395546660868,0.5981666666666666,Critical
C003295,2025-12-31,0.9604120305839743,0.8088333333333333,Critical
C003296,2025-12-31,0.5043297558341869,0.5395,Medium
C003297,2025-12-31,0.5271656909955724,0.5481666666666667,Medium
C003298,2025-12-31,0.9634361944542712,0.9288333333333333,Critical
C003299,2025-12-31,0.13851240657866706,0.13666666666666666,Low
C003300,2025-12-31,0.6143815572581995,0.5681666666666667,High
C003301,2025-12-31,0.13970445665176218,0.1375,Low
C003302,2025-12-31,0.3940034752704033,0.4876666666666667,Medium
C003303,2025-12-31,0.9584749433290874,0.772,Critical
C003304,2025-12-31,0.9553354743126473,0.7368333333333333,Critical
C003305,2025-12-31,0.7842139667345928,0.6011666666666666,Critical
C003306,2025-12-31,0.9607258847587766,0.8201666666666667,Critical
C003307,2025-12-31,0.10621511574080056,0.09533333333333334,Low
C003308,2025-12-31,0.07721314095352168,0.049166666666666664,Low
C003309,2025-12-31,0.22178478621455144,0.24733333333333332,Low
C003310,2025-12-31,0.9653312909910738,0.9895,Critical
C003311,2025-12-31,0.9618079760010693,0.8551666666666666,Critical
C003312,2025-12-31,0.9507017885323985,0.7056666666666667,Critical
C003313,2025-12-31,0.7406930027188444,0.592,Critical
C003314,2025-12-31,0.6214604913779816,0.5696666666666667,High
C003315,2025-12-31,0.3663492580755456,0.4635,Medium
C003316,2025-12-31,0.9617556080858485,0.8525,Critical
C003317,2025-12-31,0.9231282136565834,0.6488333333333334,Critical
C003318,2025-12-31,0.9368645633414436,0.6683333333333333,Critical
C003319,2025-12-31,0.5879314163404218,0.5628333333333333,High
C003320,2025-12-31,0.09986140877225012,0.08683333333333333,Low
C003321,2025-12-31,0.6771496691623126,0.5796666666666667,High
C003322,2025-12-31,0.2883016617981514,0.3576666666666667,Low
C003323,2025-12-31,0.35114095474488954,0.4503333333333333,Medium
C003324,2025-12-31,0.959858181410317,0.7946666666666666,Critical
C003325,2025-12-31,0.1945811847910208,0.2055,Low
C003326,2025-12-31,0.9625463281368108,0.8886666666666667,Critical
C003327,2025-12-31,0.07832856100979345,0.051666666666666666,Low
C003328,2025-12-31,0.4228823616110273,0.5038333333333334,Medium
C003329,2025-12-31,0.08440069208180286,0.06216666666666667,Low
C003330,2025-12-31,0.4018233101322793,0.49266666666666664,Medium
C003331,2025-12-31,0.18276891329298592,0.19083333333333333,Low
C003332,2025-12-31,0.06694292305871193,0.024833333333333332,Low
C003333,2025-12-31,0.5797482367292872,0.561,High
C003334,2025-12-31,0.9645477316839425,0.971,Critical
C003335,2025-12-31,0.16329820624484595,0.16566666666666666,Low
C003336,2025-12-31,0.09601127343090893,0.08016666666666666,Low
C003337,2025-12-31,0.24703392831701435,0.2881666666666667,Low
C003338,2025-12-31,0.9583628468169069,0.7698333333333334,Critical
C003339,2025-12-31,0.2018458754449245,0.21416666666666667,Low
C003340,2025-12-31,0.2598624000885518,0.3085,Low
C003341,2025-12-31,0.4886217987001944,0.5331666666666667,Medium
C003342,2025-12-31,0.310465199013905,0.39166666666666666,Low
C003343,2025-12-31,0.3013046308470943,0.378,Low
C003344,2025-12-31,0.3076086332637163,0.3873333333333333,Low
C003345,2025-12-31,0.19167681446169157,0.2005,Low
C003346,2025-12-31,0.12265171773692195,0.1175,Low
C003347,2025-12-31,0.8480982561941302,0.6138333333333333,Critical
C003348,2025-12-31,0.954520469792515,0.7301666666666666,Critical
C003349,2025-12-31,0.41957379592970095,0.5028333333333334,Medium
C003350,2025-12-31,0.26905522729598075,0.3258333333333333,Low
C003351,2025-12-31,0.9532163149185258,0.7191666666666666,Critical
C003352,2025-12-31,0.08633724310312148,0.06533333333333333,Low
C003353,2025-12-31,0.098892946322793,0.085,Low
C003354,2025-12-31,0.252596209275712,0.2971666666666667,Low
C003355,2025-12-31,0.19327751770581716,0.2035,Low
C003356,2025-12-31,0.5136683351075436,0.5431666666666667,Medium
C003357,2025-12-31,0.7656561795878701,0.5971666666666666,Critical
C003358,2025-12-31,0.964867451446347,0.9773333333333334,Critical
C003359,2025-12-31,0.9623865880216552,0.8815,Critical
C003360,2025-12-31,0.1000778202188312,0.0875,Low
C003361,2025-12-31,0.942330354707359,0.6776666666666666,Critical
C003362,2025-12-31,0.22303863343977745,0.24883333333333332,Low
C003363,2025-12-31,0.24125646859865446,0.2778333333333333,Low
C003364,2025-12-31,0.964592805597448,0.9723333333333334,Critical
C003365,2025-12-31,0.95275236425387,0.7153333333333334,Critical
C003366,2025-12-31,0.9425761241884318,0.678,Critical
C003367,2025-12-31,0.09697844966201481,0.08116666666666666,Low
C003368,2025-12-31,0.9627174825686082,0.8953333333333333,Critical
C003369,2025-12-31,0.27935055789051205,0.343,Low
C003370,2025-12-31,0.11858578694032496,0.11266666666666666,Low
C003371,2025-12-31,0.9633158384768589,0.9238333333333333,Critical
C003372,2025-12-31,0.9522922521136508,0.712,Critical
C003373,2025-12-31,0.1760714739937224,0.18366666666666667,Low
C003374,2025-12-31,0.9644590883022229,0.969,Critical
C003375,2025-12-31,0.9421016050697569,0.6771666666666667,Critical
C003376,2025-12-31,0.9620004930823423,0.8635,Critical
C003377,2025-12-31,0.7079048322148905,0.5853333333333334,High
C003378,2025-12-31,0.09818460720693027,0.08366666666666667,Low
C003379,2025-12-31,0.3079596633802956,0.3878333333333333,Low
C003380,2025-12-31,0.14780445442326415,0.145,Low
C003381,2025-12-31,0.9604264309715579,0.8096666666666666,Critical
C003382,2025-12-31,0.9597886498140924,0.7933333333333333,Critical
C003383,2025-12-31,0.10972758643641344,0.10083333333333333,Low
C003384,2025-12-31,0.15211133131198853,0.15233333333333332,Low
C003385,2025-12-31,0.8345518896546951,0.6103333333333333,Critical
C003386,2025-12-31,0.9473078939526612,0.691,Critical
C003387,2025-12-31,0.9484819804483818,0.6948333333333333,Critical
C003388,2025-12-31,0.936930237666496,0.6685,Critical
C003389,2025-12-31,0.7007764115741731,0.5841666666666666,High
C003390,2025-12-31,0.9632022391847505,0.9173333333333333,Critical
C003391,2025-12-31,0.2618024736578346,0.31283333333333335,Low
C003392,2025-12-31,0.9588285337335485,0.777,Critical
C003393,2025-12-31,0.25648464360121365,0.3035,Low
C003394,2025-12-31,0.9559054991973944,0.7415,Critical
C003395,2025-12-31,0.8832245833586448,0.6271666666666667,Critical
C003396,2025-12-31,0.46061265959158254,0.5235,Medium
C003397,2025-12-31,0.8719391525542464,0.623,Critical
C003398,2025-12-31,0.22961976400766182,0.25983333333333336,Low
C003399,2025-12-31,0.963356189231016,0.926,Critical
C003400,2025-12-31,0.4084954650617365,0.49566666666666664,Medium
C003401,2025-12-31,0.18936341889713718,0.198,Low
C003402,2025-12-31,0.0823525075690555,0.058666666666666666,Low
C003403,2025-12-31,0.3040091174024621,0.3815,Low
C003404,2025-12-31,0.5951078031778655,0.5638333333333333,High
C003405,2025-12-31,0.2777302748317363,0.3406666666666667,Low
C003406,2025-12-31,0.9504791527657002,0.7048333333333333,Critical
C003407,2025-12-31,0.8092529142042316,0.605,Critical
C003408,2025-12-31,0.9433575641616505,0.6793333333333333,Critical
C003409,2025-12-31,0.9606385271175845,0.8168333333333333,Critical
C003410,2025-12-31,0.3698987162561873,0.4661666666666667,Medium
C003411,2025-12-31,0.12532334450624855,0.1205,Low
C003412,2025-12-31,0.9340559473206049,0.6613333333333333,Critical
C003413,2025-12-31,0.5191738669156281,0.5455,Medium
C003414,2025-12-31,0.44970911983952666,0.5185,Medium
C003415,2025-12-31,0.6651511486556169,0.5771666666666667,High
C003416,2025-12-31,0.963530135039537,0.9338333333333333,Critical
C003417,2025-12-31,0.963920619023494,0.9518333333333333,Critical
C003418,2025-12-31,0.2714823147899977,0.32966666666666666,Low
C003419,2025-12-31,0.0602836643549697,0.004833333333333334,Low
C003420,2025-12-31,0.4447000478677355,0.5163333333333333,Medium
C003421,2025-12-31,0.07499618648804313,0.044333333333333336,Low
C003422,2025-12-31,0.9575088388909031,0.7598333333333334,Critical
C003423,2025-12-31,0.9635739707939713,0.9356666666666666,Critical
C003424,2025-12-31,0.4970448152949715,0.5363333333333333,Medium
C003425,2025-12-31,0.9633661316400918,0.9265,Critical
C003426,2025-12-31,0.7652655816915418,0.597,Critical
C003427,2025-12-31,0.9201141912058817,0.6465,Critical
C003428,2025-12-31,0.9600680270993608,0.8,Critical
C003429,2025-12-31,0.060827257951494657,0.006166666666666667,Low
C003430,2025-12-31,0.9362491369977564,0.6666666666666666,Critical
C003431,2025-12-31,0.37215223696764865,0.4683333333333333,Medium
C003432,2025-12-31,0.8134770634732313,0.6058333333333333,Critical
C003433,2025-12-31,0.1615332505249949,0.16316666666666665,Low
C003434,2025-12-31,0.2512795342646863,0.2951666666666667,Low
C003435,2025-12-31,0.959178792724666,0.783,Critical
C003436,2025-12-31,0.19551900428794636,0.20666666666666667,Low
C003437,2025-12-31,0.07054024974469451,0.0355,Low
C003438,2025-12-31,0.3007324546213654,0.37733333333333335,Low
C003439,2025-12-31,0.9580417619360121,0.765,Critical
C003440,2025-12-31,0.27505969223791943,0.336,Low
C003441,2025-12-31,0.9544629634931114,0.7298333333333333,Critical
C003442,2025-12-31,0.0643943868019748,0.016166666666666666,Low
C003443,2025-12-31,0.33797080110252414,0.43133333333333335,Low
C003444,2025-12-31,0.19188812331592864,0.20116666666666666,Low
C003445,2025-12-31,0.4368548078784014,0.5118333333333334,Medium
C003446,2025-12-31,0.9571001209731449,0.7555,Critical
C003447,2025-12-31,0.9618602859950977,0.858,Critical
C003448,2025-12-31,0.27788307680579066,0.3408333333333333,Low
C003449,2025-12-31,0.9450978252816734,0.6841666666666667,Critical
C003450,2025-12-31,0.8536020253201695,0.6151666666666666,Critical
C003451,2025-12-31,0.9603606016535302,0.8076666666666666,Critical
C003452,2025-12-31,0.17779820919519537,0.18616666666666667,Low
C003453,2025-12-31,0.9563558320477101,0.7466666666666667,Critical
C003454,2025-12-31,0.2708158837617007,0.3283333333333333,Low
C003455,2025-12-31,0.9639337046343441,0.9525,Critical
C003456,2025-12-31,0.08943831462978673,0.06983333333333333,Low
C003457,2025-12-31,0.14799688417386428,0.14583333333333334,Low
C003458,2025-12-31,0.9524400791014639,0.7126666666666667,Critical
C003459,2025-12-31,0.9609551602121423,0.8256666666666667,Critical
C003460,2025-12-31,0.9614176389423014,0.8403333333333334,Critical
C003461,2025-12-31,0.40713702364497184,0.49533333333333335,Medium
C003462,2025-12-31,0.31178102430900945,0.3933333333333333,Low
C003463,2025-12-31,0.9592049367906784,0.7836666666666666,Critical
C003464,2025-12-31,0.9626762836669519,0.8936666666666667,Critical
C003465,2025-12-31,0.12067684946274075,0.115,Low
C003466,2025-12-31,0.0827334780519763,0.059666666666666666,Low
C003467,2025-12-31,0.8439942603641231,0.613,Critical
C003468,2025-12-31,0.3811301471142418,0.4776666666666667,Medium
C003469,2025-12-31,0.19994614115905626,0.21166666666666667,Low
C003470,2025-12-31,0.9642009729728148,0.9645,Critical
C003471,2025-12-31,0.911783239888714,0.6408333333333334,Critical
C003472,2025-12-31,0.38428260437919753,0.4811666666666667,Medium
C003473,2025-12-31,0.9620697833004109,0.8663333333333333,Critical
C003474,2025-12-31,0.3040128796943157,0.38166666666666665,Low
C003475,2025-12-31,0.960758905284357,0.8213333333333334,Critical
C003476,2025-12-31,0.4012212250493488,0.49233333333333335,Medium
C003477,2025-12-31,0.962534345517346,0.8883333333333333,Critical
C003478,2025-12-31,0.7428867185060378,0.5923333333333334,Critical
C003479,2025-12-31,0.9446960249527673,0.6836666666666666,Critical
C003480,2025-12-31,0.9352922021648937,0.6641666666666667,Critical
C003481,2025-12-31,0.962955438422766,0.9041666666666667,Critical
C003482,2025-12-31,0.9627302953382246,0.8958333333333334,Critical
C003483,2025-12-31,0.14073356702829065,0.13866666666666666,Low
C003484,2025-12-31,0.14792128082093367,0.14566666666666667,Low
C003485,2025-12-31,0.9496136405296607,0.6995,Critical
C003486,2025-12-31,0.2690172527524266,0.32566666666666666,Low
C003487,2025-12-31,0.9594801259487798,0.7888333333333334,Critical
C003488,2025-12-31,0.9005719141206878,0.634,Critical
C003489,2025-12-31,0.3140506742657826,0.3968333333333333,Low
C003490,2025-12-31,0.9590925745753408,0.7815,Critical
C003491,2025-12-31,0.9429285325452845,0.6786666666666666,Critical
C003492,2025-12-31,0.07360946466757656,0.041,Low
C003493,2025-12-31,0.9588096310581836,0.7761666666666667,Critical
C003494,2025-12-31,0.3060316187281174,0.38483333333333336,Low
C003495,2025-12-31,0.18825203375096047,0.19666666666666666,Low
C003496,2025-12-31,0.9591048845627345,0.782,Critical
C003497,2025-12-31,0.9637600772535606,0.9441666666666667,Critical
C003498,2025-12-31,0.28136182203428123,0.3455,Low
C003499,2025-12-31,0.9401603448877802,0.6733333333333333,Critical
C003500,2025-12-31,0.14430640651144747,0.14133333333333334,Low
C003501,2025-12-31,0.33293237423651495,0.42583333333333334,Low
C003502,2025-12-31,0.9555413471724025,0.738,Critical
C003503,2025-12-31,0.06009173041370253,0.004333333333333333,Low
C003504,2025-12-31,0.06994824875091203,0.034166666666666665,Low
C003505,2025-12-31,0.2028955279967625,0.2165,Low
C003506,2025-12-31,0.9623521359586592,0.8796666666666667,Critical
C003507,2025-12-31,0.3010457676577698,0.3775,Low
C003508,2025-12-31,0.1617651526824824,0.16383333333333333,Low
C003509,2025-12-31,0.9607060902062576,0.8193333333333334,Critical
C003510,2025-12-31,0.23143543277857695,0.263,Low
C003511,2025-12-31,0.9611605620055887,0.8328333333333333,Critical
C003512,2025-12-31,0.0710081790672239,0.036333333333333336,Low
C003513,2025-12-31,0.10819090668592052,0.09816666666666667,Low
C003514,2025-12-31,0.12186994754419132,0.11716666666666667,Low
C003515,2025-12-31,0.9590120157215868,0.7806666666666666,Critical
C003516,2025-12-31,0.9311911554832321,0.6575,Critical
C003517,2025-12-31,0.9614805286379763,0.8423333333333334,Critical
C003518,2025-12-31,0.07256035632861123,0.03883333333333333,Low
C003519,2025-12-31,0.9616839794404948,0.8496666666666667,Critical
C003520,2025-12-31,0.9615550935109872,0.8451666666666666,Critical
C003521,2025-12-31,0.6985266722387206,0.584,High
C003522,2025-12-31,0.8830471412633623,0.627,Critical
C003523,2025-12-31,0.07535744101297577,0.04566666666666667,Low
C003524,2025-12-31,0.9451535311091742,0.6846666666666666,Critical
C003525,2025-12-31,0.9439501431733315,0.6811666666666667,Critical
C003526,2025-12-31,0.1668600932689411,0.1705,Low
C003527,2025-12-31,0.9616533960891737,0.8491666666666666,Critical
C003528,2025-12-31,0.3447953252847003,0.441,Low
C003529,2025-12-31,0.9614622413223707,0.8418333333333333,Critical
C003530,2025-12-31,0.8517785224863035,0.6148333333333333,Critical
C003531,2025-12-31,0.2477662930522122,0.28933333333333333,Low
C003532,2025-12-31,0.9637589558321625,0.944,Critical
C003533,2025-12-31,0.9634803149664183,0.9313333333333333,Critical
C003534,2025-12-31,0.06409276173569632,0.014666666666666666,Low
C003535,2025-12-31,0.2950852753296345,0.36916666666666664,Low
C003536,2025-12-31,0.9476873683832004,0.6918333333333333,Critical
C003537,2025-12-31,0.5002585044044574,0.5381666666666667,Medium
C003538,2025-12-31,0.9560893024746687,0.7428333333333333,Critical
C003539,2025-12-31,0.955739389616011,0.7406666666666667,Critical
C003540,2025-12-31,0.19019541226190229,0.199,Low
C003541,2025-12-31,0.4430050235747236,0.5153333333333333,Medium
C003542,2025-12-31,0.26624925054485876,0.31933333333333336,Low
C003543,2025-12-31,0.17059711814252945,0.177,Low
C003544,2025-12-31,0.5918209593914873,0.5633333333333334,High
C003545,2025-12-31,0.18610759172847122,0.1945,Low
C003546,2025-12-31,0.18443731905088648,0.192,Low
C003547,2025-12-31,0.9638901995435415,0.9493333333333334,Critical
C003548,2025-12-31,0.3253047207887124,0.4121666666666667,Low
C003549,2025-12-31,0.9584300279543075,0.7711666666666667,Critical
C003550,2025-12-31,0.9555934374337572,0.7386666666666667,Critical
C003551,2025-12-31,0.26698864848446485,0.32116666666666666,Low
C003552,2025-12-31,0.25442696650081226,0.3,Low
C003553,2025-12-31,0.6433442871529605,0.5735,High
C003554,2025-12-31,0.9288773753816159,0.6553333333333333,Critical
C003555,2025-12-31,0.961221106504312,0.835,Critical
C003556,2025-12-31,0.12016825210795629,0.114,Low
C003557,2025-12-31,0.5813719100818228,0.5615,High
C003558,2025-12-31,0.9288844539128943,0.6555,Critical
C003559,2025-12-31,0.9632708700520128,0.9215,Critical
C003560,2025-12-31,0.735880596207064,0.5908333333333333,Critical
C003561,2025-12-31,0.2723118132334672,0.33166666666666667,Low
C003562,2025-12-31,0.34117831086800976,0.435,Low
C003563,2025-12-31,0.933677291194782,0.6603333333333333,Critical
C003564,2025-12-31,0.9454269898232174,0.6861666666666667,Critical
C003565,2025-12-31,0.3530687164938666,0.4523333333333333,Medium
C003566,2025-12-31,0.3798505531822207,0.4766666666666667,Medium
C003567,2025-12-31,0.6898608820245274,0.5821666666666667,High
C003568,2025-12-31,0.33066486958307145,0.4211666666666667,Low
C003569,2025-12-31,0.9623934815500362,0.882,Critical
C003570,2025-12-31,0.2853212063348578,0.35133333333333333,Low
C003571,2025-12-31,0.8656125712030881,0.6193333333333333,Critical
C003572,2025-12-31,0.9630555050006006,0.9103333333333333,Critical
C003573,2025-12-31,0.9575311118714489,0.7601666666666667,Critical
C003574,2025-12-31,0.9622438853580103,0.8743333333333333,Critical
C003575,2025-12-31,0.20256152956387985,0.216,Low
C003576,2025-12-31,0.06406129483426548,0.0145,Low
C003577,2025-12-31,0.9622743865476379,0.876,Critical
C003578,2025-12-31,0.9273754088595311,0.6538333333333334,Critical
C003579,2025-12-31,0.0754012802568188,0.04583333333333333,Low
C003580,2025-12-31,0.31022759289839563,0.3913333333333333,Low
C003581,2025-12-31,0.3870894767216062,0.4831666666666667,Medium
C003582,2025-12-31,0.9492470666859331,0.6978333333333333,Critical
C003583,2025-12-31,0.7922435549364173,0.6016666666666667,Critical
C003584,2025-12-31,0.9631835669544005,0.9163333333333333,Critical
C003585,2025-12-31,0.37805342465486547,0.4745,Medium
C003586,2025-12-31,0.22902523129229233,0.25866666666666666,Low
C003587,2025-12-31,0.06454897496369857,0.0165,Low
C003588,2025-12-31,0.9598979995560843,0.7951666666666667,Critical
C003589,2025-12-31,0.9582432799895937,0.7678333333333334,Critical
C003590,2025-12-31,0.9588914115297945,0.779,Critical
C003591,2025-12-31,0.9645448904545136,0.9706666666666667,Critical
C003592,2025-12-31,0.9653495827581734,0.9906666666666667,Critical
C003593,2025-12-31,0.3415815880144975,0.4355,Low
C003594,2025-12-31,0.9234525530467911,0.6495,Critical
C003595,2025-12-31,0.14788845395253317,0.14533333333333334,Low
C003596,2025-12-31,0.07200157407275677,0.03816666666666667,Low
C003597,2025-12-31,0.0751156495910678,0.044833333333333336,Low
C003598,2025-12-31,0.3448462484526955,0.44116666666666665,Low
C003599,2025-12-31,0.9638295161076118,0.9476666666666667,Critical
C003600,2025-12-31,0.9565346153911104,0.7486666666666667,Critical
C003601,2025-12-31,0.2863886910715674,0.3535,Low
C003602,2025-12-31,0.9578014694588771,0.7625,Critical
C003603,2025-12-31,0.962164531988544,0.8715,Critical
C003604,2025-12-31,0.709919783377749,0.5858333333333333,High
C003605,2025-12-31,0.254587230315705,0.30033333333333334,Low
C003606,2025-12-31,0.34207843823541334,0.437,Low
C003607,2025-12-31,0.9578341945044491,0.7631666666666667,Critical
C003608,2025-12-31,0.7053044213276994,0.5846666666666667,High
C003609,2025-12-31,0.9535206688714771,0.722,Critical
C003610,2025-12-31,0.41605705548144717,0.5015,Medium
C003611,2025-12-31,0.9567254612510602,0.7503333333333333,Critical
C003612,2025-12-31,0.09710888595152949,0.0815,Low
C003613,2025-12-31,0.7046851589172539,0.5845,High
C003614,2025-12-31,0.2529598655845076,0.2976666666666667,Low
C003615,2025-12-31,0.0945424609615123,0.07883333333333334,Low
C003616,2025-12-31,0.1327892843753942,0.12983333333333333,Low
C003617,2025-12-31,0.9443211363285727,0.6826666666666666,Critical
C003618,2025-12-31,0.2369081638109358,0.27116666666666667,Low
C003619,2025-12-31,0.9604427069749227,0.8101666666666667,Critical
C003620,2025-12-31,0.0702269593002295,0.034833333333333334,Low
C003621,2025-12-31,0.9614860787168801,0.8426666666666667,Critical
C003622,2025-12-31,0.42659445428761433,0.506,Medium
C003623,2025-12-31,0.32752389304804425,0.4161666666666667,Low
C003624,2025-12-31,0.2843939105885906,0.35,Low
C003625,2025-12-31,0.9619061383822792,0.8598333333333333,Critical
C003626,2025-12-31,0.34321595731976423,0.4385,Low
C003627,2025-12-31,0.24111179557742599,0.277,Low
C003628,2025-12-31,0.9549650864215181,0.733,Critical
C003629,2025-12-31,0.2685139917208971,0.32466666666666666,Low
C003630,2025-12-31,0.24598804443767194,0.2861666666666667,Low
C003631,2025-12-31,0.9086374409773175,0.6383333333333333,Critical
C003632,2025-12-31,0.9617759320962942,0.8541666666666666,Critical
C003633,2025-12-31,0.5087324422397773,0.5411666666666667,Medium
C003634,2025-12-31,0.1773748672292624,0.1855,Low
C003635,2025-12-31,0.958528717092001,0.7726666666666666,Critical
C003636,2025-12-31,0.8342221270188482,0.61,Critical
C003637,2025-12-31,0.9556446017290879,0.74,Critical
C003638,2025-12-31,0.2669343327518758,0.321,Low
C003639,2025-12-31,0.9362353786719605,0.6665,Critical
C003640,2025-12-31,0.2268731699234738,0.25483333333333336,Low
C003641,2025-12-31,0.25415104117049353,0.2995,Low
C003642,2025-12-31,0.2600932510787738,0.309,Low
C003643,2025-12-31,0.963702174932397,0.9405,Critical
C003644,2025-12-31,0.2655259124462415,0.31833333333333336,Low
C003645,2025-12-31,0.861354432514296,0.6178333333333333,Critical
C003646,2025-12-31,0.9388060504215435,0.671,Critical
C003647,2025-12-31,0.9630126950506396,0.9073333333333333,Critical
C003648,2025-12-31,0.06242576025796786,0.010166666666666666,Low
C003649,2025-12-31,0.06988275985725959,0.03383333333333333,Low
C003650,2025-12-31,0.07427903478400565,0.042833333333333334,Low
C003651,2025-12-31,0.21410727921541248,0.23466666666666666,Low
C003652,2025-12-31,0.9550841738240062,0.7346666666666667,Critical
C003653,2025-12-31,0.7628751398910733,0.5968333333333333,Critical
C003654,2025-12-31,0.31678876093418923,0.4008333333333333,Low
C003655,2025-12-31,0.2061939833189126,0.2225,Low
C003656,2025-12-31,0.9234294343931687,0.6493333333333333,Critical
C003657,2025-12-31,0.9640449373278117,0.957,Critical
C003658,2025-12-31,0.21532633903801215,0.23583333333333334,Low
C003659,2025-12-31,0.5983791665764545,0.5646666666666667,High
C003660,2025-12-31,0.9372381688663349,0.6691666666666667,Critical
C003661,2025-12-31,0.4412562790335904,0.5141666666666667,Medium
C003662,2025-12-31,0.5453119901774133,0.5525,Medium
C003663,2025-12-31,0.34207245613722614,0.43683333333333335,Low
C003664,2025-12-31,0.3316426128912311,0.4226666666666667,Low
C003665,2025-12-31,0.06641514026248413,0.023166666666666665,Low
C003666,2025-12-31,0.33994082331346,0.43316666666666664,Low
C003667,2025-12-31,0.2981561600639071,0.37333333333333335,Low
C003668,2025-12-31,0.252627256861175,0.29733333333333334,Low
C003669,2025-12-31,0.9434156381102,0.6796666666666666,Critical
C003670,2025-12-31,0.9645964917299786,0.9725,Critical
C003671,2025-12-31,0.9601777906675482,0.8031666666666667,Critical
C003672,2025-12-31,0.3483790637286945,0.447,Low
C003673,2025-12-31,0.09974306625646324,0.08633333333333333,Low
C003674,2025-12-31,0.9539893865072498,0.7258333333333333,Critical
C003675,2025-12-31,0.2813151403199667,0.3453333333333333,Low
C003676,2025-12-31,0.5101456526336205,0.542,Medium
C003677,2025-12-31,0.9624529329005421,0.8848333333333334,Critical
C003678,2025-12-31,0.9633078146701126,0.9236666666666666,Critical
C003679,2025-12-31,0.29017585926434797,0.36133333333333334,Low
C003680,2025-12-31,0.9623520823350793,0.8795,Critical
C003681,2025-12-31,0.9044130543229483,0.636,Critical
C003682,2025-12-31,0.8916692530138436,0.6308333333333334,Critical
C003683,2025-12-31,0.9555885567548087,0.7385,Critical
C003684,2025-12-31,0.9296138365242307,0.6563333333333333,Critical
C003685,2025-12-31,0.30561332299087335,0.38383333333333336,Low
C003686,2025-12-31,0.2689031040799153,0.3253333333333333,Low
C003687,2025-12-31,0.9631992589050852,0.9171666666666667,Critical
C003688,2025-12-31,0.12685601809706315,0.1225,Low
C003689,2025-12-31,0.9629831619147388,0.9058333333333334,Critical
C003690,2025-12-31,0.6898776429528845,0.5823333333333334,High
C003691,2025-12-31,0.93134933476332,0.6578333333333334,Critical
C003692,2025-12-31,0.06011592978429418,0.0045,Low
C003693,2025-12-31,0.2642941549194817,0.31616666666666665,Low
C003694,2025-12-31,0.964061820768998,0.9585,Critical
C003695,2025-12-31,0.9639857580519643,0.9543333333333334,Critical
C003696,2025-12-31,0.1335757426621819,0.1305,Low
C003697,2025-12-31,0.9619311078440788,0.8613333333333333,Critical
C003698,2025-12-31,0.2723322345839266,0.3318333333333333,Low
C003699,2025-12-31,0.2488685204758286,0.29083333333333333,Low
C003700,2025-12-31,0.956441279527875,0.7473333333333333,Critical
C003701,2025-12-31,0.962289488918509,0.8763333333333333,Critical
C003702,2025-12-31,0.9578849034000885,0.7638333333333334,Critical
C003703,2025-12-31,0.3410717477321305,0.43483333333333335,Low
C003704,2025-12-31,0.9605097818017289,0.813,Critical
C003705,2025-12-31,0.9639697109284643,0.9535,Critical
C003706,2025-12-31,0.9438862383809948,0.6808333333333333,Critical
C003707,2025-12-31,0.10439768580986103,0.094,Low
C003708,2025-12-31,0.30422091440843546,0.38183333333333336,Low
C003709,2025-12-31,0.32015128072502225,0.4048333333333333,Low
C003710,2025-12-31,0.9626402178926567,0.8915,Critical
C003711,2025-12-31,0.23611781509925311,0.26966666666666667,Low
C003712,2025-12-31,0.3287388666661634,0.418,Low
C003713,2025-12-31,0.41021457382823906,0.497,Medium
C003714,2025-12-31,0.19397113629777143,0.20416666666666666,Low
C003715,2025-12-31,0.963396900388553,0.9273333333333333,Critical
C003716,2025-12-31,0.9529756054682664,0.7163333333333334,Critical
C003717,2025-12-31,0.2959467260830141,0.37,Low
C003718,2025-12-31,0.3274184033092995,0.4155,Low
C003719,2025-12-31,0.1029925472720875,0.09216666666666666,Low
C003720,2025-12-31,0.3825319643243357,0.4795,Medium
C003721,2025-12-31,0.9125810595708369,0.6411666666666667,Critical
C003722,2025-12-31,0.9595274176901802,0.7895,Critical
C003723,2025-12-31,0.16810681528786556,0.17266666666666666,Low
C003724,2025-12-31,0.2520641213617578,0.2965,Low
C003725,2025-12-31,0.9131851836919611,0.6416666666666667,Critical
C003726,2025-12-31,0.9360713556010567,0.6661666666666667,Critical
C003727,2025-12-31,0.11248906931230056,0.10416666666666667,Low
C003728,2025-12-31,0.1918064333766448,0.20083333333333334,Low
C003729,2025-12-31,0.1841158713908443,0.1915,Low
C003730,2025-12-31,0.6415582871559314,0.5731666666666667,High
C003731,2025-12-31,0.9507136553657062,0.7058333333333333,Critical
C003732,2025-12-31,0.24416292355477567,0.2828333333333333,Low
C003733,2025-12-31,0.4266861630206191,0.5063333333333333,Medium
C003734,2025-12-31,0.6747355984500792,0.5795,High
C003735,2025-12-31,0.2051242325001691,0.22033333333333333,Low
C003736,2025-12-31,0.2655072344152225,0.31816666666666665,Low
C003737,2025-12-31,0.9656568676711853,0.9963333333333333,Critical
C003738,2025-12-31,0.37948619809552203,0.4761666666666667,Medium
C003739,2025-12-31,0.9590031107169877,0.7801666666666667,Critical
C003740,2025-12-31,0.16407322197552107,0.16733333333333333,Low
C003741,2025-12-31,0.9635415604384486,0.9343333333333333,Critical
C003742,2025-12-31,0.22595207054082467,0.254,Low
C003743,2025-12-31,0.9608520833604562,0.823,Critical
C003744,2025-12-31,0.9655705967857632,0.9946666666666667,Critical
C003745,2025-12-31,0.2255003036599048,0.25383333333333336,Low
C003746,2025-12-31,0.849943960154667,0.6146666666666667,Critical
C003747,2025-12-31,0.3059946890410142,0.38466666666666666,Low
C003748,2025-12-31,0.959349974667981,0.7863333333333333,Critical
C003749,2025-12-31,0.06089366251450726,0.006333333333333333,Low
C003750,2025-12-31,0.32314239426555985,0.4086666666666667,Low
C003751,2025-12-31,0.2565405364354244,0.30383333333333334,Low
C003752,2025-12-31,0.3044246873265647,0.382,Low
C003753,2025-12-31,0.9614575191043934,0.8415,Critical
C003754,2025-12-31,0.16546770477656217,0.169,Low
C003755,2025-12-31,0.07622984823269859,0.04716666666666667,Low
C003756,2025-12-31,0.2973721144566151,0.372,Low
C003757,2025-12-31,0.3106632139341275,0.392,Low
C003758,2025-12-31,0.09422664371049798,0.07766666666666666,Low
C003759,2025-12-31,0.9640171636432614,0.9548333333333333,Critical
C003760,2025-12-31,0.9625626995031418,0.8896666666666667,Critical
C003761,2025-12-31,0.13442004391230797,0.13166666666666665,Low
C003762,2025-12-31,0.593638365503211,0.5636666666666666,High
C003763,2025-12-31,0.9589899319071237,0.7798333333333334,Critical
C003764,2025-12-31,0.2742664287968026,0.3348333333333333,Low
C003765,2025-12-31,0.9560290732881954,0.7421666666666666,Critical
C003766,2025-12-31,0.3281479686157703,0.4171666666666667,Low
C003767,2025-12-31,0.2708815607963027,0.3288333333333333,Low
C003768,2025-12-31,0.3936030972316687,0.487,Medium
C003769,2025-12-31,0.3573629277927761,0.457,Medium
C003770,2025-12-31,0.9625217623766424,0.8876666666666667,Critical
C003771,2025-12-31,0.45688996305911805,0.522,Medium
C003772,2025-12-31,0.39782716977127386,0.49016666666666664,Medium
C003773,2025-12-31,0.9637571561010346,0.9435,Critical
C003774,2025-12-31,0.23087439103667873,0.26116666666666666,Low
C003775,2025-12-31,0.9632102189895949,0.9178333333333333,Critical
C003776,2025-12-31,0.9636444164782695,0.9383333333333334,Critical
C003777,2025-12-31,0.3529447135279238,0.452,Medium
C003778,2025-12-31,0.08922862375442324,0.06916666666666667,Low
C003779,2025-12-31,0.09974361080239684,0.0865,Low
C003780,2025-12-31,0.47546550010828303,0.5285,Medium
C003781,2025-12-31,0.08788317719099274,0.06733333333333333,Low
C003782,2025-12-31,0.20861477362969202,0.226,Low
C003783,2025-12-31,0.2214661739654523,0.24633333333333332,Low
C003784,2025-12-31,0.8835611473644286,0.6276666666666667,Critical
C003785,2025-12-31,0.12531364441850057,0.12033333333333333,Low
C003786,2025-12-31,0.8947926609261153,0.6321666666666667,Critical
C003787,2025-12-31,0.9650698211746938,0.9818333333333333,Critical
C003788,2025-12-31,0.5254283404281321,0.547,Medium
C003789,2025-12-31,0.9587820810163205,0.7755,Critical
C003790,2025-12-31,0.9653396045798183,0.99,Critical
C003791,2025-12-31,0.19362031664505286,0.20366666666666666,Low
C003792,2025-12-31,0.6943107475173916,0.5833333333333334,High
C003793,2025-12-31,0.5294010792244627,0.5488333333333333,Medium
C003794,2025-12-31,0.9503547850331674,0.7043333333333334,Critical
C003795,2025-12-31,0.9536896217780398,0.7235,Critical
C003796,2025-12-31,0.06481631608302162,0.017333333333333333,Low
C003797,2025-12-31,0.15875667396822019,0.161,Low
C003798,2025-12-31,0.2549041601670656,0.30083333333333334,Low
C003799,2025-12-31,0.9498410845056635,0.701,Critical
C003800,2025-12-31,0.33611115099129457,0.42966666666666664,Low
C003801,2025-12-31,0.3128027473327334,0.3953333333333333,Low
C003802,2025-12-31,0.3803629212094754,0.47733333333333333,Medium
C003803,2025-12-31,0.1502173360975522,0.1495,Low
C003804,2025-12-31,0.9433376332226722,0.6791666666666667,Critical
C003805,2025-12-31,0.15536418707585536,0.15566666666666668,Low
C003806,2025-12-31,0.9618223602229731,0.8563333333333333,Critical
C003807,2025-12-31,0.9483226885938847,0.694,Critical
C003808,2025-12-31,0.9620656119361,0.8661666666666666,Critical
C003809,2025-12-31,0.37273255583152404,0.4688333333333333,Medium
C003810,2025-12-31,0.09411802384424801,0.07733333333333334,Low
C003811,2025-12-31,0.09611155512094323,0.0805,Low
C003812,2025-12-31,0.17459118995137046,0.1825,Low
C003813,2025-12-31,0.9495431385689886,0.6993333333333334,Critical
C003814,2025-12-31,0.9554924640070008,0.7378333333333333,Critical
C003815,2025-12-31,0.12694945840712113,0.12283333333333334,Low
C003816,2025-12-31,0.9618210833967985,0.856,Critical
C003817,2025-12-31,0.9641052186822489,0.9601666666666666,Critical
C003818,2025-12-31,0.35574072344349533,0.456,Medium
C003819,2025-12-31,0.3071805033647057,0.3865,Low
C003820,2025-12-31,0.12367082650702295,0.11866666666666667,Low
C003821,2025-12-31,0.15102547421343032,0.15066666666666667,Low
C003822,2025-12-31,0.8211324442202942,0.6078333333333333,Critical
C003823,2025-12-31,0.19725130791514942,0.20783333333333334,Low
C003824,2025-12-31,0.2738753124786724,0.334,Low
C003825,2025-12-31,0.7280793847841253,0.5881666666666666,Critical
C003826,2025-12-31,0.5258037461994987,0.5475,Medium
C003827,2025-12-31,0.35973867810529603,0.4595,Medium
C003828,2025-12-31,0.9604710382610352,0.8118333333333333,Critical
C003829,2025-12-31,0.2835613919402264,0.34883333333333333,Low
C003830,2025-12-31,0.07409259646372492,0.042333333333333334,Low
C003831,2025-12-31,0.21364050864540726,0.23333333333333334,Low
C003832,2025-12-31,0.06685403778348388,0.024666666666666667,Low
C003833,2025-12-31,0.3518612080616684,0.4505,Medium
C003834,2025-12-31,0.685355689541031,0.5815,High
C003835,2025-12-31,0.14103750849701724,0.13933333333333334,Low
C003836,2025-12-31,0.08501238529781392,0.063,Low
C003837,2025-12-31,0.9608573214356447,0.8235,Critical
C003838,2025-12-31,0.5177303249807154,0.5448333333333333,Medium
C003839,2025-12-31,0.7594010461802078,0.5961666666666666,Critical
C003840,2025-12-31,0.24039042551040946,0.2758333333333333,Low
C003841,2025-12-31,0.9617119255473634,0.851,Critical
C003842,2025-12-31,0.9106270823875623,0.64,Critical
C003843,2025-12-31,0.2120769738432459,0.231,Low
C003844,2025-12-31,0.929148201079029,0.656,Critical
C003845,2025-12-31,0.3075121246101799,0.38716666666666666,Low
C003846,2025-12-31,0.24004691274249146,0.2755,Low
C003847,2025-12-31,0.22211427440320033,0.248,Low
C003848,2025-12-31,0.1712067861733458,0.17783333333333334,Low
C003849,2025-12-31,0.8896555851594324,0.6301666666666667,Critical
C003850,2025-12-31,0.2429623776876908,0.2796666666666667,Low
C003851,2025-12-31,0.8547357654149789,0.6153333333333333,Critical
C003852,2025-12-31,0.1721918440358141,0.17933333333333334,Low
C003853,2025-12-31,0.4997396429648187,0.5376666666666666,Medium
C003854,2025-12-31,0.11336037777380827,0.10466666666666667,Low
C003855,2025-12-31,0.9609917291606195,0.8266666666666667,Critical
C003856,2025-12-31,0.06380943535771827,0.014,Low
C003857,2025-12-31,0.4782179524584249,0.5295,Medium
C003858,2025-12-31,0.49773970243950644,0.5366666666666666,Medium
C003859,2025-12-31,0.9653827558398341,0.9916666666666667,Critical
C003860,2025-12-31,0.9635168159196933,0.9333333333333333,Critical
C003861,2025-12-31,0.9647310549445948,0.9748333333333333,Critical
C003862,2025-12-31,0.9641935870690977,0.9641666666666666,Critical
C003863,2025-12-31,0.43034524245160743,0.5083333333333333,Medium
C003864,2025-12-31,0.9636821207097567,0.9401666666666667,Critical
C003865,2025-12-31,0.9629147460842887,0.9028333333333334,Critical
C003866,2025-12-31,0.10631523446138165,0.09583333333333334,Low
C003867,2025-12-31,0.9643967473965387,0.9678333333333333,Critical
C003868,2025-12-31,0.9630977511326616,0.9126666666666666,Critical
C003869,2025-12-31,0.2124391983018167,0.23233333333333334,Low
C003870,2025-12-31,0.9622651815345092,0.8755,Critical
C003871,2025-12-31,0.9348719681193098,0.6628333333333334,Critical
C003872,2025-12-31,0.8565912284604692,0.616,Critical
C003873,2025-12-31,0.9608880028305499,0.8245,Critical
C003874,2025-12-31,0.963462792010331,0.9308333333333333,Critical
C003875,2025-12-31,0.32199515021808484,0.4068333333333333,Low
C003876,2025-12-31,0.8588240566252106,0.6166666666666667,Critical
C003877,2025-12-31,0.9632851726951758,0.9223333333333333,Critical
C003878,2025-12-31,0.9078999953593407,0.6376666666666667,Critical
C003879,2025-12-31,0.10180589582540583,0.09033333333333333,Low
C003880,2025-12-31,0.38039646607580696,0.4775,Medium
C003881,2025-12-31,0.5557794858099143,0.5556666666666666,High
C003882,2025-12-31,0.2713658205790558,0.3293333333333333,Low
C003883,2025-12-31,0.2910879284355326,0.3625,Low
C003884,2025-12-31,0.297674560728784,0.37266666666666665,Low
C003885,2025-12-31,0.9401368089798056,0.6731666666666667,Critical
C003886,2025-12-31,0.3129097424294483,0.3958333333333333,Low
C003887,2025-12-31,0.2294258384870844,0.25933333333333336,Low
C003888,2025-12-31,0.9651560193419212,0.986,Critical
C003889,2025-12-31,0.292560292569115,0.365,Low
C003890,2025-12-31,0.9567189398044741,0.75,Critical
C003891,2025-12-31,0.867851847913245,0.6206666666666667,Critical
C003892,2025-12-31,0.31616283740873147,0.3995,Low
C003893,2025-12-31,0.5024310015814611,0.5388333333333334,Medium
C003894,2025-12-31,0.38807220359758693,0.4841666666666667,Medium
C003895,2025-12-31,0.8254661645230925,0.6085,Critical
C003896,2025-12-31,0.34640353858685136,0.4435,Low
C003897,2025-12-31,0.8992420019237279,0.6333333333333333,Critical
C003898,2025-12-31,0.9657014467132531,0.9976666666666667,Critical
C003899,2025-12-31,0.11962576153838637,0.11383333333333333,Low
C003900,2025-12-31,0.638811823295326,0.5725,High
C003901,2025-12-31,0.9566876048932462,0.7493333333333333,Critical
C003902,2025-12-31,0.9632911030508652,0.9228333333333333,Critical
C003903,2025-12-31,0.40040792378726403,0.4915,Medium
C003904,2025-12-31,0.09385194225058284,0.0765,Low
C003905,2025-12-31,0.2540037034191131,0.2991666666666667,Low
C003906,2025-12-31,0.9478327801800216,0.6925,Critical
C003907,2025-12-31,0.20021484250555788,0.212,Low
C003908,2025-12-31,0.9367916732824808,0.668,Critical
C003909,2025-12-31,0.9588780169505254,0.7788333333333334,Critical
C003910,2025-12-31,0.06040842449014159,0.005166666666666667,Low
C003911,2025-12-31,0.3023376576460941,0.37966666666666665,Low
C003912,2025-12-31,0.6393605759845977,0.5728333333333333,High
C003913,2025-12-31,0.9607901056779647,0.8216666666666667,Critical
C003914,2025-12-31,0.32047677633664723,0.405,Low
C003915,2025-12-31,0.25172136158736336,0.296,Low
C003916,2025-12-31,0.9551096561240037,0.7351666666666666,Critical
C003917,2025-12-31,0.96219156926015,0.8721666666666666,Critical
C003918,2025-12-31,0.6254320052566978,0.5705,High
C003919,2025-12-31,0.26483764628486156,0.31666666666666665,Low
C003920,2025-12-31,0.9622750940302222,0.8761666666666666,Critical
C003921,2025-12-31,0.965252961807951,0.9885,Critical
C003922,2025-12-31,0.9569313742601233,0.7531666666666667,Critical
C003923,2025-12-31,0.570127161645125,0.5585,High
C003924,2025-12-31,0.9637655039197704,0.9443333333333334,Critical
C003925,2025-12-31,0.16645794048648424,0.16966666666666666,Low
C003926,2025-12-31,0.9605339719685317,0.8143333333333334,Critical
C003927,2025-12-31,0.24768950324871022,0.2891666666666667,Low
C003928,2025-12-31,0.9621250281797266,0.8685,Critical
C003929,2025-12-31,0.20057457139422066,0.213,Low
C003930,2025-12-31,0.9593604770560074,0.7866666666666666,Critical
C003931,2025-12-31,0.8122638127766751,0.6055,Critical
C003932,2025-12-31,0.25942935076521684,0.308,Low
C003933,2025-12-31,0.08211859030675546,0.0585,Low
C003934,2025-12-31,0.1088637169031682,0.0995,Low
C003935,2025-12-31,0.2668560324908243,0.32066666666666666,Low
C003936,2025-12-31,0.4026346770947045,0.4935,Medium
C003937,2025-12-31,0.9630210230518955,0.9081666666666667,Critical
C003938,2025-12-31,0.5829081659378378,0.5618333333333333,High
C003939,2025-12-31,0.6321440473326183,0.5715,High
C003940,2025-12-31,0.9588322301875672,0.7773333333333333,Critical
C003941,2025-12-31,0.9556273663094963,0.7398333333333333,Critical
C003942,2025-12-31,0.9623886426484551,0.8816666666666667,Critical
C003943,2025-12-31,0.9351502832696864,0.6635,Critical
C003944,2025-12-31,0.6247834703822558,0.5701666666666667,High
C003945,2025-12-31,0.2963597948321009,0.37016666666666664,Low
C003946,2025-12-31,0.9478174032483272,0.6921666666666667,Critical
C003947,2025-12-31,0.2831314850901428,0.3481666666666667,Low
C003948,2025-12-31,0.18201378112211378,0.18983333333333333,Low
C003949,2025-12-31,0.9604589896873413,0.811,Critical
C003950,2025-12-31,0.9625582641129983,0.8893333333333333,Critical
C003951,2025-12-31,0.31653313411048284,0.4003333333333333,Low
C003952,2025-12-31,0.08626393767614386,0.06516666666666666,Low
C003953,2025-12-31,0.9164979322436023,0.6438333333333334,Critical
C003954,2025-12-31,0.30988066591599867,0.3903333333333333,Low
C003955,2025-12-31,0.2568537777470001,0.30416666666666664,Low
C003956,2025-12-31,0.7220630772184506,0.5871666666666666,Critical
C003957,2025-12-31,0.3068015813357137,0.38566666666666666,Low
C003958,2025-12-31,0.17964656015139843,0.18816666666666668,Low
C003959,2025-12-31,0.2236669412827781,0.25033333333333335,Low
C003960,2025-12-31,0.2703145209239918,0.327,Low
C003961,2025-12-31,0.3285611995237819,0.41783333333333333,Low
C003962,2025-12-31,0.39636013479749926,0.48933333333333334,Medium
C003963,2025-12-31,0.06336757115755767,0.012833333333333334,Low
C003964,2025-12-31,0.9624708472996281,0.8855,Critical
C003965,2025-12-31,0.15719759261022584,0.15833333333333333,Low
C003966,2025-12-31,0.9150636090322756,0.6426666666666667,Critical
C003967,2025-12-31,0.2050280361146054,0.22,Low
C003968,2025-12-31,0.14376996291442426,0.141,Low
C003969,2025-12-31,0.1906066351285016,0.19933333333333333,Low
C003970,2025-12-31,0.4546107309393006,0.5211666666666667,Medium
C003971,2025-12-31,0.9451197117676745,0.6843333333333333,Critical
C003972,2025-12-31,0.9633924283272517,0.9271666666666667,Critical
C003973,2025-12-31,0.3414926134688184,0.43516666666666665,Low
C003974,2025-12-31,0.9627708054987661,0.8978333333333334,Critical
C003975,2025-12-31,0.21670831724383288,0.23866666666666667,Low
C003976,2025-12-31,0.9604477103841575,0.8105,Critical
C003977,2025-12-31,0.9628680129453847,0.901,Critical
C003978,2025-12-31,0.36104658663588135,0.46016666666666667,Medium
C003979,2025-12-31,0.0763570078937745,0.0475,Low
C003980,2025-12-31,0.24291951095014816,0.2795,Low
C003981,2025-12-31,0.9623433785520855,0.879,Critical
C003982,2025-12-31,0.26684174273872435,0.3205,Low
C003983,2025-12-31,0.9639029260554933,0.9501666666666667,Critical
C003984,2025-12-31,0.9610925470458304,0.8311666666666667,Critical
C003985,2025-12-31,0.3123434616393297,0.3945,Low
C003986,2025-12-31,0.10139358809577115,0.08966666666666667,Low
C003987,2025-12-31,0.9600717429400433,0.8001666666666667,Critical
C003988,2025-12-31,0.8863733720388418,0.6288333333333334,Critical
C003989,2025-12-31,0.2994124270785806,0.37516666666666665,Low
C003990,2025-12-31,0.5977809168948627,0.5645,High
C003991,2025-12-31,0.9652239992661178,0.9876666666666667,Critical
C003992,2025-12-31,0.2795916803039739,0.3435,Low
C003993,2025-12-31,0.18410002423399086,0.19133333333333333,Low
C003994,2025-12-31,0.9636713439874448,0.9396666666666667,Critical
C003995,2025-12-31,0.5548024437512606,0.5548333333333333,High
C003996,2025-12-31,0.14993020851136069,0.14883333333333335,Low
C003997,2025-12-31,0.1920766559347252,0.2015,Low
C003998,2025-12-31,0.9652887749134762,0.9888333333333333,Critical
C003999,2025-12-31,0.09857896737737502,0.08433333333333333,Low
C004000,2025-12-31,0.9584468210832423,0.7713333333333333,Critical
C004001,2025-12-31,0.9591689152289166,0.7826666666666666,Critical
C004002,2025-12-31,0.9414543973606909,0.6758333333333333,Critical
C004003,2025-12-31,0.2492441930028506,0.2916666666666667,Low
C004004,2025-12-31,0.0646332018767346,0.016833333333333332,Low
C004005,2025-12-31,0.3156898613699381,0.3985,Low
C004006,2025-12-31,0.15008308007812202,0.14916666666666667,Low
C004007,2025-12-31,0.917136366256652,0.6443333333333333,Critical
C004008,2025-12-31,0.962860645234685,0.9008333333333334,Critical
C004009,2025-12-31,0.4386430601993912,0.5128333333333334,Medium
C004010,2025-12-31,0.7702884950914619,0.5983333333333334,Critical
C004011,2025-12-31,0.42401653975479475,0.5045,Medium
C004012,2025-12-31,0.9650050561180025,0.9803333333333333,Critical
C004013,2025-12-31,0.24375679207172884,0.2813333333333333,Low
C004014,2025-12-31,0.9418268407699527,0.6765,Critical
C004015,2025-12-31,0.16213973203721385,0.16433333333333333,Low
C004016,2025-12-31,0.3006594780420024,0.37716666666666665,Low
C004017,2025-12-31,0.9589052475784623,0.7793333333333333,Critical
C004018,2025-12-31,0.963625303209971,0.9371666666666667,Critical
C004019,2025-12-31,0.11774750731788874,0.111,Low
C004020,2025-12-31,0.9624791826933169,0.8856666666666667,Critical
C004021,2025-12-31,0.2554292192772959,0.3016666666666667,Low
C004022,2025-12-31,0.9653323154227772,0.9896666666666667,Critical
C004023,2025-12-31,0.35438969560629224,0.45416666666666666,Medium
C004024,2025-12-31,0.5553964392315663,0.5551666666666667,High
C004025,2025-12-31,0.4907267191371509,0.534,Medium
C004026,2025-12-31,0.34497662584322475,0.44166666666666665,Low
C004027,2025-12-31,0.35334655306507473,0.45266666666666666,Medium
C004028,2025-12-31,0.2148215243453392,0.23516666666666666,Low
C004029,2025-12-31,0.9564125221550506,0.7471666666666666,Critical
C004030,2025-12-31,0.10401159560394924,0.0935,Low
C004031,2025-12-31,0.6608246841852468,0.5763333333333334,High
C004032,2025-12-31,0.11922208511436512,0.11333333333333333,Low
C004033,2025-12-31,0.10718054830029267,0.097,Low
C004034,2025-12-31,0.4811879503150351,0.531,Medium
C004035,2025-12-31,0.9579827392881309,0.7646666666666667,Critical
C004036,2025-12-31,0.957192874385571,0.7573333333333333,Critical
C004037,2025-12-31,0.9627495786800871,0.897,Critical
C004038,2025-12-31,0.186526223773108,0.19466666666666665,Low
C004039,2025-12-31,0.14850973281753946,0.14683333333333334,Low
C004040,2025-12-31,0.09029634493902707,0.07083333333333333,Low
C004041,2025-12-31,0.05880506539922272,0.0015,Low
C004042,2025-12-31,0.2694576612645443,0.3265,Low
C004043,2025-12-31,0.9258718360833388,0.6523333333333333,Critical
C004044,2025-12-31,0.5674104237359267,0.558,High
C004045,2025-12-31,0.9635055547373383,0.9325,Critical
C004046,2025-12-31,0.9567941380118913,0.7516666666666667,Critical
C004047,2025-12-31,0.1511130167501229,0.15116666666666667,Low
C004048,2025-12-31,0.9654207762799779,0.9925,Critical
C004049,2025-12-31,0.3107783189206419,0.3925,Low
C004050,2025-12-31,0.8726794564720087,0.6236666666666667,Critical
C004051,2025-12-31,0.12059865334830251,0.11483333333333333,Low
C004052,2025-12-31,0.21524825173503026,0.23566666666666666,Low
C004053,2025-12-31,0.28435681715929556,0.34983333333333333,Low
C004054,2025-12-31,0.9620335031523263,0.8651666666666666,Critical
C004055,2025-12-31,0.21843034447999352,0.24116666666666667,Low
C004056,2025-12-31,0.9647689285769746,0.9753333333333334,Critical
C004057,2025-12-31,0.6156108189827955,0.5686666666666667,High
C004058,2025-12-31,0.06038580447464461,0.005,Low
C004059,2025-12-31,0.9574447934786856,0.7593333333333333,Critical
C004060,2025-12-31,0.9366308275409683,0.6673333333333333,Critical
C004061,2025-12-31,0.9542368136275975,0.7273333333333334,Critical
C004062,2025-12-31,0.9372146970990513,0.669,Critical
C004063,2025-12-31,0.30771016920008337,0.3875,Low
C004064,2025-12-31,0.31531310486893116,0.39766666666666667,Low
C004065,2025-12-31,0.9618178635501339,0.8558333333333333,Critical
C004066,2025-12-31,0.9633415646886702,0.9248333333333333,Critical
C004067,2025-12-31,0.1869373569670594,0.19516666666666665,Low
C004068,2025-12-31,0.9036488363537895,0.6353333333333333,Critical
C004069,2025-12-31,0.29708806510290414,0.37133333333333335,Low
C004070,2025-12-31,0.24972360006285163,0.292,Low
C004071,2025-12-31,0.20022398803907115,0.21216666666666667,Low
C004072,2025-12-31,0.9596819058369744,0.7911666666666667,Critical
C004073,2025-12-31,0.25513000958388443,0.3011666666666667,Low
C004074,2025-12-31,0.12965979423837007,0.12583333333333332,Low
C004075,2025-12-31,0.34716537185458124,0.44533333333333336,Low
C004076,2025-12-31,0.3825041008916101,0.47933333333333333,Medium
C004077,2025-12-31,0.21160198823089071,0.22966666666666666,Low
C004078,2025-12-31,0.9594146390857606,0.788,Critical
C004079,2025-12-31,0.0717925386969918,0.03766666666666667,Low
C004080,2025-12-31,0.9341451179664683,0.6615,Critical
C004081,2025-12-31,0.3000661131656026,0.376,Low
C004082,2025-12-31,0.06601558014311794,0.021833333333333333,Low
C004083,2025-12-31,0.7398637682015456,0.5915,Critical
C004084,2025-12-31,0.9497379448710689,0.7003333333333334,Critical
C004085,2025-12-31,0.10394636826613639,0.09333333333333334,Low
C004086,2025-12-31,0.35538813976216693,0.45516666666666666,Medium
C004087,2025-12-31,0.3371434164926974,0.431,Low
C004088,2025-12-31,0.9520518946301783,0.7108333333333333,Critical
C004089,2025-12-31,0.9347157487206488,0.6626666666666666,Critical
C004090,2025-12-31,0.247338549881708,0.2885,Low
C004091,2025-12-31,0.3101431011951307,0.39116666666666666,Low
C004092,2025-12-31,0.9625233859101412,0.8878333333333334,Critical
C004093,2025-12-31,0.24114973947145213,0.2771666666666667,Low
C004094,2025-12-31,0.9550987665926676,0.735,Critical
C004095,2025-12-31,0.9634397316300066,0.9295,Critical
C004096,2025-12-31,0.08173777828511952,0.057666666666666665,Low
C004097,2025-12-31,0.08504837083094478,0.06316666666666666,Low
C004098,2025-12-31,0.13394177271886223,0.13133333333333333,Low
C004099,2025-12-31,0.8370288481399268,0.6111666666666666,Critical
C004100,2025-12-31,0.15321834818056415,0.15416666666666667,Low
C004101,2025-12-31,0.2711951663089812,0.32916666666666666,Low
C004102,2025-12-31,0.3532754597541889,0.4525,Medium
C004103,2025-12-31,0.9619886025003125,0.863,Critical
C004104,2025-12-31,0.36244793119007657,0.46116666666666667,Medium
C004105,2025-12-31,0.9624507667325316,0.8846666666666667,Critical
C004106,2025-12-31,0.9523646179821385,0.7125,Critical
C004107,2025-12-31,0.9127915488496638,0.6415,Critical
C004108,2025-12-31,0.26933647907703034,0.3263333333333333,Low
C004109,2025-12-31,0.6242054951901168,0.57,High
C004110,2025-12-31,0.19850623821528726,0.20966666666666667,Low
C004111,2025-12-31,0.32097645129847546,0.4058333333333333,Low
C004112,2025-12-31,0.266765606890686,0.32,Low
C004113,2025-12-31,0.38632477453244735,0.4825,Medium
C004114,2025-12-31,0.25552687865003776,0.30216666666666664,Low
C004115,2025-12-31,0.7064248400288816,0.585,High
C004116,2025-12-31,0.9651347369183457,0.984,Critical
C004117,2025-12-31,0.9480173377909447,0.693,Critical
C004118,2025-12-31,0.9087105863603339,0.6385,Critical
C004119,2025-12-31,0.9613060911867278,0.8375,Critical
C004120,2025-12-31,0.9285731657226216,0.6548333333333334,Critical
C004121,2025-12-31,0.9582896206500265,0.7685,Critical
C004122,2025-12-31,0.9623492497449165,0.8793333333333333,Critical
C004123,2025-12-31,0.3916055917878978,0.48583333333333334,Medium
C004124,2025-12-31,0.9613147346246432,0.838,Critical
C004125,2025-12-31,0.3099184877698578,0.3905,Low
C004126,2025-12-31,0.7491281947995764,0.5938333333333333,Critical
C004127,2025-12-31,0.4261861957897053,0.5055,Medium
C004128,2025-12-31,0.19382153707881655,0.20383333333333334,Low
C004129,2025-12-31,0.2518895286488168,0.29633333333333334,Low
C004130,2025-12-31,0.2360828940101859,0.2695,Low
C004131,2025-12-31,0.27686035237918244,0.33916666666666667,Low
C004132,2025-12-31,0.8200415221121041,0.6075,Critical
C004133,2025-12-31,0.5289855046137816,0.5486666666666666,Medium
C004134,2025-12-31,0.9488466149874056,0.6971666666666667,Critical
C004135,2025-12-31,0.9614008429130462,0.8398333333333333,Critical
C004136,2025-12-31,0.38474080530233673,0.4816666666666667,Medium
C004137,2025-12-31,0.9659149538850116,1.0,Critical
C004138,2025-12-31,0.9588210448641546,0.7766666666666666,Critical
C004139,2025-12-31,0.13174430653711158,0.129,Low
C004140,2025-12-31,0.9564746696254786,0.7475,Critical
C004141,2025-12-31,0.2509770247663928,0.295,Low
C004142,2025-12-31,0.9610320575977628,0.8285,Critical
C004143,2025-12-31,0.9633740607006144,0.9266666666666666,Critical
C004144,2025-12-31,0.9625484637022114,0.8888333333333334,Critical
C004145,2025-12-31,0.957130546843347,0.7561666666666667,Critical
C004146,2025-12-31,0.22819257925845884,0.2565,Low
C004147,2025-12-31,0.9651440204534208,0.9851666666666666,Critical
C004148,2025-12-31,0.9421788211946821,0.6773333333333333,Critical
C004149,2025-12-31,0.40014761849502606,0.49133333333333334,Medium
C004150,2025-12-31,0.25355904991639594,0.2986666666666667,Low
C004151,2025-12-31,0.1094288263674824,0.10016666666666667,Low
C004152,2025-12-31,0.9637025471912101,0.9406666666666667,Critical
C004153,2025-12-31,0.1477396357565739,0.14483333333333334,Low
C004154,2025-12-31,0.26008440314838777,0.30883333333333335,Low
C004155,2025-12-31,0.8835288814586196,0.6275,Critical
C004156,2025-12-31,0.9638987997268166,0.9498333333333333,Critical
C004157,2025-12-31,0.12284175352634258,0.11766666666666667,Low
C004158,2025-12-31,0.14267003454477087,0.14016666666666666,Low
C004159,2025-12-31,0.1366836526344806,0.135,Low
C004160,2025-12-31,0.9610379075577301,0.829,Critical
C004161,2025-12-31,0.2837959782026833,0.34933333333333333,Low
C004162,2025-12-31,0.9419894668644658,0.6768333333333333,Critical
C004163,2025-12-31,0.960332606129983,0.8068333333333333,Critical
C004164,2025-12-31,0.08174307213829238,0.057833333333333334,Low
C004165,2025-12-31,0.1287064528605272,0.12433333333333334,Low
C004166,2025-12-31,0.9626390574124333,0.8913333333333333,Critical
C004167,2025-12-31,0.08646435302994339,0.06583333333333333,Low
C004168,2025-12-31,0.2833692858616426,0.3485,Low
C004169,2025-12-31,0.11557653050779045,0.10766666666666666,Low
C004170,2025-12-31,0.347535046276136,0.44566666666666666,Low
C004171,2025-12-31,0.19281049840799344,0.20233333333333334,Low
C004172,2025-12-31,0.9637510171964689,0.943,Critical
C004173,2025-12-31,0.23408077298352867,0.2663333333333333,Low
C004174,2025-12-31,0.29642169378405336,0.3705,Low
C004175,2025-12-31,0.23757927747288132,0.272,Low
C004176,2025-12-31,0.9617584092807431,0.853,Critical
C004177,2025-12-31,0.9621615303526138,0.8703333333333333,Critical
C004178,2025-12-31,0.9610546855701524,0.8295,Critical
C004179,2025-12-31,0.9632514591266635,0.9206666666666666,Critical
C004180,2025-12-31,0.2940497853671881,0.3675,Low
C004181,2025-12-31,0.2458311994465451,0.28583333333333333,Low
C004182,2025-12-31,0.1766418832192996,0.18433333333333332,Low
C004183,2025-12-31,0.1584877858565217,0.16083333333333333,Low
C004184,2025-12-31,0.6390626377745835,0.5726666666666667,High
C004185,2025-12-31,0.09799959159190173,0.083,Low
C004186,2025-12-31,0.32438716709414966,0.4103333333333333,Low
C004187,2025-12-31,0.3706477340511341,0.467,Medium
C004188,2025-12-31,0.07417582557051948,0.042666666666666665,Low
C004189,2025-12-31,0.9559637989653966,0.7418333333333333,Critical
C004190,2025-12-31,0.23548597850490413,0.26816666666666666,Low
C004191,2025-12-31,0.07821144553366295,0.051333333333333335,Low
C004192,2025-12-31,0.6822286474652874,0.581,High
C004193,2025-12-31,0.38721873914087696,0.48333333333333334,Medium
C004194,2025-12-31,0.9588064324724904,0.7758333333333334,Critical
C004195,2025-12-31,0.9639283705753704,0.952,Critical
C004196,2025-12-31,0.28267926651429554,0.3475,Low
C004197,2025-12-31,0.9622020428070975,0.8725,Critical
C004198,2025-12-31,0.25093785731321927,0.2946666666666667,Low
C004199,2025-12-31,0.9138347396214136,0.6418333333333334,Critical
C004200,2025-12-31,0.24910109763885405,0.29133333333333333,Low
C004201,2025-12-31,0.9482859167093102,0.6938333333333333,Critical
C004202,2025-12-31,0.322349642898772,0.4073333333333333,Low
C004203,2025-12-31,0.16861004635068166,0.17383333333333334,Low
C004204,2025-12-31,0.10522046426454072,0.09483333333333334,Low
C004205,2025-12-31,0.962907690794589,0.9026666666666666,Critical
C004206,2025-12-31,0.1420436636794391,0.14,Low
C004207,2025-12-31,0.9639064998286367,0.9505,Critical
C004208,2025-12-31,0.9595820687713624,0.7898333333333334,Critical
C004209,2025-12-31,0.9457150486187551,0.687,Critical
C004210,2025-12-31,0.05675405735160482,0.00016666666666666666,Low
C004211,2025-12-31,0.6953182967476481,0.5836666666666667,High
C004212,2025-12-31,0.9584596815151954,0.7715,Critical
C004213,2025-12-31,0.11448333630945658,0.10633333333333334,Low
C004214,2025-12-31,0.10989341862166559,0.10116666666666667,Low
C004215,2025-12-31,0.05870046471029095,0.0013333333333333333,Low
C004216,2025-12-31,0.7314137335696146,0.5893333333333334,Critical
C004217,2025-12-31,0.9619959792709377,0.8633333333333333,Critical
C004218,2025-12-31,0.23692128085496023,0.2713333333333333,Low
C004219,2025-12-31,0.893632002354123,0.6316666666666667,Critical
C004220,2025-12-31,0.959914422712564,0.796,Critical
C004221,2025-12-31,0.33215830571287813,0.4236666666666667,Low
C004222,2025-12-31,0.1479073623569386,0.1455,Low
C004223,2025-12-31,0.9621598833904703,0.8701666666666666,Critical
C004224,2025-12-31,0.23270223542586568,0.2648333333333333,Low
C004225,2025-12-31,0.1173113099238669,0.11033333333333334,Low
C004226,2025-12-31,0.9632722451865922,0.9218333333333333,Critical
C004227,2025-12-31,0.2681097451807027,0.32416666666666666,Low
C004228,2025-12-31,0.34303841652064354,0.438,Low
C004229,2025-12-31,0.21342522717513077,0.233,Low
C004230,2025-12-31,0.10869385478882303,0.09916666666666667,Low
C004231,2025-12-31,0.15591176647371224,0.157,Low
C004232,2025-12-31,0.9612286618767465,0.8355,Critical
C004233,2025-12-31,0.2909308641480497,0.36233333333333334,Low
C004234,2025-12-31,0.09439722916602789,0.0785,Low
C004235,2025-12-31,0.30271595667761686,0.38,Low
C004236,2025-12-31,0.32676391535817745,0.4141666666666667,Low
C004237,2025-12-31,0.9612584025096519,0.8363333333333334,Critical
C004238,2025-12-31,0.2860606312874005,0.3526666666666667,Low
C004239,2025-12-31,0.20246073963590347,0.2155,Low
C004240,2025-12-31,0.9627313089763753,0.896,Critical
C004241,2025-12-31,0.9635735626736278,0.9355,Critical
C004242,2025-12-31,0.9610739006321568,0.8303333333333334,Critical
C004243,2025-12-31,0.34314979010212726,0.43816666666666665,Low
C004244,2025-12-31,0.9636800966528605,0.9398333333333333,Critical
C004245,2025-12-31,0.30316636763733495,0.38016666666666665,Low
C004246,2025-12-31,0.29290918326250076,0.36566666666666664,Low
C004247,2025-12-31,0.3073842901261536,0.3868333333333333,Low
C004248,2025-12-31,0.6470833952094339,0.5745,High
C004249,2025-12-31,0.1562982820041218,0.15733333333333333,Low
C004250,2025-12-31,0.6572155435035346,0.5751666666666667,High
C004251,2025-12-31,0.135833921281798,0.13283333333333333,Low
C004252,2025-12-31,0.956719397789881,0.7501666666666666,Critical
C004253,2025-12-31,0.9607207744438796,0.82,Critical
C004254,2025-12-31,0.9634362077242207,0.929,Critical
C004255,2025-12-31,0.2870123637284263,0.356,Low
C004256,2025-12-31,0.948462015771416,0.6945,Critical
C004257,2025-12-31,0.08874854373232617,0.06833333333333333,Low
C004258,2025-12-31,0.8757026849852365,0.6255,Critical
C004259,2025-12-31,0.9616074252762131,0.847,Critical
C004260,2025-12-31,0.40056225191278666,0.492,Medium
C004261,2025-12-31,0.24312637530187597,0.2798333333333333,Low
C004262,2025-12-31,0.24390058426821506,0.2818333333333333,Low
C004263,2025-12-31,0.30219612422417536,0.37933333333333336,Low
C004264,2025-12-31,0.25152415835242353,0.2956666666666667,Low
C004265,2025-12-31,0.19147811452830288,0.20033333333333334,Low
C004266,2025-12-31,0.2732762608329513,0.333,Low
C004267,2025-12-31,0.963047500382153,0.91,Critical
C004268,2025-12-31,0.0660527562380789,0.022333333333333334,Low
C004269,2025-12-31,0.8700482224432946,0.622,Critical
C004270,2025-12-31,0.9628346518388907,0.9003333333333333,Critical
C004271,2025-12-31,0.43976789834136626,0.5135,Medium
C004272,2025-12-31,0.3447909604316948,0.44066666666666665,Low
C004273,2025-12-31,0.0734859702277632,0.04066666666666666,Low
C004274,2025-12-31,0.27202361680517234,0.33116666666666666,Low
C004275,2025-12-31,0.06579237619546234,0.020833333333333332,Low
C004276,2025-12-31,0.1992863180939345,0.211,Low
C004277,2025-12-31,0.9576947850186673,0.7618333333333334,Critical
C004278,2025-12-31,0.9580443880101838,0.7651666666666667,Critical
C004279,2025-12-31,0.9554607964221494,0.7373333333333333,Critical
C004280,2025-12-31,0.08085989064578682,0.0555,Low
C004281,2025-12-31,0.9632421131512597,0.9201666666666667,Critical
C004282,2025-12-31,0.9231097071336963,0.6486666666666666,Critical
C004283,2025-12-31,0.9568702859298853,0.7526666666666667,Critical
C004284,2025-12-31,0.9384202741028377,0.6708333333333333,Critical
C004285,2025-12-31,0.10139281207913516,0.0895,Low
C004286,2025-12-31,0.9503259585110714,0.7038333333333333,Critical
C004287,2025-12-31,0.09630566951916784,0.08083333333333333,Low
C004288,2025-12-31,0.2622393532863727,0.31316666666666665,Low
C004289,2025-12-31,0.3681296486440913,0.464,Medium
C004290,2025-12-31,0.24540168688090205,0.2848333333333333,Low
C004291,2025-12-31,0.2094509075889525,0.22666666666666666,Low
C004292,2025-12-31,0.31794734307129596,0.4028333333333333,Low
C004293,2025-12-31,0.31081469316265625,0.39266666666666666,Low
C004294,2025-12-31,0.7499410774272112,0.594,Critical
C004295,2025-12-31,0.18032872232781197,0.18866666666666668,Low
C004296,2025-12-31,0.9636491332084978,0.9386666666666666,Critical
C004297,2025-12-31,0.9640489183548491,0.9573333333333334,Critical
C004298,2025-12-31,0.1880029914298901,0.19616666666666666,Low
C004299,2025-12-31,0.9630743989026965,0.9115,Critical
C004300,2025-12-31,0.09055613975526532,0.07133333333333333,Low
C004301,2025-12-31,0.9651247519575552,0.9835,Critical
C004302,2025-12-31,0.3793133551154968,0.4756666666666667,Medium
C004303,2025-12-31,0.9652019300288481,0.9868333333333333,Critical
C004304,2025-12-31,0.4044877667022,0.49466666666666664,Medium
C004305,2025-12-31,0.960473991854228,0.8121666666666667,Critical
C004306,2025-12-31,0.9592306640400398,0.7846666666666666,Critical
C004307,2025-12-31,0.9282968572063289,0.6545,Critical
C004308,2025-12-31,0.30046963189617903,0.37666666666666665,Low
C004309,2025-12-31,0.9615440919472507,0.8448333333333333,Critical
C004310,2025-12-31,0.06356447617667506,0.0135,Low
C004311,2025-12-31,0.848987972061806,0.6141666666666666,Critical
C004312,2025-12-31,0.33494670133773413,0.42766666666666664,Low
C004313,2025-12-31,0.9585188542263116,0.7725,Critical
C004314,2025-12-31,0.9625994644830568,0.8908333333333334,Critical
C004315,2025-12-31,0.5053456486288324,0.54,Medium
C004316,2025-12-31,0.8741407295851694,0.6245,Critical
C004317,2025-12-31,0.08727875605318726,0.06666666666666667,Low
C004318,2025-12-31,0.2874542729087563,0.3565,Low
C004319,2025-12-31,0.15838091002439356,0.16016666666666668,Low
C004320,2025-12-31,0.3159930059375193,0.399,Low
C004321,2025-12-31,0.9583202034147528,0.769,Critical
C004322,2025-12-31,0.9544150223943616,0.7293333333333333,Critical
C004323,2025-12-31,0.09739895081221085,0.08183333333333333,Low
C004324,2025-12-31,0.25844951238214464,0.30666666666666664,Low
C004325,2025-12-31,0.30192951958768033,0.379,Low
C004326,2025-12-31,0.4503119547636414,0.5193333333333333,Medium
C004327,2025-12-31,0.181051529344848,0.18883333333333333,Low
C004328,2025-12-31,0.09807015953171842,0.08316666666666667,Low
C004329,2025-12-31,0.20399850914244014,0.21833333333333332,Low
C004330,2025-12-31,0.059619353883509994,0.003,Low
C004331,2025-12-31,0.9624285406944221,0.8835,Critical
C004332,2025-12-31,0.22317449798136269,0.24933333333333332,Low
C004333,2025-12-31,0.963103436281031,0.9128333333333334,Critical
C004334,2025-12-31,0.10246840444128813,0.09166666666666666,Low
C004335,2025-12-31,0.3212718057847574,0.406,Low
C004336,2025-12-31,0.7371588852632222,0.591,Critical
C004337,2025-12-31,0.16158122981916834,0.16333333333333333,Low
C004338,2025-12-31,0.37445369568424464,0.4703333333333333,Medium
C004339,2025-12-31,0.3978017817239754,0.49,Medium
C004340,2025-12-31,0.16802679507636453,0.1725,Low
C004341,2025-12-31,0.1488277259734119,0.1475,Low
C004342,2025-12-31,0.45147217628056685,0.5196666666666667,Medium
C004343,2025-12-31,0.08288905811611912,0.059833333333333336,Low
C004344,2025-12-31,0.15568271252186092,0.15616666666666668,Low
C004345,2025-12-31,0.8180113754332429,0.6071666666666666,Critical
C004346,2025-12-31,0.1375905681090267,0.13616666666666666,Low
C004347,2025-12-31,0.9538485669400737,0.7245,Critical
C004348,2025-12-31,0.8396415487255084,0.6118333333333333,Critical
C004349,2025-12-31,0.9351779200348916,0.6636666666666666,Critical
C004350,2025-12-31,0.22925925428115004,0.25883333333333336,Low
C004351,2025-12-31,0.6120570762887229,0.5675,High
C004352,2025-12-31,0.329897473100565,0.42033333333333334,Low
C004353,2025-12-31,0.27313140018317544,0.33266666666666667,Low
C004354,2025-12-31,0.9631441965692756,0.9146666666666666,Critical
C004355,2025-12-31,0.9632308780511986,0.9196666666666666,Critical
C004356,2025-12-31,0.2013236435570828,0.21366666666666667,Low
C004357,2025-12-31,0.9473940675846021,0.6913333333333334,Critical
C004358,2025-12-31,0.24149461905984038,0.2781666666666667,Low
C004359,2025-12-31,0.22059733104368084,0.24566666666666667,Low
C004360,2025-12-31,0.12335073955415117,0.11816666666666667,Low
C004361,2025-12-31,0.9639075247118772,0.9508333333333333,Critical
C004362,2025-12-31,0.0660221280342297,0.022,Low
C004363,2025-12-31,0.9199481849365881,0.6463333333333333,Critical
C004364,2025-12-31,0.3765497017221062,0.473,Medium
C004365,2025-12-31,0.9453013839945775,0.6858333333333333,Critical
C004366,2025-12-31,0.07406980593737386,0.042166666666666665,Low
C004367,2025-12-31,0.9634965122738811,0.9318333333333333,Critical
C004368,2025-12-31,0.24402070450998362,0.2823333333333333,Low
C004369,2025-12-31,0.22859413334861156,0.25716666666666665,Low
C004370,2025-12-31,0.19092245394155893,0.19966666666666666,Low
C004371,2025-12-31,0.2513837114310637,0.29533333333333334,Low
C004372,2025-12-31,0.40127876247965294,0.4925,Medium
C004373,2025-12-31,0.08139503703396908,0.05683333333333333,Low
C004374,2025-12-31,0.11832078600218575,0.11233333333333333,Low
C004375,2025-12-31,0.9643800533384393,0.9675,Critical
C004376,2025-12-31,0.9622450789605445,0.8745,Critical
C004377,2025-12-31,0.9634621003353239,0.9306666666666666,Critical
C004378,2025-12-31,0.16599651870654591,0.16916666666666666,Low
C004379,2025-12-31,0.9597309895775603,0.7923333333333333,Critical
C004380,2025-12-31,0.3122641212521445,0.3943333333333333,Low
C004381,2025-12-31,0.3279403270545766,0.417,Low
C004382,2025-12-31,0.962274214184719,0.8758333333333334,Critical
C004383,2025-12-31,0.3939305130180186,0.48733333333333334,Medium
C004384,2025-12-31,0.25355081079791897,0.2985,Low
C004385,2025-12-31,0.9558788937251336,0.7413333333333333,Critical
C004386,2025-12-31,0.9637542600717008,0.9431666666666667,Critical
C004387,2025-12-31,0.9629705187630062,0.9051666666666667,Critical
C004388,2025-12-31,0.958206450870079,0.7673333333333333,Critical
C004389,2025-12-31,0.34076878671129435,0.43433333333333335,Low
C004390,2025-12-31,0.9631379288919003,0.9141666666666667,Critical
C004391,2025-12-31,0.9649469796890878,0.9793333333333333,Critical
C004392,2025-12-31,0.9620317476588133,0.865,Critical
C004393,2025-12-31,0.9649704295372139,0.9796666666666667,Critical
C004394,2025-12-31,0.888155225843401,0.6296666666666667,Critical
C004395,2025-12-31,0.9632679773472986,0.9213333333333333,Critical
C004396,2025-12-31,0.26671161528732523,0.31966666666666665,Low
C004397,2025-12-31,0.28138374671169325,0.3456666666666667,Low
C004398,2025-12-31,0.0932158176907788,0.07583333333333334,Low
C004399,2025-12-31,0.6053249802652082,0.5663333333333334,High
C004400,2025-12-31,0.9634331789583425,0.9286666666666666,Critical
C004401,2025-12-31,0.0625944858772038,0.010666666666666666,Low
C004402,2025-12-31,0.9388677180264248,0.6711666666666667,Critical
C004403,2025-12-31,0.9643073876818521,0.9665,Critical
C004404,2025-12-31,0.9627931699697759,0.8981666666666667,Critical
C004405,2025-12-31,0.9649056168861287,0.9783333333333334,Critical
C004406,2025-12-31,0.31200435437129687,0.39366666666666666,Low
C004407,2025-12-31,0.9607383271385054,0.8208333333333333,Critical
C004408,2025-12-31,0.5411324800140488,0.5511666666666667,Medium
C004409,2025-12-31,0.9513173483768013,0.708,Critical
C004410,2025-12-31,0.95086464253212,0.7065,Critical
C004411,2025-12-31,0.9571030208463803,0.7556666666666667,Critical
C004412,2025-12-31,0.2702853025797461,0.3268333333333333,Low
C004413,2025-12-31,0.9631624496206322,0.9151666666666667,Critical
C004414,2025-12-31,0.22319592431079696,0.2495,Low
C004415,2025-12-31,0.9651403026128555,0.9846666666666667,Critical
C004416,2025-12-31,0.21716110411069856,0.23933333333333334,Low
C004417,2025-12-31,0.9497712663248453,0.7006666666666667,Critical
C004418,2025-12-31,0.693289221367477,0.5831666666666667,High
C004419,2025-12-31,0.9601881286404419,0.8036666666666666,Critical
C004420,2025-12-31,0.22442510982628383,0.25183333333333335,Low
C004421,2025-12-31,0.9329973811530524,0.6596666666666666,Critical
C004422,2025-12-31,0.3048411393613127,0.38283333333333336,Low
C004423,2025-12-31,0.588710722922651,0.5631666666666667,High
C004424,2025-12-31,0.953886753160767,0.725,Critical
C004425,2025-12-31,0.23843659995709343,0.27366666666666667,Low
C004426,2025-12-31,0.7545207597035027,0.5951666666666666,Critical
C004427,2025-12-31,0.34373691019237734,0.439,Low
C004428,2025-12-31,0.9640599525908008,0.9581666666666667,Critical
C004429,2025-12-31,0.13400757836480812,0.1315,Low
C004430,2025-12-31,0.96391578757475,0.9514166666666667,Critical
C004431,2025-12-31,0.37943323147361374,0.47583333333333333,Medium
C004432,2025-12-31,0.06847885027832193,0.03,Low
C004433,2025-12-31,0.9591495593079196,0.7825,Critical
C004434,2025-12-31,0.07627745312032969,0.04733333333333333,Low
C004435,2025-12-31,0.18329669590603148,0.19116666666666668,Low
C004436,2025-12-31,0.2674470829954434,0.323,Low
C004437,2025-12-31,0.9647888915478026,0.9765,Critical
C004438,2025-12-31,0.898679123339015,0.633,Critical
C004439,2025-12-31,0.06850940604697978,0.030166666666666668,Low
C004440,2025-12-31,0.962676806444084,0.8939166666666667,Critical
C004441,2025-12-31,0.3627009913878092,0.4615,Medium
C004442,2025-12-31,0.9020936863145721,0.635,Critical
C004443,2025-12-31,0.9540747098507131,0.7263333333333334,Critical
C004444,2025-12-31,0.9533483447402548,0.7208333333333333,Critical
C004445,2025-12-31,0.24361032628219484,0.281,Low
C004446,2025-12-31,0.310736888080349,0.3923333333333333,Low
C004447,2025-12-31,0.22889122465987635,0.258,Low
C004448,2025-12-31,0.448865889149853,0.5183333333333333,Medium
C004449,2025-12-31,0.24515542703290408,0.2846666666666667,Low
C004450,2025-12-31,0.9514488208052411,0.7088333333333333,Critical
C004451,2025-12-31,0.8333065193126243,0.6098333333333333,Critical
C004452,2025-12-31,0.9575434320503682,0.7603333333333333,Critical
C004453,2025-12-31,0.9623992901214172,0.8823333333333333,Critical
C004454,2025-12-31,0.47297834829501356,0.5278333333333334,Medium
C004455,2025-12-31,0.16445671567446987,0.16766666666666666,Low
C004456,2025-12-31,0.19894070109492887,0.21066666666666667,Low
C004457,2025-12-31,0.11760560299159344,0.11066666666666666,Low
C004458,2025-12-31,0.2876358735482557,0.35683333333333334,Low
C004459,2025-12-31,0.9652933522375791,0.989,Critical
C004460,2025-12-31,0.9617364415071624,0.852,Critical
C004461,2025-12-31,0.21495514294204118,0.2355,Low
C004462,2025-12-31,0.17704008441036442,0.18516666666666667,Low
C004463,2025-12-31,0.3633882639674346,0.46216666666666667,Medium
C004464,2025-12-31,0.13491094009619095,0.13266666666666665,Low
C004465,2025-12-31,0.34208350466663534,0.43716666666666665,Low
C004466,2025-12-31,0.14503415632170724,0.14216666666666666,Low
C004467,2025-12-31,0.16688073827052605,0.17066666666666666,Low
C004468,2025-12-31,0.9615822369693675,0.8461666666666666,Critical
C004469,2025-12-31,0.9606709651161066,0.8176666666666667,Critical
C004470,2025-12-31,0.21409008448629205,0.2345,Low
C004471,2025-12-31,0.9596617363289194,0.791,Critical
C004472,2025-12-31,0.9603313187061949,0.8066666666666666,Critical
C004473,2025-12-31,0.07154981788700161,0.03716666666666667,Low
C004474,2025-12-31,0.09312666504387697,0.07566666666666666,Low
C004475,2025-12-31,0.2795052053779119,0.3433333333333333,Low
C004476,2025-12-31,0.2381978623551251,0.2733333333333333,Low
C004477,2025-12-31,0.9653691430800014,0.9913333333333333,Critical
C004478,2025-12-31,0.9019010669845192,0.6348333333333334,Critical
C004479,2025-12-31,0.289814954532972,0.3605,Low
C004480,2025-12-31,0.9225223398992591,0.6476666666666666,Critical
C004481,2025-12-31,0.9639817004418804,0.9541666666666667,Critical
C004482,2025-12-31,0.31626025892027704,0.39966666666666667,Low
C004483,2025-12-31,0.5165012129942789,0.5443333333333333,Medium
C004484,2025-12-31,0.329432738721311,0.4191666666666667,Low
C004485,2025-12-31,0.20409688494684095,0.21866666666666668,Low
C004486,2025-12-31,0.19856845282851468,0.20983333333333334,Low
C004487,2025-12-31,0.2559994892833388,0.3025,Low
C004488,2025-12-31,0.9601529884096448,0.8016666666666666,Critical
C004489,2025-12-31,0.18862176215040358,0.19716666666666666,Low
C004490,2025-12-31,0.07278353022273247,0.03966666666666667,Low
C004491,2025-12-31,0.37025330592825095,0.4663333333333333,Medium
C004492,2025-12-31,0.6175820544011776,0.5688333333333333,High
C004493,2025-12-31,0.9592216032167077,0.7841666666666667,Critical
C004494,2025-12-31,0.29450848139663804,0.3685,Low
C004495,2025-12-31,0.9565186627464596,0.7483333333333333,Critical
C004496,2025-12-31,0.9657720334354386,0.9993333333333333,Critical
C004497,2025-12-31,0.329604278672812,0.41933333333333334,Low
C004498,2025-12-31,0.34766981161666594,0.44583333333333336,Low
C004499,2025-12-31,0.268438950368913,0.3243333333333333,Low
C004500,2025-12-31,0.06253309289437775,0.0105,Low
C004501,2025-12-31,0.14465628402811107,0.14183333333333334,Low
C004502,2025-12-31,0.9619341879808253,0.8616666666666667,Critical
C004503,2025-12-31,0.15108571121771916,0.151,Low
C004504,2025-12-31,0.9652497385912179,0.9883333333333333,Critical
C004505,2025-12-31,0.32143081373668153,0.4061666666666667,Low
C004506,2025-12-31,0.32556774579160636,0.4126666666666667,Low
C004507,2025-12-31,0.9593043438717764,0.7856666666666666,Critical
C004508,2025-12-31,0.9651349756966736,0.9841666666666666,Critical
C004509,2025-12-31,0.9551249232573542,0.7353333333333333,Critical
C004510,2025-12-31,0.7335684569932696,0.5901666666666666,Critical
C004511,2025-12-31,0.24870398136474006,0.2905,Low
C004512,2025-12-31,0.06539665092733295,0.019333333333333334,Low
C004513,2025-12-31,0.9634484808163594,0.9296666666666666,Critical
C004514,2025-12-31,0.4848591622036352,0.5321666666666667,Medium
C004515,2025-12-31,0.8491217686749036,0.6143333333333333,Critical
C004516,2025-12-31,0.3685695101863368,0.4643333333333333,Medium
C004517,2025-12-31,0.350369861932937,0.4493333333333333,Medium
C004518,2025-12-31,0.2254795364450267,0.25366666666666665,Low
C004519,2025-12-31,0.9564071760072107,0.747,Critical
C004520,2025-12-31,0.059985401222380795,0.0036666666666666666,Low
C004521,2025-12-31,0.12090448952597645,0.11533333333333333,Low
C004522,2025-12-31,0.9614825202784375,0.8425,Critical
C004523,2025-12-31,0.27173469085456886,0.3303333333333333,Low
C004524,2025-12-31,0.9615709147809061,0.8456666666666667,Critical
C004525,2025-12-31,0.15840831898157506,0.1605,Low
C004526,2025-12-31,0.7799889880217834,0.6,Critical
C004527,2025-12-31,0.9606960814162293,0.8188333333333333,Critical
C004528,2025-12-31,0.6415050300400094,0.573,High
C004529,2025-12-31,0.17158687716374885,0.17866666666666667,Low
C004530,2025-12-31,0.12120058908045626,0.11583333333333333,Low
C004531,2025-12-31,0.9430341587148061,0.6788333333333333,Critical
C004532,2025-12-31,0.20557697568041777,0.22133333333333333,Low
C004533,2025-12-31,0.17825170581397756,0.18666666666666668,Low
C004534,2025-12-31,0.9571319797213595,0.7563333333333333,Critical
C004535,2025-12-31,0.09760850754538979,0.08216666666666667,Low
C004536,2025-12-31,0.06483924863944641,0.0175,Low
C004537,2025-12-31,0.5957774809126656,0.5643333333333334,High
C004538,2025-12-31,0.8451131444799366,0.6133333333333333,Critical
C004539,2025-12-31,0.4648458659045443,0.5255,Medium
C004540,2025-12-31,0.2862771609994225,0.353,Low
C004541,2025-12-31,0.7518703016021969,0.5943333333333334,Critical
C004542,2025-12-31,0.09185035596080332,0.07416666666666667,Low
C004543,2025-12-31,0.9568140036860814,0.752,Critical
C004544,2025-12-31,0.3250084278688921,0.4116666666666667,Low
C004545,2025-12-31,0.24890901705970744,0.291,Low
C004546,2025-12-31,0.3449796584125316,0.44183333333333336,Low
C004547,2025-12-31,0.9603354409366057,0.8071666666666667,Critical
C004548,2025-12-31,0.2187306250863316,0.24166666666666667,Low
C004549,2025-12-31,0.9626915685696201,0.895,Critical
C004550,2025-12-31,0.4098371544579433,0.49616666666666664,Medium
C004551,2025-12-31,0.1557759016898392,0.15633333333333332,Low
C004552,2025-12-31,0.9637282463055074,0.942,Critical
C004553,2025-12-31,0.08877344940497772,0.0685,Low
C004554,2025-12-31,0.9570058513221259,0.754,Critical
C004555,2025-12-31,0.9649038896502179,0.9781666666666666,Critical
C004556,2025-12-31,0.15155349210532368,0.1515,Low
C004557,2025-12-31,0.3387613334650567,0.43233333333333335,Low
C004558,2025-12-31,0.7570941288068377,0.5955,Critical
C004559,2025-12-31,0.06196678911028161,0.008333333333333333,Low
C004560,2025-12-31,0.07983867572402355,0.05366666666666667,Low
C004561,2025-12-31,0.9396966353574236,0.6721666666666667,Critical
C004562,2025-12-31,0.9650094105873692,0.9805,Critical
C004563,2025-12-31,0.1616727273287384,0.16366666666666665,Low
C004564,2025-12-31,0.5496371689479357,0.553,Medium
C004565,2025-12-31,0.38002574626170205,0.477,Medium
C004566,2025-12-31,0.2564903572690592,0.30366666666666664,Low
C004567,2025-12-31,0.9635002588215501,0.9321666666666667,Critical
C004568,2025-12-31,0.5845712009882028,0.5625,High
C004569,2025-12-31,0.2497658987348661,0.2921666666666667,Low
C004570,2025-12-31,0.13374473899589384,0.131,Low
C004571,2025-12-31,0.32740108599402434,0.415,Low
C004572,2025-12-31,0.27285884761075113,0.3323333333333333,Low
C004573,2025-12-31,0.32891880090044007,0.41833333333333333,Low
C004574,2025-12-31,0.07177410807120058,0.0375,Low
C004575,2025-12-31,0.29942625357662456,0.37533333333333335,Low
C004576,2025-12-31,0.9637201341932613,0.9415,Critical
C004577,2025-12-31,0.9289647587956988,0.6556666666666666,Critical
C004578,2025-12-31,0.24323864775994872,0.2806666666666667,Low
C004579,2025-12-31,0.3781691161698834,0.47483333333333333,Medium
C004580,2025-12-31,0.9543589840926048,0.7288333333333333,Critical
C004581,2025-12-31,0.3799836423915843,0.47683333333333333,Medium
C004582,2025-12-31,0.9469717654449888,0.6898333333333333,Critical
C004583,2025-12-31,0.12543035596527521,0.12066666666666667,Low
C004584,2025-12-31,0.9610118743090599,0.8273333333333334,Critical
C004585,2025-12-31,0.06522177594573299,0.018,Low
C004586,2025-12-31,0.9618587071324528,0.8578333333333333,Critical
C004587,2025-12-31,0.9599361596125052,0.7966666666666666,Critical
C004588,2025-12-31,0.9556060319895406,0.7393333333333333,Critical
C004589,2025-12-31,0.22055419812443144,0.24533333333333332,Low
C004590,2025-12-31,0.9613311366528011,0.8383333333333334,Critical
C004591,2025-12-31,0.9358700168196933,0.6658333333333334,Critical
C004592,2025-12-31,0.9561743872382747,0.7436666666666667,Critical
C004593,2025-12-31,0.31592904750474965,0.39866666666666667,Low
C004594,2025-12-31,0.44993031259816907,0.5186666666666667,Medium
C004595,2025-12-31,0.9533285943033936,0.7205,Critical
C004596,2025-12-31,0.24240234083728737,0.2791666666666667,Low
C004597,2025-12-31,0.1347642593501456,0.13233333333333333,Low
C004598,2025-12-31,0.2891960326652301,0.3591666666666667,Low
C004599,2025-12-31,0.22106869781257524,0.246,Low
C004600,2025-12-31,0.957464086987903,0.7595,Critical
C004601,2025-12-31,0.13899085946459958,0.137,Low
C004602,2025-12-31,0.09187696701225938,0.07433333333333333,Low
C004603,2025-12-31,0.09989942429098218,0.08716666666666667,Low
C004604,2025-12-31,0.7285010770539678,0.5885,Critical
C004605,2025-12-31,0.962987232372554,0.9061666666666667,Critical
C004606,2025-12-31,0.35969003595925786,0.4593333333333333,Medium
C004607,2025-12-31,0.3328305949823796,0.4255,Low
C004608,2025-12-31,0.9614163416872756,0.8401666666666666,Critical
C004609,2025-12-31,0.1865849945077884,0.19483333333333333,Low
C004610,2025-12-31,0.9630856324399844,0.912,Critical
C004611,2025-12-31,0.9367036248241581,0.6676666666666666,Critical
C004612,2025-12-31,0.08064800529779155,0.05483333333333333,Low
C004613,2025-12-31,0.25970178221565204,0.30816666666666664,Low
C004614,2025-12-31,0.16909430997044325,0.17533333333333334,Low
C004615,2025-12-31,0.10755991148588083,0.0975,Low
C004616,2025-12-31,0.09913572859036968,0.08566666666666667,Low
C004617,2025-12-31,0.9654008341363141,0.992,Critical
C004618,2025-12-31,0.9637568940850202,0.9433333333333334,Critical
C004619,2025-12-31,0.9528217679631368,0.7156666666666667,Critical
C004620,2025-12-31,0.688335148545979,0.582,High
C004621,2025-12-31,0.07681679880854665,0.04816666666666667,Low
C004622,2025-12-31,0.10868195140120707,0.099,Low
C004623,2025-12-31,0.3489365875596055,0.4475,Low
C004624,2025-12-31,0.9622307197982957,0.8736666666666667,Critical
C004625,2025-12-31,0.27950294604053916,0.3431666666666667,Low
C004626,2025-12-31,0.9580747246326814,0.7656666666666667,Critical
C004627,2025-12-31,0.9567342444806447,0.7505,Critical
C004628,2025-12-31,0.7993313698889004,0.6036666666666667,Critical
C004629,2025-12-31,0.8974605587594011,0.6326666666666667,Critical
C004630,2025-12-31,0.9588930227024006,0.7791666666666667,Critical
C004631,2025-12-31,0.9302432120171247,0.657,Critical
C004632,2025-12-31,0.95996663457242,0.7973333333333333,Critical
C004633,2025-12-31,0.9625770318344588,0.8903333333333333,Critical
C004634,2025-12-31,0.9550447230172611,0.7336666666666667,Critical
C004635,2025-12-31,0.9613082074608498,0.8378333333333333,Critical
C004636,2025-12-31,0.22002312450115533,0.24383333333333335,Low
C004637,2025-12-31,0.42508246315565207,0.5051666666666667,Medium
C004638,2025-12-31,0.9601855036511194,0.8035,Critical
C004639,2025-12-31,0.940954580374096,0.6753333333333333,Critical
C004640,2025-12-31,0.29412024894934147,0.36766666666666664,Low
C004641,2025-12-31,0.43433735261281,0.5111666666666667,Medium
C004642,2025-12-31,0.15068146763498627,0.15016666666666667,Low
C004643,2025-12-31,0.21682264708254748,0.23883333333333334,Low
C004644,2025-12-31,0.8216324227865295,0.608,Critical
C004645,2025-12-31,0.19992798383113383,0.2115,Low
C004646,2025-12-31,0.5256899115478447,0.5473333333333333,Medium
C004647,2025-12-31,0.9592347822307538,0.7848333333333334,Critical
C004648,2025-12-31,0.19221515630666267,0.20166666666666666,Low
C004649,2025-12-31,0.23581512354330061,0.2688333333333333,Low
C004650,2025-12-31,0.9612408672094926,0.8358333333333333,Critical
C004651,2025-12-31,0.3074296999162848,0.387,Low
C004652,2025-12-31,0.9618142788285162,0.8556666666666667,Critical
C004653,2025-12-31,0.13647647714118885,0.13483333333333333,Low
C004654,2025-12-31,0.20572918883685776,0.2215,Low
C004655,2025-12-31,0.9499382540427933,0.7013333333333334,Critical
C004656,2025-12-31,0.9610602326769139,0.8298333333333333,Critical
C004657,2025-12-31,0.9605944566215507,0.8151666666666667,Critical
C004658,2025-12-31,0.13645126867083363,0.1345,Low
C004659,2025-12-31,0.8032428965621928,0.6041666666666666,Critical
C004660,2025-12-31,0.07305452709552432,0.0405,Low
C004661,2025-12-31,0.2822051424959031,0.3471666666666667,Low
C004662,2025-12-31,0.9448928875211832,0.6838333333333333,Critical
C004663,2025-12-31,0.9618849488265194,0.8586666666666667,Critical
C004664,2025-12-31,0.12078041894819865,0.11516666666666667,Low
C004665,2025-12-31,0.9562498177878718,0.7445,Critical
C004666,2025-12-31,0.0869338501467624,0.06633333333333333,Low
C004667,2025-12-31,0.7659411023809243,0.5975,Critical
C004668,2025-12-31,0.24680794303065498,0.2875,Low
C004669,2025-12-31,0.20451712069492592,0.21983333333333333,Low
C004670,2025-12-31,0.9620212003484038,0.8645,Critical
C004671,2025-12-31,0.29437277281343105,0.368,Low
C004672,2025-12-31,0.06042748424965206,0.005333333333333333,Low
C004673,2025-12-31,0.9540411148752309,0.726,Critical
C004674,2025-12-31,0.2063979685964329,0.223,Low
C004675,2025-12-31,0.16773036236241168,0.17216666666666666,Low
C004676,2025-12-31,0.9635133593898174,0.933,Critical
C004677,2025-12-31,0.06806298684890028,0.0285,Low
C004678,2025-12-31,0.13613958550853242,0.13366666666666666,Low
C004679,2025-12-31,0.9569481213953098,0.7533333333333333,Critical
C004680,2025-12-31,0.2309144514943684,0.2613333333333333,Low
C004681,2025-12-31,0.23671844962347013,0.2708333333333333,Low
C004682,2025-12-31,0.4151253912436752,0.5003333333333333,Medium
C004683,2025-12-31,0.9394956401659966,0.6718333333333333,Critical
C004684,2025-12-31,0.26132579860387456,0.312,Low
C004685,2025-12-31,0.3720909979358269,0.4681666666666667,Medium
C004686,2025-12-31,0.961807929477036,0.855,Critical
C004687,2025-12-31,0.9627361368551254,0.8965,Critical
C004688,2025-12-31,0.9479392898531565,0.6928333333333333,Critical
C004689,2025-12-31,0.9651363028950423,0.9843333333333333,Critical
C004690,2025-12-31,0.21403963266431203,0.23433333333333334,Low
C004691,2025-12-31,0.26576357729694317,0.319,Low
C004692,2025-12-31,0.49561487981714913,0.5358333333333334,Medium
C004693,2025-12-31,0.9612125998478905,0.8339166666666666,Critical
C004694,2025-12-31,0.9634198643297426,0.9283333333333333,Critical
C004695,2025-12-31,0.9596899984253205,0.7915,Critical
C004696,2025-12-31,0.43233869886746845,0.5101666666666667,Medium
C004697,2025-12-31,0.1202589826756839,0.11433333333333333,Low
C004698,2025-12-31,0.3555755944791084,0.45566666666666666,Medium
C004699,2025-12-31,0.9640758586547179,0.9593333333333334,Critical
C004700,2025-12-31,0.9549969482469055,0.7335,Critical
C004701,2025-12-31,0.4846404009674301,0.5316666666666666,Medium
C004702,2025-12-31,0.9653731433584944,0.9915,Critical
C004703,2025-12-31,0.9407871565607456,0.6748333333333333,Critical
C004704,2025-12-31,0.3391687840677912,0.43266666666666664,Low
C004705,2025-12-31,0.28737104669291497,0.35633333333333334,Low
C004706,2025-12-31,0.9590582946458,0.781,Critical
C004707,2025-12-31,0.8631692263719503,0.6185,Critical
C004708,2025-12-31,0.965645887046039,0.9961666666666666,Critical
C004709,2025-12-31,0.06424269612508084,0.015333333333333332,Low
C004710,2025-12-31,0.09472269671834564,0.07933333333333334,Low
C004711,2025-12-31,0.3296102511377517,0.4196666666666667,Low
C004712,2025-12-31,0.9402638776211977,0.6735,Critical
C004713,2025-12-31,0.343325902559676,0.43883333333333335,Low
C004714,2025-12-31,0.9531528362009759,0.7181666666666666,Critical
C004715,2025-12-31,0.9630149368938022,0.9075,Critical
C004716,2025-12-31,0.9411439146185009,0.6755,Critical
C004717,2025-12-31,0.4642152117768659,0.5253333333333333,Medium
C004718,2025-12-31,0.9604648684620409,0.8111666666666667,Critical
C004719,2025-12-31,0.21611252647119705,0.2375,Low
C004720,2025-12-31,0.22818842908311013,0.25633333333333336,Low
C004721,2025-12-31,0.23976765597020308,0.2753333333333333,Low
C004722,2025-12-31,0.2568615844704501,0.30433333333333334,Low
C004723,2025-12-31,0.9655234246844419,0.9936666666666667,Critical
C004724,2025-12-31,0.31604382345477305,0.39916666666666667,Low
C004725,2025-12-31,0.9619135202119757,0.8605,Critical
C004726,2025-12-31,0.9639396065456917,0.9526666666666667,Critical
C004727,2025-12-31,0.4621624108717535,0.5243333333333333,Medium
C004728,2025-12-31,0.9298987411906872,0.6566666666666666,Critical
C004729,2025-12-31,0.2715994297265773,0.3298333333333333,Low
C004730,2025-12-31,0.1191851398390406,0.113,Low
C004731,2025-12-31,0.10176635465821054,0.09016666666666667,Low
C004732,2025-12-31,0.11089418061293393,0.10216666666666667,Low
C004733,2025-12-31,0.9367595980234659,0.6678333333333333,Critical
C004734,2025-12-31,0.24077547441904165,0.2763333333333333,Low
C004735,2025-12-31,0.9632522679708702,0.921,Critical
C004736,2025-12-31,0.37576414358487953,0.4723333333333333,Medium
C004737,2025-12-31,0.22196437870521066,0.24783333333333332,Low
C004738,2025-12-31,0.931933084448052,0.6586666666666666,Critical
C004739,2025-12-31,0.332304475931591,0.424,Low
C004740,2025-12-31,0.10510980641313002,0.09466666666666666,Low
C004741,2025-12-31,0.3124795358286758,0.39466666666666667,Low
C004742,2025-12-31,0.9478174418965805,0.6923333333333334,Critical
C004743,2025-12-31,0.3781341651924854,0.4746666666666667,Medium
C004744,2025-12-31,0.9629495910548989,0.904,Critical
C004745,2025-12-31,0.18173851629423232,0.18933333333333333,Low
C004746,2025-12-31,0.9639065114763725,0.9506666666666667,Critical
C004747,2025-12-31,0.3139285369009234,0.39666666666666667,Low
C004748,2025-12-31,0.06000693575888013,0.003833333333333333,Low
C004749,2025-12-31,0.9607188892492576,0.8198333333333333,Critical
C004750,2025-12-31,0.9632751138918948,0.9221666666666667,Critical
C004751,2025-12-31,0.16762154749933053,0.17166666666666666,Low
C004752,2025-12-31,0.8602725552269849,0.6175,Critical
C004753,2025-12-31,0.9608710269012309,0.8241666666666667,Critical
C004754,2025-12-31,0.11632823064263141,0.1085,Low
C004755,2025-12-31,0.14709124710929194,0.144,Low
C004756,2025-12-31,0.07271632558842105,0.03916666666666667,Low
C004757,2025-12-31,0.4077038007382125,0.4955,Medium
C004758,2025-12-31,0.9278914768546431,0.6541666666666667,Critical
C004759,2025-12-31,0.9534363238386501,0.7216666666666667,Critical
C004760,2025-12-31,0.3504859540328411,0.4495,Medium
C004761,2025-12-31,0.9630530757163632,0.9101666666666667,Critical
C004762,2025-12-31,0.24352812857743036,0.2808333333333333,Low
C004763,2025-12-31,0.2536090526455183,0.29883333333333334,Low
C004764,2025-12-31,0.6903621754880441,0.5825,High
C004765,2025-12-31,0.2551918651057496,0.30133333333333334,Low
C004766,2025-12-31,0.9602082571851804,0.8043333333333333,Critical
C004767,2025-12-31,0.9612106743066807,0.8336666666666667,Critical
C004768,2025-12-31,0.3115425620604087,0.39316666666666666,Low
C004769,2025-12-31,0.9530538411516325,0.7176666666666667,Critical
C004770,2025-12-31,0.24601122233336017,0.2865,Low
C004771,2025-12-31,0.9636271538720824,0.9373333333333334,Critical
C004772,2025-12-31,0.36260774408262225,0.4613333333333333,Medium
C004773,2025-12-31,0.96371900880215,0.9413333333333334,Critical
C004774,2025-12-31,0.9337720076544905,0.6605,Critical
C004775,2025-12-31,0.9561935929164646,0.7438333333333333,Critical
C004776,2025-12-31,0.2828912290930747,0.348,Low
C004777,2025-12-31,0.41542629098944267,0.5006666666666667,Medium
C004778,2025-12-31,0.44320361298449873,0.5156666666666667,Medium
C004779,2025-12-31,0.22449310884194482,0.252,Low
C004780,2025-12-31,0.1971683937479187,0.20766666666666667,Low
C004781,2025-12-31,0.7958696865421091,0.6026666666666667,Critical
C004782,2025-12-31,0.2202056225254753,0.24433333333333335,Low
C004783,2025-12-31,0.17319344590127841,0.18033333333333335,Low
C004784,2025-12-31,0.2107964900194195,0.229,Low
C004785,2025-12-31,0.9015192803660712,0.6346666666666667,Critical
C004786,2025-12-31,0.3529125929064945,0.4518333333333333,Medium
C004787,2025-12-31,0.962971060451372,0.9053333333333333,Critical
C004788,2025-12-31,0.963866191910185,0.9488333333333333,Critical
C004789,2025-12-31,0.949020150372582,0.6975,Critical
C004790,2025-12-31,0.11532486824650214,0.10716666666666666,Low
C004791,2025-12-31,0.9503374542725537,0.7041666666666667,Critical
C004792,2025-12-31,0.5310465684571352,0.5495,Medium
C004793,2025-12-31,0.15238418968857073,0.15316666666666667,Low
C004794,2025-12-31,0.9442358632401637,0.6823333333333333,Critical
C004795,2025-12-31,0.2614731671437405,0.31216666666666665,Low
C004796,2025-12-31,0.9452175329391411,0.6848333333333333,Critical
C004797,2025-12-31,0.38916926553359593,0.4845,Medium
C004798,2025-12-31,0.9628208031556585,0.8993333333333333,Critical
C004799,2025-12-31,0.9622951949639432,0.8765,Critical
C004800,2025-12-31,0.9650385695174704,0.981,Critical
C004801,2025-12-31,0.29822299350339376,0.3735,Low
C004802,2025-12-31,0.9629690527823564,0.905,Critical
C004803,2025-12-31,0.9624037925720099,0.8825,Critical
C004804,2025-12-31,0.30172239474604673,0.37866666666666665,Low
C004805,2025-12-31,0.34669948030095205,0.4445,Low
C004806,2025-12-31,0.2610801893510208,0.31116666666666665,Low
C004807,2025-12-31,0.9612170208131757,0.8343333333333334,Critical
C004808,2025-12-31,0.34925424904290076,0.44783333333333336,Low
C004809,2025-12-31,0.13371177108212604,0.13083333333333333,Low
C004810,2025-12-31,0.249796709210099,0.29233333333333333,Low
C004811,2025-12-31,0.062463925974645146,0.010333333333333333,Low
C004812,2025-12-31,0.9657622805895492,0.9991666666666666,Critical
C004813,2025-12-31,0.9517563734646997,0.71,Critical
C004814,2025-12-31,0.9598578054013607,0.7945,Critical
C004815,2025-12-31,0.1489448901142637,0.14766666666666667,Low
C004816,2025-12-31,0.960470813435253,0.8116666666666666,Critical
C004817,2025-12-31,0.6573125741923787,0.5753333333333334,High
C004818,2025-12-31,0.9253452795043806,0.6518333333333334,Critical
C004819,2025-12-31,0.9505924309397648,0.7053333333333334,Critical
C004820,2025-12-31,0.1946871197581308,0.20583333333333334,Low
C004821,2025-12-31,0.9527093351324935,0.7148333333333333,Critical
C004822,2025-12-31,0.27031670142569225,0.32716666666666666,Low
C004823,2025-12-31,0.3419232963377552,0.43633333333333335,Low
C004824,2025-12-31,0.7578233736604308,0.596,Critical
C004825,2025-12-31,0.13036497524537008,0.12683333333333333,Low
C004826,2025-12-31,0.2668353287562508,0.32033333333333336,Low
C004827,2025-12-31,0.284577982576792,0.35033333333333333,Low
C004828,2025-12-31,0.12127720834595412,0.116,Low
C004829,2025-12-31,0.9551963572372525,0.7358333333333333,Critical
C004830,2025-12-31,0.33087470918165246,0.4216666666666667,Low
C004831,2025-12-31,0.24162587809256028,0.2785,Low
C004832,2025-12-31,0.1886594685258014,0.19733333333333333,Low
C004833,2025-12-31,0.9637269587557814,0.9416666666666667,Critical
C004834,2025-12-31,0.14688641530306626,0.14383333333333334,Low
C004835,2025-12-31,0.9612222595094989,0.8351666666666666,Critical
C004836,2025-12-31,0.962331329240087,0.8778333333333334,Critical
C004837,2025-12-31,0.9601701317307715,0.803,Critical
C004838,2025-12-31,0.31194121236195943,0.3935,Low
C004839,2025-12-31,0.08145771136077729,0.05733333333333333,Low
C004840,2025-12-31,0.3723953412573167,0.4686666666666667,Medium
C004841,2025-12-31,0.3749167038108932,0.4708333333333333,Medium
C004842,2025-12-31,0.26754697696171825,0.32316666666666666,Low
C004843,2025-12-31,0.24422540033586213,0.283,Low
C004844,2025-12-31,0.9604218019903025,0.8091666666666667,Critical
C004845,2025-12-31,0.9573330727428306,0.7588333333333334,Critical
C004846,2025-12-31,0.19301900287091533,0.203,Low
C004847,2025-12-31,0.9609386596913047,0.825,Critical
C004848,2025-12-31,0.27533550102722154,0.3363333333333333,Low
C004849,2025-12-31,0.9585166820340253,0.7723333333333333,Critical
C004850,2025-12-31,0.2162248882412187,0.238,Low
C004851,2025-12-31,0.9606042695667537,0.8158333333333333,Critical
C004852,2025-12-31,0.9630868707116492,0.9121666666666667,Critical
C004853,2025-12-31,0.19261824391022084,0.20216666666666666,Low
C004854,2025-12-31,0.2780671128081514,0.3413333333333333,Low
C004855,2025-12-31,0.10627229249597848,0.09566666666666666,Low
C004856,2025-12-31,0.9632571660206146,0.9211666666666667,Critical
C004857,2025-12-31,0.3470407574577738,0.445,Low
C004858,2025-12-31,0.9606131156358989,0.816,Critical
C004859,2025-12-31,0.9442448372137281,0.6825,Critical
C004860,2025-12-31,0.9626798323627278,0.8945,Critical
C004861,2025-12-31,0.25032462241090336,0.29333333333333333,Low
C004862,2025-12-31,0.9580604394934372,0.7655,Critical
C004863,2025-12-31,0.21057719788202292,0.22833333333333333,Low
C004864,2025-12-31,0.3836305840469469,0.47983333333333333,Medium
C004865,2025-12-31,0.9609525965415188,0.8251666666666667,Critical
C004866,2025-12-31,0.948836249516817,0.697,Critical
C004867,2025-12-31,0.9608489371951237,0.8225,Critical
C004868,2025-12-31,0.9632282168476092,0.9193333333333333,Critical
C004869,2025-12-31,0.4269219127747805,0.5065,Medium
C004870,2025-12-31,0.941394746558211,0.6756666666666666,Critical
C004871,2025-12-31,0.34979481395062145,0.4485,Low
C004872,2025-12-31,0.3669191414601764,0.46366666666666667,Medium
C004873,2025-12-31,0.0708514954841528,0.036,Low
C004874,2025-12-31,0.9619712402650805,0.8625,Critical
C004875,2025-12-31,0.1466820070234665,0.1435,Low
C004876,2025-12-31,0.9544352310169146,0.7295,Critical
C004877,2025-12-31,0.20841257859852702,0.2255,Low
C004878,2025-12-31,0.06160826728724697,0.007333333333333333,Low
C004879,2025-12-31,0.9634232244515996,0.9285,Critical
C004880,2025-12-31,0.12148950421362635,0.11666666666666667,Low
C004881,2025-12-31,0.2704356445290896,0.3275,Low
C004882,2025-12-31,0.5984608681403092,0.5648333333333333,High
C004883,2025-12-31,0.07738622283167798,0.049666666666666665,Low
C004884,2025-12-31,0.2067319939958455,0.22366666666666668,Low
C004885,2025-12-31,0.963467667197048,0.931,Critical
C004886,2025-12-31,0.06808851820273111,0.028833333333333332,Low
C004887,2025-12-31,0.8228723935969094,0.6081666666666666,Critical
C004888,2025-12-31,0.9645195335764504,0.97,Critical
C004889,2025-12-31,0.946566871591055,0.6886666666666666,Critical
C004890,2025-12-31,0.9634592671326763,0.9303333333333333,Critical
C004891,2025-12-31,0.77246063061253,0.5988333333333333,Critical
C004892,2025-12-31,0.9651408782618294,0.9848333333333333,Critical
C004893,2025-12-31,0.2897772765746118,0.3601666666666667,Low
C004894,2025-12-31,0.9637849444368703,0.9451666666666667,Critical
C004895,2025-12-31,0.29949263740647797,0.3755,Low
C004896,2025-12-31,0.9617065479588485,0.8508333333333333,Critical
C004897,2025-12-31,0.5731159618425531,0.5591666666666667,High
C004898,2025-12-31,0.3816359802107449,0.47833333333333333,Medium
C004899,2025-12-31,0.39754768621729214,0.48983333333333334,Medium
C004900,2025-12-31,0.27453706265270805,0.3353333333333333,Low
C004901,2025-12-31,0.3155492353876935,0.3983333333333333,Low
C004902,2025-12-31,0.265109034024647,0.317,Low
C004903,2025-12-31,0.327403855670228,0.4151666666666667,Low
C004904,2025-12-31,0.955556690515318,0.7383333333333333,Critical
C004905,2025-12-31,0.2758057497707019,0.3373333333333333,Low
C004906,2025-12-31,0.935510621712128,0.665,Critical
C004907,2025-12-31,0.5332490553061341,0.55,Medium
C004908,2025-12-31,0.3429906184875143,0.43783333333333335,Low
C004909,2025-12-31,0.9054429555474658,0.6363333333333333,Critical
C004910,2025-12-31,0.9619948378024361,0.8631666666666666,Critical
C004911,2025-12-31,0.9653432991410691,0.9901666666666666,Critical
C004912,2025-12-31,0.8713595949535309,0.6226666666666667,Critical
C004913,2025-12-31,0.3256865024175483,0.413,Low
C004914,2025-12-31,0.07303541227640115,0.04033333333333333,Low
C004915,2025-12-31,0.9364384317461169,0.667,Critical
C004916,2025-12-31,0.9568810119053986,0.7528333333333334,Critical
C004917,2025-12-31,0.21772793012125216,0.24016666666666667,Low
C004918,2025-12-31,0.4583825995624978,0.5223333333333333,Medium
C004919,2025-12-31,0.1873030466138558,0.19566666666666666,Low
C004920,2025-12-31,0.9316371413254604,0.6583333333333333,Critical
C004921,2025-12-31,0.9581011833643115,0.7658333333333334,Critical
C004922,2025-12-31,0.0899827365029809,0.0705,Low
C004923,2025-12-31,0.33146587127982846,0.42233333333333334,Low
C004924,2025-12-31,0.9467034741817032,0.689,Critical
C004925,2025-12-31,0.7448902866911213,0.5928333333333333,Critical
C004926,2025-12-31,0.16873347832745345,0.174,Low
C004927,2025-12-31,0.2518619411821727,0.2961666666666667,Low
C004928,2025-12-31,0.4950326189133176,0.5355,Medium
C004929,2025-12-31,0.9570913549393884,0.7551666666666667,Critical
C004930,2025-12-31,0.19857192102876978,0.21,Low
C004931,2025-12-31,0.9617904378729613,0.8545,Critical
C004932,2025-12-31,0.3246161970696453,0.41083333333333333,Low
C004933,2025-12-31,0.10020880362191605,0.08816666666666667,Low
C004934,2025-12-31,0.2776075088872541,0.3405,Low
C004935,2025-12-31,0.9602217675844184,0.8045,Critical
C004936,2025-12-31,0.19014259374503753,0.19883333333333333,Low
C004937,2025-12-31,0.11912377237708728,0.11283333333333333,Low
C004938,2025-12-31,0.8730089546379866,0.6238333333333334,Critical
C004939,2025-12-31,0.1900144870320735,0.19866666666666666,Low
C004940,2025-12-31,0.12492712706248844,0.12016666666666667,Low
C004941,2025-12-31,0.23664731463501434,0.27066666666666667,Low
C004942,2025-12-31,0.13358198966015897,0.13066666666666665,Low
C004943,2025-12-31,0.823435974015975,0.6083333333333333,Critical
C004944,2025-12-31,0.9618425559674705,0.8568333333333333,Critical
C004945,2025-12-31,0.9198217190988159,0.6461666666666667,Critical
C004946,2025-12-31,0.06095750216948487,0.0065,Low
C004947,2025-12-31,0.4136099628346392,0.49933333333333335,Medium
C004948,2025-12-31,0.9610284689182494,0.8283333333333334,Critical
C004949,2025-12-31,0.9634584444032862,0.93,Critical
C004950,2025-12-31,0.09415533721098075,0.0775,Low
C004951,2025-12-31,0.06377762372206076,0.013833333333333333,Low
C004952,2025-12-31,0.14343491121735746,0.14083333333333334,Low
C004953,2025-12-31,0.07249085254374142,0.03866666666666667,Low
C004954,2025-12-31,0.9618935234529765,0.8591666666666666,Critical
C004955,2025-12-31,0.3254161670970583,0.4125,Low
C004956,2025-12-31,0.9481069830675651,0.6935,Critical
C004957,2025-12-31,0.1523878345012246,0.15333333333333332,Low
C004958,2025-12-31,0.09728984131832058,0.08166666666666667,Low
C004959,2025-12-31,0.9628169021303613,0.899,Critical
C004960,2025-12-31,0.9479358591398332,0.6926666666666667,Critical
C004961,2025-12-31,0.9353028417410023,0.6643333333333333,Critical
C004962,2025-12-31,0.13123407454005434,0.128,Low
C004963,2025-12-31,0.1751539234291375,0.18266666666666667,Low
C004964,2025-12-31,0.9177911843177696,0.6451666666666667,Critical
C004965,2025-12-31,0.48501232231958835,0.5323333333333333,Medium
C004966,2025-12-31,0.43150284313494597,0.509,Medium
C004967,2025-12-31,0.3239662779255043,0.4096666666666667,Low
C004968,2025-12-31,0.9330871194908547,0.6598333333333334,Critical
C004969,2025-12-31,0.9475366704128408,0.6916666666666667,Critical
C004970,2025-12-31,0.05953951797146289,0.0028333333333333335,Low
C004971,2025-12-31,0.9575218373194421,0.76,Critical
C004972,2025-12-31,0.4501883839107838,0.519,Medium
C004973,2025-12-31,0.36955498915466906,0.4653333333333333,Medium
C004974,2025-12-31,0.20803482427019362,0.225,Low
C004975,2025-12-31,0.21358843427549187,0.23316666666666666,Low
C004976,2025-12-31,0.9641123976569692,0.9603333333333334,Critical
C004977,2025-12-31,0.9509809538510279,0.7068333333333333,Critical
C004978,2025-12-31,0.09130434908798589,0.072,Low
C004979,2025-12-31,0.27868536378896214,0.342,Low
C004980,2025-12-31,0.20067258237920604,0.21316666666666667,Low
C004981,2025-12-31,0.12563229014557775,0.12116666666666667,Low
C004982,2025-12-31,0.6779903271701851,0.58,High
C004983,2025-12-31,0.10239572615984999,0.0915,Low
C004984,2025-12-31,0.8719936732790502,0.6231666666666666,Critical
C004985,2025-12-31,0.9567432933833439,0.7508333333333334,Critical
C004986,2025-12-31,0.9616387475760507,0.8483333333333334,Critical
C004987,2025-12-31,0.9585293964451126,0.7728333333333334,Critical
C004988,2025-12-31,0.9624236603355275,0.8831666666666667,Critical
C004989,2025-12-31,0.35276491072763844,0.4515,Medium
C004990,2025-12-31,0.08087554394308015,0.05566666666666667,Low
C004991,2025-12-31,0.43828535806842933,0.5125,Medium
C004992,2025-12-31,0.3702865845742174,0.4665,Medium
C004993,2025-12-31,0.9612053909791847,0.8335,Critical
C004994,2025-12-31,0.2276864399586914,0.25583333333333336,Low
C004995,2025-12-31,0.23533490964540912,0.2678333333333333,Low
C004996,2025-12-31,0.2871505037127395,0.3561666666666667,Low
C004997,2025-12-31,0.277468887917704,0.3401666666666667,Low
C004998,2025-12-31,0.7936810906836236,0.6018333333333333,Critical
C004999,2025-12-31,0.07063999284725647,0.035833333333333335,Low
C005000,2025-12-31,0.8592453697227128,0.617,Critical
C005001,2025-12-31,0.9628327835071611,0.8998333333333334,Critical
C005002,2025-12-31,0.2923361610367692,0.36433333333333334,Low
C005003,2025-12-31,0.9657921732606144,0.9996666666666667,Critical
C005004,2025-12-31,0.06210292254099744,0.009166666666666667,Low
C005005,2025-12-31,0.23621647317204528,0.27,Low
C005006,2025-12-31,0.09680973737236626,0.081,Low
C005007,2025-12-31,0.9452550820359268,0.6851666666666667,Critical
C005008,2025-12-31,0.27570182631862367,0.33716666666666667,Low
C005009,2025-12-31,0.08639291569403655,0.0655,Low
C005010,2025-12-31,0.9624831963980472,0.886,Critical
C005011,2025-12-31,0.3505301547252613,0.4498333333333333,Medium
C005012,2025-12-31,0.9549202554101813,0.7326666666666667,Critical
C005013,2025-12-31,0.19435015389310784,0.205,Low
C005014,2025-12-31,0.44622279404624,0.5166666666666667,Medium
C005015,2025-12-31,0.5606298260792024,0.5566666666666666,High
C005016,2025-12-31,0.08340394735598362,0.060333333333333336,Low
C005017,2025-12-31,0.3749288082621749,0.471,Medium
C005018,2025-12-31,0.13109379600650767,0.12766666666666668,Low
C005019,2025-12-31,0.3695695001513298,0.4655,Medium
C005020,2025-12-31,0.9636620987682601,0.939,Critical
C005021,2025-12-31,0.08070579534642974,0.05516666666666667,Low
C005022,2025-12-31,0.47933035295350984,0.5298333333333334,Medium
C005023,2025-12-31,0.8641286291216068,0.6188333333333333,Critical
C005024,2025-12-31,0.119560404439012,0.11366666666666667,Low
C005025,2025-12-31,0.9634188071480586,0.928,Critical
C005026,2025-12-31,0.31550891097676675,0.398,Low
C005027,2025-12-31,0.3962237648834089,0.4891666666666667,Medium
C005028,2025-12-31,0.965715357092055,0.998,Critical
C005029,2025-12-31,0.4428411942682455,0.515,Medium
C005030,2025-12-31,0.965034156653995,0.9808333333333333,Critical
C005031,2025-12-31,0.2540041944130478,0.29933333333333334,Low
C005032,2025-12-31,0.08698262149667667,0.0665,Low
C005033,2025-12-31,0.08143668783908087,0.057166666666666664,Low
C005034,2025-12-31,0.07246852888114733,0.0385,Low
C005035,2025-12-31,0.9005960037106228,0.6341666666666667,Critical
C005036,2025-12-31,0.9538108448818834,0.7241666666666666,Critical
C005037,2025-12-31,0.9615333215248666,0.8443333333333334,Critical
C005038,2025-12-31,0.6773595340770369,0.5798333333333333,High
C005039,2025-12-31,0.9637848888025523,0.945,Critical
C005040,2025-12-31,0.9609539926114296,0.8255,Critical
C005041,2025-12-31,0.8711900422222979,0.6225,Critical
C005042,2025-12-31,0.170791547308795,0.17733333333333334,Low
C005043,2025-12-31,0.11193121206495403,0.1035,Low
C005044,2025-12-31,0.7838830735616993,0.6008333333333333,Critical
C005045,2025-12-31,0.9555542374469016,0.7381666666666666,Critical
C005046,2025-12-31,0.4115067303150393,0.4975,Medium
C005047,2025-12-31,0.4961491871523249,0.536,Medium
C005048,2025-12-31,0.4468411288744452,0.5171666666666667,Medium
C005049,2025-12-31,0.303653412533939,0.38066666666666665,Low
C005050,2025-12-31,0.9576402061095436,0.7615,Critical
C005051,2025-12-31,0.10980732402063698,0.101,Low
C005052,2025-12-31,0.3862628456727979,0.48233333333333334,Medium
C005053,2025-12-31,0.06717027906656715,0.025166666666666667,Low
C005054,2025-12-31,0.1348189613018412,0.1325,Low
C005055,2025-12-31,0.4098674349407871,0.49633333333333335,Medium
C005056,2025-12-31,0.09478797796487742,0.0795,Low
C005057,2025-12-31,0.28936472431053445,0.35933333333333334,Low
C005058,2025-12-31,0.06065659557735089,0.005666666666666667,Low
C005059,2025-12-31,0.9539515788921852,0.7255,Critical
C005060,2025-12-31,0.9654144218930182,0.9923333333333333,Critical
C005061,2025-12-31,0.9571792276672597,0.757,Critical
C005062,2025-12-31,0.9081833419381887,0.6381666666666667,Critical
C005063,2025-12-31,0.9563268693479157,0.746,Critical
C005064,2025-12-31,0.36023371773573926,0.4598333333333333,Medium
C005065,2025-12-31,0.957047323840532,0.7545,Critical
C005066,2025-12-31,0.48394483792268844,0.5315,Medium
C005067,2025-12-31,0.9539848520113949,0.7256666666666667,Critical
C005068,2025-12-31,0.9570999895580057,0.7553333333333333,Critical
C005069,2025-12-31,0.9642285246800517,0.966,Critical
C005070,2025-12-31,0.962202816582972,0.8726666666666667,Critical
C005071,2025-12-31,0.9626121867704794,0.891,Critical
C005072,2025-12-31,0.18658820446971122,0.195,Low
C005073,2025-12-31,0.9631667022204887,0.9156666666666666,Critical
C005074,2025-12-31,0.11179551784141213,0.10333333333333333,Low
C005075,2025-12-31,0.25213080344375893,0.2966666666666667,Low
C005076,2025-12-31,0.9581899568339401,0.7665,Critical
C005077,2025-12-31,0.9497999110830015,0.7008333333333333,Critical
C005078,2025-12-31,0.21791152132571823,0.2405,Low
C005079,2025-12-31,0.9647809342000723,0.9758333333333333,Critical
C005080,2025-12-31,0.8754688195557113,0.6251666666666666,Critical
C005081,2025-12-31,0.224566201368256,0.2525,Low
C005082,2025-12-31,0.9525647298839611,0.7136666666666667,Critical
C005083,2025-12-31,0.9657843174432678,0.9995,Critical
C005084,2025-12-31,0.9607364034117875,0.8206666666666667,Critical
C005085,2025-12-31,0.9630356945024053,0.9093333333333333,Critical
C005086,2025-12-31,0.25219658702609593,0.29683333333333334,Low
C005087,2025-12-31,0.22385355838921883,0.25066666666666665,Low
C005088,2025-12-31,0.2314486557055542,0.2633333333333333,Low
C005089,2025-12-31,0.9632993151991762,0.9233333333333333,Critical
C005090,2025-12-31,0.9641799851814055,0.9634166666666667,Critical
C005091,2025-12-31,0.10061165628066122,0.08833333333333333,Low
C005092,2025-12-31,0.35941773660406057,0.459,Medium
C005093,2025-12-31,0.9556590277121617,0.7403333333333333,Critical
C005094,2025-12-31,0.16388384330682473,0.167,Low
C005095,2025-12-31,0.23040545055901376,0.26033333333333336,Low
C005096,2025-12-31,0.2820365641785582,0.3468333333333333,Low
C005097,2025-12-31,0.2072534610434543,0.224,Low
C005098,2025-12-31,0.3755842434536376,0.4716666666666667,Medium
C005099,2025-12-31,0.9564929144038127,0.7481666666666666,Critical
C005100,2025-12-31,0.6113013355396126,0.5671666666666667,High
C005101,2025-12-31,0.07090088524642724,0.036166666666666666,Low
C005102,2025-12-31,0.21558848873847514,0.23666666666666666,Low
C005103,2025-12-31,0.13300356928956472,0.13,Low
C005104,2025-12-31,0.9628340834834844,0.9,Critical
C005105,2025-12-31,0.9502003516385136,0.703,Critical
C005106,2025-12-31,0.9627704011791502,0.8976666666666666,Critical
C005107,2025-12-31,0.2020710435385454,0.21466666666666667,Low
C005108,2025-12-31,0.09846313927436005,0.084,Low
C005109,2025-12-31,0.3037883313357634,0.38116666666666665,Low
C005110,2025-12-31,0.16194910262730014,0.164,Low
C005111,2025-12-31,0.3380906862036424,0.43183333333333335,Low
C005112,2025-12-31,0.956064350194367,0.7423333333333333,Critical
C005113,2025-12-31,0.48476721508581516,0.5318333333333334,Medium
C005114,2025-12-31,0.06433081480274346,0.015666666666666666,Low
C005115,2025-12-31,0.9612470836845682,0.836,Critical
C005116,2025-12-31,0.9619752637224094,0.8626666666666667,Critical
C005117,2025-12-31,0.33525800012036694,0.4285,Low
C005118,2025-12-31,0.9648752244852759,0.9776666666666667,Critical
C005119,2025-12-31,0.29384294864732036,0.367,Low
C005120,2025-12-31,0.9609532576949782,0.8253333333333334,Critical
C005121,2025-12-31,0.6815029735136066,0.5808333333333333,High
C005122,2025-12-31,0.07685186021704014,0.04833333333333333,Low
C005123,2025-12-31,0.9656682865251841,0.9966666666666667,Critical
C005124,2025-12-31,0.13698276018810865,0.13533333333333333,Low
C005125,2025-12-31,0.06070097511617928,0.005833333333333334,Low
C005126,2025-12-31,0.7353787095977699,0.5905,Critical
C005127,2025-12-31,0.9635495767325212,0.9348333333333333,Critical
C005128,2025-12-31,0.1666119092746535,0.16983333333333334,Low
C005129,2025-12-31,0.45846614705761785,0.5225,Medium
C005130,2025-12-31,0.9597900830030858,0.7935,Critical
C005131,2025-12-31,0.9417533136239907,0.6763333333333333,Critical
C005132,2025-12-31,0.6618950060726173,0.5766666666666667,High
C005133,2025-12-31,0.9641005842496709,0.96,Critical
C005134,2025-12-31,0.13961828398942006,0.13733333333333334,Low
C005135,2025-12-31,0.2889247043687813,0.359,Low
C005136,2025-12-31,0.08488248237104061,0.0625,Low
C005137,2025-12-31,0.06658646070525914,0.0235,Low
C005138,2025-12-31,0.8658328166479902,0.6196666666666667,Critical
C005139,2025-12-31,0.15847318995562537,0.16066666666666668,Low
C005140,2025-12-31,0.08404161725881647,0.06166666666666667,Low
C005141,2025-12-31,0.9439468342613266,0.681,Critical
C005142,2025-12-31,0.9594082002355019,0.7878333333333334,Critical
C005143,2025-12-31,0.9286062168533262,0.655,Critical
C005144,2025-12-31,0.32074183828723224,0.4053333333333333,Low
C005145,2025-12-31,0.3226869998216071,0.4078333333333333,Low
C005146,2025-12-31,0.35441051738756535,0.4543333333333333,Medium
C005147,2025-12-31,0.7246061750742925,0.5875,Critical
C005148,2025-12-31,0.28650065739042796,0.3541666666666667,Low
C005149,2025-12-31,0.09924411594416903,0.08583333333333333,Low
C005150,2025-12-31,0.26349139157803514,0.31533333333333335,Low
C005151,2025-12-31,0.9601786699812637,0.8033333333333333,Critical
C005152,2025-12-31,0.20235863204948493,0.21533333333333332,Low
C005153,2025-12-31,0.3267985678531757,0.41433333333333333,Low
C005154,2025-12-31,0.10566935276612738,0.095,Low
C005155,2025-12-31,0.5254658012259196,0.5471666666666667,Medium
C005156,2025-12-31,0.28284990064292903,0.3478333333333333,Low
C005157,2025-12-31,0.9656867430905627,0.9971666666666666,Critical
C005158,2025-12-31,0.3005463566361006,0.377,Low
C005159,2025-12-31,0.9502309745906299,0.7033333333333334,Critical
C005160,2025-12-31,0.2478318177507831,0.2896666666666667,Low
C005161,2025-12-31,0.9575538127913505,0.7606666666666667,Critical
C005162,2025-12-31,0.37797357821015626,0.47433333333333333,Medium
C005163,2025-12-31,0.2233354216612208,0.24983333333333332,Low
C005164,2025-12-31,0.9642235083166062,0.9658333333333333,Critical
C005165,2025-12-31,0.4371948717035779,0.512,Medium
C005166,2025-12-31,0.9572454316854911,0.7578333333333334,Critical
C005167,2025-12-31,0.964018309703471,0.955,Critical
C005168,2025-12-31,0.9615783796769796,0.846,Critical
C005169,2025-12-31,0.9563286008666839,0.7461666666666666,Critical
C005170,2025-12-31,0.14721927793625905,0.14416666666666667,Low
C005171,2025-12-31,0.2908048851466161,0.3621666666666667,Low
C005172,2025-12-31,0.28571642282512716,0.35183333333333333,Low
C005173,2025-12-31,0.9616059971000362,0.8468333333333333,Critical
C005174,2025-12-31,0.961922730116565,0.8608333333333333,Critical
C005175,2025-12-31,0.29865465412421976,0.374,Low
C005176,2025-12-31,0.9650796706962602,0.9826666666666667,Critical
C005177,2025-12-31,0.9240764050128382,0.6501666666666667,Critical
C005178,2025-12-31,0.24077792851793978,0.2765,Low
C005179,2025-12-31,0.39401797031536173,0.48783333333333334,Medium
C005180,2025-12-31,0.22062758613846892,0.24583333333333332,Low
C005181,2025-12-31,0.11542996291601698,0.1075,Low
C005182,2025-12-31,0.6808869281621336,0.5801666666666667,High
C005183,2025-12-31,0.06528211060555954,0.018666666666666668,Low
C005184,2025-12-31,0.9587439665267258,0.775,Critical
C005185,2025-12-31,0.23738839562700279,0.2718333333333333,Low
C005186,2025-12-31,0.347079961747837,0.44516666666666665,Low
C005187,2025-12-31,0.3054269332925679,0.3835,Low
C005188,2025-12-31,0.9582675045034996,0.7683333333333333,Critical
C005189,2025-12-31,0.9535322109892691,0.72225,Critical
C005190,2025-12-31,0.9640727142437981,0.9588333333333333,Critical
C005191,2025-12-31,0.9593642443518938,0.7868333333333334,Critical
C005192,2025-12-31,0.9536266869949891,0.7226666666666667,Critical
C005193,2025-12-31,0.4124260961201152,0.49833333333333335,Medium
C005194,2025-12-31,0.2457330734007538,0.2855,Low
C005195,2025-12-31,0.10238199521669973,0.09133333333333334,Low
C005196,2025-12-31,0.21603274109759876,0.23733333333333334,Low
C005197,2025-12-31,0.5373730967223133,0.5508333333333333,Medium
C005198,2025-12-31,0.4320697643480922,0.5098333333333334,Medium
C005199,2025-12-31,0.9611902484024539,0.8331666666666667,Critical
C005200,2025-12-31,0.9615521485344926,0.845,Critical
C005201,2025-12-31,0.5144131518297582,0.5433333333333333,Medium
C005202,2025-12-31,0.38482368220087215,0.482,Medium
C005203,2025-12-31,0.9654988521846248,0.9933333333333333,Critical
C005204,2025-12-31,0.1310352301992018,0.1275,Low
C005205,2025-12-31,0.9606223817772669,0.8163333333333334,Critical
C005206,2025-12-31,0.0635107205241697,0.013166666666666667,Low
C005207,2025-12-31,0.9452642715681949,0.6853333333333333,Critical
C005208,2025-12-31,0.06215963023799359,0.009333333333333334,Low
C005209,2025-12-31,0.22870351447168233,0.25766666666666665,Low
C005210,2025-12-31,0.6117285657567806,0.5673333333333334,High
C005211,2025-12-31,0.956317069330647,0.7456666666666667,Critical
C005212,2025-12-31,0.48589454839222057,0.5326666666666666,Medium
C005213,2025-12-31,0.9467614061311512,0.6893333333333334,Critical
C005214,2025-12-31,0.27070267627912364,0.32816666666666666,Low
C005215,2025-12-31,0.9519773008923237,0.7106666666666667,Critical
C005216,2025-12-31,0.07949144806426317,0.05316666666666667,Low
C005217,2025-12-31,0.3418500878032888,0.43616666666666665,Low
C005218,2025-12-31,0.37622096606669214,0.4728333333333333,Medium
C005219,2025-12-31,0.6293388565444794,0.5713333333333334,High
C005220,2025-12-31,0.9502199212609783,0.7031666666666667,Critical
C005221,2025-12-31,0.9568449492304568,0.7523333333333333,Critical
C005222,2025-12-31,0.38666506578114457,0.48283333333333334,Medium
C005223,2025-12-31,0.9624075368622017,0.8828333333333334,Critical
C005224,2025-12-31,0.13035117373643076,0.12666666666666668,Low
C005225,2025-12-31,0.1929005646229698,0.2025,Low
C005226,2025-12-31,0.9622220612533008,0.8733333333333333,Critical
C005227,2025-12-31,0.13676661160513406,0.13516666666666666,Low
C005228,2025-12-31,0.06405336337586336,0.014333333333333333,Low
C005229,2025-12-31,0.285150680585146,0.351,Low
C005230,2025-12-31,0.3291330645610024,0.41883333333333334,Low
C005231,2025-12-31,0.31924565154867945,0.4036666666666667,Low
C005232,2025-12-31,0.3690776496181736,0.4651666666666667,Medium
C005233,2025-12-31,0.07362475506309596,0.041166666666666664,Low
C005234,2025-12-31,0.3878257010586112,0.4836666666666667,Medium
C005235,2025-12-31,0.06997553068685013,0.034666666666666665,Low
C005236,2025-12-31,0.9352453991587389,0.6638333333333334,Critical
C005237,2025-12-31,0.9383962456303334,0.6706666666666666,Critical
C005238,2025-12-31,0.9586044604036621,0.7736666666666666,Critical
C005239,2025-12-31,0.9635984325348064,0.9363333333333334,Critical
C005240,2025-12-31,0.2029900679910199,0.21666666666666667,Low
C005241,2025-12-31,0.06899798316199696,0.03133333333333333,Low
C005242,2025-12-31,0.3482344520946557,0.44666666666666666,Low
C005243,2025-12-31,0.9497287105487177,0.7001666666666667,Critical
C005244,2025-12-31,0.27060486564145436,0.328,Low
C005245,2025-12-31,0.8423008387525307,0.6125,Critical
C005246,2025-12-31,0.2906560436486855,0.3616666666666667,Low
C005247,2025-12-31,0.23119319239311076,0.26266666666666666,Low
C005248,2025-12-31,0.10649202818991249,0.09633333333333334,Low
C005249,2025-12-31,0.07735497776804462,0.0495,Low
C005250,2025-12-31,0.25479834390933864,0.3005,Low
C005251,2025-12-31,0.9504338845746609,0.7046666666666667,Critical
C005252,2025-12-31,0.9606721408032821,0.8178333333333333,Critical
C005253,2025-12-31,0.2410284551720194,0.2768333333333333,Low
C005254,2025-12-31,0.9501040041506278,0.702,Critical
C005255,2025-12-31,0.2215500707944719,0.24683333333333332,Low
C005256,2025-12-31,0.9392997813818003,0.6716666666666666,Critical
C005257,2025-12-31,0.9639088905033137,0.9511666666666667,Critical
C005258,2025-12-31,0.960018312095543,0.7985,Critical
C005259,2025-12-31,0.5027997620071505,0.539,Medium
C005260,2025-12-31,0.2164314730462912,0.23833333333333334,Low
C005261,2025-12-31,0.2965545252821315,0.371,Low
C005262,2025-12-31,0.16289064538344025,0.16483333333333333,Low
C005263,2025-12-31,0.4612845007878997,0.524,Medium
C005264,2025-12-31,0.3952897846895245,0.489,Medium
C005265,2025-12-31,0.9645334346987876,0.9703333333333334,Critical
C005266,2025-12-31,0.14867376966542892,0.147,Low
C005267,2025-12-31,0.9560940890198268,0.743,Critical
C005268,2025-12-31,0.1413410915564422,0.13966666666666666,Low
C005269,2025-12-31,0.96168919991591,0.8498333333333333,Critical
C005270,2025-12-31,0.1018422493722622,0.0905,Low
C005271,2025-12-31,0.2927629438832591,0.36533333333333334,Low
C005272,2025-12-31,0.9646123468243398,0.973,Critical
C005273,2025-12-31,0.1744768094662519,0.18233333333333332,Low
C005274,2025-12-31,0.07298336055785992,0.04,Low
C005275,2025-12-31,0.9650824402845316,0.9828333333333333,Critical
C005276,2025-12-31,0.10114712532928478,0.08883333333333333,Low
C005277,2025-12-31,0.3290435002185789,0.4185,Low
C005278,2025-12-31,0.06272550320687958,0.011166666666666667,Low
C005279,2025-12-31,0.9618760893128657,0.8581666666666666,Critical
C005280,2025-12-31,0.6672372026053376,0.5773333333333334,High
C005281,2025-12-31,0.9635640708672514,0.9351666666666667,Critical
C005282,2025-12-31,0.9625122083675741,0.8875,Critical
C005283,2025-12-31,0.2999969596728069,0.37583333333333335,Low
C005284,2025-12-31,0.18435151426451077,0.19183333333333333,Low
C005285,2025-12-31,0.9625108210485952,0.8873333333333333,Critical
C005286,2025-12-31,0.058591900788974444,0.001,Low
C005287,2025-12-31,0.0892823367002778,0.0695,Low
C005288,2025-12-31,0.9635872376582905,0.9361666666666667,Critical
C005289,2025-12-31,0.9514530797798558,0.709,Critical
C005290,2025-12-31,0.33253788107411775,0.42433333333333334,Low
C005291,2025-12-31,0.9599142757964049,0.7958333333333333,Critical
C005292,2025-12-31,0.9617565475471749,0.8528333333333333,Critical
C005293,2025-12-31,0.08642402635478542,0.06566666666666666,Low
C005294,2025-12-31,0.9634108063465612,0.9278333333333333,Critical
C005295,2025-12-31,0.9632715580844918,0.9216666666666666,Critical
C005296,2025-12-31,0.10696763398981862,0.09683333333333333,Low
C005297,2025-12-31,0.4781257084955269,0.5293333333333333,Medium
C005298,2025-12-31,0.1280564077025504,0.1235,Low
C005299,2025-12-31,0.9605210512738515,0.8138333333333333,Critical
C005300,2025-12-31,0.295366080916003,0.36966666666666664,Low
C005301,2025-12-31,0.24243866430819602,0.2793333333333333,Low
C005302,2025-12-31,0.34156824069918484,0.43533333333333335,Low
C005303,2025-12-31,0.4934072757756525,0.5348333333333334,Medium
C005304,2025-12-31,0.21041045281952742,0.22816666666666666,Low
C005305,2025-12-31,0.35822645458741825,0.45766666666666667,Medium
C005306,2025-12-31,0.962743651697931,0.8966666666666666,Critical
C005307,2025-12-31,0.32880138186669017,0.4181666666666667,Low
C005308,2025-12-31,0.16881420209921374,0.17466666666666666,Low
C005309,2025-12-31,0.0763838228335572,0.04766666666666667,Low
C005310,2025-12-31,0.9603457661255609,0.8073333333333333,Critical
C005311,2025-12-31,0.13332534975908858,0.13033333333333333,Low
C005312,2025-12-31,0.2489531901129942,0.2911666666666667,Low
C005313,2025-12-31,0.3171908673262546,0.4015,Low
C005314,2025-12-31,0.07614876830426802,0.04683333333333333,Low
C005315,2025-12-31,0.9621627729939677,0.8708333333333333,Critical
C005316,2025-12-31,0.14873264203299075,0.14733333333333334,Low
C005317,2025-12-31,0.9629737468926969,0.9056666666666666,Critical
C005318,2025-12-31,0.9610659648931289,0.83,Critical
C005319,2025-12-31,0.26797287265517983,0.3238333333333333,Low
C005320,2025-12-31,0.3223690005923314,0.4075,Low
C005321,2025-12-31,0.29897612316288236,0.37483333333333335,Low
C005322,2025-12-31,0.350730325675908,0.45,Medium
C005323,2025-12-31,0.2912169358652197,0.36283333333333334,Low
C005324,2025-12-31,0.34841081571260796,0.44716666666666666,Low
C005325,2025-12-31,0.3165754088510848,0.4005,Low
C005326,2025-12-31,0.8664876257089666,0.6201666666666666,Critical
C005327,2025-12-31,0.9619756010827332,0.8628333333333333,Critical
C005328,2025-12-31,0.06463531232258118,0.017,Low
C005329,2025-12-31,0.2491834701619607,0.2915,Low
C005330,2025-12-31,0.19995575591572654,0.21183333333333335,Low
C005331,2025-12-31,0.9352526915315117,0.664,Critical
C005332,2025-12-31,0.39823705519641867,0.49033333333333334,Medium
C005333,2025-12-31,0.491711364798917,0.5341666666666667,Medium
C005334,2025-12-31,0.18450498076706537,0.19216666666666668,Low
C005335,2025-12-31,0.17653208734182121,0.18416666666666667,Low
C005336,2025-12-31,0.9617352645947591,0.8518333333333333,Critical
C005337,2025-12-31,0.32829816107195137,0.4175,Low
C005338,2025-12-31,0.9588269157278987,0.7768333333333334,Critical
C005339,2025-12-31,0.41039335701368135,0.49716666666666665,Medium
C005340,2025-12-31,0.3549968553120484,0.4548333333333333,Medium
C005341,2025-12-31,0.296408561127306,0.37033333333333335,Low
C005342,2025-12-31,0.5544550519867646,0.5543333333333333,High
C005343,2025-12-31,0.0659734899126415,0.0215,Low
C005344,2025-12-31,0.058139163671245525,0.0005,Low
C005345,2025-12-31,0.40444427236510866,0.4945,Medium
C005346,2025-12-31,0.14582225214398767,0.14283333333333334,Low
C005347,2025-12-31,0.23919368583705877,0.2745,Low
C005348,2025-12-31,0.9556016122637082,0.7391666666666666,Critical
C005349,2025-12-31,0.2033867131983839,0.2175,Low
C005350,2025-12-31,0.286696449790442,0.3551666666666667,Low
C005351,2025-12-31,0.9494598732311443,0.699,Critical
C005352,2025-12-31,0.9520794674932199,0.7111666666666666,Critical
C005353,2025-12-31,0.9608696592810412,0.824,Critical
C005354,2025-12-31,0.3174944465986951,0.4018333333333333,Low
C005355,2025-12-31,0.9493695229338841,0.6986666666666667,Critical
C005356,2025-12-31,0.9549197410361637,0.7325,Critical
C005357,2025-12-31,0.3554211844271455,0.4555,Medium
C005358,2025-12-31,0.4316856883212694,0.5093333333333333,Medium
C005359,2025-12-31,0.18305999587419383,0.191,Low
C005360,2025-12-31,0.9630595409696605,0.9105,Critical
C005361,2025-12-31,0.18483450491016926,0.1935,Low
C005362,2025-12-31,0.1451203713808069,0.14233333333333334,Low
C005363,2025-12-31,0.36988926354615126,0.466,Medium
C005364,2025-12-31,0.06555679071290121,0.02,Low
C005365,2025-12-31,0.42732068469849777,0.5068333333333334,Medium
C005366,2025-12-31,0.06610488369253105,0.0225,Low
C005367,2025-12-31,0.2023371860809057,0.21516666666666667,Low
C005368,2025-12-31,0.9611244301494523,0.8321666666666667,Critical
C005369,2025-12-31,0.23161522233259535,0.26366666666666666,Low
C005370,2025-12-31,0.944216139607239,0.6821666666666667,Critical
C005371,2025-12-31,0.926188464708023,0.6528333333333334,Critical
C005372,2025-12-31,0.9532297669398228,0.7193333333333334,Critical
C005373,2025-12-31,0.08926005152778078,0.06933333333333333,Low
C005374,2025-12-31,0.9628840489653797,0.9021666666666667,Critical
C005375,2025-12-31,0.29440596925903045,0.36816666666666664,Low
C005376,2025-12-31,0.9357482379447809,0.6655,Critical
C005377,2025-12-31,0.49852166906111073,0.537,Medium
C005378,2025-12-31,0.9641391842243142,0.9615,Critical
C005379,2025-12-31,0.2310584740789988,0.2615,Low
C005380,2025-12-31,0.09132138008340164,0.07216666666666667,Low
C005381,2025-12-31,0.9540962655679596,0.7266666666666667,Critical
C005382,2025-12-31,0.9493062357571961,0.6981666666666667,Critical
C005383,2025-12-31,0.17610546858982615,0.18383333333333332,Low
C005384,2025-12-31,0.18192413553334696,0.18966666666666668,Low
C005385,2025-12-31,0.2974102992912007,0.37216666666666665,Low
C005386,2025-12-31,0.9377704552139984,0.6696666666666666,Critical
C005387,2025-12-31,0.9624298805984545,0.8836666666666667,Critical
C005388,2025-12-31,0.3244849170672767,0.4105,Low
C005389,2025-12-31,0.9656127283700925,0.9953333333333333,Critical
C005390,2025-12-31,0.060752069389465084,0.006,Low
C005391,2025-12-31,0.9361032437902548,0.6663333333333333,Critical
C005392,2025-12-31,0.1975573305653954,0.20833333333333334,Low
C005393,2025-12-31,0.22505240746146038,0.25316666666666665,Low
C005394,2025-12-31,0.34672075939690544,0.44466666666666665,Low
C005395,2025-12-31,0.15295416284285468,0.154,Low
C005396,2025-12-31,0.9625698451257582,0.8898333333333334,Critical
C005397,2025-12-31,0.9631646771692539,0.9155,Critical
C005398,2025-12-31,0.555288252175851,0.555,High
C005399,2025-12-31,0.2933334033228821,0.36633333333333334,Low
C005400,2025-12-31,0.15176839370921955,0.15183333333333332,Low
C005401,2025-12-31,0.9606414759996946,0.817,Critical
C005402,2025-12-31,0.14849680258999484,0.14666666666666667,Low
C005403,2025-12-31,0.2653210566355124,0.31783333333333336,Low
C005404,2025-12-31,0.964934234224795,0.9791666666666666,Critical
C005405,2025-12-31,0.1110266319716466,0.1025,Low
C005406,2025-12-31,0.10317530445338541,0.0925,Low
C005407,2025-12-31,0.1104447251091543,0.1015,Low
C005408,2025-12-31,0.08742179109963279,0.06716666666666667,Low
C005409,2025-12-31,0.9620582123722934,0.8655,Critical
C005410,2025-12-31,0.7096427113184266,0.5855,High
C005411,2025-12-31,0.3265427505190857,0.414,Low
C005412,2025-12-31,0.94870848321477,0.696,Critical
C005413,2025-12-31,0.09180421557401115,0.07366666666666667,Low
C005414,2025-12-31,0.09103350656236854,0.07166666666666667,Low
C005415,2025-12-31,0.5060829975799143,0.5403333333333333,Medium
C005416,2025-12-31,0.21971113261622977,0.24316666666666667,Low
C005417,2025-12-31,0.06604325616564512,0.022166666666666668,Low
C005418,2025-12-31,0.2708275003240874,0.3285,Low
C005419,2025-12-31,0.16879445857335398,0.1745,Low
C005420,2025-12-31,0.26680891537397816,0.32016666666666665,Low
C005421,2025-12-31,0.9563111969282997,0.7455,Critical
C005422,2025-12-31,0.4230796645036887,0.504,Medium
C005423,2025-12-31,0.9526355547804456,0.714,Critical
C005424,2025-12-31,0.26741231336504806,0.32283333333333336,Low
C005425,2025-12-31,0.2384988318542702,0.2738333333333333,Low
C005426,2025-12-31,0.9621037815929196,0.8673333333333333,Critical
C005427,2025-12-31,0.313179154570262,0.396,Low
C005428,2025-12-31,0.3022569045776203,0.3795,Low
C005429,2025-12-31,0.9630269926366504,0.9086666666666666,Critical
C005430,2025-12-31,0.26915991179646864,0.326,Low
C005431,2025-12-31,0.09211548584856322,0.07466666666666667,Low
C005432,2025-12-31,0.9233695130869958,0.6491666666666667,Critical
C005433,2025-12-31,0.21006694052850292,0.22766666666666666,Low
C005434,2025-12-31,0.9485246583911118,0.6951666666666667,Critical
C005435,2025-12-31,0.9630191206636849,0.9078333333333334,Critical
C005436,2025-12-31,0.964590695349306,0.972,Critical
C005437,2025-12-31,0.2823973803848355,0.3473333333333333,Low
C005438,2025-12-31,0.14788069772540635,0.14516666666666667,Low
C005439,2025-12-31,0.0902915429915475,0.07066666666666667,Low
C005440,2025-12-31,0.9597808465391827,0.7931666666666667,Critical
C005441,2025-12-31,0.4538738678333904,0.5206666666666667,Medium
C005442,2025-12-31,0.9501855806375987,0.7026666666666667,Critical
C005443,2025-12-31,0.9629320434947238,0.9036666666666666,Critical
C005444,2025-12-31,0.25542664195467296,0.3015,Low
C005445,2025-12-31,0.9606839770168513,0.8181666666666667,Critical
C005446,2025-12-31,0.6141853330088375,0.568,High
C005447,2025-12-31,0.2377734654055115,0.2728333333333333,Low
C005448,2025-12-31,0.890876393501877,0.6306666666666667,Critical
C005449,2025-12-31,0.9610110475186167,0.8271666666666667,Critical
C005450,2025-12-31,0.1574651659178995,0.1585,Low
C005451,2025-12-31,0.9611003872391392,0.8316666666666667,Critical
C005452,2025-12-31,0.34507495987933035,0.442,Low
C005453,2025-12-31,0.6809061900218508,0.5803333333333334,High
C005454,2025-12-31,0.13620173808335925,0.13416666666666666,Low
C005455,2025-12-31,0.5723795106282795,0.559,High
C005456,2025-12-31,0.10263347145221129,0.09183333333333334,Low
C005457,2025-12-31,0.24777699066136008,0.2895,Low
C005458,2025-12-31,0.9601215869217539,0.8008333333333333,Critical
C005459,2025-12-31,0.8462606547170628,0.6135,Critical
C005460,2025-12-31,0.944392613329517,0.6828333333333333,Critical
C005461,2025-12-31,0.07679909984215745,0.048,Low
C005462,2025-12-31,0.18821639584252592,0.19633333333333333,Low
C005463,2025-12-31,0.20418718512245004,0.21883333333333332,Low
C005464,2025-12-31,0.8374780941730663,0.6113333333333333,Critical
C005465,2025-12-31,0.534549559567706,0.5503333333333333,Medium
C005466,2025-12-31,0.9637397314712232,0.9421666666666667,Critical
C005467,2025-12-31,0.9638966231160447,0.9496666666666667,Critical
C005468,2025-12-31,0.23766416242282584,0.27216666666666667,Low
C005469,2025-12-31,0.8899827300620432,0.6305,Critical
C005470,2025-12-31,0.3264405846573712,0.41383333333333333,Low
C005471,2025-12-31,0.9270174253668376,0.6535,Critical
C005472,2025-12-31,0.3165182213162051,0.40016666666666667,Low
C005473,2025-12-31,0.059771360033773056,0.0033333333333333335,Low
C005474,2025-12-31,0.24609742558448564,0.2866666666666667,Low
C005475,2025-12-31,0.06199337894472167,0.008666666666666666,Low
C005476,2025-12-31,0.16210247596440006,0.16416666666666666,Low
C005477,2025-12-31,0.954337451852708,0.7281666666666666,Critical
C005478,2025-12-31,0.05976851409712151,0.0031666666666666666,Low
C005479,2025-12-31,0.3339827660813111,0.4266666666666667,Low
C005480,2025-12-31,0.595196274716368,0.564,High
C005481,2025-12-31,0.5183305080142028,0.545,Medium
C005482,2025-12-31,0.9638752623321887,0.949,Critical
C005483,2025-12-31,0.9546423274043988,0.7308333333333333,Critical
C005484,2025-12-31,0.531697071367116,0.5496666666666666,Medium
C005485,2025-12-31,0.9651580826288524,0.9861666666666666,Critical
C005486,2025-12-31,0.21779745699888983,0.24033333333333334,Low
C005487,2025-12-31,0.20857918007882362,0.22583333333333333,Low
C005488,2025-12-31,0.1653552692774149,0.16866666666666666,Low
C005489,2025-12-31,0.9571808524701035,0.7571666666666667,Critical
C005490,2025-12-31,0.9536713519273071,0.7233333333333334,Critical
C005491,2025-12-31,0.9550893145681444,0.7348333333333333,Critical
C005492,2025-12-31,0.5547006091432635,0.5545,High
C005493,2025-12-31,0.9621093266010692,0.8678333333333333,Critical
C005494,2025-12-31,0.8723962752500869,0.6233333333333333,Critical
C005495,2025-12-31,0.36218821519733585,0.4608333333333333,Medium
C005496,2025-12-31,0.3638204802363436,0.4625,Medium
C005497,2025-12-31,0.0674037274986808,0.0265,Low
C005498,2025-12-31,0.961768830593313,0.8538333333333333,Critical
C005499,2025-12-31,0.29476658249841875,0.369,Low
C005500,2025-12-31,0.9645651740839748,0.9715,Critical
C005501,2025-12-31,0.3627286225010628,0.46166666666666667,Medium
C005502,2025-12-31,0.21740576621936789,0.23966666666666667,Low
C005503,2025-12-31,0.28630997737624747,0.3531666666666667,Low
C005504,2025-12-31,0.15247580742068884,0.1535,Low
C005505,2025-12-31,0.9629451480571113,0.9038333333333334,Critical
C005506,2025-12-31,0.08420566852997924,0.06183333333333333,Low
C005507,2025-12-31,0.1634907880112911,0.16633333333333333,Low
C005508,2025-12-31,0.9495110732135087,0.6991666666666667,Critical
C005509,2025-12-31,0.9438089561121709,0.6806666666666666,Critical
C005510,2025-12-31,0.0585625293742991,0.0008333333333333334,Low
C005511,2025-12-31,0.31753742349350356,0.402,Low
C005512,2025-12-31,0.11400818358676218,0.1055,Low
C005513,2025-12-31,0.9615369893633895,0.8446666666666667,Critical
C005514,2025-12-31,0.9427013446204483,0.6783333333333333,Critical
C005515,2025-12-31,0.9626509594465293,0.8921666666666667,Critical
C005516,2025-12-31,0.4243414785762634,0.5048333333333334,Medium
C005517,2025-12-31,0.39990220573618274,0.49116666666666664,Medium
C005518,2025-12-31,0.08613968653601795,0.06483333333333334,Low
C005519,2025-12-31,0.2940079704829456,0.36716666666666664,Low
C005520,2025-12-31,0.9615748636231723,0.8458333333333333,Critical
C005521,2025-12-31,0.12453089304128785,0.11966666666666667,Low
C005522,2025-12-31,0.06173727259483775,0.007833333333333333,Low
C005523,2025-12-31,0.6710442121418034,0.5788333333333333,High
C005524,2025-12-31,0.08682497377533636,0.06616666666666667,Low
C005525,2025-12-31,0.10954605604108329,0.1005,Low
C005526,2025-12-31,0.963194765065064,0.9168333333333333,Critical
C005527,2025-12-31,0.5173233131695656,0.5446666666666666,Medium
C005528,2025-12-31,0.28505026092656743,0.35083333333333333,Low
C005529,2025-12-31,0.9581608464442231,0.7663333333333333,Critical
C005530,2025-12-31,0.22374508582905495,0.2505,Low
C005531,2025-12-31,0.10130830576468543,0.08933333333333333,Low
C005532,2025-12-31,0.962171796091917,0.8716666666666667,Critical
C005533,2025-12-31,0.9642312226189945,0.9661666666666666,Critical
C005534,2025-12-31,0.9106209749248775,0.6398333333333334,Critical
C005535,2025-12-31,0.9636713378694992,0.9395,Critical
C005536,2025-12-31,0.44204566767158476,0.5143333333333333,Medium
C005537,2025-12-31,0.9631859888678994,0.9165,Critical
C005538,2025-12-31,0.95836197404161,0.7696666666666667,Critical
C005539,2025-12-31,0.9599813139884272,0.7975,Critical
C005540,2025-12-31,0.37953026696395975,0.47633333333333333,Medium
C005541,2025-12-31,0.21809442792438458,0.24066666666666667,Low
C005542,2025-12-31,0.41876944008852757,0.5023333333333333,Medium
C005543,2025-12-31,0.5380900344524372,0.551,Medium
C005544,2025-12-31,0.2282470972951182,0.25666666666666665,Low
C005545,2025-12-31,0.9652146239609031,0.9871666666666666,Critical
C005546,2025-12-31,0.3362111889479393,0.43,Low
C005547,2025-12-31,0.9364944649278927,0.6671666666666667,Critical
C005548,2025-12-31,0.9591387142260995,0.7823333333333333,Critical
C005549,2025-12-31,0.6140151864927615,0.5678333333333333,High
C005550,2025-12-31,0.3345834098929406,0.42716666666666664,Low
C005551,2025-12-31,0.2533684785391633,0.2981666666666667,Low
C005552,2025-12-31,0.15660986172450023,0.15783333333333333,Low
C005553,2025-12-31,0.5144352801557672,0.5435,Medium
C005554,2025-12-31,0.946454711239042,0.6881666666666667,Critical
C005555,2025-12-31,0.3126545111507215,0.395,Low
C005556,2025-12-31,0.06678688750669774,0.024166666666666666,Low
C005557,2025-12-31,0.9606179542462637,0.8161666666666667,Critical
C005558,2025-12-31,0.9530089264426277,0.7166666666666667,Critical
C005559,2025-12-31,0.9578270325557442,0.763,Critical
C005560,2025-12-31,0.96138571031035,0.839,Critical
C005561,2025-12-31,0.1370395807941131,0.1355,Low
C005562,2025-12-31,0.9631389584403148,0.9145,Critical
C005563,2025-12-31,0.5706428525482686,0.5586666666666666,High
C005564,2025-12-31,0.9579301390256992,0.7641666666666667,Critical
C005565,2025-12-31,0.8854812131604937,0.6281666666666667,Critical
C005566,2025-12-31,0.06205009603020067,0.008833333333333334,Low
C005567,2025-12-31,0.9604112670649047,0.8086666666666666,Critical
C005568,2025-12-31,0.07933577523573179,0.053,Low
C005569,2025-12-31,0.9602740700196878,0.8055,Critical
C005570,2025-12-31,0.9514083089549287,0.7083333333333334,Critical
C005571,2025-12-31,0.9620173599550196,0.8643333333333333,Critical
C005572,2025-12-31,0.45022174389038927,0.5191666666666667,Medium
C005573,2025-12-31,0.10147542971562949,0.08983333333333333,Low
C005574,2025-12-31,0.06847630941890825,0.029833333333333333,Low
C005575,2025-12-31,0.0830168572983107,0.06,Low
C005576,2025-12-31,0.9615317747268802,0.8441666666666666,Critical
C005577,2025-12-31,0.9630352273465373,0.9091666666666667,Critical
C005578,2025-12-31,0.5196089028009448,0.5458333333333333,Medium
C005579,2025-12-31,0.12604615976950953,0.12166666666666667,Low
C005580,2025-12-31,0.9433840838612225,0.6795,Critical
C005581,2025-12-31,0.1714650024601739,0.1785,Low
C005582,2025-12-31,0.9617602027166696,0.8535,Critical
C005583,2025-12-31,0.3311010460838029,0.422,Low
C005584,2025-12-31,0.961399869177431,0.8396666666666667,Critical
C005585,2025-12-31,0.5699576365248478,0.5583333333333333,High
C005586,2025-12-31,0.07059271636710147,0.035666666666666666,Low
C005587,2025-12-31,0.16681336671511984,0.17033333333333334,Low
C005588,2025-12-31,0.2720259153189359,0.3313333333333333,Low
C005589,2025-12-31,0.9630415022395619,0.9096666666666666,Critical
C005590,2025-12-31,0.37427888132806086,0.4701666666666667,Medium
C005591,2025-12-31,0.9655409329365457,0.9941666666666666,Critical
C005592,2025-12-31,0.601368896508225,0.565,High
C005593,2025-12-31,0.9208709881643067,0.6471666666666667,Critical
C005594,2025-12-31,0.08937707255461613,0.06966666666666667,Low
C005595,2025-12-31,0.9634193756765234,0.9281666666666667,Critical
C005596,2025-12-31,0.19475370023029048,0.206,Low
C005597,2025-12-31,0.2645216871033828,0.31633333333333336,Low
C005598,2025-12-31,0.9648807083169683,0.9778333333333333,Critical
C005599,2025-12-31,0.9597493533986462,0.7928333333333333,Critical
C005600,2025-12-31,0.14821341097045385,0.146,Low
C005601,2025-12-31,0.3503136884061859,0.44916666666666666,Medium
C005602,2025-12-31,0.34538119626738645,0.44283333333333336,Low
C005603,2025-12-31,0.4407013625619003,0.5138333333333334,Medium
C005604,2025-12-31,0.3251328927223891,0.41183333333333333,Low
C005605,2025-12-31,0.19299809186092798,0.20283333333333334,Low
C005606,2025-12-31,0.960289784261945,0.806,Critical
C005607,2025-12-31,0.9578394727089562,0.7633333333333333,Critical
C005608,2025-12-31,0.962377817742035,0.8808333333333334,Critical
C005609,2025-12-31,0.9546796834934176,0.731,Critical
C005610,2025-12-31,0.9558526922572063,0.741,Critical
C005611,2025-12-31,0.06856381396987817,0.030333333333333334,Low
C005612,2025-12-31,0.18568049239115272,0.19416666666666665,Low
C005613,2025-12-31,0.6591554743866611,0.5756666666666667,High
C005614,2025-12-31,0.2630548387293112,0.314,Low
C005615,2025-12-31,0.9645828045254197,0.9716666666666667,Critical
C005616,2025-12-31,0.2875912846993037,0.3566666666666667,Low
C005617,2025-12-31,0.07471840534734515,0.043666666666666666,Low
C005618,2025-12-31,0.9483544368244554,0.6943333333333334,Critical
C005619,2025-12-31,0.10380052666225277,0.09316666666666666,Low
C005620,2025-12-31,0.31009854568954437,0.391,Low
C005621,2025-12-31,0.25498486074890175,0.301,Low
C005622,2025-12-31,0.42004170070939595,0.503,Medium
C005623,2025-12-31,0.955616476555185,0.7395,Critical
C005624,2025-12-31,0.9522287528146464,0.7118333333333333,Critical
C005625,2025-12-31,0.7602063570720841,0.5965,Critical
C005626,2025-12-31,0.1028758282323373,0.092,Low
C005627,2025-12-31,0.9611005836612176,0.8318333333333333,Critical
C005628,2025-12-31,0.9556576025601539,0.7401666666666666,Critical
C005629,2025-12-31,0.9588380567307452,0.778,Critical
C005630,2025-12-31,0.21544241612919734,0.23633333333333334,Low
C005631,2025-12-31,0.36112067086025174,0.4603333333333333,Medium
C005632,2025-12-31,0.9637963865371182,0.9458333333333333,Critical
C005633,2025-12-31,0.5096637157905998,0.5416666666666666,Medium
C005634,2025-12-31,0.9605436924412892,0.8145,Critical
C005635,2025-12-31,0.6595055920244106,0.5758333333333333,High
C005636,2025-12-31,0.5264054678531885,0.5476666666666666,Medium
C005637,2025-12-31,0.9621509754022046,0.8696666666666667,Critical
C005638,2025-12-31,0.06732411612874671,0.025833333333333333,Low
C005639,2025-12-31,0.20175624098607878,0.214,Low
C005640,2025-12-31,0.9640441768053988,0.9568333333333333,Critical
C005641,2025-12-31,0.9524848752798823,0.7131666666666666,Critical
C005642,2025-12-31,0.30943689951166736,0.3895,Low
C005643,2025-12-31,0.4543679129531672,0.5208333333333334,Medium
C005644,2025-12-31,0.14604563491729217,0.14316666666666666,Low
C005645,2025-12-31,0.06298237878685183,0.011833333333333333,Low
C005646,2025-12-31,0.9547149213059254,0.7315,Critical
C005647,2025-12-31,0.8877984381350267,0.6293333333333333,Critical
C005648,2025-12-31,0.26462062429345906,0.3165,Low
C005649,2025-12-31,0.2866336935710596,0.3546666666666667,Low
C005650,2025-12-31,0.41350777925532967,0.499,Medium
C005651,2025-12-31,0.12649988388217787,0.122,Low
C005652,2025-12-31,0.9320584199239325,0.6588333333333334,Critical
C005653,2025-12-31,0.9610415954593504,0.8291666666666667,Critical
C005654,2025-12-31,0.31046752306939346,0.3918333333333333,Low
C005655,2025-12-31,0.15199904643812637,0.15216666666666667,Low
C005656,2025-12-31,0.2612642123067663,0.31166666666666665,Low
C005657,2025-12-31,0.9646087825405937,0.9728333333333333,Critical
C005658,2025-12-31,0.962876943226208,0.9011666666666667,Critical
C005659,2025-12-31,0.9623693847050129,0.8803333333333333,Critical
C005660,2025-12-31,0.07112831913144835,0.03666666666666667,Low
C005661,2025-12-31,0.9439895110848765,0.6813333333333333,Critical
C005662,2025-12-31,0.12363625994549438,0.1185,Low
C005663,2025-12-31,0.42182812895731564,0.5033333333333333,Medium
C005664,2025-12-31,0.4358346989466108,0.5115,Medium
C005665,2025-12-31,0.23070347439943495,0.26066666666666666,Low
C005666,2025-12-31,0.5764081468394281,0.5605,High
C005667,2025-12-31,0.27866792602828794,0.3418333333333333,Low
C005668,2025-12-31,0.965318996414252,0.9891666666666666,Critical
C005669,2025-12-31,0.16765772598085207,0.17183333333333334,Low
C005670,2025-12-31,0.9628817812218653,0.9016666666666666,Critical
C005671,2025-12-31,0.07856617164312758,0.05216666666666667,Low
C005672,2025-12-31,0.7381373687399543,0.5911666666666666,Critical
C005673,2025-12-31,0.2878508518087167,0.357,Low
C005674,2025-12-31,0.06934015902752615,0.03283333333333333,Low
C005675,2025-12-31,0.6607127622382095,0.5761666666666667,High
C005676,2025-12-31,0.731987041704878,0.5898333333333333,Critical
C005677,2025-12-31,0.9501530460907796,0.7025,Critical
C005678,2025-12-31,0.4247802909619824,0.505,Medium
C005679,2025-12-31,0.7832117649483322,0.6005,Critical
C005680,2025-12-31,0.9055118885630424,0.6366666666666667,Critical
C005681,2025-12-31,0.13135200061925692,0.12833333333333333,Low
C005682,2025-12-31,0.41327869141906665,0.49883333333333335,Medium
C005683,2025-12-31,0.8425773939461759,0.6126666666666667,Critical
C005684,2025-12-31,0.9617931288400224,0.8546666666666667,Critical
C005685,2025-12-31,0.11830348672949559,0.112,Low
C005686,2025-12-31,0.3107355511980626,0.39216666666666666,Low
C005687,2025-12-31,0.9582063875945138,0.7671666666666667,Critical
C005688,2025-12-31,0.7573887338016947,0.5958333333333333,Critical
C005689,2025-12-31,0.9355573073664226,0.6653333333333333,Critical
C005690,2025-12-31,0.9628773863596964,0.9013333333333333,Critical
C005691,2025-12-31,0.9568415825630588,0.7521666666666667,Critical
C005692,2025-12-31,0.9553182833767413,0.7366666666666667,Critical
C005693,2025-12-31,0.9579876664988903,0.7648333333333334,Critical
C005694,2025-12-31,0.9615239817451909,0.8436666666666667,Critical
C005695,2025-12-31,0.9637088944301508,0.941,Critical
C005696,2025-12-31,0.9623190351937766,0.8775,Critical
C005697,2025-12-31,0.9342014602202872,0.6616666666666666,Critical
C005698,2025-12-31,0.690653881045404,0.5828333333333333,High
C005699,2025-12-31,0.22387657914047246,0.25083333333333335,Low
C005700,2025-12-31,0.4150798529348328,0.5001666666666666,Medium
C005701,2025-12-31,0.1213953627280977,0.11633333333333333,Low
C005702,2025-12-31,0.9552155775474045,0.7361666666666666,Critical
C005703,2025-12-31,0.7223204277668209,0.5873333333333334,Critical
C005704,2025-12-31,0.2283828661533774,0.25683333333333336,Low
C005705,2025-12-31,0.9601611569231662,0.8026666666666666,Critical
C005706,2025-12-31,0.06767689330216596,0.027,Low
C005707,2025-12-31,0.3669724520762038,0.4638333333333333,Medium
C005708,2025-12-31,0.9323350966400296,0.6593333333333333,Critical
C005709,2025-12-31,0.9500704699554098,0.7018333333333333,Critical
C005710,2025-12-31,0.9636185173194093,0.937,Critical
C005711,2025-12-31,0.9638256615053097,0.9468333333333333,Critical
C005712,2025-12-31,0.9168746383005152,0.6441666666666667,Critical
C005713,2025-12-31,0.7953416198575777,0.6023333333333334,Critical
C005714,2025-12-31,0.9607160646865278,0.8196666666666667,Critical
C005715,2025-12-31,0.250939950758634,0.29483333333333334,Low
C005716,2025-12-31,0.9206633102144562,0.647,Critical
C005717,2025-12-31,0.47919085277580015,0.5296666666666666,Medium
C005718,2025-12-31,0.9637583319456177,0.9438333333333333,Critical
C005719,2025-12-31,0.10451507067632054,0.09416666666666666,Low
C005720,2025-12-31,0.9602628633767587,0.8051666666666667,Critical
C005721,2025-12-31,0.06016506030388585,0.004666666666666667,Low
C005722,2025-12-31,0.4148075905294419,0.5,Medium
C005723,2025-12-31,0.9441529202731102,0.6818333333333333,Critical
C005724,2025-12-31,0.07608217238608304,0.04666666666666667,Low
C005725,2025-12-31,0.9583921888592842,0.7703333333333333,Critical
C005726,2025-12-31,0.962162932642029,0.871,Critical
C005727,2025-12-31,0.9403914546051664,0.6741666666666667,Critical
C005728,2025-12-31,0.8285920851003031,0.609,Critical
C005729,2025-12-31,0.9616899446397037,0.85,Critical
C005730,2025-12-31,0.22851639342873512,0.257,Low
C005731,2025-12-31,0.16630792500725633,0.16933333333333334,Low
C005732,2025-12-31,0.6023969836674584,0.5655,High
C005733,2025-12-31,0.08201979926770435,0.058333333333333334,Low
C005734,2025-12-31,0.9626560858619059,0.8925,Critical
C005735,2025-12-31,0.36021946428002166,0.45966666666666667,Medium
C005736,2025-12-31,0.06791821285219164,0.028166666666666666,Low
C005737,2025-12-31,0.10121113897765864,0.089,Low
C005738,2025-12-31,0.07449009306645836,0.043,Low
C005739,2025-12-31,0.16919532845436477,0.17583333333333334,Low
C005740,2025-12-31,0.09237792284194783,0.075,Low
C005741,2025-12-31,0.11096993370286796,0.10233333333333333,Low
C005742,2025-12-31,0.2118681309252423,0.2305,Low
C005743,2025-12-31,0.9440675710681393,0.6815,Critical
C005744,2025-12-31,0.9635246549417359,0.9336666666666666,Critical
C005745,2025-12-31,0.9508182200034098,0.7061666666666667,Critical
C005746,2025-12-31,0.3542647764911249,0.454,Medium
C005747,2025-12-31,0.5452510321221657,0.5523333333333333,Medium
C005748,2025-12-31,0.9152089441390991,0.6428333333333334,Critical
C005749,2025-12-31,0.9296805837686986,0.6565,Critical
C005750,2025-12-31,0.06680805313291088,0.0245,Low
C005751,2025-12-31,0.3912982504975435,0.4855,Medium
C005752,2025-12-31,0.5018072314549329,0.5386666666666666,Medium
C005753,2025-12-31,0.15485104942835395,0.15516666666666667,Low
C005754,2025-12-31,0.21662419626925974,0.2385,Low
C005755,2025-12-31,0.962025402435144,0.8648333333333333,Critical
C005756,2025-12-31,0.9202678584528096,0.6466666666666666,Critical
C005757,2025-12-31,0.3425432265238382,0.43733333333333335,Low
C005758,2025-12-31,0.9616127198378127,0.8471666666666666,Critical
C005759,2025-12-31,0.9640600458419412,0.9583333333333334,Critical
C005760,2025-12-31,0.9596936822806027,0.7916666666666666,Critical
C005761,2025-12-31,0.23113093545934404,0.2623333333333333,Low
C005762,2025-12-31,0.9617170178765303,0.8511666666666666,Critical
C005763,2025-12-31,0.25645122413506466,0.30333333333333334,Low
C005764,2025-12-31,0.9642634909870827,0.9663333333333334,Critical
C005765,2025-12-31,0.09407795679477636,0.077,Low
C005766,2025-12-31,0.9639551505632425,0.9531666666666667,Critical
C005767,2025-12-31,0.2952028334047681,0.3695,Low
C005768,2025-12-31,0.21958828264256378,0.24283333333333335,Low
C005769,2025-12-31,0.9608614619321316,0.8236666666666667,Critical
C005770,2025-12-31,0.9542035617898016,0.7271666666666666,Critical
C005771,2025-12-31,0.9655427869742889,0.9943333333333333,Critical
C005772,2025-12-31,0.9607041467997433,0.8191666666666667,Critical
C005773,2025-12-31,0.9640431428019344,0.9566666666666667,Critical
C005774,2025-12-31,0.6873786653569859,0.5818333333333333,High
C005775,2025-12-31,0.9627817170066061,0.898,Critical
C005776,2025-12-31,0.954050943143027,0.7261666666666666,Critical
C005777,2025-12-31,0.9421932727976884,0.6775,Critical
C005778,2025-12-31,0.2642472232700677,0.316,Low
C005779,2025-12-31,0.22352182285539213,0.25,Low
C005780,2025-12-31,0.6627426311727297,0.577,High
C005781,2025-12-31,0.959201781807422,0.7833333333333333,Critical
C005782,2025-12-31,0.9648998902593511,0.978,Critical
C005783,2025-12-31,0.4374539739979431,0.5121666666666667,Medium
C005784,2025-12-31,0.9579505240842322,0.7645,Critical
C005785,2025-12-31,0.8611438923277154,0.6176666666666667,Critical
C005786,2025-12-31,0.23497443075011804,0.2675,Low
C005787,2025-12-31,0.1604735664882098,0.16266666666666665,Low
C005788,2025-12-31,0.9642176950067048,0.9653333333333334,Critical
C005789,2025-12-31,0.2807630799859533,0.3446666666666667,Low
C005790,2025-12-31,0.23782966687107346,0.27316666666666667,Low
C005791,2025-12-31,0.18186465548427766,0.1895,Low
C005792,2025-12-31,0.9622206673616415,0.8731666666666666,Critical
C005793,2025-12-31,0.797553554302973,0.6033333333333334,Critical
C005794,2025-12-31,0.40329610859740717,0.494,Medium
C005795,2025-12-31,0.2748146691584617,0.33566666666666667,Low
C005796,2025-12-31,0.2844835359021613,0.3501666666666667,Low
C005797,2025-12-31,0.9629887108637553,0.9063333333333333,Critical
C005798,2025-12-31,0.9257234434886525,0.6521666666666667,Critical
C005799,2025-12-31,0.9623833397753415,0.8813333333333333,Critical
C005800,2025-12-31,0.2673329215532368,0.3225,Low
C005801,2025-12-31,0.9594027572051744,0.7873333333333333,Critical
C005802,2025-12-31,0.9620649084870382,0.866,Critical
C005803,2025-12-31,0.9618988191131987,0.8593333333333333,Critical
C005804,2025-12-31,0.9629922009940067,0.9068333333333334,Critical
C005805,2025-12-31,0.2421735260582253,0.2788333333333333,Low
C005806,2025-12-31,0.9464820915992229,0.6883333333333334,Critical
C005807,2025-12-31,0.9622260052275124,0.8735,Critical
C005808,2025-12-31,0.957489275693051,0.7596666666666667,Critical
C005809,2025-12-31,0.34319474175306025,0.43833333333333335,Low
C005810,2025-12-31,0.3067162345626509,0.38533333333333336,Low
C005811,2025-12-31,0.25972693491982185,0.30833333333333335,Low
C005812,2025-12-31,0.3343837838816149,0.427,Low
C005813,2025-12-31,0.2945123404382008,0.36866666666666664,Low
C005814,2025-12-31,0.9366574045030799,0.6675,Critical
C005815,2025-12-31,0.9610342577352952,0.8288333333333333,Critical
C005816,2025-12-31,0.46005659211513056,0.5233333333333333,Medium
C005817,2025-12-31,0.0690404898804378,0.03183333333333333,Low
C005818,2025-12-31,0.8999935219547001,0.6336666666666667,Critical
C005819,2025-12-31,0.9618288007844629,0.8565,Critical
C005820,2025-12-31,0.5774397255791154,0.5606666666666666,High
C005821,2025-12-31,0.9635027000492077,0.9323333333333333,Critical
C005822,2025-12-31,0.07704587651216374,0.04883333333333333,Low
C005823,2025-12-31,0.3940944907629782,0.4881666666666667,Medium
C005824,2025-12-31,0.49382144795500293,0.535,Medium
C005825,2025-12-31,0.4316161919509625,0.5091666666666667,Medium
C005826,2025-12-31,0.41952486304594117,0.5026666666666667,Medium
C005827,2025-12-31,0.1083630937307461,0.09833333333333333,Low
C005828,2025-12-31,0.7318280911548122,0.5896666666666667,Critical
C005829,2025-12-31,0.28330793051181624,0.34833333333333333,Low
C005830,2025-12-31,0.9599168750203012,0.7961666666666667,Critical
C005831,2025-12-31,0.1296160246278777,0.12566666666666668,Low
C005832,2025-12-31,0.9564874643223461,0.748,Critical
C005833,2025-12-31,0.25785570980164196,0.30583333333333335,Low
C005834,2025-12-31,0.2355021256516964,0.2685,Low
C005835,2025-12-31,0.9637171725178751,0.9411666666666667,Critical
C005836,2025-12-31,0.327543975765433,0.41633333333333333,Low
C005837,2025-12-31,0.4032952373667506,0.49383333333333335,Medium
C005838,2025-12-31,0.942691167319219,0.6781666666666667,Critical
C005839,2025-12-31,0.9460538460445616,0.6875,Critical
C005840,2025-12-31,0.2766184291518112,0.33866666666666667,Low
C005841,2025-12-31,0.2797585347192903,0.3436666666666667,Low
C005842,2025-12-31,0.23326361438976695,0.2653333333333333,Low
C005843,2025-12-31,0.21214742438625755,0.23133333333333334,Low
C005844,2025-12-31,0.34040281936487354,0.4335,Low
C005845,2025-12-31,0.20141507496578936,0.21383333333333332,Low
C005846,2025-12-31,0.1730105162047683,0.18016666666666667,Low
C005847,2025-12-31,0.1476379874058716,0.14466666666666667,Low
C005848,2025-12-31,0.16035874778883788,0.1625,Low
C005849,2025-12-31,0.9629167045510281,0.903,Critical
C005850,2025-12-31,0.4023529799506606,0.493,Medium
C005851,2025-12-31,0.9532606712999288,0.7196666666666667,Critical
C005852,2025-12-31,0.2051195708400626,0.22016666666666668,Low
C005853,2025-12-31,0.19697640030158678,0.2075,Low
C005854,2025-12-31,0.06804868181459402,0.028333333333333332,Low
C005855,2025-12-31,0.9533760433762959,0.7211666666666666,Critical
C005856,2025-12-31,0.8935751526634911,0.6315,Critical
C005857,2025-12-31,0.21185549563440587,0.23033333333333333,Low
C005858,2025-12-31,0.9114062045694911,0.6403333333333333,Critical
C005859,2025-12-31,0.10845949611298528,0.09866666666666667,Low
C005860,2025-12-31,0.22420681571955278,0.25166666666666665,Low
C005861,2025-12-31,0.9627638455797699,0.8973333333333333,Critical
C005862,2025-12-31,0.9582001445744796,0.7666666666666667,Critical
C005863,2025-12-31,0.9596076891919981,0.7906666666666666,Critical
C005864,2025-12-31,0.7536929468554908,0.5946666666666667,Critical
C005865,2025-12-31,0.9615880178170791,0.8465,Critical
C005866,2025-12-31,0.9626576862745395,0.8926666666666667,Critical
C005867,2025-12-31,0.9152888226338692,0.643,Critical
C005868,2025-12-31,0.9616149341425517,0.8475,Critical
C005869,2025-12-31,0.9554734602981219,0.7376666666666667,Critical
C005870,2025-12-31,0.2944655610308288,0.36833333333333335,Low
C005871,2025-12-31,0.18726463313946065,0.1955,Low
C005872,2025-12-31,0.9626427617973766,0.8916666666666667,Critical
C005873,2025-12-31,0.2009440326548212,0.2135,Low
C005874,2025-12-31,0.10653366721029228,0.0965,Low
C005875,2025-12-31,0.5721782110109489,0.5588333333333333,High
C005876,2025-12-31,0.29075201028680553,0.362,Low
C005877,2025-12-31,0.0629474077358942,0.0115,Low
C005878,2025-12-31,0.13993290567832328,0.13783333333333334,Low
C005879,2025-12-31,0.3122250659574232,0.394,Low
C005880,2025-12-31,0.9487676958175962,0.6965,Critical
C005881,2025-12-31,0.9595926708618229,0.7901666666666667,Critical
C005882,2025-12-31,0.06260558523116967,0.010833333333333334,Low
C005883,2025-12-31,0.1393091991934933,0.13716666666666666,Low
C005884,2025-12-31,0.07406659531286258,0.042,Low
C005885,2025-12-31,0.24663839067168847,0.2871666666666667,Low
C005886,2025-12-31,0.10309529862916633,0.09233333333333334,Low
C005887,2025-12-31,0.9634786680351898,0.9311666666666667,Critical
C005888,2025-12-31,0.20526660757993578,0.22066666666666668,Low
C005889,2025-12-31,0.953312800012136,0.7203333333333334,Critical
C005890,2025-12-31,0.9355221146278124,0.6651666666666667,Critical
C005891,2025-12-31,0.35784831440864684,0.45716666666666667,Medium
C005892,2025-12-31,0.28340538979876295,0.3486666666666667,Low
C005893,2025-12-31,0.9403414455625265,0.6738333333333333,Critical
C005894,2025-12-31,0.20248702390532833,0.21583333333333332,Low
C005895,2025-12-31,0.21204671965393893,0.23083333333333333,Low
C005896,2025-12-31,0.11829353752265225,0.11183333333333334,Low
C005897,2025-12-31,0.3445795528751375,0.44,Low
C005898,2025-12-31,0.9549037358317097,0.7323333333333333,Critical
C005899,2025-12-31,0.22043909756569605,0.245,Low
C005900,2025-12-31,0.9510459774626026,0.7071666666666667,Critical
C005901,2025-12-31,0.9654923269157552,0.9931666666666666,Critical
C005902,2025-12-31,0.9618138556123282,0.8555,Critical
C005903,2025-12-31,0.5046078587540144,0.5396666666666666,Medium
C005904,2025-12-31,0.603051223575863,0.5656666666666667,High
C005905,2025-12-31,0.9610739854035169,0.8305,Critical
C005906,2025-12-31,0.0687138438752053,0.030666666666666665,Low
C005907,2025-12-31,0.2138169829779477,0.23383333333333334,Low
C005908,2025-12-31,0.9424473996377035,0.6778333333333333,Critical
C005909,2025-12-31,0.20437708593718681,0.2195,Low
C005910,2025-12-31,0.9639951123197404,0.9545,Critical
C005911,2025-12-31,0.24652254277603455,0.287,Low
C005912,2025-12-31,0.4734489060610047,0.528,Medium
C005913,2025-12-31,0.20544479596228551,0.22116666666666668,Low
C005914,2025-12-31,0.5166382207515309,0.5445,Medium
C005915,2025-12-31,0.8396330632196017,0.6116666666666667,Critical
C005916,2025-12-31,0.3453190579855488,0.44266666666666665,Low
C005917,2025-12-31,0.10901979722260678,0.09966666666666667,Low
C005918,2025-12-31,0.152739582168506,0.15366666666666667,Low
C005919,2025-12-31,0.9227215578435114,0.6478333333333334,Critical
C005920,2025-12-31,0.12869657382316635,0.12416666666666666,Low
C005921,2025-12-31,0.10162001846956319,0.09,Low
C005922,2025-12-31,0.9588364754769741,0.7778333333333334,Critical
C005923,2025-12-31,0.257650855511794,0.30533333333333335,Low
C005924,2025-12-31,0.9590035229579955,0.7803333333333333,Critical
C005925,2025-12-31,0.4634883651498039,0.5248333333333334,Medium
C005926,2025-12-31,0.9640533199604345,0.9575,Critical
C005927,2025-12-31,0.34324531208235576,0.43866666666666665,Low
C005928,2025-12-31,0.3939872979864718,0.4875,Medium
C005929,2025-12-31,0.23775799261452638,0.2725,Low
C005930,2025-12-31,0.10573057150013031,0.09516666666666666,Low
C005931,2025-12-31,0.9610143110024648,0.8276666666666667,Critical
C005932,2025-12-31,0.2760584725825973,0.3378333333333333,Low
C005933,2025-12-31,0.20401897198663355,0.2185,Low
C005934,2025-12-31,0.9623354104165059,0.8783333333333333,Critical
C005935,2025-12-31,0.29652086419358564,0.37066666666666664,Low
C005936,2025-12-31,0.07774671566201234,0.050333333333333334,Low
C005937,2025-12-31,0.21265729479334358,0.2325,Low
C005938,2025-12-31,0.4067275953496831,0.49516666666666664,Medium
C005939,2025-12-31,0.26894124205320463,0.3255,Low
C005940,2025-12-31,0.7723270775655892,0.5986666666666667,Critical
C005941,2025-12-31,0.43621212350565286,0.5116666666666667,Medium
C005942,2025-12-31,0.96172070344599,0.8515,Critical
C005943,2025-12-31,0.23313520316277872,0.26516666666666666,Low
C005944,2025-12-31,0.9610322064432771,0.8286666666666667,Critical
C005945,2025-12-31,0.09986041871222721,0.08666666666666667,Low
C005946,2025-12-31,0.9638432673065633,0.9483333333333334,Critical
C005947,2025-12-31,0.748999364908034,0.5935,Critical
C005948,2025-12-31,0.07471494518808375,0.0435,Low
C005949,2025-12-31,0.9633351684197439,0.9243333333333333,Critical
C005950,2025-12-31,0.962088636343366,0.867,Critical
C005951,2025-12-31,0.34174340543813303,0.43583333333333335,Low
C005952,2025-12-31,0.06877227715603727,0.030833333333333334,Low
C005953,2025-12-31,0.9641288973529593,0.9608333333333333,Critical
C005954,2025-12-31,0.06630677963652758,0.022833333333333334,Low
C005955,2025-12-31,0.20529115260139885,0.22083333333333333,Low
C005956,2025-12-31,0.09620139452226904,0.08066666666666666,Low
C005957,2025-12-31,0.19192467359506785,0.20133333333333334,Low
C005958,2025-12-31,0.9621618480047079,0.8706666666666667,Critical
C005959,2025-12-31,0.25162476671552353,0.29583333333333334,Low
C005960,2025-12-31,0.9637908247247827,0.9456666666666667,Critical
C005961,2025-12-31,0.9622431832800133,0.8741666666666666,Critical
C005962,2025-12-31,0.9531575893128351,0.7185,Critical
C005963,2025-12-31,0.06198598733010824,0.0085,Low
C005964,2025-12-31,0.2626181763945505,0.31333333333333335,Low
C005965,2025-12-31,0.8111283910207904,0.6053333333333333,Critical
C005966,2025-12-31,0.4477240499658657,0.5181666666666667,Medium
C005967,2025-12-31,0.9647465741029625,0.9751666666666666,Critical
C005968,2025-12-31,0.9050924573873106,0.6361666666666667,Critical
C005969,2025-12-31,0.23696569211370874,0.2715,Low
C005970,2025-12-31,0.9607327956799634,0.8203333333333334,Critical
C005971,2025-12-31,0.9532156409956389,0.719,Critical
C005972,2025-12-31,0.12725824360106455,0.12316666666666666,Low
C005973,2025-12-31,0.9641799851814055,0.9634166666666667,Critical
C005974,2025-12-31,0.9582335561877161,0.7676666666666667,Critical
C005975,2025-12-31,0.9608963407721588,0.8246666666666667,Critical
C005976,2025-12-31,0.08554373597665828,0.06383333333333334,Low
C005977,2025-12-31,0.9485642517021037,0.6955,Critical
C005978,2025-12-31,0.4813245257806568,0.5311666666666667,Medium
C005979,2025-12-31,0.9657541537522168,0.999,Critical
C005980,2025-12-31,0.3912236225155501,0.4851666666666667,Medium
C005981,2025-12-31,0.9643438192713457,0.967,Critical
C005982,2025-12-31,0.9533482614951915,0.7206666666666667,Critical
C005983,2025-12-31,0.9609575982637604,0.8258333333333333,Critical
C005984,2025-12-31,0.30996306547948366,0.3908333333333333,Low
C005985,2025-12-31,0.29518649882378556,0.36933333333333335,Low
C005986,2025-12-31,0.9586743411433717,0.7743333333333333,Critical
C005987,2025-12-31,0.9645365170278962,0.9705,Critical
C005988,2025-12-31,0.5924090404085814,0.5635,High
C005989,2025-12-31,0.9630300985288431,0.9088333333333334,Critical
C005990,2025-12-31,0.35832525277046384,0.458,Medium
C005991,2025-12-31,0.3218638098188405,0.4066666666666667,Low
C005992,2025-12-31,0.13207850565953513,0.12916666666666668,Low
C005993,2025-12-31,0.42230874368974075,0.5035,Medium
C005994,2025-12-31,0.07760919875068888,0.05,Low
C005995,2025-12-31,0.12057797487520898,0.11466666666666667,Low
C005996,2025-12-31,0.9536510973579393,0.723,Critical
C005997,2025-12-31,0.26305846219214685,0.31416666666666665,Low
C005998,2025-12-31,0.96354348591248,0.9346666666666666,Critical
C005999,2025-12-31,0.7839531485292901,0.601,Critical
C006000,2025-12-31,0.95978053643897,0.793,Critical
