customer_id,snapshot_date,predicted_clv_12m,clv_percentile,clv_band
C000001,2025-12-31,6224.8091522222,0.9055,Strategic
C000002,2025-12-31,37.380469116428074,0.22175,Low
C000003,2025-12-31,172.3104132458823,0.3448333333333333,Developing
C000004,2025-12-31,16.296568547294182,0.116,Low
C000005,2025-12-31,1467.2533528624117,0.5305,High
C000006,2025-12-31,3.4664894224570015,0.009166666666666667,Low
C000007,2025-12-31,1437.2755126013415,0.5195,High
C000008,2025-12-31,119.70623714030768,0.3305,Developing
C000009,2025-12-31,20.551636745116973,0.1455,Low
C000010,2025-12-31,1750.5498479098212,0.624,High
C000011,2025-12-31,1299.7753064258627,0.4706666666666667,Developing
C000012,2025-12-31,56.40639811648716,0.2638333333333333,Developing
C000013,2025-12-31,1190.1326522448844,0.439,Developing
C000014,2025-12-31,1563.73742680868,0.5645,High
C000015,2025-12-31,8180.171351221411,0.951,Strategic
C000016,2025-12-31,1418.4200321840801,0.5111666666666667,High
C000017,2025-12-31,3799.8637355504466,0.8373333333333334,Strategic
C000018,2025-12-31,94.6478518002963,0.31016666666666665,Developing
C000019,2025-12-31,3094.820737586348,0.7981666666666667,Strategic
C000020,2025-12-31,2413.44239535548,0.741,High
C000021,2025-12-31,3274.7934681212023,0.8086666666666666,Strategic
C000022,2025-12-31,12.180973097858132,0.0795,Low
C000023,2025-12-31,6.375615479542574,0.026833333333333334,Low
C000024,2025-12-31,2935.391690596465,0.7855,Strategic
C000025,2025-12-31,28.673986398060567,0.19066666666666668,Low
C000026,2025-12-31,823.1034088193521,0.396,Developing
C000027,2025-12-31,9.322618248131423,0.049833333333333334,Low
C000028,2025-12-31,2713.011698894424,0.7668333333333334,Strategic
C000029,2025-12-31,1070.7011027313179,0.4205,Developing
C000030,2025-12-31,977.8730324666874,0.412,Developing
C000031,2025-12-31,502.44473365627476,0.37533333333333335,Developing
C000032,2025-12-31,39.56832682180545,0.22766666666666666,Low
C000033,2025-12-31,1366.7411033075407,0.494,Developing
C000034,2025-12-31,1263.3583323224577,0.4573333333333333,Developing
C000035,2025-12-31,45.058938039860784,0.24233333333333335,Low
C000036,2025-12-31,11.611019256712213,0.07433333333333333,Low
C000037,2025-12-31,8877.694750348375,0.9721666666666666,Strategic
C000038,2025-12-31,15.328250138534802,0.10783333333333334,Low
C000039,2025-12-31,2716.602494897842,0.7671666666666667,Strategic
C000040,2025-12-31,148.6628532418881,0.3405,Developing
C000041,2025-12-31,10.516308880306207,0.06133333333333333,Low
C000042,2025-12-31,1629.4100216068618,0.5861666666666666,High
C000043,2025-12-31,975.9903551774295,0.4115,Developing
C000044,2025-12-31,1935.685349056302,0.676,High
C000045,2025-12-31,2050.2748535696655,0.6991666666666667,High
C000046,2025-12-31,135.76535020556864,0.3373333333333333,Developing
C000047,2025-12-31,25.61438445876109,0.17483333333333334,Low
C000048,2025-12-31,1509.250144096317,0.5451666666666667,High
C000049,2025-12-31,1845.665037429636,0.657,High
C000050,2025-12-31,1531.1814944140654,0.5538333333333333,High
C000051,2025-12-31,1797.787079053954,0.6406666666666667,High
C000052,2025-12-31,38.828836415552885,0.2265,Low
C000053,2025-12-31,24.710902684605067,0.17033333333333334,Low
C000054,2025-12-31,1828.4340751750567,0.65225,High
C000055,2025-12-31,1848.1045313987165,0.6571666666666667,High
C000056,2025-12-31,263.6861406068739,0.35683333333333334,Developing
C000057,2025-12-31,87.53864040190778,0.30466666666666664,Developing
C000058,2025-12-31,2457.4328461282284,0.7448333333333333,High
C000059,2025-12-31,9374.328325338098,0.9883333333333333,Strategic
C000060,2025-12-31,708.049129470803,0.3878333333333333,Developing
C000061,2025-12-31,1187.962410169525,0.4385,Developing
C000062,2025-12-31,1838.5193326740534,0.6548333333333334,High
C000063,2025-12-31,1810.8718240440867,0.6458333333333334,High
C000064,2025-12-31,17.419349879146157,0.12283333333333334,Low
C000065,2025-12-31,35.5339380598356,0.21633333333333332,Low
C000066,2025-12-31,3088.027442908107,0.7978333333333333,Strategic
C000067,2025-12-31,1721.260429937108,0.6165,High
C000068,2025-12-31,111.42815625808674,0.3255,Developing
C000069,2025-12-31,1467.2979519724322,0.5306666666666666,High
C000070,2025-12-31,5693.217600975708,0.8936666666666667,Strategic
C000071,2025-12-31,3391.53898653258,0.8158333333333333,Strategic
C000072,2025-12-31,1891.264359494977,0.6676666666666666,High
C000073,2025-12-31,1611.4482162347315,0.5796666666666667,High
C000074,2025-12-31,41.80286505193339,0.23533333333333334,Low
C000075,2025-12-31,3212.0438464169792,0.804,Strategic
C000076,2025-12-31,29.79144292046459,0.19633333333333333,Low
C000077,2025-12-31,3634.5744299427975,0.8283333333333334,Strategic
C000078,2025-12-31,2103.8226418851386,0.7075,High
C000079,2025-12-31,1785.127960104041,0.6365,High
C000080,2025-12-31,10531.970884966167,0.9996666666666667,Strategic
C000081,2025-12-31,3044.2937486932087,0.7941666666666667,Strategic
C000082,2025-12-31,3021.1706997567203,0.7933333333333333,Strategic
C000083,2025-12-31,2189.859620364377,0.7171666666666666,High
C000084,2025-12-31,2297.281096634474,0.731,High
C000085,2025-12-31,1723.0030263826156,0.6171666666666666,High
C000086,2025-12-31,91.17358578561657,0.30683333333333335,Developing
C000087,2025-12-31,8898.32111768353,0.9731666666666666,Strategic
C000088,2025-12-31,2910.903771706863,0.7841666666666667,Strategic
C000089,2025-12-31,119.22178596256805,0.3298333333333333,Developing
C000090,2025-12-31,7536.80130696566,0.9336666666666666,Strategic
C000091,2025-12-31,1389.402049562929,0.5013333333333333,High
C000092,2025-12-31,4183.974918092212,0.8525,Strategic
C000093,2025-12-31,4254.361723472593,0.856,Strategic
C000094,2025-12-31,3449.5865704797607,0.8181666666666667,Strategic
C000095,2025-12-31,1358.435502627874,0.49116666666666664,Developing
C000096,2025-12-31,7125.199154155699,0.9245,Strategic
C000097,2025-12-31,7857.171242191626,0.9408333333333333,Strategic
C000098,2025-12-31,1088.474079112639,0.42383333333333334,Developing
C000099,2025-12-31,7421.484885337325,0.9311666666666667,Strategic
C000100,2025-12-31,29.91426937057214,0.19716666666666666,Low
C000101,2025-12-31,1385.9395661245119,0.5003333333333333,High
C000102,2025-12-31,57.653453547017214,0.2663333333333333,Developing
C000103,2025-12-31,4440.352622794181,0.864,Strategic
C000104,2025-12-31,485.2947679333563,0.37416666666666665,Developing
C000105,2025-12-31,8.377987426810005,0.041833333333333333,Low
C000106,2025-12-31,1321.4804793172018,0.477,Developing
C000107,2025-12-31,1456.9730117935296,0.5263333333333333,High
C000108,2025-12-31,4479.266395696247,0.865,Strategic
C000109,2025-12-31,401.43276541151886,0.36816666666666664,Developing
C000110,2025-12-31,12.740427900633136,0.086,Low
C000111,2025-12-31,20.00461123469893,0.14166666666666666,Low
C000112,2025-12-31,2483.8519557473146,0.7466666666666667,High
C000113,2025-12-31,2026.8767151429277,0.6951666666666667,High
C000114,2025-12-31,5.626007429181469,0.023666666666666666,Low
C000115,2025-12-31,14.073082318054206,0.09816666666666667,Low
C000116,2025-12-31,4191.590686105334,0.853,Strategic
C000117,2025-12-31,1750.8086936458794,0.6243333333333333,High
C000118,2025-12-31,3863.173648336354,0.8405,Strategic
C000119,2025-12-31,3093.3567186876016,0.798,Strategic
C000120,2025-12-31,15.316891135623736,0.1075,Low
C000121,2025-12-31,191.6226723041485,0.3491666666666667,Developing
C000122,2025-12-31,1271.6030762215628,0.4605,Developing
C000123,2025-12-31,1519.2744057954317,0.548,High
C000124,2025-12-31,36.45079026157829,0.21983333333333333,Low
C000125,2025-12-31,2952.954985654112,0.7875,Strategic
C000126,2025-12-31,1536.7207549059974,0.5563333333333333,High
C000127,2025-12-31,1113.3700842150488,0.4261666666666667,Developing
C000128,2025-12-31,7491.573887080697,0.933,Strategic
C000129,2025-12-31,1708.2504399105585,0.6133333333333333,High
C000130,2025-12-31,37.10421274084832,0.22116666666666668,Low
C000131,2025-12-31,145.92187330998735,0.3396666666666667,Developing
C000132,2025-12-31,2076.9194199025533,0.703,High
C000133,2025-12-31,2632.51864184609,0.7605,Strategic
C000134,2025-12-31,3990.3463018576963,0.846,Strategic
C000135,2025-12-31,3185.731544995304,0.8025,Strategic
C000136,2025-12-31,1711.1238589759257,0.6136666666666667,High
C000137,2025-12-31,212.39555426206928,0.3525,Developing
C000138,2025-12-31,9.985679709809434,0.0555,Low
C000139,2025-12-31,3057.499268889432,0.7955,Strategic
C000140,2025-12-31,1004.7861517835544,0.414,Developing
C000141,2025-12-31,1526.4785253174296,0.5516666666666666,High
C000142,2025-12-31,5348.408950254708,0.886,Strategic
C000143,2025-12-31,955.3312432937565,0.409,Developing
C000144,2025-12-31,823.325092279194,0.39616666666666667,Developing
C000145,2025-12-31,1234.275189818663,0.45,Developing
C000146,2025-12-31,38.335295197994284,0.2245,Low
C000147,2025-12-31,62.30428977911151,0.2725,Developing
C000148,2025-12-31,1435.3357617514723,0.5191666666666667,High
C000149,2025-12-31,2203.971127004525,0.7186666666666667,High
C000150,2025-12-31,19.65595287839629,0.13883333333333334,Low
C000151,2025-12-31,1555.6603609672013,0.5616666666666666,High
C000152,2025-12-31,1665.9762334791812,0.5995,High
C000153,2025-12-31,1551.2026844114991,0.56,High
C000154,2025-12-31,2555.7327900983146,0.7528333333333334,Strategic
C000155,2025-12-31,19.640066277418633,0.13866666666666666,Low
C000156,2025-12-31,209.40905661925348,0.3521666666666667,Developing
C000157,2025-12-31,3268.243597165404,0.808,Strategic
C000158,2025-12-31,7057.709094593329,0.9233333333333333,Strategic
C000159,2025-12-31,1384.4703334898752,0.49966666666666665,Developing
C000160,2025-12-31,18.99837330166264,0.13516666666666666,Low
C000161,2025-12-31,965.7488223906255,0.4101666666666667,Developing
C000162,2025-12-31,1931.8401357427833,0.675,High
C000163,2025-12-31,1489.3551512707586,0.538,High
C000164,2025-12-31,4.815136698120137,0.0185,Low
C000165,2025-12-31,9468.11060274279,0.99,Strategic
C000166,2025-12-31,304.0164450000929,0.3601666666666667,Developing
C000167,2025-12-31,1715.510604809212,0.6151666666666666,High
C000168,2025-12-31,8604.06418466215,0.9645,Strategic
C000169,2025-12-31,248.6419747021259,0.3555,Developing
C000170,2025-12-31,7228.28934912739,0.9278333333333333,Strategic
C000171,2025-12-31,1630.5950962607938,0.5868333333333333,High
C000172,2025-12-31,9017.625725843076,0.9775,Strategic
C000173,2025-12-31,173.71162004594814,0.3451666666666667,Developing
C000174,2025-12-31,2172.6626374039097,0.7141666666666666,High
C000175,2025-12-31,1278.1580592374505,0.4623333333333333,Developing
C000176,2025-12-31,815.9580147747114,0.39516666666666667,Developing
C000177,2025-12-31,1703.1482530649698,0.6113333333333333,High
C000178,2025-12-31,1050.7659666731481,0.418,Developing
C000179,2025-12-31,2451.7895521854707,0.7446666666666667,High
C000180,2025-12-31,1914.21323123899,0.6715,High
C000181,2025-12-31,98.58596740811603,0.31516666666666665,Developing
C000182,2025-12-31,3389.266322906444,0.8156666666666667,Strategic
C000183,2025-12-31,2762.6690139921325,0.7711666666666667,Strategic
C000184,2025-12-31,54.78549395155328,0.2605,Developing
C000185,2025-12-31,1874.3142393937499,0.6641666666666667,High
C000186,2025-12-31,7352.910915518254,0.9295,Strategic
C000187,2025-12-31,15.656438976031925,0.111,Low
C000188,2025-12-31,212.72472515880773,0.353,Developing
C000189,2025-12-31,2002.33571409747,0.6905,High
C000190,2025-12-31,50.54357923791085,0.2535,Developing
C000191,2025-12-31,13.986027933798859,0.09766666666666667,Low
C000192,2025-12-31,3276.657690483727,0.8088333333333333,Strategic
C000193,2025-12-31,8022.322903660117,0.9458333333333333,Strategic
C000194,2025-12-31,2690.5478991118007,0.7648333333333334,Strategic
C000195,2025-12-31,2526.5136804297563,0.7501666666666666,Strategic
C000196,2025-12-31,4450.019371045337,0.8643333333333333,Strategic
C000197,2025-12-31,10.574844918378641,0.06216666666666667,Low
C000198,2025-12-31,6587.286054301323,0.9128333333333334,Strategic
C000199,2025-12-31,3236.5406199889594,0.8061666666666667,Strategic
C000200,2025-12-31,1390.2680214470302,0.5018333333333334,High
C000201,2025-12-31,1317.3830990463364,0.47583333333333333,Developing
C000202,2025-12-31,2851.8381498304975,0.7803333333333333,Strategic
C000203,2025-12-31,1850.7245101511269,0.658,High
C000204,2025-12-31,2806.2286960622782,0.776,Strategic
C000205,2025-12-31,1047.5809821793507,0.41733333333333333,Developing
C000206,2025-12-31,8928.910054956537,0.9743333333333334,Strategic
C000207,2025-12-31,3308.643469544502,0.8108333333333333,Strategic
C000208,2025-12-31,4.340335770450474,0.015166666666666667,Low
C000209,2025-12-31,1860.7915683962124,0.6606666666666666,High
C000210,2025-12-31,3.450519942742994,0.009,Low
C000211,2025-12-31,2792.0013746116183,0.7743333333333333,Strategic
C000212,2025-12-31,2129.6266092563906,0.7101666666666666,High
C000213,2025-12-31,2496.1835305104537,0.7478333333333333,High
C000214,2025-12-31,16.84500071085562,0.12033333333333333,Low
C000215,2025-12-31,1627.8312453207172,0.5856666666666667,High
C000216,2025-12-31,2753.7398831155756,0.77,Strategic
C000217,2025-12-31,154.8263521729923,0.3418333333333333,Developing
C000218,2025-12-31,23.89521127186191,0.166,Low
C000219,2025-12-31,7301.195430315108,0.9283333333333333,Strategic
C000220,2025-12-31,2684.306754735989,0.7645,Strategic
C000221,2025-12-31,5569.3589831468325,0.8911666666666667,Strategic
C000222,2025-12-31,12.340720975053753,0.08116666666666666,Low
C000223,2025-12-31,2069.0029336211383,0.7018333333333333,High
C000224,2025-12-31,12.38208107433141,0.08166666666666667,Low
C000225,2025-12-31,781.4522659091301,0.392,Developing
C000226,2025-12-31,1933.520790333521,0.6756666666666666,High
C000227,2025-12-31,1917.545559187683,0.6718333333333333,High
C000228,2025-12-31,5527.433357616057,0.8906666666666667,Strategic
C000229,2025-12-31,230.75924855569863,0.3546666666666667,Developing
C000230,2025-12-31,1621.312428122037,0.5836666666666667,High
C000231,2025-12-31,5461.360123477911,0.8888333333333334,Strategic
C000232,2025-12-31,64.4468376487447,0.277,Developing
C000233,2025-12-31,47.553300495859546,0.24766666666666667,Low
C000234,2025-12-31,1929.36474356589,0.674,High
C000235,2025-12-31,28.562956727247343,0.18966666666666668,Low
C000236,2025-12-31,34.55226597148859,0.213,Low
C000237,2025-12-31,2.6349091395215685,0.0055,Low
C000238,2025-12-31,7540.306513314461,0.9338333333333333,Strategic
C000239,2025-12-31,1216.196632680449,0.445,Developing
C000240,2025-12-31,5.033513840289607,0.019833333333333335,Low
C000241,2025-12-31,5069.204591452256,0.8796666666666667,Strategic
C000242,2025-12-31,4719.811853598336,0.8713333333333333,Strategic
C000243,2025-12-31,1482.8946806225542,0.5355,High
C000244,2025-12-31,2390.9229265314334,0.7391666666666666,High
C000245,2025-12-31,4993.048346594034,0.877,Strategic
C000246,2025-12-31,60.80814543554809,0.2708333333333333,Developing
C000247,2025-12-31,2262.5127914864765,0.7265,High
C000248,2025-12-31,1189.964605942914,0.43883333333333335,Developing
C000249,2025-12-31,28.862888961797168,0.19116666666666668,Low
C000250,2025-12-31,8937.049476668426,0.9745,Strategic
C000251,2025-12-31,1300.7886852248585,0.4708333333333333,Developing
C000252,2025-12-31,19.663354110937703,0.139,Low
C000253,2025-12-31,50.13844340543855,0.25216666666666665,Developing
C000254,2025-12-31,31.74435821190482,0.20166666666666666,Low
C000255,2025-12-31,9015.304120561017,0.9771666666666666,Strategic
C000256,2025-12-31,1608.7469378372912,0.5785,High
C000257,2025-12-31,2178.27036576339,0.7153333333333334,High
C000258,2025-12-31,5.3803363288233435,0.022166666666666668,Low
C000259,2025-12-31,3766.3276707909613,0.8356666666666667,Strategic
C000260,2025-12-31,3856.6318567343574,0.8398333333333333,Strategic
C000261,2025-12-31,7824.060934030906,0.9405,Strategic
C000262,2025-12-31,567.0028922876809,0.3805,Developing
C000263,2025-12-31,1874.6070677511632,0.6643333333333333,High
C000264,2025-12-31,2464.634985073935,0.7455,High
C000265,2025-12-31,21.182501657869768,0.15033333333333335,Low
C000266,2025-12-31,3248.2898852825574,0.8066666666666666,Strategic
C000267,2025-12-31,5876.02111662321,0.8971666666666667,Strategic
C000268,2025-12-31,4869.956669381702,0.875,Strategic
C000269,2025-12-31,1471.1086697083015,0.5325,High
C000270,2025-12-31,20.611743632470507,0.1465,Low
C000271,2025-12-31,16.783813680240385,0.11966666666666667,Low
C000272,2025-12-31,1323.3761039146318,0.47783333333333333,Developing
C000273,2025-12-31,1169.237069988943,0.43483333333333335,Developing
C000274,2025-12-31,10.85237039051913,0.06583333333333333,Low
C000275,2025-12-31,6826.344985901157,0.9188333333333333,Strategic
C000276,2025-12-31,3198.4181079034765,0.8033333333333333,Strategic
C000277,2025-12-31,21.036767944024742,0.14916666666666667,Low
C000278,2025-12-31,1333.434643717305,0.4825,Developing
C000279,2025-12-31,23.430432033059205,0.16233333333333333,Low
C000280,2025-12-31,414.0749571078276,0.37033333333333335,Developing
C000281,2025-12-31,2841.934511692681,0.7793333333333333,Strategic
C000282,2025-12-31,7746.367066940537,0.9381666666666667,Strategic
C000283,2025-12-31,13.671825549022532,0.0955,Low
C000284,2025-12-31,102.00934179176856,0.31766666666666665,Developing
C000285,2025-12-31,479.82118910185574,0.374,Developing
C000286,2025-12-31,14.723507163024216,0.103,Low
C000287,2025-12-31,1124.2364544895875,0.428,Developing
C000288,2025-12-31,504.99796834318283,0.37566666666666665,Developing
C000289,2025-12-31,10.169514931652902,0.0575,Low
C000290,2025-12-31,1498.4230636733223,0.5405,High
C000291,2025-12-31,13.839800151860429,0.0965,Low
C000292,2025-12-31,3484.0253814464095,0.8201666666666667,Strategic
C000293,2025-12-31,3511.8627989331235,0.8216666666666667,Strategic
C000294,2025-12-31,391.92537056026885,0.36716666666666664,Developing
C000295,2025-12-31,9.180336031291342,0.04883333333333333,Low
C000296,2025-12-31,18.019166091716425,0.12716666666666668,Low
C000297,2025-12-31,2180.6080873999717,0.7156666666666667,High
C000298,2025-12-31,62.27077471241297,0.2723333333333333,Developing
C000299,2025-12-31,1339.0561088815716,0.4841666666666667,Developing
C000300,2025-12-31,7440.930646578589,0.9318333333333333,Strategic
C000301,2025-12-31,261.17252056279216,0.3566666666666667,Developing
C000302,2025-12-31,2240.010031963603,0.7243333333333334,High
C000303,2025-12-31,2247.511331953139,0.7248333333333333,High
C000304,2025-12-31,391.98059985457235,0.36733333333333335,Developing
C000305,2025-12-31,113.33506281024161,0.3265,Developing
C000306,2025-12-31,1977.2808508959283,0.6845,High
C000307,2025-12-31,12.808229394927784,0.0865,Low
C000308,2025-12-31,2102.0898676809766,0.7071666666666667,High
C000309,2025-12-31,6618.577034742492,0.9136666666666666,Strategic
C000310,2025-12-31,36.317473230824675,0.219,Low
C000311,2025-12-31,1457.2354306210107,0.5271666666666667,High
C000312,2025-12-31,1650.0465598975184,0.5945,High
C000313,2025-12-31,77.02056782703646,0.294,Developing
C000314,2025-12-31,233.85128409289518,0.355,Developing
C000315,2025-12-31,1670.281657769767,0.6011666666666666,High
C000316,2025-12-31,4482.18813913751,0.8651666666666666,Strategic
C000317,2025-12-31,5804.882640215257,0.8961666666666667,Strategic
C000318,2025-12-31,6459.354779326998,0.9098333333333334,Strategic
C000319,2025-12-31,7610.778392555471,0.9348333333333333,Strategic
C000320,2025-12-31,722.2034105428581,0.3888333333333333,Developing
C000321,2025-12-31,8.191163326508956,0.04066666666666666,Low
C000322,2025-12-31,871.4777629671082,0.3993333333333333,Developing
C000323,2025-12-31,3096.55418129844,0.7983333333333333,Strategic
C000324,2025-12-31,3280.1086924447563,0.8098333333333333,Strategic
C000325,2025-12-31,88.0116003848117,0.30483333333333335,Developing
C000326,2025-12-31,7882.971702519251,0.9413333333333334,Strategic
C000327,2025-12-31,3151.5351812711783,0.8013333333333333,Strategic
C000328,2025-12-31,1211.9689844569768,0.444,Developing
C000329,2025-12-31,6578.218718621263,0.9123333333333333,Strategic
C000330,2025-12-31,34.22344737979477,0.211,Low
C000331,2025-12-31,1569.8448293532238,0.5665,High
C000332,2025-12-31,70.24974316012768,0.2855,Developing
C000333,2025-12-31,15.468445007065089,0.109,Low
C000334,2025-12-31,1456.9987271580044,0.5265,High
C000335,2025-12-31,16.470237975744894,0.11683333333333333,Low
C000336,2025-12-31,4.018312395756107,0.012333333333333333,Low
C000337,2025-12-31,6284.437188676844,0.9065,Strategic
C000338,2025-12-31,7.105967778350765,0.03183333333333333,Low
C000339,2025-12-31,1159.5503671583967,0.43283333333333335,Developing
C000340,2025-12-31,7.87910663743301,0.03816666666666667,Low
C000341,2025-12-31,6173.023625998956,0.9038333333333334,Strategic
C000342,2025-12-31,23.00272438756121,0.16033333333333333,Low
C000343,2025-12-31,2042.076100080742,0.6976666666666667,High
C000344,2025-12-31,5.041235741238536,0.02033333333333333,Low
C000345,2025-12-31,67.78524821190275,0.281,Developing
C000346,2025-12-31,2362.910314082422,0.7368333333333333,High
C000347,2025-12-31,4296.362071187186,0.858,Strategic
C000348,2025-12-31,1534.5489606761041,0.5555,High
C000349,2025-12-31,2449.5607756205895,0.7441666666666666,High
C000350,2025-12-31,8729.868858012549,0.9681666666666666,Strategic
C000351,2025-12-31,4.193026814291443,0.013666666666666667,Low
C000352,2025-12-31,6.656382005348729,0.028166666666666666,Low
C000353,2025-12-31,200.68089935505012,0.3506666666666667,Developing
C000354,2025-12-31,9454.209911652188,0.9898333333333333,Strategic
C000355,2025-12-31,2286.5286665727003,0.73,High
C000356,2025-12-31,69.81473150430024,0.2848333333333333,Developing
C000357,2025-12-31,27.233011818045966,0.18416666666666667,Low
C000358,2025-12-31,2639.134019268893,0.761,Strategic
C000359,2025-12-31,9335.593286331883,0.9865,Strategic
C000360,2025-12-31,38.43913077468777,0.2255,Low
C000361,2025-12-31,6618.362482156634,0.9135,Strategic
C000362,2025-12-31,110.49751690230154,0.3248333333333333,Developing
C000363,2025-12-31,21.39072039568861,0.15133333333333332,Low
C000364,2025-12-31,6722.3112649494415,0.916,Strategic
C000365,2025-12-31,1645.3560483200852,0.5926666666666667,High
C000366,2025-12-31,3.8311595577277378,0.011,Low
C000367,2025-12-31,3.6341979425160007,0.010166666666666666,Low
C000368,2025-12-31,26.564415259214414,0.181,Low
C000369,2025-12-31,4282.48892224275,0.8576666666666667,Strategic
C000370,2025-12-31,623.312079972772,0.38316666666666666,Developing
C000371,2025-12-31,44.33475783951904,0.24066666666666667,Low
C000372,2025-12-31,4266.818299704467,0.857,Strategic
C000373,2025-12-31,657.4188538069171,0.38483333333333336,Developing
C000374,2025-12-31,83.86057448156112,0.30133333333333334,Developing
C000375,2025-12-31,1763.6363300371054,0.628,High
C000376,2025-12-31,1477.6738427623075,0.5345,High
C000377,2025-12-31,18.926334656946363,0.13433333333333333,Low
C000378,2025-12-31,1691.0446925277247,0.6071666666666666,High
C000379,2025-12-31,1489.9378944438731,0.5385,High
C000380,2025-12-31,5735.233532739708,0.8945,Strategic
C000381,2025-12-31,1828.8615534802432,0.6525,High
C000382,2025-12-31,5029.701997168516,0.8783333333333333,Strategic
C000383,2025-12-31,5.255282946695717,0.021666666666666667,Low
C000384,2025-12-31,3378.7522088116866,0.8151666666666667,Strategic
C000385,2025-12-31,20.95002219973872,0.14883333333333335,Low
C000386,2025-12-31,3106.632550632097,0.7985,Strategic
C000387,2025-12-31,1293.1260040312131,0.4676666666666667,Developing
C000388,2025-12-31,6290.846040502089,0.9066666666666666,Strategic
C000389,2025-12-31,1856.5139884627195,0.6598333333333334,High
C000390,2025-12-31,40.3151738356003,0.2305,Low
C000391,2025-12-31,1209.0155393982682,0.4425,Developing
C000392,2025-12-31,213.75765595385576,0.35333333333333333,Developing
C000393,2025-12-31,21.13096841545483,0.14983333333333335,Low
C000394,2025-12-31,1108.948074837818,0.4255,Developing
C000395,2025-12-31,68.74907979482096,0.2826666666666667,Developing
C000396,2025-12-31,1410.571192848994,0.509,High
C000397,2025-12-31,9118.59333768941,0.98,Strategic
C000398,2025-12-31,8.310839297908101,0.04133333333333333,Low
C000399,2025-12-31,899.5937497647643,0.402,Developing
C000400,2025-12-31,2023.014780335769,0.6945,High
C000401,2025-12-31,8.839424808544555,0.0455,Low
C000402,2025-12-31,5347.803529172819,0.8858333333333334,Strategic
C000403,2025-12-31,1212.6636607042944,0.44416666666666665,Developing
C000404,2025-12-31,1174.8133223756372,0.43566666666666665,Developing
C000405,2025-12-31,3142.17066537104,0.8003333333333333,Strategic
C000406,2025-12-31,1391.4081771508254,0.503,High
C000407,2025-12-31,1.5290013293105766,0.0021666666666666666,Low
C000408,2025-12-31,2499.3240251105317,0.7481666666666666,High
C000409,2025-12-31,1979.7967143123353,0.6853333333333333,High
C000410,2025-12-31,15.324928299540206,0.10766666666666666,Low
C000411,2025-12-31,2704.664828395074,0.7663333333333333,Strategic
C000412,2025-12-31,2093.433186499222,0.7065,High
C000413,2025-12-31,6977.42860213058,0.9218333333333333,Strategic
C000414,2025-12-31,999.83342504017,0.4135,Developing
C000415,2025-12-31,112.7573502484661,0.326,Developing
C000416,2025-12-31,12.007917721916593,0.07775,Low
C000417,2025-12-31,611.1088080373338,0.38233333333333336,Developing
C000418,2025-12-31,8200.173172844905,0.952,Strategic
C000419,2025-12-31,1263.6924436753325,0.4578333333333333,Developing
C000420,2025-12-31,6393.807275625621,0.9083333333333333,Strategic
C000421,2025-12-31,25.800011571257695,0.17516666666666666,Low
C000422,2025-12-31,990.6568602460853,0.41283333333333333,Developing
C000423,2025-12-31,1453.7372444863743,0.5245,High
C000424,2025-12-31,39.99640495960373,0.229,Low
C000425,2025-12-31,3071.108421150263,0.7968333333333333,Strategic
C000426,2025-12-31,1239.7380349192797,0.4518333333333333,Developing
C000427,2025-12-31,1636.4394948373767,0.5888333333333333,High
C000428,2025-12-31,70.92694777255795,0.2871666666666667,Developing
C000429,2025-12-31,1292.4513457641979,0.4671666666666667,Developing
C000430,2025-12-31,1013.7175367268297,0.4146666666666667,Developing
C000431,2025-12-31,12.007917721916593,0.07775,Low
C000432,2025-12-31,8332.676214303276,0.9565,Strategic
C000433,2025-12-31,1622.5468843418448,0.5838333333333333,High
C000434,2025-12-31,1238.9920683850048,0.45166666666666666,Developing
C000435,2025-12-31,11.186005175240561,0.0695,Low
C000436,2025-12-31,1811.845270859159,0.6463333333333333,High
C000437,2025-12-31,79.36213699095775,0.2976666666666667,Developing
C000438,2025-12-31,1999.4247574700032,0.6898333333333333,High
C000439,2025-12-31,1501.8806265824749,0.5416666666666666,High
C000440,2025-12-31,1598.2112272780105,0.5755,High
C000441,2025-12-31,3127.489127953141,0.7993333333333333,Strategic
C000442,2025-12-31,3051.4491007561546,0.795,Strategic
C000443,2025-12-31,1423.0550086599712,0.5143333333333333,High
C000444,2025-12-31,3379.9097622889117,0.8153333333333334,Strategic
C000445,2025-12-31,5390.398818411352,0.8871666666666667,Strategic
C000446,2025-12-31,1663.9479375545993,0.5985,High
C000447,2025-12-31,1418.8740784408212,0.5116666666666667,High
C000448,2025-12-31,1930.8150668197825,0.6746666666666666,High
C000449,2025-12-31,9140.905365845316,0.9808333333333333,Strategic
C000450,2025-12-31,1198.836153031847,0.44083333333333335,Developing
C000451,2025-12-31,13.919553346252131,0.097,Low
C000452,2025-12-31,1922.7362349322777,0.6726666666666666,High
C000453,2025-12-31,1746.084998452049,0.6228333333333333,High
C000454,2025-12-31,55.27722094566786,0.26216666666666666,Developing
C000455,2025-12-31,17.882960767318266,0.126,Low
C000456,2025-12-31,16.485388238004262,0.117,Low
C000457,2025-12-31,14.057977029630274,0.09783333333333333,Low
C000458,2025-12-31,1238.6908870417935,0.4513333333333333,Developing
C000459,2025-12-31,1662.1037850752377,0.5976666666666667,High
C000460,2025-12-31,63.965764348689504,0.2765,Developing
C000461,2025-12-31,1545.9783389174272,0.5586666666666666,High
C000462,2025-12-31,3769.4616344761957,0.8361666666666666,Strategic
C000463,2025-12-31,186.00353268838634,0.3475,Developing
C000464,2025-12-31,1325.9927274331856,0.4796666666666667,Developing
C000465,2025-12-31,17.60907284400346,0.12383333333333334,Low
C000466,2025-12-31,33.07010164101332,0.20783333333333334,Low
C000467,2025-12-31,26.145235961825712,0.177,Low
C000468,2025-12-31,40.57712946408149,0.23133333333333334,Low
C000469,2025-12-31,1568.8657858042877,0.566,High
C000470,2025-12-31,8788.761626119016,0.97,Strategic
C000471,2025-12-31,3679.946813854635,0.831,Strategic
C000472,2025-12-31,6832.179544267682,0.9191666666666667,Strategic
C000473,2025-12-31,149.10544058244616,0.3406666666666667,Developing
C000474,2025-12-31,103.02130819353215,0.3185,Developing
C000475,2025-12-31,12.457660563455448,0.08266666666666667,Low
C000476,2025-12-31,2036.4353802328712,0.6963333333333334,High
C000477,2025-12-31,64.65662657502406,0.2775,Developing
C000478,2025-12-31,1230.1278061900434,0.4493333333333333,Developing
C000479,2025-12-31,1794.983867150311,0.6393333333333333,High
C000480,2025-12-31,2015.0983238578092,0.693,High
C000481,2025-12-31,10.812326310791077,0.065,Low
C000482,2025-12-31,349.5416146479798,0.36333333333333334,Developing
C000483,2025-12-31,5396.868993213353,0.8875,Strategic
C000484,2025-12-31,22.7304404961137,0.1585,Low
C000485,2025-12-31,1485.4588508361842,0.5368333333333334,High
C000486,2025-12-31,4672.611984067518,0.87,Strategic
C000487,2025-12-31,1082.5445520694016,0.4225,Developing
C000488,2025-12-31,2186.1830857233026,0.7168333333333333,High
C000489,2025-12-31,2451.4653629230224,0.7445,High
C000490,2025-12-31,29.308179722800638,0.19316666666666665,Low
C000491,2025-12-31,2490.6681492370085,0.7475,High
C000492,2025-12-31,12.511300252984993,0.08366666666666667,Low
C000493,2025-12-31,1394.3522020157513,0.5046666666666667,High
C000494,2025-12-31,1840.2284785080944,0.6555,High
C000495,2025-12-31,3347.804915237314,0.813,Strategic
C000496,2025-12-31,9.403799030854161,0.050166666666666665,Low
C000497,2025-12-31,679.8647992198905,0.386,Developing
C000498,2025-12-31,688.5733095912906,0.3865,Developing
C000499,2025-12-31,2471.598233689614,0.7458333333333333,High
C000500,2025-12-31,1553.464891631402,0.561,High
C000501,2025-12-31,883.8542605966924,0.4005,Developing
C000502,2025-12-31,14.609823393561411,0.10233333333333333,Low
C000503,2025-12-31,4485.482856524878,0.8655,Strategic
C000504,2025-12-31,970.9814857967273,0.4105,Developing
C000505,2025-12-31,2881.4725814958583,0.7828333333333334,Strategic
C000506,2025-12-31,1826.2389907253807,0.6513333333333333,High
C000507,2025-12-31,53.060833221663806,0.25733333333333336,Developing
C000508,2025-12-31,385.8719416140475,0.36666666666666664,Developing
C000509,2025-12-31,4563.433390608798,0.8675,Strategic
C000510,2025-12-31,938.214838113411,0.4073333333333333,Developing
C000511,2025-12-31,25.6037121378443,0.17466666666666666,Low
C000512,2025-12-31,39.36764175281583,0.22716666666666666,Low
C000513,2025-12-31,12.93993812692387,0.08816666666666667,Low
C000514,2025-12-31,2173.753598172787,0.7145,High
C000515,2025-12-31,4.96008984843353,0.019333333333333334,Low
C000516,2025-12-31,3588.770990371577,0.8261666666666667,Strategic
C000517,2025-12-31,1733.4119734482886,0.6203333333333333,High
C000518,2025-12-31,1616.4230432061133,0.5816666666666667,High
C000519,2025-12-31,2298.8635155158527,0.7315,High
C000520,2025-12-31,11.794123164021189,0.0755,Low
C000521,2025-12-31,74.2695702157437,0.2905,Developing
C000522,2025-12-31,110.37052674615876,0.3243333333333333,Developing
C000523,2025-12-31,7983.515173399066,0.9441666666666667,Strategic
C000524,2025-12-31,1648.8436079540443,0.5936666666666667,High
C000525,2025-12-31,171.1750710630436,0.3446666666666667,Developing
C000526,2025-12-31,3832.016536210936,0.839,Strategic
C000527,2025-12-31,49.884481221925014,0.2515,Developing
C000528,2025-12-31,1053.1926694891147,0.4186666666666667,Developing
C000529,2025-12-31,24.412144136836854,0.16866666666666666,Low
C000530,2025-12-31,4237.334690579206,0.8553333333333333,Strategic
C000531,2025-12-31,151.28623699551974,0.341,Developing
C000532,2025-12-31,1276.924491175844,0.46216666666666667,Developing
C000533,2025-12-31,1157.060624419275,0.432,Developing
C000534,2025-12-31,103.71265016489934,0.31983333333333336,Developing
C000535,2025-12-31,1630.1701668169746,0.5865,High
C000536,2025-12-31,4.648214598088273,0.017666666666666667,Low
C000537,2025-12-31,1431.6595966396624,0.5173333333333333,High
C000538,2025-12-31,13.586790853470152,0.09416666666666666,Low
C000539,2025-12-31,1077.294397317091,0.42133333333333334,Developing
C000540,2025-12-31,9897.411765579156,0.997,Strategic
C000541,2025-12-31,18.531232775537372,0.13116666666666665,Low
C000542,2025-12-31,1250.8811686494491,0.45416666666666666,Developing
C000543,2025-12-31,1305.492221469892,0.472,Developing
C000544,2025-12-31,7974.755423385185,0.9436666666666667,Strategic
C000545,2025-12-31,5548.291220327571,0.8908333333333334,Strategic
C000546,2025-12-31,3884.4777362557825,0.8415,Strategic
C000547,2025-12-31,99.70177946862879,0.31633333333333336,Developing
C000548,2025-12-31,2823.593685180794,0.7773333333333333,Strategic
C000549,2025-12-31,1456.936288770213,0.5261666666666667,High
C000550,2025-12-31,3.282480380179519,0.0085,Low
C000551,2025-12-31,2759.6912875883286,0.7708333333333334,Strategic
C000552,2025-12-31,1624.4327462553447,0.5843333333333334,High
C000553,2025-12-31,20.290758541401015,0.144,Low
C000554,2025-12-31,56.40853294651819,0.264,Developing
C000555,2025-12-31,1401.6401989795224,0.5055,High
C000556,2025-12-31,406.0670248724587,0.36916666666666664,Developing
C000557,2025-12-31,1058.9170855293214,0.4196666666666667,Developing
C000558,2025-12-31,564.4955581349001,0.38,Developing
C000559,2025-12-31,2787.5311869278344,0.7741666666666667,Strategic
C000560,2025-12-31,69.24664200805564,0.283,Developing
C000561,2025-12-31,1266.3970493155002,0.4588333333333333,Developing
C000562,2025-12-31,10.862269008735263,0.066,Low
C000563,2025-12-31,14.18755601401318,0.09916666666666667,Low
C000564,2025-12-31,1443.955786056441,0.5216666666666666,High
C000565,2025-12-31,3318.6534465540253,0.8118333333333333,Strategic
C000566,2025-12-31,3593.704785768401,0.8263333333333334,Strategic
C000567,2025-12-31,27.818666329003985,0.1865,Low
C000568,2025-12-31,1682.7520341558143,0.6053333333333333,High
C000569,2025-12-31,331.9145340456456,0.362,Developing
C000570,2025-12-31,3430.360986278309,0.8173333333333334,Strategic
C000571,2025-12-31,22.388794164067917,0.157,Low
C000572,2025-12-31,1331.4200798263162,0.48183333333333334,Developing
C000573,2025-12-31,18.501491036974464,0.13083333333333333,Low
C000574,2025-12-31,1140.456000944158,0.42983333333333335,Developing
C000575,2025-12-31,730.1865559736784,0.3893333333333333,Developing
C000576,2025-12-31,3525.280944937546,0.822,Strategic
C000577,2025-12-31,11.601411083714202,0.07416666666666667,Low
C000578,2025-12-31,1360.3496651204248,0.492,Developing
C000579,2025-12-31,2003.1390238086985,0.6908333333333333,High
C000580,2025-12-31,1857.8101449854007,0.6603333333333333,High
C000581,2025-12-31,6.494706881203214,0.027333333333333334,Low
C000582,2025-12-31,49.187841381753614,0.25,Low
C000583,2025-12-31,8852.257908260284,0.9715,Strategic
C000584,2025-12-31,15.42106509692238,0.1085,Low
C000585,2025-12-31,1184.4353394017382,0.43783333333333335,Developing
C000586,2025-12-31,1599.2351180799285,0.5765,High
C000587,2025-12-31,42.68960842299033,0.23866666666666667,Low
C000588,2025-12-31,3162.190045066947,0.8015,Strategic
C000589,2025-12-31,1979.0240876218186,0.685,High
C000590,2025-12-31,54.75461609425485,0.26033333333333336,Developing
C000591,2025-12-31,1340.327892799421,0.4846666666666667,Developing
C000592,2025-12-31,19.690638891094924,0.1395,Low
C000593,2025-12-31,18.83790571037728,0.1335,Low
C000594,2025-12-31,23.87553191853912,0.16533333333333333,Low
C000595,2025-12-31,12.439832807709589,0.08233333333333333,Low
C000596,2025-12-31,4.0914276733940325,0.012833333333333334,Low
C000597,2025-12-31,1872.9421659949942,0.6638333333333334,High
C000598,2025-12-31,7942.0503949369695,0.9428333333333333,Strategic
C000599,2025-12-31,1968.3026126325576,0.6823333333333333,High
C000600,2025-12-31,41.55562366771023,0.2345,Low
C000601,2025-12-31,19.971179897882028,0.14133333333333334,Low
C000602,2025-12-31,1279.5963958859782,0.4628333333333333,Developing
C000603,2025-12-31,2565.5594148506602,0.7535,Strategic
C000604,2025-12-31,568.2890098668302,0.38066666666666665,Developing
C000605,2025-12-31,3805.274097708959,0.838,Strategic
C000606,2025-12-31,9.006776209140543,0.0465,Low
C000607,2025-12-31,15.197669865329038,0.10683333333333334,Low
C000608,2025-12-31,5033.815823629169,0.8785,Strategic
C000609,2025-12-31,16.717123344214716,0.11883333333333333,Low
C000610,2025-12-31,1954.1607099965736,0.6793333333333333,High
C000611,2025-12-31,3859.6468425746384,0.8401666666666666,Strategic
C000612,2025-12-31,1560.4697321278713,0.563,High
C000613,2025-12-31,1699.483845193541,0.6103333333333333,High
C000614,2025-12-31,8985.126773452053,0.9765,Strategic
C000615,2025-12-31,15.596011085108334,0.11066666666666666,Low
C000616,2025-12-31,49.90805870331409,0.25166666666666665,Developing
C000617,2025-12-31,2215.516427889158,0.7213333333333334,High
C000618,2025-12-31,32.76000580380491,0.2065,Low
C000619,2025-12-31,93.48173000047785,0.30883333333333335,Developing
C000620,2025-12-31,2363.4902999590654,0.737,High
C000621,2025-12-31,1925.3268635125414,0.6735,High
C000622,2025-12-31,20.907892951713688,0.14816666666666667,Low
C000623,2025-12-31,30.099936225472888,0.198,Low
C000624,2025-12-31,116.05197805259938,0.32816666666666666,Developing
C000625,2025-12-31,2753.4604216487187,0.76975,Strategic
C000626,2025-12-31,9160.498371114318,0.982,Strategic
C000627,2025-12-31,24.17689553962582,0.167,Low
C000628,2025-12-31,1358.461280186322,0.49133333333333334,Developing
C000629,2025-12-31,1701.9031689550516,0.6111666666666666,High
C000630,2025-12-31,1426.814966902829,0.5156666666666667,High
C000631,2025-12-31,11.272988378416038,0.07116666666666667,Low
C000632,2025-12-31,1455.3535804215505,0.5253333333333333,High
C000633,2025-12-31,1980.2927618544388,0.6855,High
C000634,2025-12-31,7400.289147082828,0.9305,Strategic
C000635,2025-12-31,53.21169324598067,0.25766666666666665,Developing
C000636,2025-12-31,8997.048200266521,0.9768333333333333,Strategic
C000637,2025-12-31,8603.267351223813,0.9641666666666666,Strategic
C000638,2025-12-31,31.901797160015732,0.20266666666666666,Low
C000639,2025-12-31,122.98711819774942,0.33216666666666667,Developing
C000640,2025-12-31,2812.257824416751,0.7765,Strategic
C000641,2025-12-31,1748.782470287355,0.6236666666666667,High
C000642,2025-12-31,152.25735602477343,0.3413333333333333,Developing
C000643,2025-12-31,8461.453829390382,0.96,Strategic
C000644,2025-12-31,24.227109627902543,0.16733333333333333,Low
C000645,2025-12-31,4354.467380358756,0.8606666666666667,Strategic
C000646,2025-12-31,28.590660871523387,0.19016666666666668,Low
C000647,2025-12-31,493.5193070052075,0.37483333333333335,Developing
C000648,2025-12-31,1464.473093614692,0.5293333333333333,High
C000649,2025-12-31,9571.07265435027,0.9923333333333333,Strategic
C000650,2025-12-31,15.907930096859422,0.11283333333333333,Low
C000651,2025-12-31,29.38920966551251,0.1935,Low
C000652,2025-12-31,54.94111490576385,0.2608333333333333,Developing
C000653,2025-12-31,5.1301065753739135,0.020833333333333332,Low
C000654,2025-12-31,4.714633912637533,0.018166666666666668,Low
C000655,2025-12-31,1940.1748378061372,0.6771666666666667,High
C000656,2025-12-31,12.504206179796297,0.08333333333333333,Low
C000657,2025-12-31,1619.4340444712805,0.5831666666666667,High
C000658,2025-12-31,8630.747837186624,0.9653333333333334,Strategic
C000659,2025-12-31,12.153245243764816,0.07916666666666666,Low
C000660,2025-12-31,1998.7504057674273,0.6895,High
C000661,2025-12-31,1443.640937186632,0.5213333333333333,High
C000662,2025-12-31,1654.5794373213353,0.596,High
C000663,2025-12-31,158.58376636565558,0.3428333333333333,Developing
C000664,2025-12-31,1712.791072784056,0.6141666666666666,High
C000665,2025-12-31,1815.1184083414105,0.648,High
C000666,2025-12-31,636.1568407290183,0.38383333333333336,Developing
C000667,2025-12-31,3.1308740855901447,0.007833333333333333,Low
C000668,2025-12-31,1102.2037483603428,0.4251666666666667,Developing
C000669,2025-12-31,418.26337831927424,0.3705,Developing
C000670,2025-12-31,10.823945570210451,0.06533333333333333,Low
C000671,2025-12-31,19.73343008116932,0.13983333333333334,Low
C000672,2025-12-31,3554.9827057055745,0.8238333333333333,Strategic
C000673,2025-12-31,68.00723209515454,0.2816666666666667,Developing
C000674,2025-12-31,812.9602746246985,0.39466666666666667,Developing
C000675,2025-12-31,1622.5582279401394,0.584,High
C000676,2025-12-31,2852.2526850907957,0.7805,Strategic
C000677,2025-12-31,1471.4289080364838,0.533,High
C000678,2025-12-31,330.0336693690276,0.36183333333333334,Developing
C000679,2025-12-31,164.36297925246086,0.344,Developing
C000680,2025-12-31,1307.3002231597027,0.4728333333333333,Developing
C000681,2025-12-31,1772.16780149966,0.6325,High
C000682,2025-12-31,20.64050520429208,0.14666666666666667,Low
C000683,2025-12-31,9391.950958691034,0.9886666666666667,Strategic
C000684,2025-12-31,1807.2336767458894,0.6443333333333333,High
C000685,2025-12-31,7654.136898254998,0.9358333333333333,Strategic
C000686,2025-12-31,110.50279297398414,0.325,Developing
C000687,2025-12-31,1529.1364594391569,0.5525,High
C000688,2025-12-31,51.75820420048425,0.25566666666666665,Developing
C000689,2025-12-31,4674.459422528886,0.8701666666666666,Strategic
C000690,2025-12-31,720.4974096651182,0.3885,Developing
C000691,2025-12-31,1828.4340751750567,0.65225,High
C000692,2025-12-31,1881.135521791156,0.666,High
C000693,2025-12-31,661.5171033985148,0.385,Developing
C000694,2025-12-31,2514.55121700697,0.7495,High
C000695,2025-12-31,1560.9929981808045,0.5631666666666667,High
C000696,2025-12-31,7.226597593916176,0.03283333333333333,Low
C000697,2025-12-31,63.437536679115425,0.2755,Developing
C000698,2025-12-31,124.42683597196343,0.333,Developing
C000699,2025-12-31,11.21442741390121,0.07,Low
C000700,2025-12-31,2535.181119751029,0.7505,Strategic
C000701,2025-12-31,1630.3888653231975,0.5866666666666667,High
C000702,2025-12-31,6453.903516208489,0.9091666666666667,Strategic
C000703,2025-12-31,1523.6285796568397,0.5493333333333333,High
C000704,2025-12-31,267.9450629083968,0.35733333333333334,Developing
C000705,2025-12-31,3720.6570872355674,0.8328333333333333,Strategic
C000706,2025-12-31,1409.7056152028947,0.5081666666666667,High
C000707,2025-12-31,1531.163620831238,0.5536666666666666,High
C000708,2025-12-31,2590.972422012273,0.7563333333333333,Strategic
C000709,2025-12-31,347.64045026952135,0.3631666666666667,Developing
C000710,2025-12-31,45.79130406125538,0.24433333333333335,Low
C000711,2025-12-31,1386.2188752129716,0.5006666666666667,High
C000712,2025-12-31,50.52339914902455,0.25333333333333335,Developing
C000713,2025-12-31,943.044149915817,0.4081666666666667,Developing
C000714,2025-12-31,1736.4335691497727,0.6211666666666666,High
C000715,2025-12-31,804.7188022795315,0.39366666666666666,Developing
C000716,2025-12-31,1823.314540524999,0.6501666666666667,High
C000717,2025-12-31,6488.6364965082275,0.91,Strategic
C000718,2025-12-31,2226.4191341536216,0.7225,High
C000719,2025-12-31,1563.6212261832666,0.5643333333333334,High
C000720,2025-12-31,9017.208254228643,0.9773333333333334,Strategic
C000721,2025-12-31,3387.149507177593,0.8155,Strategic
C000722,2025-12-31,3631.2108607420114,0.8281666666666667,Strategic
C000723,2025-12-31,2281.119116670244,0.7295,High
C000724,2025-12-31,3910.490083756648,0.8428333333333333,Strategic
C000725,2025-12-31,1558.265354584061,0.5625,High
C000726,2025-12-31,1694.3724606517987,0.6091666666666666,High
C000727,2025-12-31,2769.856251082676,0.7718333333333334,Strategic
C000728,2025-12-31,1768.8763818051218,0.6301666666666667,High
C000729,2025-12-31,1442.939896690166,0.5211666666666667,High
C000730,2025-12-31,1857.2330015465175,0.66,High
C000731,2025-12-31,14.92945015435286,0.1045,Low
C000732,2025-12-31,70.03377493232009,0.2851666666666667,Developing
C000733,2025-12-31,16.58888091553451,0.11783333333333333,Low
C000734,2025-12-31,17.301740222037722,0.12266666666666666,Low
C000735,2025-12-31,854.8817969725621,0.3985,Developing
C000736,2025-12-31,1381.742507548804,0.4985,Developing
C000737,2025-12-31,9353.351431920457,0.9875,Strategic
C000738,2025-12-31,1161.5201718584967,0.43333333333333335,Developing
C000739,2025-12-31,9.118140894331505,0.04816666666666667,Low
C000740,2025-12-31,824.5114921983219,0.3963333333333333,Developing
C000741,2025-12-31,2492.9202989838336,0.7476666666666667,High
C000742,2025-12-31,1215.6501882415228,0.44466666666666665,Developing
C000743,2025-12-31,2021.0662187239639,0.6941666666666667,High
C000744,2025-12-31,2954.3463143321806,0.7876666666666666,Strategic
C000745,2025-12-31,7196.789298250248,0.9268333333333333,Strategic
C000746,2025-12-31,4525.9382794967505,0.8661666666666666,Strategic
C000747,2025-12-31,34.75339440522382,0.2135,Low
C000748,2025-12-31,124.49757052165971,0.33316666666666667,Developing
C000749,2025-12-31,44.97172656183059,0.24183333333333334,Low
C000750,2025-12-31,1265.972144199191,0.4585,Developing
C000751,2025-12-31,6362.8343833698445,0.908,Strategic
C000752,2025-12-31,1209.4491736563134,0.443,Developing
C000753,2025-12-31,3140.8727843071597,0.8,Strategic
C000754,2025-12-31,2227.9835659669598,0.7226666666666667,High
C000755,2025-12-31,9.088342554958837,0.04783333333333333,Low
C000756,2025-12-31,4375.13682902258,0.8616666666666667,Strategic
C000757,2025-12-31,1348.838823803738,0.4875,Developing
C000758,2025-12-31,2525.8161012955516,0.75,High
C000759,2025-12-31,8391.634070055337,0.9581666666666667,Strategic
C000760,2025-12-31,3055.619917775003,0.7951666666666667,Strategic
C000761,2025-12-31,2828.8170551989233,0.778,Strategic
C000762,2025-12-31,9142.125862055489,0.981,Strategic
C000763,2025-12-31,2742.6094773687455,0.7686666666666667,Strategic
C000764,2025-12-31,8516.991185490255,0.9618333333333333,Strategic
C000765,2025-12-31,3551.4200042092266,0.8233333333333334,Strategic
C000766,2025-12-31,4743.091345488545,0.8723333333333333,Strategic
C000767,2025-12-31,11.895410085342535,0.0765,Low
C000768,2025-12-31,1604.0218472217246,0.5775,High
C000769,2025-12-31,1339.4991958235846,0.48433333333333334,Developing
C000770,2025-12-31,1578.1899441599844,0.5701666666666667,High
C000771,2025-12-31,5942.666543160186,0.8983333333333333,Strategic
C000772,2025-12-31,8.477786267150723,0.0435,Low
C000773,2025-12-31,5446.813982150299,0.8883333333333333,Strategic
C000774,2025-12-31,721.4818181900208,0.38866666666666666,Developing
C000775,2025-12-31,1430.3195826375772,0.5171666666666667,High
C000776,2025-12-31,765.4038660571573,0.3913333333333333,Developing
C000777,2025-12-31,113.86945141594906,0.3268333333333333,Developing
C000778,2025-12-31,1573.0975825127691,0.5675,High
C000779,2025-12-31,25.842615467850845,0.1755,Low
C000780,2025-12-31,81.61752714944926,0.299,Developing
C000781,2025-12-31,3531.4919486847243,0.8225,Strategic
C000782,2025-12-31,817.2118108547228,0.3955,Developing
C000783,2025-12-31,2935.189297493092,0.7853333333333333,Strategic
C000784,2025-12-31,3801.424208992997,0.8375,Strategic
C000785,2025-12-31,1449.8622731285998,0.5235,High
C000786,2025-12-31,8888.796894506224,0.9725,Strategic
C000787,2025-12-31,9480.710984752577,0.9905,Strategic
C000788,2025-12-31,19.89854872785983,0.141,Low
C000789,2025-12-31,3418.20614253844,0.8165,Strategic
C000790,2025-12-31,6605.755233227073,0.9131666666666667,Strategic
C000791,2025-12-31,6674.187995297078,0.9148333333333334,Strategic
C000792,2025-12-31,79.91313612448127,0.29833333333333334,Developing
C000793,2025-12-31,2915.259673436268,0.7845,Strategic
C000794,2025-12-31,4297.57034786019,0.8585,Strategic
C000795,2025-12-31,1658.6661081435625,0.5971666666666666,High
C000796,2025-12-31,10.06829977974105,0.0565,Low
C000797,2025-12-31,10.771167459621827,0.06433333333333334,Low
C000798,2025-12-31,11.250500424571678,0.07066666666666667,Low
C000799,2025-12-31,13.13827089556281,0.09066666666666667,Low
C000800,2025-12-31,10.547000004309496,0.06166666666666667,Low
C000801,2025-12-31,1448.7737959977467,0.523,High
C000802,2025-12-31,6.0392326195796135,0.025166666666666667,Low
C000803,2025-12-31,30.348936705619035,0.1985,Low
C000804,2025-12-31,9364.687499710903,0.988,Strategic
C000805,2025-12-31,8327.604462464167,0.9561666666666667,Strategic
C000806,2025-12-31,20.566197548631116,0.14583333333333334,Low
C000807,2025-12-31,6.171821514745614,0.025666666666666667,Low
C000808,2025-12-31,1419.2205730959636,0.5118333333333334,High
C000809,2025-12-31,34.188354510689784,0.21083333333333334,Low
C000810,2025-12-31,1629.6151129750874,0.5863333333333334,High
C000811,2025-12-31,1545.5026744200763,0.5585,High
C000812,2025-12-31,29.64691848769392,0.1955,Low
C000813,2025-12-31,48.64186899728834,0.24933333333333332,Low
C000814,2025-12-31,13.330010140826882,0.09266666666666666,Low
C000815,2025-12-31,2042.2785456099407,0.6978333333333333,High
C000816,2025-12-31,18.40432726607492,0.12983333333333333,Low
C000817,2025-12-31,45.05603995620913,0.24216666666666667,Low
C000818,2025-12-31,32.60999387926393,0.20616666666666666,Low
C000819,2025-12-31,1078.268290827914,0.4215,Developing
C000820,2025-12-31,1764.8599641582027,0.6288333333333334,High
C000821,2025-12-31,1325.610188374771,0.479,Developing
C000822,2025-12-31,1604.9523280138196,0.5776666666666667,High
C000823,2025-12-31,1508.9561078095278,0.5448333333333333,High
C000824,2025-12-31,95.97114542675997,0.312,Developing
C000825,2025-12-31,1491.797475728113,0.5395,High
C000826,2025-12-31,3058.6819114612244,0.7956666666666666,Strategic
C000827,2025-12-31,5948.595469777781,0.8985,Strategic
C000828,2025-12-31,1184.9487254310247,0.438,Developing
C000829,2025-12-31,17.000238666128855,0.12133333333333333,Low
C000830,2025-12-31,1692.118083143668,0.6078333333333333,High
C000831,2025-12-31,2092.432240957856,0.7061666666666667,High
C000832,2025-12-31,13.967718901113447,0.09733333333333333,Low
C000833,2025-12-31,9.929335138941125,0.05466666666666667,Low
C000834,2025-12-31,2257.5625347632604,0.726,High
C000835,2025-12-31,3.221555651163394,0.008333333333333333,Low
C000836,2025-12-31,13.264292360596345,0.092,Low
C000837,2025-12-31,5148.129989311101,0.881,Strategic
C000838,2025-12-31,62.218432573175996,0.27216666666666667,Developing
C000839,2025-12-31,3882.4973731003356,0.8408333333333333,Strategic
C000840,2025-12-31,2272.7610925986405,0.7281666666666666,High
C000841,2025-12-31,1194.3548118889235,0.43983333333333335,Developing
C000842,2025-12-31,2023.7525694786827,0.6946666666666667,High
C000843,2025-12-31,2654.299285385782,0.7616666666666667,Strategic
C000844,2025-12-31,14.200293464328976,0.09966666666666667,Low
C000845,2025-12-31,3.6747850764802155,0.010333333333333333,Low
C000846,2025-12-31,1489.657729778454,0.5381666666666667,High
C000847,2025-12-31,58.30233289158174,0.2675,Developing
C000848,2025-12-31,200.1013512897521,0.3505,Developing
C000849,2025-12-31,3.394068775111387,0.008833333333333334,Low
C000850,2025-12-31,2613.2568408048182,0.7586666666666667,Strategic
C000851,2025-12-31,174.22552546794785,0.3453333333333333,Developing
C000852,2025-12-31,14.90419568945248,0.10416666666666667,Low
C000853,2025-12-31,32.801702064742734,0.20666666666666667,Low
C000854,2025-12-31,347.2781514561078,0.363,Developing
C000855,2025-12-31,5126.661764544198,0.8808333333333334,Strategic
C000856,2025-12-31,1256.52845178663,0.45516666666666666,Developing
C000857,2025-12-31,1988.751620255206,0.6868333333333333,High
C000858,2025-12-31,3064.63830454196,0.7963333333333333,Strategic
C000859,2025-12-31,2803.015078125362,0.7755,Strategic
C000860,2025-12-31,124.06008723991702,0.33266666666666667,Developing
C000861,2025-12-31,3296.0181721501112,0.8106666666666666,Strategic
C000862,2025-12-31,6197.323226250814,0.9045,Strategic
C000863,2025-12-31,383.19079599218304,0.36633333333333334,Developing
C000864,2025-12-31,8.580695710947706,0.04416666666666667,Low
C000865,2025-12-31,70.24022027224191,0.2853333333333333,Developing
C000866,2025-12-31,10.714401813370744,0.06366666666666666,Low
C000867,2025-12-31,1430.188735408658,0.517,High
C000868,2025-12-31,5234.872700803229,0.8833333333333333,Strategic
C000869,2025-12-31,2562.0067590042645,0.7533333333333333,Strategic
C000870,2025-12-31,16.87087550486634,0.12083333333333333,Low
C000871,2025-12-31,1577.8219502689042,0.5696666666666667,High
C000872,2025-12-31,53.44415300348924,0.258,Developing
C000873,2025-12-31,90.34652571865631,0.30633333333333335,Developing
C000874,2025-12-31,7801.149943978589,0.9391666666666667,Strategic
C000875,2025-12-31,10.583143035379418,0.06233333333333333,Low
C000876,2025-12-31,2039.7185448006126,0.6971666666666667,High
C000877,2025-12-31,2611.880819809144,0.7585,Strategic
C000878,2025-12-31,2044.6610450178737,0.698,High
C000879,2025-12-31,2704.293864256915,0.7661666666666667,Strategic
C000880,2025-12-31,1406.358890065869,0.507,High
C000881,2025-12-31,40.74019286666678,0.23216666666666666,Low
C000882,2025-12-31,1433.673411986562,0.5183333333333333,High
C000883,2025-12-31,936.9299691571656,0.4068333333333333,Developing
C000884,2025-12-31,1917.1455597178217,0.6716666666666666,High
C000885,2025-12-31,1745.5547218449476,0.6226666666666667,High
C000886,2025-12-31,7146.634554849378,0.9256666666666666,Strategic
C000887,2025-12-31,1699.815770040797,0.6105,High
C000888,2025-12-31,5057.295105507858,0.8793333333333333,Strategic
C000889,2025-12-31,1291.460894533449,0.4668333333333333,Developing
C000890,2025-12-31,1885.4737048853772,0.667,High
C000891,2025-12-31,3328.5515217567977,0.8123333333333334,Strategic
C000892,2025-12-31,1618.8686246092298,0.5826666666666667,High
C000893,2025-12-31,20.099231302714653,0.14233333333333334,Low
C000894,2025-12-31,1692.7087240089045,0.6083333333333333,High
C000895,2025-12-31,11.363836044959749,0.07183333333333333,Low
C000896,2025-12-31,8178.626253295433,0.9508333333333333,Strategic
C000897,2025-12-31,7.819062910855734,0.0375,Low
C000898,2025-12-31,14.329654167978022,0.10033333333333333,Low
C000899,2025-12-31,27.310265237840483,0.18433333333333332,Low
C000900,2025-12-31,1643.4351247371656,0.5913333333333334,High
C000901,2025-12-31,702.0596382041726,0.3875,Developing
C000902,2025-12-31,2213.717815027358,0.7205,High
C000903,2025-12-31,7.356442353776036,0.033666666666666664,Low
C000904,2025-12-31,33.181070799099466,0.20816666666666667,Low
C000905,2025-12-31,85.72823090498746,0.303,Developing
C000906,2025-12-31,5600.807881025362,0.8916666666666667,Strategic
C000907,2025-12-31,745.8973167123311,0.3903333333333333,Developing
C000908,2025-12-31,1332.2446550750515,0.4821666666666667,Developing
C000909,2025-12-31,1.5820991424696786,0.0025,Low
C000910,2025-12-31,2937.0441645753112,0.7856666666666666,Strategic
C000911,2025-12-31,11.27882839324409,0.07133333333333333,Low
C000912,2025-12-31,26.258783276731585,0.17808333333333334,Low
C000913,2025-12-31,1142.301153695354,0.43033333333333335,Developing
C000914,2025-12-31,6220.0385990231325,0.9053333333333333,Strategic
C000915,2025-12-31,1649.5104603100185,0.5943333333333334,High
C000916,2025-12-31,49.8568072104046,0.251,Developing
C000917,2025-12-31,8319.240547049096,0.9558333333333333,Strategic
C000918,2025-12-31,6.25030428431633,0.026166666666666668,Low
C000919,2025-12-31,6.444392121498656,0.027166666666666665,Low
C000920,2025-12-31,1844.1450142799251,0.6565,High
C000921,2025-12-31,6213.563761802798,0.905,Strategic
C000922,2025-12-31,1568.5728996277476,0.5658333333333333,High
C000923,2025-12-31,1763.0471567074087,0.6278333333333334,High
C000924,2025-12-31,1330.1123117590598,0.4811666666666667,Developing
C000925,2025-12-31,32.83101613783746,0.207,Low
C000926,2025-12-31,1704.5431705144,0.6116666666666667,High
C000927,2025-12-31,9346.235669131423,0.9868333333333333,Strategic
C000928,2025-12-31,1854.2176707202243,0.6595,High
C000929,2025-12-31,56.04411935242127,0.263,Developing
C000930,2025-12-31,6907.223899331366,0.9203333333333333,Strategic
C000931,2025-12-31,1814.4895825401165,0.6476666666666666,High
C000932,2025-12-31,1508.531801652038,0.544,High
C000933,2025-12-31,31.703399671826453,0.2015,Low
C000934,2025-12-31,32.389247946480495,0.20533333333333334,Low
C000935,2025-12-31,1495.1954713003313,0.54,High
C000936,2025-12-31,2701.785795365098,0.7658333333333334,Strategic
C000937,2025-12-31,8835.233531032252,0.971,Strategic
C000938,2025-12-31,2183.7181473532096,0.7165,High
C000939,2025-12-31,69.31525129599162,0.2835,Developing
C000940,2025-12-31,5960.859124802448,0.8988333333333334,Strategic
C000941,2025-12-31,13.393736189120748,0.09316666666666666,Low
C000942,2025-12-31,3316.4087284653447,0.8116666666666666,Strategic
C000943,2025-12-31,1041.2770150236765,0.4166666666666667,Developing
C000944,2025-12-31,1343.6433251123283,0.48583333333333334,Developing
C000945,2025-12-31,1467.8309966003771,0.531,High
C000946,2025-12-31,1561.1876890712483,0.5633333333333334,High
C000947,2025-12-31,34.32255605456461,0.2115,Low
C000948,2025-12-31,2.8890940026073038,0.006833333333333334,Low
C000949,2025-12-31,6.74278912325919,0.029,Low
C000950,2025-12-31,1314.5147268862122,0.4746666666666667,Developing
C000951,2025-12-31,13.0070848906403,0.0895,Low
C000952,2025-12-31,7823.179823940833,0.9401666666666667,Strategic
C000953,2025-12-31,1759.4368571317668,0.6265,High
C000954,2025-12-31,2247.1537315398873,0.7246666666666667,High
C000955,2025-12-31,259.9934141277974,0.35633333333333334,Developing
C000956,2025-12-31,2051.644178322743,0.6996666666666667,High
C000957,2025-12-31,1788.4171402095715,0.6378333333333334,High
C000958,2025-12-31,7765.2274928046,0.9386666666666666,Strategic
C000959,2025-12-31,1729.2492524603842,0.6188333333333333,High
C000960,2025-12-31,7932.880063710768,0.9423333333333334,Strategic
C000961,2025-12-31,3290.6047877399815,0.8105,Strategic
C000962,2025-12-31,2053.6339354157544,0.7001666666666667,High
C000963,2025-12-31,2206.0605337785423,0.7191666666666666,High
C000964,2025-12-31,125.7315592481802,0.3338333333333333,Developing
C000965,2025-12-31,1873.6896373586121,0.664,High
C000966,2025-12-31,1491.0844708471907,0.5388333333333334,High
C000967,2025-12-31,103.23787009351513,0.31916666666666665,Developing
C000968,2025-12-31,8025.661968111745,0.9463333333333334,Strategic
C000969,2025-12-31,1992.6092830674438,0.688,High
C000970,2025-12-31,2017.0431692323173,0.6931666666666667,High
C000971,2025-12-31,3994.047031589519,0.8461666666666666,Strategic
C000972,2025-12-31,6182.770524140743,0.904,Strategic
C000973,2025-12-31,4.132277715212035,0.013166666666666667,Low
C000974,2025-12-31,9113.199320995258,0.9796666666666667,Strategic
C000975,2025-12-31,96.45442663400277,0.31283333333333335,Developing
C000976,2025-12-31,2554.8048723114,0.7526666666666667,Strategic
C000977,2025-12-31,1681.7380450427104,0.6048333333333333,High
C000978,2025-12-31,85.7161574058966,0.30283333333333334,Developing
C000979,2025-12-31,22.793586697776544,0.15916666666666668,Low
C000980,2025-12-31,2.593098577289225,0.005,Low
C000981,2025-12-31,16.448997113189424,0.11666666666666667,Low
C000982,2025-12-31,6865.134967602284,0.9201666666666667,Strategic
C000983,2025-12-31,1085.0708633042966,0.423,Developing
C000984,2025-12-31,72.46660849569336,0.289,Developing
C000985,2025-12-31,2092.927649947119,0.7063333333333334,High
C000986,2025-12-31,1838.6813511912094,0.655,High
C000987,2025-12-31,527.3472854261548,0.37766666666666665,Developing
C000988,2025-12-31,18.842852556345132,0.13383333333333333,Low
C000989,2025-12-31,1485.8240946017297,0.5371666666666667,High
C000990,2025-12-31,5526.689718275223,0.8903333333333333,Strategic
C000991,2025-12-31,50.36263182045607,0.25266666666666665,Developing
C000992,2025-12-31,9.668057700952394,0.051833333333333335,Low
C000993,2025-12-31,1491.620938870263,0.5391666666666667,High
C000994,2025-12-31,1686.442935040484,0.6061666666666666,High
C000995,2025-12-31,2117.4214797681293,0.7086666666666667,High
C000996,2025-12-31,69.31818161357843,0.2836666666666667,Developing
C000997,2025-12-31,17.80334064709567,0.1255,Low
C000998,2025-12-31,155.60092307767607,0.3421666666666667,Developing
C000999,2025-12-31,6247.4251673825065,0.9056666666666666,Strategic
C001000,2025-12-31,9229.481460218236,0.9836666666666667,Strategic
C001001,2025-12-31,971.490770911866,0.41083333333333333,Developing
C001002,2025-12-31,3565.3427588191385,0.8245,Strategic
C001003,2025-12-31,38.20308690524571,0.22416666666666665,Low
C001004,2025-12-31,143.5940133334975,0.3395,Developing
C001005,2025-12-31,2080.9622794939824,0.7041666666666667,High
C001006,2025-12-31,174.69294445959386,0.3456666666666667,Developing
C001007,2025-12-31,1467.3683623540408,0.5308333333333334,High
C001008,2025-12-31,1987.8542897296056,0.6865,High
C001009,2025-12-31,7628.110099377611,0.9353333333333333,Strategic
C001010,2025-12-31,3933.08519690806,0.8436666666666667,Strategic
C001011,2025-12-31,180.982045603567,0.3466666666666667,Developing
C001012,2025-12-31,2270.86931156563,0.728,High
C001013,2025-12-31,21.880346921080378,0.15433333333333332,Low
C001014,2025-12-31,1076.129949720961,0.4211666666666667,Developing
C001015,2025-12-31,1880.4045933332477,0.6651666666666667,High
C001016,2025-12-31,53.99018238432834,0.25916666666666666,Developing
C001017,2025-12-31,3445.4226700738095,0.818,Strategic
C001018,2025-12-31,2298.291062336799,0.7311666666666666,High
C001019,2025-12-31,33.24699885389029,0.20833333333333334,Low
C001020,2025-12-31,5.4661026356374025,0.02266666666666667,Low
C001021,2025-12-31,1770.4738238264995,0.6308333333333334,High
C001022,2025-12-31,8568.789767539736,0.9631666666666666,Strategic
C001023,2025-12-31,8492.793844436932,0.961,Strategic
C001024,2025-12-31,1378.6278616554123,0.497,Developing
C001025,2025-12-31,1322.8589968334975,0.4775,Developing
C001026,2025-12-31,1437.9684974541897,0.5198333333333334,High
C001027,2025-12-31,3086.618460808363,0.7973333333333333,Strategic
C001028,2025-12-31,123.31220197215167,0.3323333333333333,Developing
C001029,2025-12-31,1132.1408514809334,0.42916666666666664,Developing
C001030,2025-12-31,12.3091323083984,0.08066666666666666,Low
C001031,2025-12-31,5605.255594316424,0.8921666666666667,Strategic
C001032,2025-12-31,1927.3545133718703,0.6736666666666666,High
C001033,2025-12-31,2596.366059151813,0.7576666666666667,Strategic
C001034,2025-12-31,9.67611608983792,0.052,Low
C001035,2025-12-31,1603.2109717977596,0.5773333333333334,High
C001036,2025-12-31,2.6030715319696416,0.005166666666666667,Low
C001037,2025-12-31,1337.7388402474128,0.48333333333333334,Developing
C001038,2025-12-31,1799.1038587444827,0.641,High
C001039,2025-12-31,1268.0026628869953,0.45966666666666667,Developing
C001040,2025-12-31,2086.195341757822,0.7055,High
C001041,2025-12-31,260.7509832152973,0.3565,Developing
C001042,2025-12-31,19.553790671983517,0.13816666666666666,Low
C001043,2025-12-31,2753.4604216487187,0.76975,Strategic
C001044,2025-12-31,1158.0275711721004,0.4325,Developing
C001045,2025-12-31,29.216391416686214,0.19266666666666668,Low
C001046,2025-12-31,2.8602429323311123,0.006333333333333333,Low
C001047,2025-12-31,26.30993874133957,0.17866666666666667,Low
C001048,2025-12-31,1755.8242831147704,0.6255,High
C001049,2025-12-31,7.742548115650586,0.036166666666666666,Low
C001050,2025-12-31,1948.1518427952624,0.678,High
C001051,2025-12-31,1167.28088025906,0.43433333333333335,Developing
C001052,2025-12-31,5448.608957230884,0.8885,Strategic
C001053,2025-12-31,27.48489476759322,0.18466666666666667,Low
C001054,2025-12-31,98.67622762860341,0.31566666666666665,Developing
C001055,2025-12-31,4740.298215838449,0.8721666666666666,Strategic
C001056,2025-12-31,42.49795169009822,0.238,Low
C001057,2025-12-31,1384.8907360034038,0.49983333333333335,Developing
C001058,2025-12-31,6741.451248061688,0.9165,Strategic
C001059,2025-12-31,96.38792085522294,0.31266666666666665,Developing
C001060,2025-12-31,2669.124992940499,0.7623333333333333,Strategic
C001061,2025-12-31,1586.1998812592733,0.5723333333333334,High
C001062,2025-12-31,7432.131077983596,0.9316666666666666,Strategic
C001063,2025-12-31,69.55888749966131,0.2843333333333333,Developing
C001064,2025-12-31,2905.0690792166333,0.7838333333333334,Strategic
C001065,2025-12-31,4040.682055289785,0.8475,Strategic
C001066,2025-12-31,1189.1464679106452,0.43866666666666665,Developing
C001067,2025-12-31,62.99763020238711,0.2743333333333333,Developing
C001068,2025-12-31,56.3700156905693,0.26366666666666666,Developing
C001069,2025-12-31,1293.8206142771885,0.4683333333333333,Developing
C001070,2025-12-31,2806.354007146362,0.7761666666666667,Strategic
C001071,2025-12-31,4919.02094846356,0.876,Strategic
C001072,2025-12-31,2637.7342330024458,0.7608333333333334,Strategic
C001073,2025-12-31,40.475125932068096,0.23083333333333333,Low
C001074,2025-12-31,6563.218470657104,0.9116666666666666,Strategic
C001075,2025-12-31,3278.4769776217995,0.8093333333333333,Strategic
C001076,2025-12-31,30.114543125486584,0.19816666666666666,Low
C001077,2025-12-31,1304.6575861843185,0.4716666666666667,Developing
C001078,2025-12-31,1856.4357358109437,0.6596666666666666,High
C001079,2025-12-31,7128.219607746389,0.9246666666666666,Strategic
C001080,2025-12-31,7.0387691174055655,0.03133333333333333,Low
C001081,2025-12-31,409.6252168415859,0.36966666666666664,Developing
C001082,2025-12-31,9.780711032940085,0.053,Low
C001083,2025-12-31,53.795185425523314,0.25866666666666666,Developing
C001084,2025-12-31,2162.6946082656877,0.7138333333333333,High
C001085,2025-12-31,29.798512567224712,0.19666666666666666,Low
C001086,2025-12-31,10.466395620868214,0.0605,Low
C001087,2025-12-31,8.595210494735044,0.044333333333333336,Low
C001088,2025-12-31,2511.136260855316,0.7491666666666666,High
C001089,2025-12-31,1628.294411165428,0.5858333333333333,High
C001090,2025-12-31,943.4699297645335,0.4083333333333333,Developing
C001091,2025-12-31,3751.7911649971456,0.8343333333333334,Strategic
C001092,2025-12-31,3982.7773470856546,0.8453333333333334,Strategic
C001093,2025-12-31,930.0938129671588,0.4065,Developing
C001094,2025-12-31,8981.491629474836,0.9763333333333334,Strategic
C001095,2025-12-31,2830.3781433060108,0.7783333333333333,Strategic
C001096,2025-12-31,84.77514449919038,0.30233333333333334,Developing
C001097,2025-12-31,4251.806543661527,0.8558333333333333,Strategic
C001098,2025-12-31,1273.884856740812,0.46116666666666667,Developing
C001099,2025-12-31,26.747575856142905,0.182,Low
C001100,2025-12-31,3057.2341642649144,0.7953333333333333,Strategic
C001101,2025-12-31,20.379309843572592,0.14466666666666667,Low
C001102,2025-12-31,10.901864400379784,0.06616666666666667,Low
C001103,2025-12-31,17.82436558324209,0.12575,Low
C001104,2025-12-31,102.01990668255719,0.31783333333333336,Developing
C001105,2025-12-31,1466.3043673537702,0.5301666666666667,High
C001106,2025-12-31,7409.217537697937,0.9308333333333333,Strategic
C001107,2025-12-31,9018.489510491658,0.9776666666666667,Strategic
C001108,2025-12-31,35.15594223915659,0.21516666666666667,Low
C001109,2025-12-31,36.05530496554859,0.21816666666666668,Low
C001110,2025-12-31,16.101975407207508,0.11466666666666667,Low
C001111,2025-12-31,16.679526036021706,0.11866666666666667,Low
C001112,2025-12-31,1625.055002597441,0.5848333333333333,High
C001113,2025-12-31,2.0475190896318165,0.0036666666666666666,Low
C001114,2025-12-31,1176.9954361459888,0.43616666666666665,Developing
C001115,2025-12-31,58.85650525005163,0.2683333333333333,Developing
C001116,2025-12-31,1956.8513052570365,0.6796666666666666,High
C001117,2025-12-31,2719.780471094542,0.7673333333333333,Strategic
C001118,2025-12-31,1863.9732523130942,0.6616666666666666,High
C001119,2025-12-31,4130.606889029129,0.8498333333333333,Strategic
C001120,2025-12-31,2464.118085127343,0.7453333333333333,High
C001121,2025-12-31,1574.078268452674,0.568,High
C001122,2025-12-31,2793.571873505955,0.7746666666666666,Strategic
C001123,2025-12-31,1511.9730161225355,0.5463333333333333,High
C001124,2025-12-31,1608.1527955790941,0.5783333333333334,High
C001125,2025-12-31,15.34943651068371,0.10816666666666666,Low
C001126,2025-12-31,93.97702177528062,0.30933333333333335,Developing
C001127,2025-12-31,77.0462965249026,0.2941666666666667,Developing
C001128,2025-12-31,2233.4963567635637,0.7235,High
C001129,2025-12-31,95.6248675210712,0.3115,Developing
C001130,2025-12-31,3755.0400950895937,0.835,Strategic
C001131,2025-12-31,8025.196084069438,0.946,Strategic
C001132,2025-12-31,2850.3795422987405,0.7801666666666667,Strategic
C001133,2025-12-31,2141.1283522714893,0.7116666666666667,High
C001134,2025-12-31,1937.7755947270039,0.6766666666666666,High
C001135,2025-12-31,9533.563408537178,0.9911666666666666,Strategic
C001136,2025-12-31,2223.1227761100586,0.7218333333333333,High
C001137,2025-12-31,1395.5256810295714,0.5048333333333334,High
C001138,2025-12-31,42.0633432897359,0.236,Low
C001139,2025-12-31,1165.1919043579771,0.43383333333333335,Developing
C001140,2025-12-31,1321.9441726285402,0.4771666666666667,Developing
C001141,2025-12-31,7621.513885895546,0.9351666666666667,Strategic
C001142,2025-12-31,1390.4000275449248,0.502,High
C001143,2025-12-31,1170.9740229493723,0.43533333333333335,Developing
C001144,2025-12-31,36.063533115547216,0.21833333333333332,Low
C001145,2025-12-31,10.41406651308265,0.059666666666666666,Low
C001146,2025-12-31,59.36751087563045,0.2685,Developing
C001147,2025-12-31,2294.640156222335,0.7308333333333333,High
C001148,2025-12-31,12.992622776927016,0.08916666666666667,Low
C001149,2025-12-31,1711.6123124417893,0.6138333333333333,High
C001150,2025-12-31,1775.0100886943853,0.6333333333333333,High
C001151,2025-12-31,1771.0520773918258,0.6316666666666667,High
C001152,2025-12-31,72.82749771333889,0.28933333333333333,Developing
C001153,2025-12-31,6580.860039707013,0.9125,Strategic
C001154,2025-12-31,1423.1232213436647,0.5145,High
C001155,2025-12-31,1422.148437743648,0.5138333333333334,High
C001156,2025-12-31,1163.7355313973048,0.43366666666666664,Developing
C001157,2025-12-31,20.785830278599498,0.14733333333333334,Low
C001158,2025-12-31,1587.2760368582133,0.5728333333333333,High
C001159,2025-12-31,1469.1505182856088,0.5316666666666666,High
C001160,2025-12-31,2233.458541278016,0.7233333333333334,High
C001161,2025-12-31,2037.721868581507,0.6966666666666667,High
C001162,2025-12-31,138.40019811282812,0.33816666666666667,Developing
C001163,2025-12-31,7014.4256157043565,0.922,Strategic
C001164,2025-12-31,69.65694306774654,0.2845,Developing
C001165,2025-12-31,3321.9726658084223,0.812,Strategic
C001166,2025-12-31,3755.812667157957,0.8353333333333334,Strategic
C001167,2025-12-31,1445.9536682236542,0.5223333333333333,High
C001168,2025-12-31,4262.940700104896,0.8566666666666667,Strategic
C001169,2025-12-31,1484.0449866654296,0.536,High
C001170,2025-12-31,16.58166294484573,0.11766666666666667,Low
C001171,2025-12-31,30.013028218053293,0.19766666666666666,Low
C001172,2025-12-31,1531.013656101299,0.5535,High
C001173,2025-12-31,1553.0662358168856,0.5606666666666666,High
C001174,2025-12-31,11.48935608375338,0.0725,Low
C001175,2025-12-31,24.707206750240637,0.17016666666666666,Low
C001176,2025-12-31,226.66209215839478,0.35433333333333333,Developing
C001177,2025-12-31,27.848597112454232,0.187,Low
C001178,2025-12-31,13.033613453570497,0.08966666666666667,Low
C001179,2025-12-31,7480.274845308945,0.9328333333333333,Strategic
C001180,2025-12-31,2642.3619194619123,0.7611666666666667,Strategic
C001181,2025-12-31,1954.03257754715,0.6791666666666667,High
C001182,2025-12-31,42.90938979589403,0.23916666666666667,Low
C001183,2025-12-31,6761.844394737212,0.9171666666666667,Strategic
C001184,2025-12-31,2994.754643385131,0.791,Strategic
C001185,2025-12-31,2968.8233211893335,0.7891666666666667,Strategic
C001186,2025-12-31,1567.2720536741258,0.5653333333333334,High
C001187,2025-12-31,2736.70068613023,0.7685,Strategic
C001188,2025-12-31,1309.7029343716515,0.4731666666666667,Developing
C001189,2025-12-31,2778.6488816188985,0.7728333333333334,Strategic
C001190,2025-12-31,1423.333513535015,0.5146666666666667,High
C001191,2025-12-31,6.2615924478267475,0.026333333333333334,Low
C001192,2025-12-31,4.581496734136102,0.017166666666666667,Low
C001193,2025-12-31,53.993927756858184,0.25933333333333336,Developing
C001194,2025-12-31,46.275258928841126,0.24516666666666667,Low
C001195,2025-12-31,38.81455844322256,0.22633333333333333,Low
C001196,2025-12-31,2343.8616451123003,0.7356666666666667,High
C001197,2025-12-31,2536.788529073207,0.7508333333333334,Strategic
C001198,2025-12-31,26.11959773912385,0.17666666666666667,Low
C001199,2025-12-31,1124.427107803997,0.42816666666666664,Developing
C001200,2025-12-31,4671.841804729683,0.8696666666666667,Strategic
C001201,2025-12-31,2010.7385234230983,0.6923333333333334,High
C001202,2025-12-31,14.35929186804009,0.101,Low
C001203,2025-12-31,1313.589809681496,0.4741666666666667,Developing
C001204,2025-12-31,8397.700460079262,0.9583333333333334,Strategic
C001205,2025-12-31,6.843169502070593,0.03,Low
C001206,2025-12-31,265.4844552962005,0.357,Developing
C001207,2025-12-31,1445.1229204089905,0.522,High
C001208,2025-12-31,71.91992957039139,0.28833333333333333,Developing
C001209,2025-12-31,2214.543373486343,0.7208333333333333,High
C001210,2025-12-31,1390.9824533780472,0.5026666666666667,High
C001211,2025-12-31,8221.33493626565,0.953,Strategic
C001212,2025-12-31,976.429047736089,0.4116666666666667,Developing
C001213,2025-12-31,29.552052921529697,0.19466666666666665,Low
C001214,2025-12-31,8651.328695282855,0.9656666666666667,Strategic
C001215,2025-12-31,27.48611264131879,0.18483333333333332,Low
C001216,2025-12-31,2292.2941565859246,0.7306666666666667,High
C001217,2025-12-31,3378.4134967844648,0.815,Strategic
C001218,2025-12-31,1412.628918832813,0.5093333333333333,High
C001219,2025-12-31,1632.0368649401505,0.5875,High
C001220,2025-12-31,1303.7984182295327,0.4715,Developing
C001221,2025-12-31,2779.7952199005827,0.7731666666666667,Strategic
C001222,2025-12-31,1365.2900431862677,0.49316666666666664,Developing
C001223,2025-12-31,3395.5179988337154,0.816,Strategic
C001224,2025-12-31,4669.864379179893,0.8695,Strategic
C001225,2025-12-31,4769.5359995718945,0.8735,Strategic
C001226,2025-12-31,1740.4333942439714,0.6216666666666667,High
C001227,2025-12-31,2458.9770829635827,0.745,High
C001228,2025-12-31,1784.0995044803383,0.636,High
C001229,2025-12-31,1567.6010700272607,0.5656666666666667,High
C001230,2025-12-31,34.513517534899044,0.2125,Low
C001231,2025-12-31,3528.164422272714,0.8223333333333334,Strategic
C001232,2025-12-31,1783.8431830655234,0.6358333333333334,High
C001233,2025-12-31,1690.330311451758,0.6066666666666667,High
C001234,2025-12-31,8538.339969187531,0.9625,Strategic
C001235,2025-12-31,1836.3091820847364,0.6545,High
C001236,2025-12-31,21.262418352795912,0.15066666666666667,Low
C001237,2025-12-31,1294.0455731223176,0.4685,Developing
C001238,2025-12-31,1666.6809622911476,0.5996666666666667,High
C001239,2025-12-31,8501.558683787736,0.9615,Strategic
C001240,2025-12-31,1945.898838438586,0.6775,High
C001241,2025-12-31,1371.2754355951963,0.49533333333333335,Developing
C001242,2025-12-31,1615.0134414534753,0.581,High
C001243,2025-12-31,3423.2124915951713,0.8166666666666667,Strategic
C001244,2025-12-31,1636.4668228693804,0.589,High
C001245,2025-12-31,15.235909885459158,0.107,Low
C001246,2025-12-31,8.059580366844395,0.03983333333333333,Low
C001247,2025-12-31,9765.407426604348,0.9955,Strategic
C001248,2025-12-31,82.05099253820502,0.3,Developing
C001249,2025-12-31,32.829017275112164,0.20683333333333334,Low
C001250,2025-12-31,1442.2091174403083,0.5208333333333334,High
C001251,2025-12-31,2211.0881887795886,0.72,High
C001252,2025-12-31,1794.8133788015014,0.6391666666666667,High
C001253,2025-12-31,758.6651242744084,0.39116666666666666,Developing
C001254,2025-12-31,14.965670890591163,0.10533333333333333,Low
C001255,2025-12-31,2115.6156457781426,0.7085,High
C001256,2025-12-31,7365.927890406695,0.9298333333333333,Strategic
C001257,2025-12-31,818.6474605571497,0.39566666666666667,Developing
C001258,2025-12-31,3766.455006970457,0.8358333333333333,Strategic
C001259,2025-12-31,1807.5760645390699,0.6445,High
C001260,2025-12-31,4759.154264883033,0.873,Strategic
C001261,2025-12-31,29.85127277698337,0.19683333333333333,Low
C001262,2025-12-31,8636.652127082361,0.9655,Strategic
C001263,2025-12-31,9653.19593636436,0.9935,Strategic
C001264,2025-12-31,29.660046430506775,0.19566666666666666,Low
C001265,2025-12-31,8059.447297565809,0.9475,Strategic
C001266,2025-12-31,4407.552334301675,0.8626666666666667,Strategic
C001267,2025-12-31,1625.0365771883278,0.5846666666666667,High
C001268,2025-12-31,9361.551303259334,0.9878333333333333,Strategic
C001269,2025-12-31,3.6880724523059545,0.0105,Low
C001270,2025-12-31,3805.519242428484,0.8381666666666666,Strategic
C001271,2025-12-31,12.400910212092365,0.08183333333333333,Low
C001272,2025-12-31,1514.1125705059628,0.5466666666666666,High
C001273,2025-12-31,10.709202222233857,0.0635,Low
C001274,2025-12-31,1657.7634092400774,0.597,High
C001275,2025-12-31,7906.931220162339,0.9418333333333333,Strategic
C001276,2025-12-31,21.13707215220832,0.15,Low
C001277,2025-12-31,668.8589743119107,0.3855,Developing
C001278,2025-12-31,6.859446334920611,0.030333333333333334,Low
C001279,2025-12-31,1646.687046966929,0.5931666666666666,High
C001280,2025-12-31,20.582711314094748,0.14616666666666667,Low
C001281,2025-12-31,2057.1953735986554,0.7003333333333334,High
C001282,2025-12-31,505.0743888395406,0.37583333333333335,Developing
C001283,2025-12-31,2233.950427953377,0.7236666666666667,High
C001284,2025-12-31,1865.645388596295,0.6618333333333334,High
C001285,2025-12-31,8.529066429119725,0.044,Low
C001286,2025-12-31,12.836258314048756,0.08675,Low
C001287,2025-12-31,84.11469108072319,0.3016666666666667,Developing
C001288,2025-12-31,11.096609394269501,0.068,Low
C001289,2025-12-31,17.53089345260756,0.12366666666666666,Low
C001290,2025-12-31,103.92223422170781,0.32016666666666665,Developing
C001291,2025-12-31,282.7442791260767,0.3585,Developing
C001292,2025-12-31,2808.405889410946,0.7763333333333333,Strategic
C001293,2025-12-31,1223.4047315399587,0.44766666666666666,Developing
C001294,2025-12-31,31.300230527788734,0.20066666666666666,Low
C001295,2025-12-31,84.93409464086186,0.3025,Developing
C001296,2025-12-31,828.2276590362542,0.397,Developing
C001297,2025-12-31,734.6181765254837,0.38966666666666666,Developing
C001298,2025-12-31,2206.082361165112,0.7193333333333334,High
C001299,2025-12-31,2766.3606084742687,0.7716666666666666,Strategic
C001300,2025-12-31,25.028322023953265,0.17133333333333334,Low
C001301,2025-12-31,8081.245185967691,0.948,Strategic
C001302,2025-12-31,12.485928518830805,0.083,Low
C001303,2025-12-31,2277.47582670798,0.7286666666666667,High
C001304,2025-12-31,96.07717282241502,0.31216666666666665,Developing
C001305,2025-12-31,9659.636744016285,0.9938333333333333,Strategic
C001306,2025-12-31,956.8270226527089,0.4093333333333333,Developing
C001307,2025-12-31,1433.3271555747463,0.5181666666666667,High
C001308,2025-12-31,45.549492414396454,0.24383333333333335,Low
C001309,2025-12-31,1234.7988974614143,0.45016666666666666,Developing
C001310,2025-12-31,942.8352023410428,0.408,Developing
C001311,2025-12-31,52.871463605241985,0.25716666666666665,Developing
C001312,2025-12-31,1824.0405630691214,0.6505,High
C001313,2025-12-31,2766.2198697205545,0.7713333333333333,Strategic
C001314,2025-12-31,1655.6156004802817,0.5965,High
C001315,2025-12-31,342.58191443586463,0.36283333333333334,Developing
C001316,2025-12-31,26.543890433238868,0.18075,Low
C001317,2025-12-31,8980.72380871281,0.976,Strategic
C001318,2025-12-31,1050.8385581114262,0.4181666666666667,Developing
C001319,2025-12-31,13.12650143174115,0.0905,Low
C001320,2025-12-31,42.18622465631487,0.2365,Low
C001321,2025-12-31,33.9597253961077,0.21016666666666667,Low
C001322,2025-12-31,7.263486745613733,0.03333333333333333,Low
C001323,2025-12-31,8741.898576724225,0.9685,Strategic
C001324,2025-12-31,6700.0432951943385,0.9155,Strategic
C001325,2025-12-31,3358.981209625502,0.8138333333333333,Strategic
C001326,2025-12-31,939.7574968628985,0.4076666666666667,Developing
C001327,2025-12-31,10.817150930033787,0.06516666666666666,Low
C001328,2025-12-31,35.84167331453216,0.21733333333333332,Low
C001329,2025-12-31,927.5783756183721,0.4058333333333333,Developing
C001330,2025-12-31,449.2849884846911,0.372,Developing
C001331,2025-12-31,4107.0901316481295,0.8491666666666666,Strategic
C001332,2025-12-31,1637.0079500803445,0.5895,High
C001333,2025-12-31,6357.341545630629,0.9078333333333334,Strategic
C001334,2025-12-31,2130.5977407604414,0.7103333333333334,High
C001335,2025-12-31,30.498066793388325,0.19883333333333333,Low
C001336,2025-12-31,4609.233229026981,0.8681666666666666,Strategic
C001337,2025-12-31,9.466867731778061,0.051,Low
C001338,2025-12-31,2572.886699641058,0.7543333333333333,Strategic
C001339,2025-12-31,5478.182800370309,0.8896666666666667,Strategic
C001340,2025-12-31,3580.8356072302195,0.8258333333333333,Strategic
C001341,2025-12-31,26.246482046207504,0.17766666666666667,Low
C001342,2025-12-31,2.8954173913637766,0.007,Low
C001343,2025-12-31,1655.103800848906,0.5963333333333334,High
C001344,2025-12-31,1266.3336591325956,0.45866666666666667,Developing
C001345,2025-12-31,1930.6922022440533,0.6743333333333333,High
C001346,2025-12-31,1901.1089671073146,0.6693333333333333,High
C001347,2025-12-31,7053.888138830033,0.9228333333333333,Strategic
C001348,2025-12-31,937.0293711339122,0.407,Developing
C001349,2025-12-31,2040.351084586411,0.6973333333333334,High
C001350,2025-12-31,5153.421745075317,0.8811666666666667,Strategic
C001351,2025-12-31,1913.2890845819463,0.671,High
C001352,2025-12-31,1487.5154799159131,0.5376666666666666,High
C001353,2025-12-31,2651.7103657750476,0.7615,Strategic
C001354,2025-12-31,1843.507084376416,0.6563333333333333,High
C001355,2025-12-31,1589.1533298916788,0.5735,High
C001356,2025-12-31,1408.3686455043098,0.5078333333333334,High
C001357,2025-12-31,81.11756078994604,0.29883333333333334,Developing
C001358,2025-12-31,1324.354466132824,0.4785,Developing
C001359,2025-12-31,23.449457673432175,0.1625,Low
C001360,2025-12-31,5733.86612070903,0.8943333333333333,Strategic
C001361,2025-12-31,2004.4051708839927,0.6913333333333334,High
C001362,2025-12-31,1760.7427296398278,0.6268333333333334,High
C001363,2025-12-31,1021.1137774073661,0.4155,Developing
C001364,2025-12-31,9.843798219440199,0.05333333333333334,Low
C001365,2025-12-31,47.0301820129313,0.24633333333333332,Low
C001366,2025-12-31,25.38120986763615,0.173,Low
C001367,2025-12-31,1773.4703452841597,0.633,High
C001368,2025-12-31,814.8875725591485,0.395,Developing
C001369,2025-12-31,95.30727764827081,0.311,Developing
C001370,2025-12-31,81.06069632141693,0.2986666666666667,Developing
C001371,2025-12-31,18.825087776162558,0.13333333333333333,Low
C001372,2025-12-31,3024.757425548793,0.7936666666666666,Strategic
C001373,2025-12-31,27.54381288961992,0.18516666666666667,Low
C001374,2025-12-31,4675.498172015059,0.8703333333333333,Strategic
C001375,2025-12-31,23.77572680232102,0.165,Low
C001376,2025-12-31,21.263992414549943,0.15083333333333335,Low
C001377,2025-12-31,1751.0071336097799,0.6246666666666667,High
C001378,2025-12-31,51.64763468212752,0.25516666666666665,Developing
C001379,2025-12-31,2421.087676214834,0.742,High
C001380,2025-12-31,6.803860530581365,0.029666666666666668,Low
C001381,2025-12-31,918.4439721903115,0.4048333333333333,Developing
C001382,2025-12-31,182.95034307364085,0.3468333333333333,Developing
C001383,2025-12-31,6252.275271616009,0.9058333333333334,Strategic
C001384,2025-12-31,2235.6606482193074,0.724,High
C001385,2025-12-31,71.34778618229097,0.2875,Developing
C001386,2025-12-31,1809.4878006262802,0.6453333333333333,High
C001387,2025-12-31,3522.8131170260776,0.8218333333333333,Strategic
C001388,2025-12-31,8465.186055031232,0.9605,Strategic
C001389,2025-12-31,1776.791384799001,0.634,High
C001390,2025-12-31,1457.5281275975685,0.5276666666666666,High
C001391,2025-12-31,32.71763372753917,0.20633333333333334,Low
C001392,2025-12-31,51.67432282233592,0.25533333333333336,Developing
C001393,2025-12-31,2958.7941462683607,0.7885,Strategic
C001394,2025-12-31,3548.7756182537983,0.8231666666666667,Strategic
C001395,2025-12-31,1539.4111988088832,0.5568333333333333,High
C001396,2025-12-31,9108.301270682943,0.9795,Strategic
C001397,2025-12-31,3073.0999368456596,0.7971666666666667,Strategic
C001398,2025-12-31,8184.528760482682,0.9511666666666667,Strategic
C001399,2025-12-31,5601.180054779539,0.8918333333333334,Strategic
C001400,2025-12-31,2254.885488609317,0.7253333333333334,High
C001401,2025-12-31,34.15219707016667,0.2105,Low
C001402,2025-12-31,1619.2300697257842,0.5828333333333333,High
C001403,2025-12-31,77.55777601454707,0.2945,Developing
C001404,2025-12-31,1829.5007289944135,0.6528333333333334,High
C001405,2025-12-31,3670.2382008611257,0.8303333333333334,Strategic
C001406,2025-12-31,8252.64350625053,0.9538333333333333,Strategic
C001407,2025-12-31,1764.7216031162,0.6286666666666667,High
C001408,2025-12-31,83.63071226670748,0.30083333333333334,Developing
C001409,2025-12-31,13.190222759840827,0.0915,Low
C001410,2025-12-31,2419.0308953165486,0.7415,High
C001411,2025-12-31,79.86990562830002,0.2981666666666667,Developing
C001412,2025-12-31,1288.8074875413997,0.4665,Developing
C001413,2025-12-31,41.55434803288782,0.23433333333333334,Low
C001414,2025-12-31,2098.1415456686364,0.7068333333333333,High
C001415,2025-12-31,4347.458628479534,0.8605,Strategic
C001416,2025-12-31,10.423616548009228,0.059833333333333336,Low
C001417,2025-12-31,12.575899260030498,0.08416666666666667,Low
C001418,2025-12-31,4137.4081066854105,0.8505,Strategic
C001419,2025-12-31,5884.916803940899,0.8973333333333333,Strategic
C001420,2025-12-31,3234.4707902831856,0.806,Strategic
C001421,2025-12-31,1222.7493519765005,0.44733333333333336,Developing
C001422,2025-12-31,8196.745816802275,0.9518333333333333,Strategic
C001423,2025-12-31,2657.2148386397753,0.7618333333333334,Strategic
C001424,2025-12-31,1880.0428231870803,0.665,High
C001425,2025-12-31,82.90976460272806,0.3005,Developing
C001426,2025-12-31,4208.72779259361,0.8538333333333333,Strategic
C001427,2025-12-31,9.176029703981188,0.048666666666666664,Low
C001428,2025-12-31,3610.119107078007,0.8268333333333333,Strategic
C001429,2025-12-31,3219.5695919418763,0.8043333333333333,Strategic
C001430,2025-12-31,116.06552226219506,0.3283333333333333,Developing
C001431,2025-12-31,8251.326906644894,0.9536666666666667,Strategic
C001432,2025-12-31,2028.4160332692436,0.6955,High
C001433,2025-12-31,1572.5548449963026,0.5673333333333334,High
C001434,2025-12-31,6686.728836716474,0.9151666666666667,Strategic
C001435,2025-12-31,24.23206296894444,0.1675,Low
C001436,2025-12-31,4328.946956274517,0.8596666666666667,Strategic
C001437,2025-12-31,16.847911796816184,0.12066666666666667,Low
C001438,2025-12-31,69.68925095108968,0.2846666666666667,Developing
C001439,2025-12-31,3310.7364708461255,0.8113333333333334,Strategic
C001440,2025-12-31,1520.526296242496,0.5483333333333333,High
C001441,2025-12-31,7154.637383101094,0.926,Strategic
C001442,2025-12-31,1570.9611691851242,0.5666666666666667,High
C001443,2025-12-31,313.1472398026481,0.36083333333333334,Developing
C001444,2025-12-31,385.69831214452773,0.3665,Developing
C001445,2025-12-31,1583.6578105736537,0.5718333333333333,High
C001446,2025-12-31,1218.646546903687,0.44566666666666666,Developing
C001447,2025-12-31,4090.687260038452,0.8485,Strategic
C001448,2025-12-31,5636.100893530282,0.8926666666666667,Strategic
C001449,2025-12-31,9.157682829241288,0.04833333333333333,Low
C001450,2025-12-31,3146.4513743802554,0.801,Strategic
C001451,2025-12-31,914.0784507534295,0.4041666666666667,Developing
C001452,2025-12-31,3554.8586932902526,0.8236666666666667,Strategic
C001453,2025-12-31,8527.048147032243,0.9623333333333334,Strategic
C001454,2025-12-31,10.044843192453477,0.05633333333333333,Low
C001455,2025-12-31,15.652550401208826,0.11083333333333334,Low
C001456,2025-12-31,2303.6182583674777,0.732,High
C001457,2025-12-31,1853.798471547259,0.6591666666666667,High
C001458,2025-12-31,9351.872563400237,0.9871666666666666,Strategic
C001459,2025-12-31,19.887100916725096,0.14066666666666666,Low
C001460,2025-12-31,3891.3053648937944,0.842,Strategic
C001461,2025-12-31,98.59766752897917,0.31533333333333335,Developing
C001462,2025-12-31,47.0702330838741,0.2465,Low
C001463,2025-12-31,1272.6086035066037,0.4608333333333333,Developing
C001464,2025-12-31,1405.846803618662,0.5068333333333334,High
C001465,2025-12-31,92.17901099632873,0.3075,Developing
C001466,2025-12-31,2818.0830489053174,0.7768333333333334,Strategic
C001467,2025-12-31,11.94424828054256,0.077,Low
C001468,2025-12-31,1347.7228351472866,0.48683333333333334,Developing
C001469,2025-12-31,3072.99648447073,0.797,Strategic
C001470,2025-12-31,2836.3517775977402,0.779,Strategic
C001471,2025-12-31,4.900334249103681,0.019,Low
C001472,2025-12-31,8663.632264539745,0.9658333333333333,Strategic
C001473,2025-12-31,1816.7363405727565,0.6486666666666666,High
C001474,2025-12-31,49.92268435824819,0.25183333333333335,Developing
C001475,2025-12-31,9235.559870971274,0.984,Strategic
C001476,2025-12-31,4508.9505515577475,0.8658333333333333,Strategic
C001477,2025-12-31,20.27865428980453,0.14383333333333334,Low
C001478,2025-12-31,1078.6309281431902,0.4216666666666667,Developing
C001479,2025-12-31,73.90489298950688,0.29033333333333333,Developing
C001480,2025-12-31,36.59103537348289,0.22033333333333333,Low
C001481,2025-12-31,17.523989124859618,0.1235,Low
C001482,2025-12-31,69.3860683555121,0.2838333333333333,Developing
C001483,2025-12-31,1691.3968591457904,0.6073333333333333,High
C001484,2025-12-31,6755.103838798729,0.917,Strategic
C001485,2025-12-31,341.3152797474389,0.3626666666666667,Developing
C001486,2025-12-31,6183.631910013927,0.9041666666666667,Strategic
C001487,2025-12-31,7661.287010889743,0.9361666666666667,Strategic
C001488,2025-12-31,537.2509055334527,0.37816666666666665,Developing
C001489,2025-12-31,61.05964378368716,0.27116666666666667,Developing
C001490,2025-12-31,1275.054092637524,0.46166666666666667,Developing
C001491,2025-12-31,712.7405741436252,0.38816666666666666,Developing
C001492,2025-12-31,26.17118068646612,0.17733333333333334,Low
C001493,2025-12-31,20.297292215617293,0.14416666666666667,Low
C001494,2025-12-31,7.743854549252664,0.036333333333333336,Low
C001495,2025-12-31,56.61456037411014,0.2645,Developing
C001496,2025-12-31,1648.0016496667856,0.5935,High
C001497,2025-12-31,4879.257084787972,0.8751666666666666,Strategic
C001498,2025-12-31,1087.4595328308458,0.4236666666666667,Developing
C001499,2025-12-31,25.53663941675545,0.17383333333333334,Low
C001500,2025-12-31,311.6141443059451,0.3605,Developing
C001501,2025-12-31,4.1562839920755525,0.013333333333333334,Low
C001502,2025-12-31,9.846404262149813,0.0535,Low
C001503,2025-12-31,7894.828319491954,0.9415,Strategic
C001504,2025-12-31,1769.6554703426182,0.6303333333333333,High
C001505,2025-12-31,813.7139427678218,0.3948333333333333,Developing
C001506,2025-12-31,8701.72369505407,0.9676666666666667,Strategic
C001507,2025-12-31,1831.1061340442623,0.6535,High
C001508,2025-12-31,1404.213919096103,0.5065,High
C001509,2025-12-31,9.168402366678729,0.0485,Low
C001510,2025-12-31,2381.115856262436,0.7383333333333333,High
C001511,2025-12-31,1664.7857194344135,0.5991666666666666,High
C001512,2025-12-31,283.8434390284311,0.35883333333333334,Developing
C001513,2025-12-31,2213.678392462446,0.7203333333333334,High
C001514,2025-12-31,152.0639381556648,0.3411666666666667,Developing
C001515,2025-12-31,8399.572001220718,0.9585,Strategic
C001516,2025-12-31,106.02351582668307,0.32133333333333336,Developing
C001517,2025-12-31,1246.432113993564,0.45316666666666666,Developing
C001518,2025-12-31,9151.468579824925,0.9816666666666667,Strategic
C001519,2025-12-31,35.65342956732258,0.217,Low
C001520,2025-12-31,1706.1141789438402,0.6123333333333333,High
C001521,2025-12-31,21.43857763072807,0.15183333333333332,Low
C001522,2025-12-31,1525.48271018131,0.5511666666666667,High
C001523,2025-12-31,1401.6821324470964,0.5056666666666667,High
C001524,2025-12-31,104.74926623377247,0.32058333333333333,Developing
C001525,2025-12-31,42.682237539668755,0.2385,Low
C001526,2025-12-31,13.153830557939902,0.091,Low
C001527,2025-12-31,1269.7888082477489,0.46,Developing
C001528,2025-12-31,94.88882112306831,0.3105,Developing
C001529,2025-12-31,27.1911496399542,0.184,Low
C001530,2025-12-31,1924.8026426586646,0.6733333333333333,High
C001531,2025-12-31,110.42885957021352,0.3245,Developing
C001532,2025-12-31,2082.5606234280117,0.7045,High
C001533,2025-12-31,1828.1172970408381,0.652,High
C001534,2025-12-31,1351.4450961984796,0.4885,Developing
C001535,2025-12-31,5023.524971415497,0.878,Strategic
C001536,2025-12-31,48.50529773918292,0.249,Low
C001537,2025-12-31,12.919637126113063,0.0875,Low
C001538,2025-12-31,10.144388894660345,0.05733333333333333,Low
C001539,2025-12-31,36.94037248118479,0.221,Low
C001540,2025-12-31,22.800603977138604,0.15933333333333333,Low
C001541,2025-12-31,1034.1763081004742,0.41633333333333333,Developing
C001542,2025-12-31,1231.2574572064068,0.4495,Developing
C001543,2025-12-31,1205.1433057647841,0.44183333333333336,Developing
C001544,2025-12-31,25.18300428435865,0.172,Low
C001545,2025-12-31,19.549400297523842,0.138,Low
C001546,2025-12-31,1718.2430218634627,0.6158333333333333,High
C001547,2025-12-31,6833.896716756901,0.9193333333333333,Strategic
C001548,2025-12-31,1051.0034909075039,0.41833333333333333,Developing
C001549,2025-12-31,5928.221560169058,0.8978333333333334,Strategic
C001550,2025-12-31,19.111003798353483,0.13566666666666666,Low
C001551,2025-12-31,2834.122599536259,0.7788333333333334,Strategic
C001552,2025-12-31,1259.609180850062,0.45616666666666666,Developing
C001553,2025-12-31,92.84702852009165,0.30833333333333335,Developing
C001554,2025-12-31,701.4816635988417,0.38716666666666666,Developing
C001555,2025-12-31,86.57329425373175,0.30383333333333334,Developing
C001556,2025-12-31,130.23073567248449,0.335,Developing
C001557,2025-12-31,731.1146603657031,0.3895,Developing
C001558,2025-12-31,1690.3255381573101,0.6065,High
C001559,2025-12-31,7.672750947637427,0.0355,Low
C001560,2025-12-31,36.888752092213714,0.22083333333333333,Low
C001561,2025-12-31,1942.7280365590093,0.6773333333333333,High
C001562,2025-12-31,2596.6710700913013,0.7578333333333334,Strategic
C001563,2025-12-31,3526.4345662147603,0.8221666666666667,Strategic
C001564,2025-12-31,1883.0659630925145,0.6663333333333333,High
C001565,2025-12-31,3226.970696678924,0.8051666666666667,Strategic
C001566,2025-12-31,30.1476133330377,0.19833333333333333,Low
C001567,2025-12-31,2958.0318889673536,0.7883333333333333,Strategic
C001568,2025-12-31,9343.048879993594,0.9866666666666667,Strategic
C001569,2025-12-31,28.339306133496233,0.189,Low
C001570,2025-12-31,50.90637507388304,0.254,Developing
C001571,2025-12-31,1337.7441222406514,0.4835,Developing
C001572,2025-12-31,66.04475259556791,0.2791666666666667,Developing
C001573,2025-12-31,2077.9386113442997,0.7033333333333334,High
C001574,2025-12-31,5024.761465738482,0.8781666666666667,Strategic
C001575,2025-12-31,851.8936588125954,0.398,Developing
C001576,2025-12-31,312.84870783127855,0.3606666666666667,Developing
C001577,2025-12-31,24.82627907882809,0.171,Low
C001578,2025-12-31,1692.2803798671023,0.608,High
C001579,2025-12-31,996.8769157763832,0.41333333333333333,Developing
C001580,2025-12-31,1703.8608554611806,0.6115,High
C001581,2025-12-31,752.9242470797768,0.3908333333333333,Developing
C001582,2025-12-31,4526.444944279677,0.8663333333333333,Strategic
C001583,2025-12-31,1044.982475408532,0.417,Developing
C001584,2025-12-31,57.68010646426354,0.26675,Developing
C001585,2025-12-31,1872.4734951990436,0.6636666666666666,High
C001586,2025-12-31,324.95864023759947,0.3611666666666667,Developing
C001587,2025-12-31,49.65490904508956,0.25066666666666665,Developing
C001588,2025-12-31,2624.2259944444604,0.7596666666666667,Strategic
C001589,2025-12-31,1503.5185849329996,0.5423333333333333,High
C001590,2025-12-31,1770.409752873117,0.6305,High
C001591,2025-12-31,1404.081444748434,0.5063333333333333,High
C001592,2025-12-31,70.81762836341204,0.28683333333333333,Developing
C001593,2025-12-31,194.77846450722294,0.3495,Developing
C001594,2025-12-31,28.04256772135906,0.188,Low
C001595,2025-12-31,5.627848251794876,0.024,Low
C001596,2025-12-31,1625.7949539885058,0.5855,High
C001597,2025-12-31,18.877916972437387,0.134,Low
C001598,2025-12-31,1534.7713259559869,0.5556666666666666,High
C001599,2025-12-31,3.154210423693502,0.008166666666666666,Low
C001600,2025-12-31,38.201520180222516,0.224,Low
C001601,2025-12-31,1361.3218915944453,0.49233333333333335,Developing
C001602,2025-12-31,103.4388829781978,0.3195,Developing
C001603,2025-12-31,1966.0405234836553,0.6811666666666667,High
C001604,2025-12-31,15.68686182096776,0.11133333333333334,Low
C001605,2025-12-31,8781.05839676774,0.9695,Strategic
C001606,2025-12-31,8433.353456563666,0.9596666666666667,Strategic
C001607,2025-12-31,129.43828146087301,0.33466666666666667,Developing
C001608,2025-12-31,2505.5209738908256,0.749,High
C001609,2025-12-31,34.87766937644154,0.21433333333333332,Low
C001610,2025-12-31,2756.6704218773298,0.7701666666666667,Strategic
C001611,2025-12-31,25.282796202666603,0.17233333333333334,Low
C001612,2025-12-31,2266.46587745083,0.727,High
C001613,2025-12-31,1496.2567124578645,0.5401666666666667,High
C001614,2025-12-31,10.427029700404484,0.06016666666666667,Low
C001615,2025-12-31,6962.710705417951,0.9215,Strategic
C001616,2025-12-31,7.744160596309602,0.0365,Low
C001617,2025-12-31,65.59643761081999,0.2785,Developing
C001618,2025-12-31,1637.5661031817067,0.5896666666666667,High
C001619,2025-12-31,46.77425870109997,0.246,Low
C001620,2025-12-31,1653.5381070340181,0.5953333333333334,High
C001621,2025-12-31,1169.4850950582609,0.435,Developing
C001622,2025-12-31,13.166066300465848,0.09116666666666666,Low
C001623,2025-12-31,18.009630761339977,0.127,Low
C001624,2025-12-31,1808.898859503691,0.6451666666666667,High
C001625,2025-12-31,69.39145663889323,0.284,Developing
C001626,2025-12-31,23.582812603729142,0.16366666666666665,Low
C001627,2025-12-31,3847.218873876046,0.8396666666666667,Strategic
C001628,2025-12-31,5402.230039029039,0.8876666666666667,Strategic
C001629,2025-12-31,395.2522066166478,0.36783333333333335,Developing
C001630,2025-12-31,6.850757264552837,0.030166666666666668,Low
C001631,2025-12-31,1318.3800035374468,0.47633333333333333,Developing
C001632,2025-12-31,798.8836722055723,0.39316666666666666,Developing
C001633,2025-12-31,7142.883217406624,0.9253333333333333,Strategic
C001634,2025-12-31,1973.4438327883304,0.6836666666666666,High
C001635,2025-12-31,2975.457682670473,0.7895,Strategic
C001636,2025-12-31,1330.7227748035843,0.4815,Developing
C001637,2025-12-31,45.48254918678416,0.24366666666666667,Low
C001638,2025-12-31,5001.766050763073,0.8773333333333333,Strategic
C001639,2025-12-31,1407.0360666305398,0.5073333333333333,High
C001640,2025-12-31,9745.847051960713,0.9953333333333333,Strategic
C001641,2025-12-31,62.485300073149574,0.2733333333333333,Developing
C001642,2025-12-31,1717.220328868602,0.6156666666666667,High
C001643,2025-12-31,146.85064428100262,0.34,Developing
C001644,2025-12-31,5.551823899670214,0.023,Low
C001645,2025-12-31,8791.481948059201,0.9701666666666666,Strategic
C001646,2025-12-31,5780.335778735418,0.8955,Strategic
C001647,2025-12-31,8938.72525072692,0.9746666666666667,Strategic
C001648,2025-12-31,4043.011239006187,0.8476666666666667,Strategic
C001649,2025-12-31,1986.435424302876,0.686,High
C001650,2025-12-31,1116.5597247060637,0.42716666666666664,Developing
C001651,2025-12-31,1684.6926354153302,0.6058333333333333,High
C001652,2025-12-31,9352.520178472978,0.9873333333333333,Strategic
C001653,2025-12-31,1422.8541572658855,0.514,High
C001654,2025-12-31,1582.487437807528,0.5711666666666667,High
C001655,2025-12-31,1614.1195883625462,0.5805,High
C001656,2025-12-31,47.14757027118482,0.247,Low
C001657,2025-12-31,1531.7957223228357,0.5541666666666667,High
C001658,2025-12-31,1526.759408931734,0.5518333333333333,High
C001659,2025-12-31,1756.1643184363234,0.6258333333333334,High
C001660,2025-12-31,6796.204266508915,0.9181666666666667,Strategic
C001661,2025-12-31,18.36642522054752,0.1295,Low
C001662,2025-12-31,1223.211428718019,0.4475,Developing
C001663,2025-12-31,11.06668728450119,0.06766666666666667,Low
C001664,2025-12-31,3426.876645265888,0.817,Strategic
C001665,2025-12-31,1720.2258053642627,0.6163333333333333,High
C001666,2025-12-31,1725.341533394897,0.6178333333333333,High
C001667,2025-12-31,792.0597288632185,0.3928333333333333,Developing
C001668,2025-12-31,2593.7694548695854,0.7571666666666667,Strategic
C001669,2025-12-31,4124.322864284436,0.8496666666666667,Strategic
C001670,2025-12-31,122.57020733253195,0.332,Developing
C001671,2025-12-31,198.15373120013365,0.3501666666666667,Developing
C001672,2025-12-31,8389.306901683804,0.958,Strategic
C001673,2025-12-31,19.82384502934155,0.14033333333333334,Low
C001674,2025-12-31,2248.7893174483615,0.7251666666666666,High
C001675,2025-12-31,2140.5318531301764,0.7113333333333334,High
C001676,2025-12-31,1370.5454584368808,0.495,Developing
C001677,2025-12-31,2180.379882416345,0.7155,High
C001678,2025-12-31,11.930501414912221,0.07683333333333334,Low
C001679,2025-12-31,8037.883925011499,0.9466666666666667,Strategic
C001680,2025-12-31,6390.431079528657,0.9081666666666667,Strategic
C001681,2025-12-31,0.0,0.0004166666666666667,Low
C001682,2025-12-31,1057.776118341705,0.41933333333333334,Developing
C001683,2025-12-31,31.1508375886929,0.19983333333333334,Low
C001684,2025-12-31,2404.7180882368016,0.7405,High
C001685,2025-12-31,28.074632044499598,0.18816666666666668,Low
C001686,2025-12-31,4412.289026739601,0.8628333333333333,Strategic
C001687,2025-12-31,4735.7733323225875,0.872,Strategic
C001688,2025-12-31,906.2873506375156,0.4031666666666667,Developing
C001689,2025-12-31,71.83623769258871,0.2881666666666667,Developing
C001690,2025-12-31,116.8604627561845,0.32866666666666666,Developing
C001691,2025-12-31,65.67100267698906,0.2786666666666667,Developing
C001692,2025-12-31,76.49540551590154,0.2931666666666667,Developing
C001693,2025-12-31,1779.2239070400587,0.6345,High
C001694,2025-12-31,1625.2886398481892,0.5851666666666666,High
C001695,2025-12-31,11.664557418710851,0.075,Low
C001696,2025-12-31,1822.5219587111362,0.65,High
C001697,2025-12-31,1221.0478216386584,0.44683333333333336,Developing
C001698,2025-12-31,1.8608090145523264,0.0033333333333333335,Low
C001699,2025-12-31,5.626655508767104,0.023833333333333335,Low
C001700,2025-12-31,43.09430550015606,0.23933333333333334,Low
C001701,2025-12-31,15.978994630793832,0.11333333333333333,Low
C001702,2025-12-31,133.68047621534987,0.33616666666666667,Developing
C001703,2025-12-31,29.499106206833385,0.19416666666666665,Low
C001704,2025-12-31,20.230001907509706,0.14333333333333334,Low
C001705,2025-12-31,1536.2469170332552,0.556,High
C001706,2025-12-31,36.33097193161028,0.21916666666666668,Low
C001707,2025-12-31,12.72644247260498,0.08583333333333333,Low
C001708,2025-12-31,2723.629641699233,0.7678333333333334,Strategic
C001709,2025-12-31,1103.3806276232638,0.42533333333333334,Developing
C001710,2025-12-31,9.892546194864567,0.05433333333333333,Low
C001711,2025-12-31,7.408032793009041,0.034,Low
C001712,2025-12-31,6937.715686140135,0.921,Strategic
C001713,2025-12-31,47.932754522056236,0.2485,Low
C001714,2025-12-31,20.927942022663547,0.14833333333333334,Low
C001715,2025-12-31,1544.6518563038394,0.5581666666666667,High
C001716,2025-12-31,70.71994758432152,0.2865,Developing
C001717,2025-12-31,1390.7226002623547,0.5023333333333333,High
C001718,2025-12-31,851.317942024764,0.3978333333333333,Developing
C001719,2025-12-31,26.543890433238868,0.18075,Low
C001720,2025-12-31,17.802948009745442,0.12533333333333332,Low
C001721,2025-12-31,122.46853577735284,0.3318333333333333,Developing
C001722,2025-12-31,2341.736844993492,0.7353333333333333,High
C001723,2025-12-31,1295.3299273962791,0.469,Developing
C001724,2025-12-31,62.650491638206454,0.2735,Developing
C001725,2025-12-31,24.679662090016752,0.16983333333333334,Low
C001726,2025-12-31,31.847441328025816,0.2025,Low
C001727,2025-12-31,4.600765515741057,0.0175,Low
C001728,2025-12-31,1478.7616525366238,0.5348333333333334,High
C001729,2025-12-31,6456.537279439186,0.9095,Strategic
C001730,2025-12-31,3341.591222067141,0.8126666666666666,Strategic
C001731,2025-12-31,29.377624866022977,0.19333333333333333,Low
C001732,2025-12-31,77.69011004215415,0.29483333333333334,Developing
C001733,2025-12-31,1317.986172008562,0.4761666666666667,Developing
C001734,2025-12-31,117.57110725576689,0.32916666666666666,Developing
C001735,2025-12-31,18.579429948575076,0.13166666666666665,Low
C001736,2025-12-31,66.5500725569172,0.2796666666666667,Developing
C001737,2025-12-31,12.690187226540937,0.08533333333333333,Low
C001738,2025-12-31,1950.1511287153655,0.6783333333333333,High
C001739,2025-12-31,10.546668253722457,0.0615,Low
C001740,2025-12-31,1799.9642653962555,0.6411666666666667,High
C001741,2025-12-31,3622.942281510029,0.8275,Strategic
C001742,2025-12-31,1718.304687167621,0.616,High
C001743,2025-12-31,20.14423680716675,0.14283333333333334,Low
C001744,2025-12-31,2183.055376844723,0.7161666666666666,High
C001745,2025-12-31,1760.9944222441418,0.627,High
C001746,2025-12-31,1113.5365577901175,0.42633333333333334,Developing
C001747,2025-12-31,1333.4570152086499,0.4826666666666667,Developing
C001748,2025-12-31,2343.2072839307907,0.7355,High
C001749,2025-12-31,18.022745369699358,0.12733333333333333,Low
C001750,2025-12-31,21.21846362950459,0.1505,Low
C001751,2025-12-31,1304.8382003334616,0.4718333333333333,Developing
C001752,2025-12-31,2569.7245246667635,0.7541666666666667,Strategic
C001753,2025-12-31,94.98166511981859,0.31066666666666665,Developing
C001754,2025-12-31,119.55382083923499,0.3303333333333333,Developing
C001755,2025-12-31,1561.8520601496894,0.5636666666666666,High
C001756,2025-12-31,1451.5480436755083,0.524,High
C001757,2025-12-31,39.74020727206239,0.22833333333333333,Low
C001758,2025-12-31,8.455043599076797,0.042833333333333334,Low
C001759,2025-12-31,1549.6557606266117,0.5593333333333333,High
C001760,2025-12-31,1905.8876982725253,0.6698333333333333,High
C001761,2025-12-31,159.79789416765158,0.3433333333333333,Developing
C001762,2025-12-31,197.2417966269262,0.34983333333333333,Developing
C001763,2025-12-31,3187.5300795016083,0.8026666666666666,Strategic
C001764,2025-12-31,2086.1762595340897,0.7053333333333334,High
C001765,2025-12-31,2388.840639639553,0.739,High
C001766,2025-12-31,1633.526069523678,0.5881666666666666,High
C001767,2025-12-31,1293.442157718569,0.4678333333333333,Developing
C001768,2025-12-31,16.144789061661392,0.115,Low
C001769,2025-12-31,5636.647213736419,0.8928333333333334,Strategic
C001770,2025-12-31,13.702239951957294,0.096,Low
C001771,2025-12-31,1881.12724829274,0.6658333333333334,High
C001772,2025-12-31,2264.32432146309,0.7268333333333333,High
C001773,2025-12-31,2733.851868528585,0.7683333333333333,Strategic
C001774,2025-12-31,2464.785682594008,0.7456666666666667,High
C001775,2025-12-31,1530.4694749228838,0.553,High
C001776,2025-12-31,10.074264450718973,0.056666666666666664,Low
C001777,2025-12-31,50.47867518253393,0.25316666666666665,Developing
C001778,2025-12-31,1.8599266045113119,0.0031666666666666666,Low
C001779,2025-12-31,1645.4906555457417,0.5928333333333333,High
C001780,2025-12-31,151.1532182409254,0.3408333333333333,Developing
C001781,2025-12-31,1264.5801067274247,0.4583333333333333,Developing
C001782,2025-12-31,116.17611712735182,0.3285,Developing
C001783,2025-12-31,712.6372757648309,0.388,Developing
C001784,2025-12-31,1484.9709807478355,0.5365,High
C001785,2025-12-31,24.387226061515907,0.16833333333333333,Low
C001786,2025-12-31,23.05228050153155,0.161,Low
C001787,2025-12-31,130.0019586021326,0.3348333333333333,Developing
C001788,2025-12-31,4319.899010477,0.8588333333333333,Strategic
C001789,2025-12-31,905.2096514519136,0.403,Developing
C001790,2025-12-31,6319.909909802756,0.9073333333333333,Strategic
C001791,2025-12-31,1366.0359416959766,0.49333333333333335,Developing
C001792,2025-12-31,20.101782396795322,0.1425,Low
C001793,2025-12-31,50.67729486955287,0.25383333333333336,Developing
C001794,2025-12-31,22.101624180998478,0.1555,Low
C001795,2025-12-31,6567.1316616234635,0.9118333333333334,Strategic
C001796,2025-12-31,55.251362024099926,0.26166666666666666,Developing
C001797,2025-12-31,34.57692665393798,0.21316666666666667,Low
C001798,2025-12-31,10.412896012793556,0.0595,Low
C001799,2025-12-31,1837.1008219362113,0.6546666666666666,High
C001800,2025-12-31,26.673518972882505,0.18133333333333335,Low
C001801,2025-12-31,65.22779703959554,0.278,Developing
C001802,2025-12-31,4384.6531215690975,0.862,Strategic
C001803,2025-12-31,1610.7111375422107,0.5795,High
C001804,2025-12-31,2950.259256743716,0.7868333333333334,Strategic
C001805,2025-12-31,1747.8371352208703,0.6235,High
C001806,2025-12-31,2603.2544907717984,0.758,Strategic
C001807,2025-12-31,1175.005393896345,0.43583333333333335,Developing
C001808,2025-12-31,1463.5422123383846,0.5291666666666667,High
C001809,2025-12-31,1800.1328431889765,0.6413333333333333,High
C001810,2025-12-31,1516.2824594140454,0.5475,High
C001811,2025-12-31,35.20700166171834,0.2155,Low
C001812,2025-12-31,29.522457006643037,0.1945,Low
C001813,2025-12-31,1776.8036675814155,0.6341666666666667,High
C001814,2025-12-31,1409.8109894457511,0.5083333333333333,High
C001815,2025-12-31,928.2465713127633,0.4063333333333333,Developing
C001816,2025-12-31,2151.373455251383,0.713,High
C001817,2025-12-31,16.052413876145863,0.11416666666666667,Low
C001818,2025-12-31,5224.893388078498,0.8831666666666667,Strategic
C001819,2025-12-31,903.4455798760707,0.4028333333333333,Developing
C001820,2025-12-31,13.592898022507764,0.09433333333333334,Low
C001821,2025-12-31,5051.598823582104,0.8791666666666667,Strategic
C001822,2025-12-31,6001.398693220603,0.9,Strategic
C001823,2025-12-31,1579.9473690161947,0.5705,High
C001824,2025-12-31,9000.902916864174,0.977,Strategic
C001825,2025-12-31,1879.969281290513,0.6648333333333334,High
C001826,2025-12-31,39.81785435813874,0.2285,Low
C001827,2025-12-31,1803.0389391496894,0.6423333333333333,High
C001828,2025-12-31,7457.8957599244495,0.9325,Strategic
C001829,2025-12-31,802.9876774228886,0.3933333333333333,Developing
C001830,2025-12-31,35.1273092379547,0.215,Low
C001831,2025-12-31,1247.9729422801581,0.4535,Developing
C001832,2025-12-31,8111.213192297198,0.9485,Strategic
C001833,2025-12-31,74.33947842718258,0.2906666666666667,Developing
C001834,2025-12-31,8.384667114227586,0.042166666666666665,Low
C001835,2025-12-31,133.5077832927808,0.3358333333333333,Developing
C001836,2025-12-31,5.370500018906553,0.022,Low
C001837,2025-12-31,7.2367388006682445,0.033,Low
C001838,2025-12-31,34.774079525693864,0.21383333333333332,Low
C001839,2025-12-31,8481.256060293308,0.9606666666666667,Strategic
C001840,2025-12-31,2403.6812693126744,0.74,High
C001841,2025-12-31,1028.0732224031956,0.416,Developing
C001842,2025-12-31,1966.2911304683703,0.6815,High
C001843,2025-12-31,519.713383788671,0.377,Developing
C001844,2025-12-31,6604.713842556948,0.913,Strategic
C001845,2025-12-31,3469.156250407536,0.8196666666666667,Strategic
C001846,2025-12-31,1553.2300988136099,0.5608333333333333,High
C001847,2025-12-31,11.524247070618802,0.07333333333333333,Low
C001848,2025-12-31,27.945573805593597,0.18766666666666668,Low
C001849,2025-12-31,23.218105422510796,0.1615,Low
C001850,2025-12-31,1803.5488705416885,0.6428333333333334,High
C001851,2025-12-31,25.596704953471185,0.1745,Low
C001852,2025-12-31,29.45077706135353,0.19366666666666665,Low
C001853,2025-12-31,1744.151159366637,0.6223333333333333,High
C001854,2025-12-31,6.20501252361746,0.025833333333333333,Low
C001855,2025-12-31,2.5844187539901418,0.004833333333333334,Low
C001856,2025-12-31,16.97680059749578,0.12116666666666667,Low
C001857,2025-12-31,12.367686791118725,0.08133333333333333,Low
C001858,2025-12-31,2591.736968558064,0.7566666666666667,Strategic
C001859,2025-12-31,5559.094401185663,0.891,Strategic
C001860,2025-12-31,8584.906819016467,0.9636666666666667,Strategic
C001861,2025-12-31,19.246822263503248,0.1365,Low
C001862,2025-12-31,4371.776915041313,0.8615,Strategic
C001863,2025-12-31,4173.507124286095,0.8521666666666666,Strategic
C001864,2025-12-31,10.083262230147666,0.05683333333333333,Low
C001865,2025-12-31,49.31108019561873,0.25016666666666665,Developing
C001866,2025-12-31,1612.1567712966485,0.58,High
C001867,2025-12-31,12.953725104141675,0.08866666666666667,Low
C001868,2025-12-31,63.35015260575617,0.2753333333333333,Developing
C001869,2025-12-31,3568.858185723431,0.825,Strategic
C001870,2025-12-31,9149.896011698558,0.9815,Strategic
C001871,2025-12-31,94.62644674752394,0.31,Developing
C001872,2025-12-31,54.48405613028034,0.25983333333333336,Developing
C001873,2025-12-31,4.356875388645276,0.015333333333333332,Low
C001874,2025-12-31,109.380792114208,0.32366666666666666,Developing
C001875,2025-12-31,1880.58663180324,0.6653333333333333,High
C001876,2025-12-31,1797.588978485657,0.6405,High
C001877,2025-12-31,4.064658514241119,0.012666666666666666,Low
C001878,2025-12-31,41.77755798393296,0.23516666666666666,Low
C001879,2025-12-31,1475.9071184141844,0.5338333333333334,High
C001880,2025-12-31,3286.123370463293,0.8103333333333333,Strategic
C001881,2025-12-31,1490.1169166035484,0.5386666666666666,High
C001882,2025-12-31,5348.423467143749,0.8861666666666667,Strategic
C001883,2025-12-31,9144.644984570512,0.9811666666666666,Strategic
C001884,2025-12-31,2207.0001267058956,0.7196666666666667,High
C001885,2025-12-31,11.64105710544477,0.07483333333333334,Low
C001886,2025-12-31,2516.697412034,0.7496666666666667,High
C001887,2025-12-31,2224.4969259572417,0.722,High
C001888,2025-12-31,1204.3421185573834,0.44166666666666665,Developing
C001889,2025-12-31,2498.625741098581,0.748,High
C001890,2025-12-31,1154.8359787773254,0.43183333333333335,Developing
C001891,2025-12-31,97.52967775659111,0.314,Developing
C001892,2025-12-31,7422.4467795102155,0.9313333333333333,Strategic
C001893,2025-12-31,1721.6365201691517,0.6166666666666667,High
C001894,2025-12-31,1413.3109505222008,0.5096666666666667,High
C001895,2025-12-31,547.2479700574165,0.379,Developing
C001896,2025-12-31,62.87207916156327,0.2738333333333333,Developing
C001897,2025-12-31,2139.08628085818,0.711,High
C001898,2025-12-31,1770.9939513043328,0.6313333333333333,High
C001899,2025-12-31,53.11660756538943,0.2575,Developing
C001900,2025-12-31,977.244217314332,0.41183333333333333,Developing
C001901,2025-12-31,3563.4800228070826,0.8243333333333334,Strategic
C001902,2025-12-31,9113.308914997298,0.9798333333333333,Strategic
C001903,2025-12-31,271.8100543471131,0.358,Developing
C001904,2025-12-31,1826.1684261010353,0.6511666666666667,High
C001905,2025-12-31,1681.2135145986113,0.6045,High
C001906,2025-12-31,779.3623101110746,0.3918333333333333,Developing
C001907,2025-12-31,1578.8751756808256,0.5703333333333334,High
C001908,2025-12-31,1054.3097615260117,0.41883333333333334,Developing
C001909,2025-12-31,20.84742387113426,0.14783333333333334,Low
C001910,2025-12-31,1730.0898702745342,0.6191666666666666,High
C001911,2025-12-31,1359.3712910119457,0.49166666666666664,Developing
C001912,2025-12-31,18.71403386926844,0.13283333333333333,Low
C001913,2025-12-31,4245.145842558845,0.8556666666666667,Strategic
C001914,2025-12-31,1420.1668165337592,0.5121666666666667,High
C001915,2025-12-31,1416.3429326488656,0.5106666666666667,High
C001916,2025-12-31,92.68917546126009,0.30783333333333335,Developing
C001917,2025-12-31,12.959602547278745,0.08883333333333333,Low
C001918,2025-12-31,106.26767955546174,0.3215,Developing
C001919,2025-12-31,8129.77745971346,0.9491666666666667,Strategic
C001920,2025-12-31,7777.620118109263,0.9388333333333333,Strategic
C001921,2025-12-31,28.831430909510743,0.191,Low
C001922,2025-12-31,367.22559884359487,0.36483333333333334,Developing
C001923,2025-12-31,9147.893466278112,0.9813333333333333,Strategic
C001924,2025-12-31,1715.4087952693121,0.6148333333333333,High
C001925,2025-12-31,1733.1839388436574,0.6201666666666666,High
C001926,2025-12-31,3726.4044920091637,0.8331666666666667,Strategic
C001927,2025-12-31,2049.769729116509,0.699,High
C001928,2025-12-31,359.7350146724472,0.364,Developing
C001929,2025-12-31,2985.720583907861,0.7901666666666667,Strategic
C001930,2025-12-31,4189.886132536105,0.8528333333333333,Strategic
C001931,2025-12-31,16.63550203525724,0.11833333333333333,Low
C001932,2025-12-31,51.87292091191404,0.256,Developing
C001933,2025-12-31,1056.805049398913,0.4191666666666667,Developing
C001934,2025-12-31,31.9719178103627,0.2035,Low
C001935,2025-12-31,1783.1431365724898,0.6353333333333333,High
C001936,2025-12-31,9372.815075483815,0.9881666666666666,Strategic
C001937,2025-12-31,1464.5233901090376,0.5295,High
C001938,2025-12-31,1791.7748914402912,0.6385,High
C001939,2025-12-31,1225.9189934652961,0.4483333333333333,Developing
C001940,2025-12-31,1086.497839295141,0.4231666666666667,Developing
C001941,2025-12-31,16.18728940059086,0.11533333333333333,Low
C001942,2025-12-31,2189.6218978320803,0.717,High
C001943,2025-12-31,14.083006917377016,0.09833333333333333,Low
C001944,2025-12-31,4.327833758624745,0.015,Low
C001945,2025-12-31,24.466037366955234,0.16883333333333334,Low
C001946,2025-12-31,1142.0710804645446,0.43016666666666664,Developing
C001947,2025-12-31,1276.8981524860656,0.462,Developing
C001948,2025-12-31,7.5727050531052775,0.034666666666666665,Low
C001949,2025-12-31,3310.175839254711,0.811,Strategic
C001950,2025-12-31,34.616586298276914,0.21333333333333335,Low
C001951,2025-12-31,63.131061922868135,0.2748333333333333,Developing
C001952,2025-12-31,1229.2811475460912,0.4488333333333333,Developing
C001953,2025-12-31,9269.834681686798,0.9851666666666666,Strategic
C001954,2025-12-31,4893.5582665464435,0.8753333333333333,Strategic
C001955,2025-12-31,9058.970143585837,0.979,Strategic
C001956,2025-12-31,2139.9871055269523,0.7111666666666666,High
C001957,2025-12-31,61.82841701202811,0.27166666666666667,Developing
C001958,2025-12-31,6535.865629351736,0.911,Strategic
C001959,2025-12-31,1585.5985595704483,0.572,High
C001960,2025-12-31,39.346465645996766,0.227,Low
C001961,2025-12-31,2723.306938865152,0.7676666666666667,Strategic
C001962,2025-12-31,2101.129469680577,0.707,High
C001963,2025-12-31,335.8169592967659,0.3621666666666667,Developing
C001964,2025-12-31,2.0122122315189523,0.0035,Low
C001965,2025-12-31,1656.0126630552027,0.5968333333333333,High
C001966,2025-12-31,1500.3754385249742,0.5413333333333333,High
C001967,2025-12-31,60.920421971055205,0.271,Developing
C001968,2025-12-31,1514.2796555659859,0.5468333333333333,High
C001969,2025-12-31,1186.0079135235255,0.43816666666666665,Developing
C001970,2025-12-31,5940.790276777323,0.8981666666666667,Strategic
C001971,2025-12-31,27.977680869226788,0.18783333333333332,Low
C001972,2025-12-31,77.53122030245468,0.29433333333333334,Developing
C001973,2025-12-31,18.482577193136034,0.1305,Low
C001974,2025-12-31,2.256778141453663,0.003833333333333333,Low
C001975,2025-12-31,9353.453951902722,0.9876666666666667,Strategic
C001976,2025-12-31,8.902761676568668,0.04566666666666667,Low
C001977,2025-12-31,46.068719611097286,0.24483333333333332,Low
C001978,2025-12-31,1237.1784282922204,0.4508333333333333,Developing
C001979,2025-12-31,107.61849405187499,0.32233333333333336,Developing
C001980,2025-12-31,1962.9339619325333,0.6806666666666666,High
C001981,2025-12-31,14.322440421710935,0.10016666666666667,Low
C001982,2025-12-31,1457.5202588456996,0.5275,High
C001983,2025-12-31,8.073630132716845,0.04,Low
C001984,2025-12-31,1322.0683249720323,0.47733333333333333,Developing
C001985,2025-12-31,7520.333603223343,0.9335,Strategic
C001986,2025-12-31,450.3484979415931,0.37216666666666665,Developing
C001987,2025-12-31,1614.1017542252346,0.5801666666666667,High
C001988,2025-12-31,8838.907237820233,0.9711666666666666,Strategic
C001989,2025-12-31,3.9203152716410377,0.011666666666666667,Low
C001990,2025-12-31,124.32241064703597,0.3328333333333333,Developing
C001991,2025-12-31,6.749762940194492,0.029166666666666667,Low
C001992,2025-12-31,1338.0680950791796,0.4836666666666667,Developing
C001993,2025-12-31,462.01216881528586,0.37316666666666665,Developing
C001994,2025-12-31,2436.307344561239,0.7433333333333333,High
C001995,2025-12-31,2823.1215379582104,0.7771666666666667,Strategic
C001996,2025-12-31,2162.4179255114705,0.7136666666666667,High
C001997,2025-12-31,1382.926605474727,0.49883333333333335,Developing
C001998,2025-12-31,8130.26749019597,0.9493333333333334,Strategic
C001999,2025-12-31,7209.768919015966,0.9273333333333333,Strategic
C002000,2025-12-31,34.0397022157447,0.21033333333333334,Low
C002001,2025-12-31,47.18247489503459,0.24716666666666667,Low
C002002,2025-12-31,1562.7688831455214,0.5641666666666667,High
C002003,2025-12-31,2065.994581945993,0.701,High
C002004,2025-12-31,3050.863226721483,0.7946666666666666,Strategic
C002005,2025-12-31,1969.714895570813,0.6826666666666666,High
C002006,2025-12-31,2348.7755241584036,0.7365,High
C002007,2025-12-31,65.49429674746267,0.2783333333333333,Developing
C002008,2025-12-31,908.4802622409773,0.4035,Developing
C002009,2025-12-31,1081.5442996220872,0.42233333333333334,Developing
C002010,2025-12-31,18.21805629393234,0.1285,Low
C002011,2025-12-31,3107.532933612692,0.7986666666666666,Strategic
C002012,2025-12-31,1496.859368592092,0.5403333333333333,High
C002013,2025-12-31,9256.02990590351,0.9848333333333333,Strategic
C002014,2025-12-31,1706.2841942470113,0.6125,High
C002015,2025-12-31,13.042660814621065,0.09,Low
C002016,2025-12-31,1125.4132297485244,0.4285,Developing
C002017,2025-12-31,1859.3903257490865,0.6605,High
C002018,2025-12-31,2148.9580633671167,0.7126666666666667,High
C002019,2025-12-31,14.199491492894992,0.0995,Low
C002020,2025-12-31,3572.9668630536858,0.8253333333333334,Strategic
C002021,2025-12-31,740.6495982089214,0.39,Developing
C002022,2025-12-31,17.286413140327532,0.12233333333333334,Low
C002023,2025-12-31,73.85284212651786,0.2901666666666667,Developing
C002024,2025-12-31,680.9151396942657,0.38616666666666666,Developing
C002025,2025-12-31,2.64608519653431,0.005666666666666667,Low
C002026,2025-12-31,1407.542589680075,0.5075,High
C002027,2025-12-31,1812.0865994740182,0.6465,High
C002028,2025-12-31,10296.016679166047,0.9991666666666666,Strategic
C002029,2025-12-31,1373.294396583922,0.49583333333333335,Developing
C002030,2025-12-31,1393.0356656013255,0.5036666666666667,High
C002031,2025-12-31,1444.7198598015468,0.5218333333333334,High
C002032,2025-12-31,2511.524737724292,0.7493333333333333,High
C002033,2025-12-31,2008.6202377067327,0.6921666666666667,High
C002034,2025-12-31,3008.386670838707,0.7921666666666667,Strategic
C002035,2025-12-31,35.87959746263769,0.21766666666666667,Low
C002036,2025-12-31,4261.206712248708,0.8561666666666666,Strategic
C002037,2025-12-31,1295.5929216091208,0.4691666666666667,Developing
C002038,2025-12-31,1434.3131612149334,0.5188333333333334,High
C002039,2025-12-31,89.59174989723246,0.3055,Developing
C002040,2025-12-31,1785.412040074714,0.637,High
C002041,2025-12-31,2311.4720522000925,0.7333333333333333,High
C002042,2025-12-31,1556.3496567230075,0.562,High
C002043,2025-12-31,1552.076660727788,0.5603333333333333,High
C002044,2025-12-31,6663.391736127948,0.9146666666666666,Strategic
C002045,2025-12-31,9473.688999327062,0.9901666666666666,Strategic
C002046,2025-12-31,17.683274104838723,0.12416666666666666,Low
C002047,2025-12-31,1987.4064803363951,0.6863333333333334,High
C002048,2025-12-31,10.931535758738766,0.06666666666666667,Low
C002049,2025-12-31,52.25620229852499,0.2565,Developing
C002050,2025-12-31,1830.1866597923085,0.6531666666666667,High
C002051,2025-12-31,7.156770060169418,0.03216666666666667,Low
C002052,2025-12-31,453.15067282675346,0.37266666666666665,Developing
C002053,2025-12-31,29.10820536336405,0.19233333333333333,Low
C002054,2025-12-31,1297.1013543929216,0.4696666666666667,Developing
C002055,2025-12-31,2859.9812635061276,0.7816666666666666,Strategic
C002056,2025-12-31,2346.665802011002,0.7361666666666666,High
C002057,2025-12-31,21.35227054227691,0.15116666666666667,Low
C002058,2025-12-31,7403.674829450324,0.9306666666666666,Strategic
C002059,2025-12-31,71.76931011144262,0.28783333333333333,Developing
C002060,2025-12-31,1705.6056980286971,0.612,High
C002061,2025-12-31,1698.3652023941208,0.61,High
C002062,2025-12-31,14.35444327818753,0.10083333333333333,Low
C002063,2025-12-31,15.179814980787233,0.10633333333333334,Low
C002064,2025-12-31,2952.2523354876453,0.7873333333333333,Strategic
C002065,2025-12-31,4117.11825880163,0.8493333333333334,Strategic
C002066,2025-12-31,1481.2586317234734,0.5353333333333333,High
C002067,2025-12-31,22.53492034301081,0.1575,Low
C002068,2025-12-31,12.263478386340033,0.08033333333333334,Low
C002069,2025-12-31,1861.8421173506795,0.6608333333333334,High
C002070,2025-12-31,12.2010286396027,0.07966666666666666,Low
C002071,2025-12-31,2705.6460719493048,0.7666666666666667,Strategic
C002072,2025-12-31,11.272519181827995,0.071,Low
C002073,2025-12-31,1639.8559047062818,0.59,High
C002074,2025-12-31,4901.3327272382285,0.8756666666666667,Strategic
C002075,2025-12-31,8424.697868807278,0.9595,Strategic
C002076,2025-12-31,2387.811417727089,0.7388333333333333,High
C002077,2025-12-31,29.622608570058098,0.19533333333333333,Low
C002078,2025-12-31,99.79414339806938,0.3165,Developing
C002079,2025-12-31,97.46638317780467,0.31383333333333335,Developing
C002080,2025-12-31,1932.8424466034537,0.6751666666666667,High
C002081,2025-12-31,1646.583179378879,0.593,High
C002082,2025-12-31,10.84344336210506,0.06566666666666666,Low
C002083,2025-12-31,1583.2670095486535,0.5716666666666667,High
C002084,2025-12-31,10389.140809964221,0.9993333333333333,Strategic
C002085,2025-12-31,24.197850351894648,0.16716666666666666,Low
C002086,2025-12-31,4416.104786197299,0.8631666666666666,Strategic
C002087,2025-12-31,26.82467617594759,0.18233333333333332,Low
C002088,2025-12-31,1640.2566162561463,0.5903333333333334,High
C002089,2025-12-31,20.864299631224476,0.148,Low
C002090,2025-12-31,7.157797889420506,0.03233333333333333,Low
C002091,2025-12-31,4.918376382454565,0.019166666666666665,Low
C002092,2025-12-31,3009.5644295144552,0.7923333333333333,Strategic
C002093,2025-12-31,111.63365717548102,0.32566666666666666,Developing
C002094,2025-12-31,7415.220267133145,0.931,Strategic
C002095,2025-12-31,22.785732660302894,0.159,Low
C002096,2025-12-31,3224.0791681857827,0.805,Strategic
C002097,2025-12-31,208.67416821650684,0.35183333333333333,Developing
C002098,2025-12-31,1216.5036484570248,0.44516666666666665,Developing
C002099,2025-12-31,1121.5583764102132,0.4275,Developing
C002100,2025-12-31,18.520624913217432,0.131,Low
C002101,2025-12-31,1587.1116169089933,0.5726666666666667,High
C002102,2025-12-31,1629.2121358589234,0.586,High
C002103,2025-12-31,26.453207141609102,0.17966666666666667,Low
C002104,2025-12-31,2148.2722468590887,0.7125,High
C002105,2025-12-31,4797.599883845684,0.8738333333333334,Strategic
C002106,2025-12-31,6772.403075248615,0.9175,Strategic
C002107,2025-12-31,30.04324123686088,0.19783333333333333,Low
C002108,2025-12-31,4031.868217473387,0.847,Strategic
C002109,2025-12-31,33.62434205711575,0.20916666666666667,Low
C002110,2025-12-31,85.19111658726973,0.30266666666666664,Developing
C002111,2025-12-31,1541.3994966867742,0.5573333333333333,High
C002112,2025-12-31,1552.025547576126,0.5601666666666667,High
C002113,2025-12-31,24.06672326621054,0.16633333333333333,Low
C002114,2025-12-31,3681.9976657736756,0.8311666666666667,Strategic
C002115,2025-12-31,35.829925358398214,0.21716666666666667,Low
C002116,2025-12-31,70.4345004627489,0.286,Developing
C002117,2025-12-31,1617.8458406918046,0.5825,High
C002118,2025-12-31,2592.026273892521,0.7568333333333334,Strategic
C002119,2025-12-31,5382.9213004161165,0.8868333333333334,Strategic
C002120,2025-12-31,2773.5137953381395,0.772,Strategic
C002121,2025-12-31,7059.188887624626,0.9235,Strategic
C002122,2025-12-31,17.111412387570493,0.12166666666666667,Low
C002123,2025-12-31,1954.9426835971349,0.6795,High
C002124,2025-12-31,1381.9458932012924,0.49866666666666665,Developing
C002125,2025-12-31,1333.6905028850038,0.48283333333333334,Developing
C002126,2025-12-31,2581.6080688371458,0.7551666666666667,Strategic
C002127,2025-12-31,3567.6039772435347,0.8248333333333333,Strategic
C002128,2025-12-31,1377.2628761958724,0.49633333333333335,Developing
C002129,2025-12-31,1197.2648773282492,0.44033333333333335,Developing
C002130,2025-12-31,1326.6624215870957,0.4805,Developing
C002131,2025-12-31,1418.8111164514376,0.5113333333333333,High
C002132,2025-12-31,52.832158636860775,0.257,Developing
C002133,2025-12-31,12.31459115791909,0.08083333333333333,Low
C002134,2025-12-31,33.46734117377729,0.20883333333333334,Low
C002135,2025-12-31,1221.7620232118352,0.447,Developing
C002136,2025-12-31,986.1639899714098,0.4126666666666667,Developing
C002137,2025-12-31,102.80130419880767,0.31833333333333336,Developing
C002138,2025-12-31,27.158622072973095,0.18366666666666667,Low
C002139,2025-12-31,14.51728487438867,0.10183333333333333,Low
C002140,2025-12-31,33.9141833750315,0.21,Low
C002141,2025-12-31,1250.5505053508837,0.454,Developing
C002142,2025-12-31,2838.5938343469675,0.7791666666666667,Strategic
C002143,2025-12-31,434.42433189187494,0.3715,Developing
C002144,2025-12-31,1632.0159012510646,0.5873333333333334,High
C002145,2025-12-31,2603.922165548379,0.7581666666666667,Strategic
C002146,2025-12-31,942.8350300619846,0.4078333333333333,Developing
C002147,2025-12-31,1457.0605574543804,0.5266666666666666,High
C002148,2025-12-31,10203.613855675054,0.9988333333333334,Strategic
C002149,2025-12-31,473.27068673091105,0.3735,Developing
C002150,2025-12-31,2912.617647604729,0.7843333333333333,Strategic
C002151,2025-12-31,406.17004726166306,0.3695,Developing
C002152,2025-12-31,1504.9080996471655,0.543,High
C002153,2025-12-31,6574.529582802855,0.9121666666666667,Strategic
C002154,2025-12-31,1553.8408607089348,0.5611666666666667,High
C002155,2025-12-31,31.968216505317077,0.20316666666666666,Low
C002156,2025-12-31,1996.193460068014,0.689,High
C002157,2025-12-31,19.981495492361816,0.1415,Low
C002158,2025-12-31,2425.6031877645537,0.7425,High
C002159,2025-12-31,8926.995285451347,0.974,Strategic
C002160,2025-12-31,5.035463895072265,0.02,Low
C002161,2025-12-31,4648.6480688295305,0.8688333333333333,Strategic
C002162,2025-12-31,4753.498881342999,0.8728333333333333,Strategic
C002163,2025-12-31,2332.705041945943,0.7348333333333333,High
C002164,2025-12-31,285.2217699089824,0.359,Developing
C002165,2025-12-31,1194.0690818442547,0.43966666666666665,Developing
C002166,2025-12-31,12.940762666699603,0.08833333333333333,Low
C002167,2025-12-31,8387.850741617503,0.9578333333333333,Strategic
C002168,2025-12-31,38.22356478163555,0.22433333333333333,Low
C002169,2025-12-31,1924.0807364053978,0.6728333333333333,High
C002170,2025-12-31,31.99781233338844,0.20366666666666666,Low
C002171,2025-12-31,1379.5772713976814,0.49733333333333335,Developing
C002172,2025-12-31,1533.6890696888904,0.5548333333333333,High
C002173,2025-12-31,1614.193784524387,0.5806666666666667,High
C002174,2025-12-31,16.722835627160872,0.119,Low
C002175,2025-12-31,7078.583793206835,0.9236666666666666,Strategic
C002176,2025-12-31,3268.0947124463023,0.8078333333333333,Strategic
C002177,2025-12-31,34.325425542308,0.21183333333333335,Low
C002178,2025-12-31,951.1778779501867,0.4086666666666667,Developing
C002179,2025-12-31,1849.0954936495596,0.6573333333333333,High
C002180,2025-12-31,1693.9938372275465,0.609,High
C002181,2025-12-31,1270.183724393956,0.46016666666666667,Developing
C002182,2025-12-31,31.92894487590468,0.20283333333333334,Low
C002183,2025-12-31,1530.0596707585732,0.5528333333333333,High
C002184,2025-12-31,34.932155215348644,0.21483333333333332,Low
C002185,2025-12-31,1992.8080174337058,0.6881666666666667,High
C002186,2025-12-31,8776.700920843989,0.9693333333333334,Strategic
C002187,2025-12-31,3048.36973747125,0.7943333333333333,Strategic
C002188,2025-12-31,2831.0004492434155,0.7785,Strategic
C002189,2025-12-31,44.91626604734136,0.24166666666666667,Low
C002190,2025-12-31,1366.3051040811808,0.4935,Developing
C002191,2025-12-31,1177.9230711835075,0.43683333333333335,Developing
C002192,2025-12-31,2951.2398211446007,0.7871666666666667,Strategic
C002193,2025-12-31,75.3043470434879,0.2916666666666667,Developing
C002194,2025-12-31,46.12546791438443,0.245,Low
C002195,2025-12-31,8991.523968849011,0.9766666666666667,Strategic
C002196,2025-12-31,8461.997686484734,0.9601666666666666,Strategic
C002197,2025-12-31,12.616960386996162,0.0845,Low
C002198,2025-12-31,11.872112332692863,0.076,Low
C002199,2025-12-31,4.835985950527517,0.018666666666666668,Low
C002200,2025-12-31,1670.8414931810157,0.6013333333333334,High
C002201,2025-12-31,9885.94749357909,0.9968333333333333,Strategic
C002202,2025-12-31,12.437739052176887,0.08216666666666667,Low
C002203,2025-12-31,25.168441802239776,0.17183333333333334,Low
C002204,2025-12-31,56.81614321509343,0.26466666666666666,Developing
C002205,2025-12-31,7323.934796046072,0.9288333333333333,Strategic
C002206,2025-12-31,3647.4551558273533,0.8288333333333333,Strategic
C002207,2025-12-31,1542.669631303506,0.5578333333333333,High
C002208,2025-12-31,1939.1356908067212,0.677,High
C002209,2025-12-31,3252.9329275476816,0.807,Strategic
C002210,2025-12-31,1484.915780926063,0.5363333333333333,High
C002211,2025-12-31,1581.8998467917716,0.5708333333333333,High
C002212,2025-12-31,1865.6662775480827,0.662,High
C002213,2025-12-31,8057.580870206295,0.9473333333333334,Strategic
C002214,2025-12-31,3653.5531639899377,0.8291666666666667,Strategic
C002215,2025-12-31,1251.749136160946,0.4543333333333333,Developing
C002216,2025-12-31,7088.330714229649,0.9238333333333333,Strategic
C002217,2025-12-31,1460.1255328548898,0.5278333333333334,High
C002218,2025-12-31,1501.0212305950806,0.5415,High
C002219,2025-12-31,21.119075961027235,0.14966666666666667,Low
C002220,2025-12-31,5678.060387908569,0.8933333333333333,Strategic
C002221,2025-12-31,7822.3284518299815,0.94,Strategic
C002222,2025-12-31,5818.189271802074,0.8963333333333333,Strategic
C002223,2025-12-31,1323.7801903158654,0.47833333333333333,Developing
C002224,2025-12-31,1390.9109368829993,0.5025,High
C002225,2025-12-31,1349.1692983712096,0.4876666666666667,Developing
C002226,2025-12-31,980.4946707701499,0.4121666666666667,Developing
C002227,2025-12-31,9.074798038824726,0.04733333333333333,Low
C002228,2025-12-31,5693.609104999873,0.8938333333333334,Strategic
C002229,2025-12-31,1835.1010400477765,0.6541666666666667,High
C002230,2025-12-31,7901.10949000936,0.9416666666666667,Strategic
C002231,2025-12-31,21.336027461543413,0.151,Low
C002232,2025-12-31,2423.086711642161,0.7423333333333333,High
C002233,2025-12-31,8.091972433232716,0.04016666666666667,Low
C002234,2025-12-31,2538.790280036411,0.751,Strategic
C002235,2025-12-31,1921.549502090625,0.6725,High
C002236,2025-12-31,14.85355621780598,0.10383333333333333,Low
C002237,2025-12-31,1295.7868599142741,0.4693333333333333,Developing
C002238,2025-12-31,1038.9891897456332,0.4165,Developing
C002239,2025-12-31,4446.73074879764,0.8641666666666666,Strategic
C002240,2025-12-31,1875.8241486530073,0.6646666666666666,High
C002241,2025-12-31,1476.5273182364924,0.5341666666666667,High
C002242,2025-12-31,191.17419748991585,0.349,Developing
C002243,2025-12-31,6853.885469913636,0.9198333333333333,Strategic
C002244,2025-12-31,8766.205243097858,0.9691666666666666,Strategic
C002245,2025-12-31,4.210626868710354,0.014,Low
C002246,2025-12-31,1716.9875290507264,0.6153333333333333,High
C002247,2025-12-31,15.98933520431719,0.11366666666666667,Low
C002248,2025-12-31,41.24065514772298,0.2335,Low
C002249,2025-12-31,2579.393340549682,0.7548333333333334,Strategic
C002250,2025-12-31,27.88443895356877,0.1875,Low
C002251,2025-12-31,161.85965228611443,0.3438333333333333,Developing
C002252,2025-12-31,1977.2687551412503,0.6843333333333333,High
C002253,2025-12-31,16.544485765687405,0.11733333333333333,Low
C002254,2025-12-31,3883.4386905056845,0.8411666666666666,Strategic
C002255,2025-12-31,7379.509000894451,0.93,Strategic
C002256,2025-12-31,14.982018967445224,0.1055,Low
C002257,2025-12-31,2205.4954736063473,0.719,High
C002258,2025-12-31,1234.138480278538,0.4498333333333333,Developing
C002259,2025-12-31,1475.932011465657,0.534,High
C002260,2025-12-31,14.653761943851077,0.1025,Low
C002261,2025-12-31,9.359948247973758,0.05,Low
C002262,2025-12-31,57.68010646426354,0.26675,Developing
C002263,2025-12-31,6505.8604396375895,0.9103333333333333,Strategic
C002264,2025-12-31,4927.204647163234,0.8761666666666666,Strategic
C002265,2025-12-31,1343.3345512645462,0.4855,Developing
C002266,2025-12-31,1227.1611981411795,0.4485,Developing
C002267,2025-12-31,2133.642798748765,0.7105,High
C002268,2025-12-31,12.721587034113558,0.0855,Low
C002269,2025-12-31,1.4303379760260755,0.0018333333333333333,Low
C002270,2025-12-31,19.735006982527086,0.14,Low
C002271,2025-12-31,2586.497002418869,0.7556666666666667,Strategic
C002272,2025-12-31,1750.8137086628751,0.6245,High
C002273,2025-12-31,4.189725635672728,0.0135,Low
C002274,2025-12-31,78.5719970793481,0.29583333333333334,Developing
C002275,2025-12-31,2617.723448580734,0.7591666666666667,Strategic
C002276,2025-12-31,17.79322625321369,0.12516666666666668,Low
C002277,2025-12-31,4971.045838906394,0.8766666666666667,Strategic
C002278,2025-12-31,70.3059671994803,0.28583333333333333,Developing
C002279,2025-12-31,4297.183092006003,0.8583333333333333,Strategic
C002280,2025-12-31,24.55432869704499,0.1695,Low
C002281,2025-12-31,3279.6992011017287,0.8096666666666666,Strategic
C002282,2025-12-31,86.83275008083086,0.30416666666666664,Developing
C002283,2025-12-31,1640.6492256088225,0.5905,High
C002284,2025-12-31,2112.7362124589927,0.708,High
C002285,2025-12-31,1253.4888583044801,0.45466666666666666,Developing
C002286,2025-12-31,1528.1809548329804,0.5521666666666667,High
C002287,2025-12-31,2348.2778504827124,0.7363333333333333,High
C002288,2025-12-31,1480.3549022617094,0.5351666666666667,High
C002289,2025-12-31,1664.6181600575312,0.5986666666666667,High
C002290,2025-12-31,1714.172845271035,0.6145,High
C002291,2025-12-31,49.42796972955437,0.2505,Developing
C002292,2025-12-31,1472.6891557815284,0.5331666666666667,High
C002293,2025-12-31,10.348424171554448,0.058666666666666666,Low
C002294,2025-12-31,1251.7647922170188,0.4545,Developing
C002295,2025-12-31,1692.8627353434051,0.6085,High
C002296,2025-12-31,1316.010920925924,0.475,Developing
C002297,2025-12-31,1669.60241559119,0.6008333333333333,High
C002298,2025-12-31,5.119937158688387,0.020666666666666667,Low
C002299,2025-12-31,3671.2156895635912,0.8306666666666667,Strategic
C002300,2025-12-31,48.71202601513145,0.2495,Low
C002301,2025-12-31,3023.834411993352,0.7935,Strategic
C002302,2025-12-31,8604.817689184869,0.9648333333333333,Strategic
C002303,2025-12-31,10.694648900003353,0.063,Low
C002304,2025-12-31,92.04821748978078,0.30733333333333335,Developing
C002305,2025-12-31,2591.5952755906965,0.7565,Strategic
C002306,2025-12-31,3279.386099609315,0.8095,Strategic
C002307,2025-12-31,1824.8212033282834,0.6508333333333334,High
C002308,2025-12-31,1831.2220501487557,0.6536666666666666,High
C002309,2025-12-31,1617.1444912476522,0.582,High
C002310,2025-12-31,47.59159599299013,0.248,Low
C002311,2025-12-31,5372.9132663983755,0.8865,Strategic
C002312,2025-12-31,3971.7096309111275,0.845,Strategic
C002313,2025-12-31,8.344038131593768,0.041666666666666664,Low
C002314,2025-12-31,1427.6366436694525,0.5161666666666667,High
C002315,2025-12-31,1805.7593895321324,0.6438333333333334,High
C002316,2025-12-31,13.464247017824123,0.09366666666666666,Low
C002317,2025-12-31,1993.6572931011528,0.6883333333333334,High
C002318,2025-12-31,120.29969847011643,0.331,Developing
C002319,2025-12-31,2174.2478312432927,0.7148333333333333,High
C002320,2025-12-31,9.28880049082254,0.049666666666666665,Low
C002321,2025-12-31,1271.8866936479103,0.46066666666666667,Developing
C002322,2025-12-31,8292.486651610985,0.955,Strategic
C002323,2025-12-31,1469.9536455454,0.532,High
C002324,2025-12-31,4162.612687583199,0.8518333333333333,Strategic
C002325,2025-12-31,1110.4184265587835,0.42583333333333334,Developing
C002326,2025-12-31,2197.158674973788,0.7181666666666666,High
C002327,2025-12-31,3983.1655330661874,0.8455,Strategic
C002328,2025-12-31,20.802419128688634,0.14766666666666667,Low
C002329,2025-12-31,4716.492840036773,0.8711666666666666,Strategic
C002330,2025-12-31,3368.070051218485,0.8145,Strategic
C002331,2025-12-31,14.264782913011297,0.1,Low
C002332,2025-12-31,1341.923978322273,0.485,Developing
C002333,2025-12-31,1370.9099458843207,0.49516666666666664,Developing
C002334,2025-12-31,3064.617216472373,0.7961666666666667,Strategic
C002335,2025-12-31,1776.4499823901729,0.6335,High
C002336,2025-12-31,1971.0443535048603,0.683,High
C002337,2025-12-31,6635.899160574994,0.9145,Strategic
C002338,2025-12-31,7.216554866267165,0.03266666666666666,Low
C002339,2025-12-31,2659.4767709403577,0.762,Strategic
C002340,2025-12-31,5296.194476694798,0.8843333333333333,Strategic
C002341,2025-12-31,92.57940226261125,0.30766666666666664,Developing
C002342,2025-12-31,7146.369070698093,0.9255,Strategic
C002343,2025-12-31,9598.439572661231,0.9926666666666667,Strategic
C002344,2025-12-31,1139.364710230567,0.42966666666666664,Developing
C002345,2025-12-31,1267.904387913114,0.4595,Developing
C002346,2025-12-31,3486.7057983502687,0.8203333333333334,Strategic
C002347,2025-12-31,3142.4115787903957,0.8005,Strategic
C002348,2025-12-31,2048.851620532963,0.6988333333333333,High
C002349,2025-12-31,2.8675735503190083,0.0065,Low
C002350,2025-12-31,1342.5034604666885,0.48533333333333334,Developing
C002351,2025-12-31,4.374476089289632,0.0155,Low
C002352,2025-12-31,1619.5483244234063,0.5833333333333334,High
C002353,2025-12-31,1288.7161399419508,0.4663333333333333,Developing
C002354,2025-12-31,27.160242020529633,0.18383333333333332,Low
C002355,2025-12-31,5.758216615634761,0.024166666666666666,Low
C002356,2025-12-31,1642.2615255208013,0.5911666666666666,High
C002357,2025-12-31,52.17568312211363,0.25633333333333336,Developing
C002358,2025-12-31,32.92422141606528,0.20733333333333334,Low
C002359,2025-12-31,1421.3910507959808,0.513,High
C002360,2025-12-31,2082.8261903518064,0.7046666666666667,High
C002361,2025-12-31,1355.0381036865615,0.48983333333333334,Developing
C002362,2025-12-31,1452.211458150092,0.5241666666666667,High
C002363,2025-12-31,7.415573868436311,0.034166666666666665,Low
C002364,2025-12-31,1767.89341075987,0.6296666666666667,High
C002365,2025-12-31,14.736362432745446,0.10316666666666667,Low
C002366,2025-12-31,5973.428426201144,0.899,Strategic
C002367,2025-12-31,2237.5785377891166,0.7241666666666666,High
C002368,2025-12-31,3695.4348033218134,0.8318333333333333,Strategic
C002369,2025-12-31,1761.1028213633604,0.6271666666666667,High
C002370,2025-12-31,4473.5369414903025,0.8648333333333333,Strategic
C002371,2025-12-31,6.712443743787673,0.028666666666666667,Low
C002372,2025-12-31,2219.4023228074457,0.7216666666666667,High
C002373,2025-12-31,1814.6351947869214,0.6478333333333334,High
C002374,2025-12-31,2322.0383839107003,0.734,High
C002375,2025-12-31,34.54596687261893,0.21283333333333335,Low
C002376,2025-12-31,1508.9173533855053,0.5446666666666666,High
C002377,2025-12-31,639.3123573119394,0.384,Developing
C002378,2025-12-31,37.929708653785006,0.223,Low
C002379,2025-12-31,364.76188286064263,0.3645,Developing
C002380,2025-12-31,35.33541668427563,0.21566666666666667,Low
C002381,2025-12-31,55.177477700832696,0.2615,Developing
C002382,2025-12-31,1559.6415085019455,0.5626666666666666,High
C002383,2025-12-31,2695.2653086294063,0.7653333333333333,Strategic
C002384,2025-12-31,1274.9266426005013,0.4615,Developing
C002385,2025-12-31,13.2294541218041,0.09183333333333334,Low
C002386,2025-12-31,38.02825792693966,0.22316666666666668,Low
C002387,2025-12-31,2672.2812213150874,0.7631666666666667,Strategic
C002388,2025-12-31,2146.13171709082,0.7123333333333334,High
C002389,2025-12-31,22.765777919786462,0.15883333333333333,Low
C002390,2025-12-31,3136.3265267284983,0.7998333333333333,Strategic
C002391,2025-12-31,6843.393538470937,0.9195,Strategic
C002392,2025-12-31,16.035394395374684,0.114,Low
C002393,2025-12-31,5.38860835454136,0.0225,Low
C002394,2025-12-31,3.534004373792428,0.009666666666666667,Low
C002395,2025-12-31,1069.2852295700013,0.42033333333333334,Developing
C002396,2025-12-31,1288.2830842525939,0.466,Developing
C002397,2025-12-31,38.13446670129994,0.22383333333333333,Low
C002398,2025-12-31,1977.9696296600457,0.6846666666666666,High
C002399,2025-12-31,5.1847762499651875,0.021333333333333333,Low
C002400,2025-12-31,3.938408757092842,0.012,Low
C002401,2025-12-31,1560.341468884107,0.5628333333333333,High
C002402,2025-12-31,2744.4479897247916,0.7688333333333334,Strategic
C002403,2025-12-31,1981.7089906695908,0.6856666666666666,High
C002404,2025-12-31,1807.9010232461928,0.6446666666666667,High
C002405,2025-12-31,3732.785182871386,0.8333333333333334,Strategic
C002406,2025-12-31,1190.9886610094784,0.43916666666666665,Developing
C002407,2025-12-31,2499.718403389595,0.7483333333333333,High
C002408,2025-12-31,1280.4279580981024,0.4635,Developing
C002409,2025-12-31,29.964109147258288,0.19733333333333333,Low
C002410,2025-12-31,1379.9662736116334,0.49766666666666665,Developing
C002411,2025-12-31,103.08948413094507,0.31866666666666665,Developing
C002412,2025-12-31,13.005707287113022,0.08933333333333333,Low
C002413,2025-12-31,2566.873296786258,0.7536666666666667,Strategic
C002414,2025-12-31,5334.263636346363,0.885,Strategic
C002415,2025-12-31,3775.3292123158712,0.8366666666666667,Strategic
C002416,2025-12-31,5.1664342640835885,0.021166666666666667,Low
C002417,2025-12-31,1353.5506372619068,0.489,Developing
C002418,2025-12-31,1586.1941486217318,0.5721666666666667,High
C002419,2025-12-31,404.9043632997743,0.369,Developing
C002420,2025-12-31,1966.9178052151249,0.6818333333333333,High
C002421,2025-12-31,14.52641601803121,0.102,Low
C002422,2025-12-31,49.878869585002995,0.25133333333333335,Developing
C002423,2025-12-31,23.450881468768753,0.16266666666666665,Low
C002424,2025-12-31,1995.99724833756,0.6888333333333333,High
C002425,2025-12-31,94.01546771761544,0.3095,Developing
C002426,2025-12-31,2696.742888898145,0.7655,Strategic
C002427,2025-12-31,1503.643436563185,0.5425,High
C002428,2025-12-31,1622.690852675244,0.5841666666666666,High
C002429,2025-12-31,8.965803410263467,0.04616666666666667,Low
C002430,2025-12-31,1313.2293438221234,0.47383333333333333,Developing
C002431,2025-12-31,10.5654924124906,0.06183333333333333,Low
C002432,2025-12-31,1649.2814299299416,0.5938333333333333,High
C002433,2025-12-31,1850.4456654027708,0.6578333333333334,High
C002434,2025-12-31,681.3723062884375,0.3863333333333333,Developing
C002435,2025-12-31,9.074502403382699,0.04716666666666667,Low
C002436,2025-12-31,55.17529970841763,0.2613333333333333,Developing
C002437,2025-12-31,28.146221472898844,0.1885,Low
C002438,2025-12-31,1257.087660921248,0.45566666666666666,Developing
C002439,2025-12-31,2194.6415540360663,0.7178333333333333,High
C002440,2025-12-31,5296.269051813105,0.8845,Strategic
C002441,2025-12-31,7825.527775813456,0.9406666666666667,Strategic
C002442,2025-12-31,34.83256563229854,0.214,Low
C002443,2025-12-31,1524.433174142941,0.55,High
C002444,2025-12-31,2502.7676952713937,0.7485,High
C002445,2025-12-31,2276.8341543416036,0.7285,High
C002446,2025-12-31,14.654407980118195,0.10266666666666667,Low
C002447,2025-12-31,1196.670255316249,0.44016666666666665,Developing
C002448,2025-12-31,1852.916884769636,0.6588333333333334,High
C002449,2025-12-31,1542.1957619248626,0.5576666666666666,High
C002450,2025-12-31,8589.506301893713,0.9638333333333333,Strategic
C002451,2025-12-31,287.58917331963465,0.35933333333333334,Developing
C002452,2025-12-31,30.351021260734544,0.19866666666666666,Low
C002453,2025-12-31,4657.941737481491,0.8691666666666666,Strategic
C002454,2025-12-31,96.83949834869507,0.31316666666666665,Developing
C002455,2025-12-31,1831.7851740389824,0.6538333333333334,High
C002456,2025-12-31,23.723886826292617,0.16466666666666666,Low
C002457,2025-12-31,8.817697104553131,0.04533333333333334,Low
C002458,2025-12-31,4186.323899823489,0.8526666666666667,Strategic
C002459,2025-12-31,1650.7175035221776,0.5946666666666667,High
C002460,2025-12-31,8185.1761576896915,0.9513333333333334,Strategic
C002461,2025-12-31,7.925101969371938,0.03866666666666667,Low
C002462,2025-12-31,9173.751362448367,0.9826666666666667,Strategic
C002463,2025-12-31,3655.409766271745,0.8295,Strategic
C002464,2025-12-31,2181.2737966778304,0.716,High
C002465,2025-12-31,1125.3548076486816,0.42833333333333334,Developing
C002466,2025-12-31,2142.7200273560397,0.7121666666666666,High
C002467,2025-12-31,1288.091364419663,0.4658333333333333,Developing
C002468,2025-12-31,1747.0881188705737,0.6233333333333333,High
C002469,2025-12-31,18.984255487104516,0.135,Low
C002470,2025-12-31,2773.7398765484645,0.7721666666666667,Strategic
C002471,2025-12-31,56.52671090585781,0.2643333333333333,Developing
C002472,2025-12-31,81.73164516273246,0.29933333333333334,Developing
C002473,2025-12-31,746.3068566758069,0.3905,Developing
C002474,2025-12-31,1427.4110980121268,0.516,High
C002475,2025-12-31,1562.1522885491768,0.5638333333333333,High
C002476,2025-12-31,1004.0952912920042,0.41383333333333333,Developing
C002477,2025-12-31,1464.8923822380557,0.5298333333333334,High
C002478,2025-12-31,10.245810436275812,0.057833333333333334,Low
C002479,2025-12-31,10454.795417524083,0.9995,Strategic
C002480,2025-12-31,214.01145111535297,0.3535,Developing
C002481,2025-12-31,805.1602346869107,0.3938333333333333,Developing
C002482,2025-12-31,13.904619716399347,0.09683333333333333,Low
C002483,2025-12-31,5790.666260923194,0.8958333333333334,Strategic
C002484,2025-12-31,1170.4772270348412,0.43516666666666665,Developing
C002485,2025-12-31,1.099141176354205,0.0011666666666666668,Low
C002486,2025-12-31,2902.265771287597,0.7835,Strategic
C002487,2025-12-31,2517.895094635844,0.7498333333333334,High
C002488,2025-12-31,1867.850639287852,0.6626666666666666,High
C002489,2025-12-31,31.143606285285912,0.19966666666666666,Low
C002490,2025-12-31,56.42361975473188,0.26416666666666666,Developing
C002491,2025-12-31,1337.3846427165306,0.4831666666666667,Developing
C002492,2025-12-31,2180.760100795399,0.7158333333333333,High
C002493,2025-12-31,20.483686013856374,0.14483333333333334,Low
C002494,2025-12-31,8482.173476596074,0.9608333333333333,Strategic
C002495,2025-12-31,83.63330013338731,0.301,Developing
C002496,2025-12-31,5164.260105108108,0.8815,Strategic
C002497,2025-12-31,8833.810748011,0.9708333333333333,Strategic
C002498,2025-12-31,2377.9450705509325,0.7376666666666667,High
C002499,2025-12-31,1003.2956604981013,0.4136666666666667,Developing
C002500,2025-12-31,3310.2125946923643,0.8111666666666667,Strategic
C002501,2025-12-31,9255.718403671444,0.9846666666666667,Strategic
C002502,2025-12-31,9.038211193655362,0.04666666666666667,Low
C002503,2025-12-31,8296.182130165313,0.9551666666666667,Strategic
C002504,2025-12-31,112.76857753705687,0.32616666666666666,Developing
C002505,2025-12-31,19.186096428034165,0.136,Low
C002506,2025-12-31,6.3799572738827335,0.027,Low
C002507,2025-12-31,1472.966481978332,0.5333333333333333,High
C002508,2025-12-31,1420.4143025385592,0.5123333333333333,High
C002509,2025-12-31,1743.5693731361748,0.622,High
C002510,2025-12-31,2990.535778263386,0.7908333333333334,Strategic
C002511,2025-12-31,9396.181037332077,0.9888333333333333,Strategic
C002512,2025-12-31,1872.3662452602223,0.6635,High
C002513,2025-12-31,1812.2513410442652,0.6466666666666666,High
C002514,2025-12-31,9029.92922186133,0.978,Strategic
C002515,2025-12-31,14.146861594712743,0.09883333333333333,Low
C002516,2025-12-31,24.255740730765933,0.16783333333333333,Low
C002517,2025-12-31,1438.3733797785092,0.52,High
C002518,2025-12-31,916.1362828741053,0.4045,Developing
C002519,2025-12-31,7030.1147069492645,0.9225,Strategic
C002520,2025-12-31,1068.8743985199108,0.4201666666666667,Developing
C002521,2025-12-31,9561.617273335276,0.9918333333333333,Strategic
C002522,2025-12-31,7697.689058161268,0.937,Strategic
C002523,2025-12-31,1394.058423695831,0.5045,High
C002524,2025-12-31,2484.4073984061793,0.7468333333333333,High
C002525,2025-12-31,1587.4934293927358,0.573,High
C002526,2025-12-31,20.725745479727475,0.14683333333333334,Low
C002527,2025-12-31,4130.991852980737,0.8501666666666666,Strategic
C002528,2025-12-31,1762.3406712501956,0.6276666666666667,High
C002529,2025-12-31,3239.7350404858403,0.8065,Strategic
C002530,2025-12-31,253.52698108684578,0.35583333333333333,Developing
C002531,2025-12-31,73.56646147755184,0.29,Developing
C002532,2025-12-31,2704.8233086626474,0.7665,Strategic
C002533,2025-12-31,11.130077756109879,0.06866666666666667,Low
C002534,2025-12-31,19.685465358511745,0.13933333333333334,Low
C002535,2025-12-31,4.67349820837346,0.017833333333333333,Low
C002536,2025-12-31,1343.8909272663163,0.486,Developing
C002537,2025-12-31,5182.188473265475,0.8823333333333333,Strategic
C002538,2025-12-31,3892.840591337853,0.8421666666666666,Strategic
C002539,2025-12-31,28.209187503797683,0.18883333333333333,Low
C002540,2025-12-31,4327.160254870582,0.8593333333333333,Strategic
C002541,2025-12-31,1319.216642309833,0.4765,Developing
C002542,2025-12-31,1306.249335978345,0.4723333333333333,Developing
C002543,2025-12-31,1367.6270239267399,0.49416666666666664,Developing
C002544,2025-12-31,29.6612427105175,0.19583333333333333,Low
C002545,2025-12-31,6213.029479956169,0.9048333333333334,Strategic
C002546,2025-12-31,3249.203783479845,0.8068333333333333,Strategic
C002547,2025-12-31,1093.6407176370792,0.424,Developing
C002548,2025-12-31,6053.094964305136,0.901,Strategic
C002549,2025-12-31,1457.1751060898846,0.527,High
C002550,2025-12-31,2957.1146629043697,0.788,Strategic
C002551,2025-12-31,7441.816918337276,0.932,Strategic
C002552,2025-12-31,47.65311518095721,0.24816666666666667,Low
C002553,2025-12-31,3562.3165178720506,0.8241666666666667,Strategic
C002554,2025-12-31,124.76972215637154,0.3335,Developing
C002555,2025-12-31,6.164449960296703,0.0255,Low
C002556,2025-12-31,1738.2234846773142,0.6213333333333333,High
C002557,2025-12-31,4237.215706009513,0.8551666666666666,Strategic
C002558,2025-12-31,5.494941447781595,0.022833333333333334,Low
C002559,2025-12-31,1780.5814642444304,0.6346666666666667,High
C002560,2025-12-31,18.915641424521667,0.13416666666666666,Low
C002561,2025-12-31,23.02379728099965,0.16066666666666668,Low
C002562,2025-12-31,4020.520444187571,0.8465,Strategic
C002563,2025-12-31,47.10786839741287,0.24666666666666667,Low
C002564,2025-12-31,39.63343522031765,0.228,Low
C002565,2025-12-31,2404.238197240885,0.7403333333333333,High
C002566,2025-12-31,32.16577394064331,0.2045,Low
C002567,2025-12-31,2549.8525713886143,0.7521666666666667,Strategic
C002568,2025-12-31,9696.150736034064,0.9946666666666667,Strategic
C002569,2025-12-31,1753.5579284676146,0.6251666666666666,High
C002570,2025-12-31,4150.328615772176,0.851,Strategic
C002571,2025-12-31,3001.435385169907,0.7916666666666666,Strategic
C002572,2025-12-31,6.628673344518801,0.027833333333333335,Low
C002573,2025-12-31,110.96666515233655,0.3253333333333333,Developing
C002574,2025-12-31,3191.980090479453,0.8031666666666667,Strategic
C002575,2025-12-31,1652.7201060646128,0.595,High
C002576,2025-12-31,1313.2756231227459,0.474,Developing
C002577,2025-12-31,6024.251032345227,0.9003333333333333,Strategic
C002578,2025-12-31,10128.351061802037,0.9985,Strategic
C002579,2025-12-31,7991.810314431749,0.9443333333333334,Strategic
C002580,2025-12-31,1533.953760326825,0.555,High
C002581,2025-12-31,9.408058402256485,0.050333333333333334,Low
C002582,2025-12-31,2175.6461163224485,0.715,High
C002583,2025-12-31,1521.4200230629758,0.5485,High
C002584,2025-12-31,37.202520822393005,0.2215,Low
C002585,2025-12-31,6750.841180572636,0.9168333333333333,Strategic
C002586,2025-12-31,3020.4739442974155,0.7931666666666667,Strategic
C002587,2025-12-31,38.72702666238559,0.22616666666666665,Low
C002588,2025-12-31,8849.309983998919,0.9713333333333334,Strategic
C002589,2025-12-31,1461.791213727035,0.5283333333333333,High
C002590,2025-12-31,9283.340072003117,0.9855,Strategic
C002591,2025-12-31,1317.2490870667366,0.4755,Developing
C002592,2025-12-31,3359.9414040531015,0.814,Strategic
C002593,2025-12-31,1337.264590483935,0.483,Developing
C002594,2025-12-31,38.38792043284913,0.225,Low
C002595,2025-12-31,1350.2759588380295,0.48833333333333334,Developing
C002596,2025-12-31,1491.2105890364826,0.539,High
C002597,2025-12-31,11.876967226482984,0.07616666666666666,Low
C002598,2025-12-31,3178.139289246487,0.8023333333333333,Strategic
C002599,2025-12-31,16.012470988134623,0.11383333333333333,Low
C002600,2025-12-31,1292.4927167772607,0.4673333333333333,Developing
C002601,2025-12-31,25.886762768662372,0.17566666666666667,Low
C002602,2025-12-31,15.40547763891381,0.10833333333333334,Low
C002603,2025-12-31,5466.414938402269,0.889,Strategic
C002604,2025-12-31,1152.6088066746076,0.43166666666666664,Developing
C002605,2025-12-31,26.45606829291176,0.17983333333333335,Low
C002606,2025-12-31,2545.3929418882794,0.7516666666666667,Strategic
C002607,2025-12-31,1168.9502769073888,0.43466666666666665,Developing
C002608,2025-12-31,1262.0172044692115,0.4568333333333333,Developing
C002609,2025-12-31,1143.9589680360916,0.43083333333333335,Developing
C002610,2025-12-31,3025.5777296404763,0.7938333333333333,Strategic
C002611,2025-12-31,45.132466662130234,0.24266666666666667,Low
C002612,2025-12-31,3500.204417186944,0.8213333333333334,Strategic
C002613,2025-12-31,32.292474700745046,0.20483333333333334,Low
C002614,2025-12-31,878.6274109485119,0.4,Developing
C002615,2025-12-31,4747.566581445881,0.8725,Strategic
C002616,2025-12-31,8130.310031479816,0.9495,Strategic
C002617,2025-12-31,27.768655985172025,0.18633333333333332,Low
C002618,2025-12-31,24.821280837807947,0.17083333333333334,Low
C002619,2025-12-31,1454.3843979754108,0.525,High
C002620,2025-12-31,13.150310376382285,0.09083333333333334,Low
C002621,2025-12-31,1818.0979379152284,0.6491666666666667,High
C002622,2025-12-31,3673.5001806235787,0.8308333333333333,Strategic
C002623,2025-12-31,55.261170765198585,0.2618333333333333,Developing
C002624,2025-12-31,4639.115354768288,0.8685,Strategic
C002625,2025-12-31,624.685805826318,0.38333333333333336,Developing
C002626,2025-12-31,57.92508099916122,0.26716666666666666,Developing
C002627,2025-12-31,17.260862945539067,0.122,Low
C002628,2025-12-31,8824.804521602133,0.9706666666666667,Strategic
C002629,2025-12-31,1484.0108707524257,0.5358333333333334,High
C002630,2025-12-31,2759.2019898344433,0.7706666666666667,Strategic
C002631,2025-12-31,1883.5342975527299,0.6665,High
C002632,2025-12-31,8894.110344388313,0.9728333333333333,Strategic
C002633,2025-12-31,1850.0501338151296,0.6576666666666666,High
C002634,2025-12-31,47.933634684405675,0.24866666666666667,Low
C002635,2025-12-31,1299.1239767185164,0.4701666666666667,Developing
C002636,2025-12-31,76.2400037905875,0.293,Developing
C002637,2025-12-31,64.54516424333131,0.2773333333333333,Developing
C002638,2025-12-31,1424.0433140756306,0.515,High
C002639,2025-12-31,10.426045192149818,0.06,Low
C002640,2025-12-31,18.240665813178886,0.129,Low
C002641,2025-12-31,137.36683988272492,0.3375,Developing
C002642,2025-12-31,1735.3094416768208,0.6205,High
C002643,2025-12-31,6050.693995653731,0.9008333333333334,Strategic
C002644,2025-12-31,1606.1377836934573,0.5781666666666667,High
C002645,2025-12-31,37.68334766342138,0.2225,Low
C002646,2025-12-31,82.3502258702466,0.30033333333333334,Developing
C002647,2025-12-31,2685.072266037487,0.7646666666666667,Strategic
C002648,2025-12-31,1236.5932845818134,0.45066666666666666,Developing
C002649,2025-12-31,3879.8572087240505,0.8406666666666667,Strategic
C002650,2025-12-31,5197.986611823243,0.8828333333333334,Strategic
C002651,2025-12-31,60.736140610856424,0.27016666666666667,Developing
C002652,2025-12-31,8097.54872508781,0.9481666666666667,Strategic
C002653,2025-12-31,3973.9399303303244,0.8451666666666666,Strategic
C002654,2025-12-31,216.76314100294056,0.35383333333333333,Developing
C002655,2025-12-31,1294.9449304712698,0.4686666666666667,Developing
C002656,2025-12-31,8.42066291998997,0.0425,Low
C002657,2025-12-31,2744.9673443177467,0.769,Strategic
C002658,2025-12-31,29.50662470915113,0.19433333333333333,Low
C002659,2025-12-31,1295.9315378853137,0.4695,Developing
C002660,2025-12-31,991.3908479488164,0.413,Developing
C002661,2025-12-31,1307.2867937106937,0.4726666666666667,Developing
C002662,2025-12-31,28.63806051813909,0.19033333333333333,Low
C002663,2025-12-31,5992.0367458791525,0.8996666666666666,Strategic
C002664,2025-12-31,1386.0920858292172,0.5005,High
C002665,2025-12-31,928.1292126181647,0.4061666666666667,Developing
C002666,2025-12-31,36.387764236374665,0.2195,Low
C002667,2025-12-31,21.15935087220571,0.15016666666666667,Low
C002668,2025-12-31,1898.0657973529712,0.6688333333333333,High
C002669,2025-12-31,5101.392266362312,0.8803333333333333,Strategic
C002670,2025-12-31,1128.825030151645,0.42883333333333334,Developing
C002671,2025-12-31,7428.760368934373,0.9315,Strategic
C002672,2025-12-31,23.510898210751943,0.16283333333333333,Low
C002673,2025-12-31,57.92493711220207,0.267,Developing
C002674,2025-12-31,8.499781703347642,0.04375,Low
C002675,2025-12-31,1485.5752693694608,0.537,High
C002676,2025-12-31,1457.4102004318327,0.5273333333333333,High
C002677,2025-12-31,43.2696654396175,0.23966666666666667,Low
C002678,2025-12-31,8025.428288819708,0.9461666666666667,Strategic
C002679,2025-12-31,5986.474774998265,0.8993333333333333,Strategic
C002680,2025-12-31,3456.0103362377063,0.819,Strategic
C002681,2025-12-31,1421.7978925797102,0.5131666666666667,High
C002682,2025-12-31,4.1147326173947025,0.013,Low
C002683,2025-12-31,1985.0447121004602,0.6858333333333333,High
C002684,2025-12-31,8977.019792116622,0.9758333333333333,Strategic
C002685,2025-12-31,9673.686642159106,0.9943333333333333,Strategic
C002686,2025-12-31,1432.2187299373684,0.5175,High
C002687,2025-12-31,581.6614786069232,0.38116666666666665,Developing
C002688,2025-12-31,188.8180006651489,0.3485,Developing
C002689,2025-12-31,39.49161655790415,0.22733333333333333,Low
C002690,2025-12-31,1288.679356254652,0.4661666666666667,Developing
C002691,2025-12-31,21.717534881667472,0.15316666666666667,Low
C002692,2025-12-31,952.4176955770454,0.4088333333333333,Developing
C002693,2025-12-31,10.378721080886192,0.059166666666666666,Low
C002694,2025-12-31,1454.5231071179523,0.5251666666666667,High
C002695,2025-12-31,117.78238918974617,0.3293333333333333,Developing
C002696,2025-12-31,35.1655468205443,0.21533333333333332,Low
C002697,2025-12-31,3889.3680554260845,0.8416666666666667,Strategic
C002698,2025-12-31,10.511897557565485,0.06116666666666667,Low
C002699,2025-12-31,9161.056464274392,0.9821666666666666,Strategic
C002700,2025-12-31,5.2612313053752295,0.021833333333333333,Low
C002701,2025-12-31,962.3345206200617,0.4098333333333333,Developing
C002702,2025-12-31,297.5531061255635,0.3596666666666667,Developing
C002703,2025-12-31,1883.6335929022134,0.6666666666666666,High
C002704,2025-12-31,1483.7454437738722,0.5356666666666666,High
C002705,2025-12-31,8616.5365762221,0.965,Strategic
C002706,2025-12-31,5468.449910109028,0.8893333333333333,Strategic
C002707,2025-12-31,2335.963049176626,0.735,High
C002708,2025-12-31,2589.628230183538,0.756,Strategic
C002709,2025-12-31,866.8452338992415,0.39916666666666667,Developing
C002710,2025-12-31,12.60368171156241,0.08433333333333333,Low
C002711,2025-12-31,5343.9506278681465,0.8853333333333333,Strategic
C002712,2025-12-31,8578.066671624403,0.9635,Strategic
C002713,2025-12-31,120.50659068163071,0.33116666666666666,Developing
C002714,2025-12-31,1853.1213281283067,0.659,High
C002715,2025-12-31,4379.080553951551,0.8618333333333333,Strategic
C002716,2025-12-31,3575.5108589552333,0.8256666666666667,Strategic
C002717,2025-12-31,3767.3274807719895,0.836,Strategic
C002718,2025-12-31,1317.2931700713339,0.4756666666666667,Developing
C002719,2025-12-31,21.394055241993435,0.1515,Low
C002720,2025-12-31,9.19681448615401,0.049,Low
C002721,2025-12-31,1580.0875538545847,0.5706666666666667,High
C002722,2025-12-31,1392.3310430456759,0.5033333333333333,High
C002723,2025-12-31,8.709507544236885,0.0445,Low
C002724,2025-12-31,5388.0705593586545,0.887,Strategic
C002725,2025-12-31,269.3837107247821,0.3575,Developing
C002726,2025-12-31,543.5048308570728,0.37866666666666665,Developing
C002727,2025-12-31,8366.633635352006,0.9573333333333334,Strategic
C002728,2025-12-31,3349.9758761872235,0.8133333333333334,Strategic
C002729,2025-12-31,20.187109876924254,0.14316666666666666,Low
C002730,2025-12-31,39.514304819867235,0.2275,Low
C002731,2025-12-31,15.571207353131177,0.11016666666666666,Low
C002732,2025-12-31,248.5877759313821,0.35533333333333333,Developing
C002733,2025-12-31,86.71567519053629,0.304,Developing
C002734,2025-12-31,2669.4448598987447,0.7625,Strategic
C002735,2025-12-31,11.150067802387282,0.069,Low
C002736,2025-12-31,2268.8383409935423,0.7273333333333334,High
C002737,2025-12-31,115.88632332852805,0.328,Developing
C002738,2025-12-31,10.695678752057244,0.06316666666666666,Low
C002739,2025-12-31,47.948208252604545,0.24883333333333332,Low
C002740,2025-12-31,5764.584902802039,0.8951666666666667,Strategic
C002741,2025-12-31,7503.224529995292,0.9333333333333333,Strategic
C002742,2025-12-31,2805.9085759358854,0.7758333333333334,Strategic
C002743,2025-12-31,4320.4619007863175,0.859,Strategic
C002744,2025-12-31,43.62053385320898,0.24016666666666667,Low
C002745,2025-12-31,2915.6813859685717,0.7846666666666666,Strategic
C002746,2025-12-31,1534.4943463359402,0.5553333333333333,High
C002747,2025-12-31,1543.8766352854045,0.558,High
C002748,2025-12-31,32.92844625142371,0.2075,Low
C002749,2025-12-31,11.494568391914614,0.07283333333333333,Low
C002750,2025-12-31,8254.340148799174,0.954,Strategic
C002751,2025-12-31,468.0192986539031,0.37333333333333335,Developing
C002752,2025-12-31,14.911247246212186,0.10433333333333333,Low
C002753,2025-12-31,8908.203732960279,0.9738333333333333,Strategic
C002754,2025-12-31,6630.060376687959,0.914,Strategic
C002755,2025-12-31,1851.8390528933403,0.6583333333333333,High
C002756,2025-12-31,58.651803986228416,0.268,Developing
C002757,2025-12-31,41.23724966633581,0.23333333333333334,Low
C002758,2025-12-31,17.270785045243038,0.12216666666666667,Low
C002759,2025-12-31,12.494862041185362,0.08316666666666667,Low
C002760,2025-12-31,2.842708426700812,0.006166666666666667,Low
C002761,2025-12-31,1264.1756673561329,0.45816666666666667,Developing
C002762,2025-12-31,4369.695988665932,0.8613333333333333,Strategic
C002763,2025-12-31,8410.238629009345,0.9591666666666666,Strategic
C002764,2025-12-31,14.512309238949866,0.10166666666666667,Low
C002765,2025-12-31,8336.770752609762,0.9566666666666667,Strategic
C002766,2025-12-31,1191.432868390101,0.43933333333333335,Developing
C002767,2025-12-31,135.27405036354008,0.3368333333333333,Developing
C002768,2025-12-31,3968.4892758011347,0.8448333333333333,Strategic
C002769,2025-12-31,1614.1092647057362,0.5803333333333334,High
C002770,2025-12-31,2853.755599794814,0.7806666666666666,Strategic
C002771,2025-12-31,1257.8563738008418,0.4558333333333333,Developing
C002772,2025-12-31,6.6657198178598325,0.028333333333333332,Low
C002773,2025-12-31,1609.832797896073,0.579,High
C002774,2025-12-31,253.570745435829,0.356,Developing
C002775,2025-12-31,26.86753259938064,0.1825,Low
C002776,2025-12-31,452.4953765379236,0.3725,Developing
C002777,2025-12-31,9.875271330178226,0.05416666666666667,Low
C002778,2025-12-31,24.04355532648068,0.16616666666666666,Low
C002779,2025-12-31,1314.142977618212,0.47433333333333333,Developing
C002780,2025-12-31,2382.5372286316333,0.7385,High
C002781,2025-12-31,2280.003683160287,0.7293333333333333,High
C002782,2025-12-31,91.0921225165447,0.30666666666666664,Developing
C002783,2025-12-31,1763.675255667886,0.6281666666666667,High
C002784,2025-12-31,819.951497824544,0.3958333333333333,Developing
C002785,2025-12-31,22.257213344257444,0.156,Low
C002786,2025-12-31,18.181070357685474,0.12816666666666668,Low
C002787,2025-12-31,40.66907839474717,0.23166666666666666,Low
C002788,2025-12-31,2018.272860664446,0.6935,High
C002789,2025-12-31,923.6267989457596,0.4055,Developing
C002790,2025-12-31,6560.330165716842,0.9115,Strategic
C002791,2025-12-31,2161.728241064503,0.7135,High
C002792,2025-12-31,29.058444899306366,0.19183333333333333,Low
C002793,2025-12-31,12.235222074176992,0.08016666666666666,Low
C002794,2025-12-31,18.425550174061595,0.13,Low
C002795,2025-12-31,86.48967219766858,0.3035,Developing
C002796,2025-12-31,71.62832642403737,0.2876666666666667,Developing
C002797,2025-12-31,1530.928475321922,0.5533333333333333,High
C002798,2025-12-31,2775.388660447956,0.7725,Strategic
C002799,2025-12-31,45.345035993153026,0.24316666666666667,Low
C002800,2025-12-31,525.8990726337975,0.37733333333333335,Developing
C002801,2025-12-31,1358.1486828849338,0.49083333333333334,Developing
C002802,2025-12-31,23.879116556551118,0.1655,Low
C002803,2025-12-31,1574.8681461722583,0.5683333333333334,High
C002804,2025-12-31,7709.659803358182,0.9371666666666667,Strategic
C002805,2025-12-31,3928.291156397403,0.8435,Strategic
C002806,2025-12-31,1658.978607033678,0.5973333333333334,High
C002807,2025-12-31,16.5766782963949,0.1175,Low
C002808,2025-12-31,26.48695907838963,0.18016666666666667,Low
C002809,2025-12-31,1676.5464293452255,0.6028333333333333,High
C002810,2025-12-31,10053.586123807854,0.9981666666666666,Strategic
C002811,2025-12-31,26.648806424284032,0.18116666666666667,Low
C002812,2025-12-31,31.75242545012646,0.20183333333333334,Low
C002813,2025-12-31,110.54158774178028,0.32516666666666666,Developing
C002814,2025-12-31,58.46514033483849,0.26766666666666666,Developing
C002815,2025-12-31,1701.5484635715268,0.611,High
C002816,2025-12-31,82.09503520155599,0.3001666666666667,Developing
C002817,2025-12-31,2589.26844292731,0.7558333333333334,Strategic
C002818,2025-12-31,3531.818969130601,0.8226666666666667,Strategic
C002819,2025-12-31,875.3270856361934,0.39966666666666667,Developing
C002820,2025-12-31,7.095657940286456,0.03166666666666667,Low
C002821,2025-12-31,3833.420024930589,0.8391666666666666,Strategic
C002822,2025-12-31,9429.530737077755,0.9896666666666667,Strategic
C002823,2025-12-31,5083.488170012567,0.88,Strategic
C002824,2025-12-31,63.637202818510694,0.276,Developing
C002825,2025-12-31,1432.7763203612851,0.5178333333333334,High
C002826,2025-12-31,4470.643430931674,0.8646666666666667,Strategic
C002827,2025-12-31,1803.637445673901,0.643,High
C002828,2025-12-31,809.5677850368636,0.3945,Developing
C002829,2025-12-31,1616.1967808824613,0.5815,High
C002830,2025-12-31,1817.732659216171,0.6488333333333334,High
C002831,2025-12-31,83.90943213210312,0.3015,Developing
C002832,2025-12-31,1819.3719051547253,0.6493333333333333,High
C002833,2025-12-31,14.777559252885338,0.1035,Low
C002834,2025-12-31,1662.3905855132798,0.5981666666666666,High
C002835,2025-12-31,2595.4981791189903,0.7575,Strategic
C002836,2025-12-31,124.883703947186,0.33366666666666667,Developing
C002837,2025-12-31,9351.178960858178,0.987,Strategic
C002838,2025-12-31,1368.978138447816,0.4945,Developing
C002839,2025-12-31,56.31242278574063,0.2633333333333333,Developing
C002840,2025-12-31,2.6162939699306262,0.005333333333333333,Low
C002841,2025-12-31,134.53994348136797,0.3363333333333333,Developing
C002842,2025-12-31,19.185610808799723,0.13583333333333333,Low
C002843,2025-12-31,3743.4806059992425,0.834,Strategic
C002844,2025-12-31,13.640850177158066,0.09508333333333334,Low
C002845,2025-12-31,47.13974670435921,0.24683333333333332,Low
C002846,2025-12-31,40.29250447095623,0.23033333333333333,Low
C002847,2025-12-31,285.7340651726965,0.3591666666666667,Developing
C002848,2025-12-31,41.218979113619966,0.23316666666666666,Low
C002849,2025-12-31,1282.9073554497513,0.46416666666666667,Developing
C002850,2025-12-31,1857.4809209512775,0.6601666666666667,High
C002851,2025-12-31,21.940204134170667,0.15516666666666667,Low
C002852,2025-12-31,2014.741415093496,0.6928333333333333,High
C002853,2025-12-31,1442.4683157040615,0.521,High
C002854,2025-12-31,5183.0129379054215,0.8825,Strategic
C002855,2025-12-31,11.859180970736443,0.07583333333333334,Low
C002856,2025-12-31,2394.4994662094127,0.7393333333333333,High
C002857,2025-12-31,13.395116434020338,0.0935,Low
C002858,2025-12-31,9158.658740095163,0.9818333333333333,Strategic
C002859,2025-12-31,18.696272486607096,0.1325,Low
C002860,2025-12-31,8037.193487329315,0.9465,Strategic
C002861,2025-12-31,2728.2969878002823,0.768,Strategic
C002862,2025-12-31,328.9052872522594,0.3616666666666667,Developing
C002863,2025-12-31,1160.598528606936,0.43316666666666664,Developing
C002864,2025-12-31,64.28102308483166,0.2768333333333333,Developing
C002865,2025-12-31,1129.45774666571,0.429,Developing
C002866,2025-12-31,366.64395568666515,0.36466666666666664,Developing
C002867,2025-12-31,701.5644357654821,0.3873333333333333,Developing
C002868,2025-12-31,11.0979837929761,0.06816666666666667,Low
C002869,2025-12-31,9.72619404712902,0.0525,Low
C002870,2025-12-31,7997.741362386811,0.9445,Strategic
C002871,2025-12-31,1467.015818640178,0.5303333333333333,High
C002872,2025-12-31,63.33882361743743,0.27516666666666667,Developing
C002873,2025-12-31,4196.778232892966,0.8531666666666666,Strategic
C002874,2025-12-31,2195.2332165530815,0.718,High
C002875,2025-12-31,1179.3499123494285,0.43733333333333335,Developing
C002876,2025-12-31,9.982922293922886,0.05533333333333333,Low
C002877,2025-12-31,7605.071116693975,0.9346666666666666,Strategic
C002878,2025-12-31,10000.079228150697,0.9976666666666667,Strategic
C002879,2025-12-31,1491.9784082252834,0.5396666666666666,High
C002880,2025-12-31,5.232597489239974,0.0215,Low
C002881,2025-12-31,49.00163709144493,0.24966666666666668,Low
C002882,2025-12-31,26.753523315149607,0.18216666666666667,Low
C002883,2025-12-31,39.569842332784695,0.22783333333333333,Low
C002884,2025-12-31,35.85345139567114,0.2175,Low
C002885,2025-12-31,10.270590348740635,0.058333333333333334,Low
C002886,2025-12-31,1361.9240381638745,0.49283333333333335,Developing
C002887,2025-12-31,22.286700655139704,0.15616666666666668,Low
C002888,2025-12-31,2432.8793611170145,0.743,High
C002889,2025-12-31,31.361997228976108,0.20083333333333334,Low
C002890,2025-12-31,36.68825138058561,0.2205,Low
C002891,2025-12-31,982.9047936076628,0.41233333333333333,Developing
C002892,2025-12-31,4347.419596907436,0.8603333333333333,Strategic
C002893,2025-12-31,1600.5148502952457,0.5768333333333333,High
C002894,2025-12-31,1219.2500861584738,0.44583333333333336,Developing
C002895,2025-12-31,3260.301347555333,0.8071666666666667,Strategic
C002896,2025-12-31,5002.465481395493,0.8775,Strategic
C002897,2025-12-31,2541.1115035518137,0.7511666666666666,Strategic
C002898,2025-12-31,1808.3928764368638,0.6448333333333334,High
C002899,2025-12-31,140.86439980410896,0.33866666666666667,Developing
C002900,2025-12-31,972.5216790970296,0.4111666666666667,Developing
C002901,2025-12-31,7808.8522437110505,0.9396666666666667,Strategic
C002902,2025-12-31,519.0782843745912,0.37683333333333335,Developing
C002903,2025-12-31,16.747054568541568,0.1195,Low
C002904,2025-12-31,5008.988478364901,0.8776666666666667,Strategic
C002905,2025-12-31,8222.083487679913,0.9531666666666667,Strategic
C002906,2025-12-31,1666.9296531615114,0.6,High
C002907,2025-12-31,32.58471515956021,0.206,Low
C002908,2025-12-31,1263.5950600593053,0.45766666666666667,Developing
C002909,2025-12-31,2395.6572649928225,0.7396666666666667,High
C002910,2025-12-31,11.226858871439392,0.07033333333333333,Low
C002911,2025-12-31,1408.3166677714603,0.5076666666666667,High
C002912,2025-12-31,2998.1826532325986,0.7915,Strategic
C002913,2025-12-31,3051.022214066342,0.7948333333333333,Strategic
C002914,2025-12-31,1752.624675172887,0.625,High
C002915,2025-12-31,1075.392032085237,0.42083333333333334,Developing
C002916,2025-12-31,2482.5678488933686,0.7465,High
C002917,2025-12-31,4039.5486314200475,0.8473333333333334,Strategic
C002918,2025-12-31,1796.224700712279,0.64,High
C002919,2025-12-31,1795.0915725562488,0.6395,High
C002920,2025-12-31,376.22773621389655,0.36583333333333334,Developing
C002921,2025-12-31,705.5015050750545,0.38766666666666666,Developing
C002922,2025-12-31,1784.477960301241,0.6361666666666667,High
C002923,2025-12-31,1223.5667278475764,0.44783333333333336,Developing
C002924,2025-12-31,1758.2992773619683,0.6263333333333333,High
C002925,2025-12-31,3143.4409140930484,0.8006666666666666,Strategic
C002926,2025-12-31,51.00962694727597,0.25433333333333336,Developing
C002927,2025-12-31,1718.3391506001578,0.6161666666666666,High
C002928,2025-12-31,53.52172144813866,0.25833333333333336,Developing
C002929,2025-12-31,1692.6071299943694,0.6081666666666666,High
C002930,2025-12-31,2779.8484436125536,0.7733333333333333,Strategic
C002931,2025-12-31,22.367401584656342,0.1565,Low
C002932,2025-12-31,134.98908497236917,0.3365,Developing
C002933,2025-12-31,1791.857773434431,0.6386666666666667,High
C002934,2025-12-31,243.34524417818366,0.3551666666666667,Developing
C002935,2025-12-31,2630.9296716985295,0.7603333333333333,Strategic
C002936,2025-12-31,1636.8714879682,0.5893333333333334,High
C002937,2025-12-31,8002.582863490775,0.9446666666666667,Strategic
C002938,2025-12-31,5300.195586057857,0.8846666666666667,Strategic
C002939,2025-12-31,9038.815501426925,0.9786666666666667,Strategic
C002940,2025-12-31,2024.7606502903095,0.695,High
C002941,2025-12-31,18.19683354963279,0.12833333333333333,Low
C002942,2025-12-31,5705.50223378258,0.894,Strategic
C002943,2025-12-31,2074.113199014198,0.7025,High
C002944,2025-12-31,1874.7921493999302,0.6645,High
C002945,2025-12-31,19.504349543002327,0.13716666666666666,Low
C002946,2025-12-31,62.976597204670384,0.27416666666666667,Developing
C002947,2025-12-31,6.532976689616648,0.027666666666666666,Low
C002948,2025-12-31,72.50245493551846,0.2891666666666667,Developing
C002949,2025-12-31,10.794953894214911,0.06483333333333334,Low
C002950,2025-12-31,103.22054578305175,0.319,Developing
C002951,2025-12-31,6541.378304641902,0.9111666666666667,Strategic
C002952,2025-12-31,2441.9423402205202,0.7435,High
C002953,2025-12-31,3476.6780837546044,0.82,Strategic
C002954,2025-12-31,18.136900267294397,0.12783333333333333,Low
C002955,2025-12-31,3458.584267174712,0.8191666666666667,Strategic
C002956,2025-12-31,20.260130919692344,0.14358333333333334,Low
C002957,2025-12-31,8891.742085661175,0.9726666666666667,Strategic
C002958,2025-12-31,540.4097791488308,0.37833333333333335,Developing
C002959,2025-12-31,2127.5278770688487,0.7096666666666667,High
C002960,2025-12-31,49.858200934407485,0.25116666666666665,Developing
C002961,2025-12-31,5107.944249301507,0.8805,Strategic
C002962,2025-12-31,1911.9067644799973,0.6706666666666666,High
C002963,2025-12-31,95.41844199056064,0.31116666666666665,Developing
C002964,2025-12-31,8.91245565703582,0.046,Low
C002965,2025-12-31,1595.6452150601233,0.5748333333333333,High
C002966,2025-12-31,4136.969995339169,0.8503333333333334,Strategic
C002967,2025-12-31,6.812359818878292,0.029833333333333333,Low
C002968,2025-12-31,15.271934504135977,0.10733333333333334,Low
C002969,2025-12-31,592.1300236400245,0.3815,Developing
C002970,2025-12-31,1427.814226647634,0.5163333333333333,High
C002971,2025-12-31,3636.5061140041203,0.8286666666666667,Strategic
C002972,2025-12-31,4295.63715036741,0.8578333333333333,Strategic
C002973,2025-12-31,209.1607407547379,0.352,Developing
C002974,2025-12-31,271.38522227256243,0.35783333333333334,Developing
C002975,2025-12-31,8743.095701028722,0.9686666666666667,Strategic
C002976,2025-12-31,1715.4918409318157,0.615,High
C002977,2025-12-31,2047.1901462152462,0.6983333333333334,High
C002978,2025-12-31,1504.6241273745463,0.5428333333333333,High
C002979,2025-12-31,1797.1188141173952,0.6403333333333333,High
C002980,2025-12-31,782.4989384326102,0.3923333333333333,Developing
C002981,2025-12-31,1726.895447292785,0.6181666666666666,High
C002982,2025-12-31,2225.2364442191306,0.7221666666666666,High
C002983,2025-12-31,1691.531395756517,0.6075,High
C002984,2025-12-31,1577.808276357193,0.5695,High
C002985,2025-12-31,2845.834301397627,0.7795,Strategic
C002986,2025-12-31,9818.729621190321,0.996,Strategic
C002987,2025-12-31,7669.001616198187,0.9363333333333334,Strategic
C002988,2025-12-31,20.529150474108597,0.14516666666666667,Low
C002989,2025-12-31,1316.5248850976102,0.47533333333333333,Developing
C002990,2025-12-31,15.881326037125955,0.1125,Low
C002991,2025-12-31,3273.142613592058,0.8081666666666667,Strategic
C002992,2025-12-31,2877.070983541421,0.7825,Strategic
C002993,2025-12-31,1726.5557478458577,0.618,High
C002994,2025-12-31,20.9373627353577,0.14866666666666667,Low
C002995,2025-12-31,2416.6135975259526,0.7413333333333333,High
C002996,2025-12-31,3.372587377746675,0.008666666666666666,Low
C002997,2025-12-31,75.8409162302531,0.2925,Developing
C002998,2025-12-31,2314.043857413348,0.7336666666666667,High
C002999,2025-12-31,3230.193279441109,0.8055,Strategic
C003000,2025-12-31,2004.703901670641,0.6915,High
C003001,2025-12-31,1811.3513672484698,0.646,High
C003002,2025-12-31,2831.192034851117,0.7786666666666666,Strategic
C003003,2025-12-31,1393.4435500413053,0.5041666666666667,High
C003004,2025-12-31,3273.4702943578964,0.8083333333333333,Strategic
C003005,2025-12-31,1869.7624362145366,0.663,High
C003006,2025-12-31,65.90138872492543,0.279,Developing
C003007,2025-12-31,1744.0705394739823,0.6221666666666666,High
C003008,2025-12-31,26.443763788899023,0.1795,Low
C003009,2025-12-31,141.19149050999306,0.339,Developing
C003010,2025-12-31,2067.652934110862,0.7013333333333334,High
C003011,2025-12-31,42.3358253573028,0.23716666666666666,Low
C003012,2025-12-31,1354.4714365731695,0.4895,Developing
C003013,2025-12-31,79.33418406396528,0.2975,Developing
C003014,2025-12-31,5472.279943423801,0.8895,Strategic
C003015,2025-12-31,6.279703442333093,0.0265,Low
C003016,2025-12-31,4334.091653787273,0.8601666666666666,Strategic
C003017,2025-12-31,6054.350590316725,0.9011666666666667,Strategic
C003018,2025-12-31,10.471437776365052,0.060833333333333336,Low
C003019,2025-12-31,20.096732593023226,0.14216666666666666,Low
C003020,2025-12-31,79.23192310670255,0.29683333333333334,Developing
C003021,2025-12-31,5.854941029717207,0.024333333333333332,Low
C003022,2025-12-31,1385.1532360520096,0.5,Developing
C003023,2025-12-31,24.466390831832825,0.169,Low
C003024,2025-12-31,1.603237892735514,0.0028333333333333335,Low
C003025,2025-12-31,2157.0283028655035,0.7133333333333334,High
C003026,2025-12-31,1790.0101659805218,0.6381666666666667,High
C003027,2025-12-31,3655.8215302626777,0.8296666666666667,Strategic
C003028,2025-12-31,2029.4940722298243,0.6956666666666667,High
C003029,2025-12-31,8420.882440950772,0.9593333333333334,Strategic
C003030,2025-12-31,1345.2890339684948,0.48633333333333334,Developing
C003031,2025-12-31,17.93692885840879,0.12641666666666668,Low
C003032,2025-12-31,10.996875792541067,0.067,Low
C003033,2025-12-31,1432.283351587287,0.5176666666666667,High
C003034,2025-12-31,6713.31830432179,0.9156666666666666,Strategic
C003035,2025-12-31,3128.3499073352004,0.7995,Strategic
C003036,2025-12-31,188.34496720188994,0.3481666666666667,Developing
C003037,2025-12-31,1576.9131712891478,0.569,High
C003038,2025-12-31,1079.4239075857795,0.42183333333333334,Developing
C003039,2025-12-31,15.545097117086181,0.10983333333333334,Low
C003040,2025-12-31,1455.9440180491242,0.5255,High
C003041,2025-12-31,12.939569662394323,0.088,Low
C003042,2025-12-31,18.935932584383803,0.1345,Low
C003043,2025-12-31,76.66574601117742,0.29333333333333333,Developing
C003044,2025-12-31,3918.7823919580724,0.8431666666666666,Strategic
C003045,2025-12-31,8186.873776204909,0.9516666666666667,Strategic
C003046,2025-12-31,2200.7896246128676,0.7183333333333334,High
C003047,2025-12-31,3278.145201252717,0.8091666666666667,Strategic
C003048,2025-12-31,77.69124003923726,0.295,Developing
C003049,2025-12-31,1293.6087126502218,0.468,Developing
C003050,2025-12-31,912.9183221898638,0.404,Developing
C003051,2025-12-31,35.93274177884424,0.21783333333333332,Low
C003052,2025-12-31,104.25629621343023,0.32033333333333336,Developing
C003053,2025-12-31,4151.546511760746,0.8513333333333334,Strategic
C003054,2025-12-31,35.536077630104046,0.2165,Low
C003055,2025-12-31,8051.445387378914,0.9471666666666667,Strategic
C003056,2025-12-31,6064.111082388452,0.9015,Strategic
C003057,2025-12-31,1491.7613265308098,0.5393333333333333,High
C003058,2025-12-31,5774.3939040016785,0.8953333333333333,Strategic
C003059,2025-12-31,3.08236875603843,0.007666666666666666,Low
C003060,2025-12-31,7652.943253570414,0.9356666666666666,Strategic
C003061,2025-12-31,1654.7418266526163,0.5961666666666666,High
C003062,2025-12-31,153.90456957252886,0.3416666666666667,Developing
C003063,2025-12-31,14.112660796668525,0.0985,Low
C003064,2025-12-31,1679.6604482033931,0.604,High
C003065,2025-12-31,1274.7708497100539,0.4613333333333333,Developing
C003066,2025-12-31,22.377695591003153,0.15666666666666668,Low
C003067,2025-12-31,1492.3199758021779,0.5398333333333334,High
C003068,2025-12-31,12.86480942332265,0.08716666666666667,Low
C003069,2025-12-31,1524.84818046417,0.5506666666666666,High
C003070,2025-12-31,2916.81479252497,0.7848333333333334,Strategic
C003071,2025-12-31,3434.9452717599984,0.8175,Strategic
C003072,2025-12-31,6.718876603432118,0.028833333333333332,Low
C003073,2025-12-31,5511.568040263671,0.8901666666666667,Strategic
C003074,2025-12-31,29.131582397089407,0.1925,Low
C003075,2025-12-31,1933.2824886047003,0.6755,High
C003076,2025-12-31,3276.8804049002233,0.809,Strategic
C003077,2025-12-31,8.732098809466045,0.04466666666666667,Low
C003078,2025-12-31,1541.8916910880437,0.5575,High
C003079,2025-12-31,1861.9359087622754,0.661,High
C003080,2025-12-31,1263.9626675126563,0.458,Developing
C003081,2025-12-31,117.41515631817862,0.3288333333333333,Developing
C003082,2025-12-31,2214.38749677085,0.7206666666666667,High
C003083,2025-12-31,8.751127165439502,0.044833333333333336,Low
C003084,2025-12-31,36.79579647643951,0.22066666666666668,Low
C003085,2025-12-31,2387.071643843653,0.7386666666666667,High
C003086,2025-12-31,6728.640028213914,0.9161666666666667,Strategic
C003087,2025-12-31,7875.568796217717,0.941,Strategic
C003088,2025-12-31,7227.254721469185,0.9276666666666666,Strategic
C003089,2025-12-31,45.04404721073398,0.242,Low
C003090,2025-12-31,96.09377985317582,0.31233333333333335,Developing
C003091,2025-12-31,4229.584188102459,0.8548333333333333,Strategic
C003092,2025-12-31,4272.466364471836,0.8573333333333333,Strategic
C003093,2025-12-31,1783.7687181274234,0.6356666666666667,High
C003094,2025-12-31,19.525176687639444,0.1375,Low
C003095,2025-12-31,439.12397614221993,0.37183333333333335,Developing
C003096,2025-12-31,1966.221523279538,0.6813333333333333,High
C003097,2025-12-31,1812.5938566884013,0.647,High
C003098,2025-12-31,1484.075366482754,0.5361666666666667,High
C003099,2025-12-31,1224.2598712412475,0.448,Developing
C003100,2025-12-31,426.53731075271367,0.371,Developing
C003101,2025-12-31,6720.151496968236,0.9158333333333334,Strategic
C003102,2025-12-31,12.725329948850337,0.08566666666666667,Low
C003103,2025-12-31,1486.1678820053405,0.5373333333333333,High
C003104,2025-12-31,95.7582173192308,0.31183333333333335,Developing
C003105,2025-12-31,1636.5386692219051,0.5891666666666666,High
C003106,2025-12-31,7.842051983719157,0.03783333333333333,Low
C003107,2025-12-31,31.12938418144044,0.1995,Low
C003108,2025-12-31,125.78643658937345,0.334,Developing
C003109,2025-12-31,2000.8362135652656,0.6901666666666667,High
C003110,2025-12-31,1355.5820906016522,0.49033333333333334,Developing
C003111,2025-12-31,1785.598287263771,0.6371666666666667,High
C003112,2025-12-31,23.57416215366493,0.1635,Low
C003113,2025-12-31,694.0196364228749,0.38666666666666666,Developing
C003114,2025-12-31,2067.652537150347,0.7011666666666667,High
C003115,2025-12-31,4.465941382988502,0.01633333333333333,Low
C003116,2025-12-31,1420.4343811163042,0.5126666666666667,High
C003117,2025-12-31,1263.0071791226549,0.45716666666666667,Developing
C003118,2025-12-31,1803.3386254589605,0.6426666666666667,High
C003119,2025-12-31,2086.8230615195507,0.7056666666666667,High
C003120,2025-12-31,3378.3663350583565,0.8148333333333333,Strategic
C003121,2025-12-31,9874.485256376527,0.9966666666666667,Strategic
C003122,2025-12-31,1279.916446668002,0.46316666666666667,Developing
C003123,2025-12-31,2003.7290865155073,0.6911666666666667,High
C003124,2025-12-31,178.7401205270356,0.3463333333333333,Developing
C003125,2025-12-31,5526.863289885973,0.8905,Strategic
C003126,2025-12-31,79.44959881428149,0.29783333333333334,Developing
C003127,2025-12-31,34.38518795629192,0.212,Low
C003128,2025-12-31,18.731979517623834,0.133,Low
C003129,2025-12-31,2976.280897456824,0.7896666666666666,Strategic
C003130,2025-12-31,647.5844522863005,0.38433333333333336,Developing
C003131,2025-12-31,22.665778608983622,0.158,Low
C003132,2025-12-31,376.5951051166409,0.366,Developing
C003133,2025-12-31,58.05454161326318,0.2673333333333333,Developing
C003134,2025-12-31,2111.091804442908,0.7078333333333333,High
C003135,2025-12-31,40.5557230910506,0.23116666666666666,Low
C003136,2025-12-31,7201.348764723304,0.927,Strategic
C003137,2025-12-31,8.91048557976271,0.04583333333333333,Low
C003138,2025-12-31,29.09443855004248,0.19216666666666668,Low
C003139,2025-12-31,9864.544386730186,0.9965,Strategic
C003140,2025-12-31,3220.0436216054118,0.8045,Strategic
C003141,2025-12-31,1461.4869486874006,0.528,High
C003142,2025-12-31,4197.44115728408,0.8533333333333334,Strategic
C003143,2025-12-31,1426.0691521156814,0.5153333333333333,High
C003144,2025-12-31,1098.9633239648035,0.42483333333333334,Developing
C003145,2025-12-31,962.2876593459557,0.4096666666666667,Developing
C003146,2025-12-31,4262.910236282235,0.8565,Strategic
C003147,2025-12-31,3604.2246940686214,0.8265,Strategic
C003148,2025-12-31,9775.857121463274,0.9956666666666667,Strategic
C003149,2025-12-31,892.7993515831128,0.40116666666666667,Developing
C003150,2025-12-31,1083.5160837541416,0.42283333333333334,Developing
C003151,2025-12-31,2307.006022350792,0.7323333333333333,High
C003152,2025-12-31,1605.000035113244,0.5778333333333333,High
C003153,2025-12-31,1744.7018363666136,0.6225,High
C003154,2025-12-31,8406.883024606317,0.9588333333333333,Strategic
C003155,2025-12-31,3261.4565663871376,0.8075,Strategic
C003156,2025-12-31,2067.7445102261822,0.7016666666666667,High
C003157,2025-12-31,971.261358673975,0.4106666666666667,Developing
C003158,2025-12-31,44.77167884793436,0.2415,Low
C003159,2025-12-31,1667.2426612823901,0.6001666666666666,High
C003160,2025-12-31,1276.0111887247288,0.4618333333333333,Developing
C003161,2025-12-31,555.5901534947467,0.3795,Developing
C003162,2025-12-31,1849.778653767157,0.6575,High
C003163,2025-12-31,49.990832548354085,0.252,Developing
C003164,2025-12-31,32.05712490485172,0.204,Low
C003165,2025-12-31,3221.7244013861487,0.8048333333333333,Strategic
C003166,2025-12-31,1279.0924686318153,0.4625,Developing
C003167,2025-12-31,2039.537089929371,0.697,High
C003168,2025-12-31,9382.302390147295,0.9885,Strategic
C003169,2025-12-31,873.8522159866333,0.3995,Developing
C003170,2025-12-31,8.165541363865117,0.0405,Low
C003171,2025-12-31,27.837722268496993,0.18683333333333332,Low
C003172,2025-12-31,3.870136360301959,0.011333333333333334,Low
C003173,2025-12-31,1437.5063804857284,0.5196666666666667,High
C003174,2025-12-31,1814.2017746967865,0.6475,High
C003175,2025-12-31,11.572338250000694,0.074,Low
C003176,2025-12-31,3436.9279462113755,0.8178333333333333,Strategic
C003177,2025-12-31,27.59223239513634,0.1855,Low
C003178,2025-12-31,1730.246236931108,0.6193333333333333,High
C003179,2025-12-31,744.9664271878777,0.39016666666666666,Developing
C003180,2025-12-31,1598.7648981335417,0.576,High
C003181,2025-12-31,41.657695535449044,0.235,Low
C003182,2025-12-31,6023.775184056762,0.9001666666666667,Strategic
C003183,2025-12-31,8.384567521248774,0.042,Low
C003184,2025-12-31,29.459423800113065,0.19383333333333333,Low
C003185,2025-12-31,64.51619453402584,0.2771666666666667,Developing
C003186,2025-12-31,1340.472667811729,0.48483333333333334,Developing
C003187,2025-12-31,8010.539496145438,0.9451666666666667,Strategic
C003188,2025-12-31,25.511423740010887,0.17366666666666666,Low
C003189,2025-12-31,2206.23510344167,0.7195,High
C003190,2025-12-31,7597.5441698935365,0.9345,Strategic
C003191,2025-12-31,6445.0360157593705,0.909,Strategic
C003192,2025-12-31,9624.728488564224,0.993,Strategic
C003193,2025-12-31,1416.0237003450773,0.5105,High
C003194,2025-12-31,3.0717950952416926,0.0075,Low
C003195,2025-12-31,1247.5285049183917,0.4533333333333333,Developing
C003196,2025-12-31,10.772573350977188,0.0645,Low
C003197,2025-12-31,1344.7624514080067,0.4861666666666667,Developing
C003198,2025-12-31,1361.3444836555016,0.4925,Developing
C003199,2025-12-31,1681.8729401115731,0.6051666666666666,High
C003200,2025-12-31,4898.553114050863,0.8755,Strategic
C003201,2025-12-31,1357.3843506584199,0.49066666666666664,Developing
C003202,2025-12-31,2005.8962908426884,0.6916666666666667,High
C003203,2025-12-31,20.033806889696343,0.142,Low
C003204,2025-12-31,7446.7001107748565,0.9321666666666667,Strategic
C003205,2025-12-31,46.8115248036206,0.24616666666666667,Low
C003206,2025-12-31,518.7305992826521,0.37666666666666665,Developing
C003207,2025-12-31,29.59599787947076,0.19516666666666665,Low
C003208,2025-12-31,327.25524055757626,0.36133333333333334,Developing
C003209,2025-12-31,2278.2103755632875,0.7288333333333333,High
C003210,2025-12-31,12.280740993828253,0.0805,Low
C003211,2025-12-31,2824.974135779217,0.7775,Strategic
C003212,2025-12-31,12.852734994915993,0.087,Low
C003213,2025-12-31,80.40833105681301,0.2985,Developing
C003214,2025-12-31,1998.9908450163562,0.6896666666666667,High
C003215,2025-12-31,45.930396639545116,0.24466666666666667,Low
C003216,2025-12-31,6262.939423656354,0.9063333333333333,Strategic
C003217,2025-12-31,69.26772089243977,0.2831666666666667,Developing
C003218,2025-12-31,298.99164077267153,0.36,Developing
C003219,2025-12-31,15.470208164686287,0.10916666666666666,Low
C003220,2025-12-31,739.4788961170892,0.3898333333333333,Developing
C003221,2025-12-31,1141.1148053626384,0.43,Developing
C003222,2025-12-31,24.399779299020512,0.1685,Low
C003223,2025-12-31,1815.2308364912847,0.6481666666666667,High
C003224,2025-12-31,3.1523787680718485,0.008,Low
C003225,2025-12-31,1306.2255006051503,0.4721666666666667,Developing
C003226,2025-12-31,141.0843288236841,0.3388333333333333,Developing
C003227,2025-12-31,1380.1131916330262,0.49783333333333335,Developing
C003228,2025-12-31,29.85506636680534,0.197,Low
C003229,2025-12-31,2078.8701607255716,0.7035,High
C003230,2025-12-31,3630.874586747051,0.828,Strategic
C003231,2025-12-31,8138.042847296912,0.95,Strategic
C003232,2025-12-31,2745.673204618555,0.7691666666666667,Strategic
C003233,2025-12-31,40.674932858381474,0.23183333333333334,Low
C003234,2025-12-31,1911.8035696803572,0.6705,High
C003235,2025-12-31,1478.6176152541898,0.5346666666666666,High
C003236,2025-12-31,16.734659334786155,0.11916666666666667,Low
C003237,2025-12-31,89.34575011562289,0.30533333333333335,Developing
C003238,2025-12-31,8887.499770910184,0.9723333333333334,Strategic
C003239,2025-12-31,7.837010296481916,0.03766666666666667,Low
C003240,2025-12-31,2053.447937424708,0.6998333333333333,High
C003241,2025-12-31,1332.7012811817103,0.48233333333333334,Developing
C003242,2025-12-31,2542.1325426370254,0.7513333333333333,Strategic
C003243,2025-12-31,1475.262365035074,0.5336666666666666,High
C003244,2025-12-31,3.0077558588808726,0.007166666666666667,Low
C003245,2025-12-31,16.919967556766608,0.121,Low
C003246,2025-12-31,37.19276361262928,0.22133333333333333,Low
C003247,2025-12-31,2058.0708494646697,0.7005,High
C003248,2025-12-31,31.20802747746516,0.20016666666666666,Low
C003249,2025-12-31,51.54826773346973,0.255,Developing
C003250,2025-12-31,298.65203449350463,0.35983333333333334,Developing
C003251,2025-12-31,1441.099944034439,0.5205,High
C003252,2025-12-31,1647.0766063643214,0.5933333333333334,High
C003253,2025-12-31,19.01849466127535,0.1355,Low
C003254,2025-12-31,139.8780658988173,0.3385,Developing
C003255,2025-12-31,3466.5868058786923,0.8195,Strategic
C003256,2025-12-31,2941.0837894242345,0.7858333333333334,Strategic
C003257,2025-12-31,716.6329442161694,0.3883333333333333,Developing
C003258,2025-12-31,85.73901517932686,0.30316666666666664,Developing
C003259,2025-12-31,1755.0959174378643,0.6253333333333333,High
C003260,2025-12-31,2855.7933151610673,0.781,Strategic
C003261,2025-12-31,545.6771492652821,0.37883333333333336,Developing
C003262,2025-12-31,2997.8110283866004,0.7913333333333333,Strategic
C003263,2025-12-31,856.6972154913078,0.39866666666666667,Developing
C003264,2025-12-31,1666.9238367461217,0.5998333333333333,High
C003265,2025-12-31,1845.4876196449381,0.6568333333333334,High
C003266,2025-12-31,4800.39374532103,0.874,Strategic
C003267,2025-12-31,7021.676747328059,0.9221666666666667,Strategic
C003268,2025-12-31,1590.8804958616909,0.5738333333333333,High
C003269,2025-12-31,2850.225714774324,0.78,Strategic
C003270,2025-12-31,2258.7991814449697,0.7263333333333334,High
C003271,2025-12-31,8464.757892908414,0.9603333333333334,Strategic
C003272,2025-12-31,1988.5500911160461,0.6866666666666666,High
C003273,2025-12-31,1017.8863186649371,0.415,Developing
C003274,2025-12-31,38.37056332726617,0.22483333333333333,Low
C003275,2025-12-31,19.522914845966493,0.13733333333333334,Low
C003276,2025-12-31,1177.812168586632,0.43666666666666665,Developing
C003277,2025-12-31,1747.0374429389144,0.6231666666666666,High
C003278,2025-12-31,212.4996164305067,0.35283333333333333,Developing
C003279,2025-12-31,1094.021471101913,0.42433333333333334,Developing
C003280,2025-12-31,1795.7439032730192,0.6396666666666667,High
C003281,2025-12-31,622.9988507305658,0.383,Developing
C003282,2025-12-31,2627.300611392616,0.76,Strategic
C003283,2025-12-31,5109.2872010307065,0.8806666666666667,Strategic
C003284,2025-12-31,7146.802195297029,0.9258333333333333,Strategic
C003285,2025-12-31,2380.687841412175,0.738,High
C003286,2025-12-31,3862.278012245419,0.8403333333333334,Strategic
C003287,2025-12-31,696.4343769385316,0.3868333333333333,Developing
C003288,2025-12-31,37.89298457692881,0.22283333333333333,Low
C003289,2025-12-31,2856.573332380881,0.7811666666666667,Strategic
C003290,2025-12-31,8148.649863004585,0.9501666666666667,Strategic
C003291,2025-12-31,4903.627475436205,0.8758333333333334,Strategic
C003292,2025-12-31,2427.1835206371898,0.7426666666666667,High
C003293,2025-12-31,1449.548908835762,0.5233333333333333,High
C003294,2025-12-31,553.3801717840746,0.37933333333333336,Developing
C003295,2025-12-31,25.29230747997121,0.1725,Low
C003296,2025-12-31,1528.6091891779274,0.5523333333333333,High
C003297,2025-12-31,1323.6040632648098,0.478,Developing
C003298,2025-12-31,21.09852887327688,0.14933333333333335,Low
C003299,2025-12-31,6084.647886848401,0.9021666666666667,Strategic
C003300,2025-12-31,1932.9686533189072,0.6753333333333333,High
C003301,2025-12-31,3967.180920185305,0.8446666666666667,Strategic
C003302,2025-12-31,1507.7804150297748,0.5435,High
C003303,2025-12-31,13.113709004893453,0.09033333333333333,Low
C003304,2025-12-31,197.2126056482465,0.3496666666666667,Developing
C003305,2025-12-31,3573.506080706184,0.8255,Strategic
C003306,2025-12-31,114.73363935761999,0.327,Developing
C003307,2025-12-31,6818.223343553053,0.9186666666666666,Strategic
C003308,2025-12-31,6129.502115492817,0.9026666666666666,Strategic
C003309,2025-12-31,2023.9108468850545,0.6948333333333333,High
C003310,2025-12-31,7.982473445368925,0.039,Low
C003311,2025-12-31,7.625168880477676,0.035166666666666666,Low
C003312,2025-12-31,305.79825219481893,0.36033333333333334,Developing
C003313,2025-12-31,1048.1530919098657,0.4175,Developing
C003314,2025-12-31,1213.9476568145265,0.44433333333333336,Developing
C003315,2025-12-31,2103.175203660945,0.7073333333333334,High
C003316,2025-12-31,38.85846723826646,0.22666666666666666,Low
C003317,2025-12-31,372.6408346612457,0.3655,Developing
C003318,2025-12-31,42.385169777897296,0.23766666666666666,Low
C003319,2025-12-31,846.188074780094,0.39766666666666667,Developing
C003320,2025-12-31,7172.297724528558,0.9261666666666667,Strategic
C003321,2025-12-31,1043.9413515821716,0.41683333333333333,Developing
C003322,2025-12-31,2072.3741944266217,0.7021666666666667,High
C003323,2025-12-31,1684.5002656432587,0.6056666666666667,High
C003324,2025-12-31,65.21489627433176,0.2778333333333333,Developing
C003325,2025-12-31,5630.1966628132495,0.8925,Strategic
C003326,2025-12-31,12.05194760848085,0.078,Low
C003327,2025-12-31,8966.720221460577,0.9756666666666667,Strategic
C003328,2025-12-31,1198.4422452975696,0.44066666666666665,Developing
C003329,2025-12-31,9978.491155630141,0.9973333333333333,Strategic
C003330,2025-12-31,1209.3707239862736,0.44283333333333336,Developing
C003331,2025-12-31,2174.0856355100714,0.7146666666666667,High
C003332,2025-12-31,9479.421235268823,0.9903333333333333,Strategic
C003333,2025-12-31,1051.4799486447805,0.4185,Developing
C003334,2025-12-31,20.76188151025995,0.147,Low
C003335,2025-12-31,3087.6935429238747,0.7976666666666666,Strategic
C003336,2025-12-31,3985.1681847716695,0.8458333333333333,Strategic
C003337,2025-12-31,2254.922811696157,0.7255,High
C003338,2025-12-31,9.48421040611863,0.051333333333333335,Low
C003339,2025-12-31,4176.467239535773,0.8523333333333334,Strategic
C003340,2025-12-31,2785.081895646783,0.7738333333333334,Strategic
C003341,2025-12-31,1730.5738452739206,0.6195,High
C003342,2025-12-31,1525.8785907469128,0.5513333333333333,High
C003343,2025-12-31,1902.549910725937,0.6695,High
C003344,2025-12-31,1389.4154944604206,0.5015,High
C003345,2025-12-31,5684.962865071457,0.8935,Strategic
C003346,2025-12-31,7239.586709240662,0.928,Strategic
C003347,2025-12-31,532.4239491167958,0.37783333333333335,Developing
C003348,2025-12-31,14.401117737317461,0.10133333333333333,Low
C003349,2025-12-31,1249.0191688867574,0.4538333333333333,Developing
C003350,2025-12-31,1698.030396420073,0.6098333333333333,High
C003351,2025-12-31,60.75668527698132,0.2703333333333333,Developing
C003352,2025-12-31,7112.824884239744,0.9241666666666667,Strategic
C003353,2025-12-31,3737.3725758080445,0.8336666666666667,Strategic
C003354,2025-12-31,1751.241372258891,0.6248333333333334,High
C003355,2025-12-31,1896.0243917404616,0.6681666666666667,High
C003356,2025-12-31,895.1147322692626,0.40166666666666667,Developing
C003357,2025-12-31,1058.2310082221734,0.4195,Developing
C003358,2025-12-31,15.177477211027325,0.10616666666666667,Low
C003359,2025-12-31,13.184413938745754,0.09133333333333334,Low
C003360,2025-12-31,6626.871012168149,0.9138333333333334,Strategic
C003361,2025-12-31,207.5463621974462,0.3516666666666667,Developing
C003362,2025-12-31,1143.60701127158,0.4305,Developing
C003363,2025-12-31,2053.5390064320045,0.7,High
C003364,2025-12-31,18.45100419672412,0.13016666666666668,Low
C003365,2025-12-31,27.06906511233789,0.18333333333333332,Low
C003366,2025-12-31,102.7444756982042,0.31816666666666665,Developing
C003367,2025-12-31,5960.47124603826,0.8986666666666666,Strategic
C003368,2025-12-31,35.47709970923678,0.21616666666666667,Low
C003369,2025-12-31,1592.9746602455396,0.5741666666666667,High
C003370,2025-12-31,4573.6618691357435,0.868,Strategic
C003371,2025-12-31,97.45146636042195,0.31366666666666665,Developing
C003372,2025-12-31,62.69295844164861,0.27366666666666667,Developing
C003373,2025-12-31,2800.3229517341338,0.775,Strategic
C003374,2025-12-31,44.2926921818474,0.2405,Low
C003375,2025-12-31,72.3400584836745,0.28883333333333333,Developing
C003376,2025-12-31,14.600953149225782,0.10216666666666667,Low
C003377,2025-12-31,403.73639407915095,0.36866666666666664,Developing
C003378,2025-12-31,8782.231602004858,0.9696666666666667,Strategic
C003379,2025-12-31,1574.5297714690444,0.5681666666666667,High
C003380,2025-12-31,3230.2651513078204,0.8056666666666666,Strategic
C003381,2025-12-31,27.39632326870401,0.1845,Low
C003382,2025-12-31,15.53043846905126,0.10966666666666666,Low
C003383,2025-12-31,7736.399625631243,0.9376666666666666,Strategic
C003384,2025-12-31,5333.045939438249,0.8848333333333334,Strategic
C003385,2025-12-31,617.8195698468651,0.38266666666666665,Developing
C003386,2025-12-31,97.23731531798552,0.3135,Developing
C003387,2025-12-31,186.28815026492381,0.3476666666666667,Developing
C003388,2025-12-31,79.20077085203981,0.2966666666666667,Developing
C003389,2025-12-31,1114.9756338651364,0.4265,Developing
C003390,2025-12-31,25.65305462438828,0.175,Low
C003391,2025-12-31,1808.7616438352825,0.645,High
C003392,2025-12-31,26.71783041877808,0.18183333333333335,Low
C003393,2025-12-31,4640.733690803002,0.8686666666666667,Strategic
C003394,2025-12-31,56.98013258420756,0.265,Developing
C003395,2025-12-31,634.0303312903649,0.38366666666666666,Developing
C003396,2025-12-31,1099.1198128530457,0.425,Developing
C003397,2025-12-31,418.73344819134576,0.37066666666666664,Developing
C003398,2025-12-31,1912.0580098717728,0.6708333333333333,High
C003399,2025-12-31,8.058400923140045,0.03966666666666667,Low
C003400,2025-12-31,1219.6887071751385,0.44616666666666666,Developing
C003401,2025-12-31,3570.6104762882123,0.8251666666666667,Strategic
C003402,2025-12-31,6064.643537232112,0.9016666666666666,Strategic
C003403,2025-12-31,1463.167000507285,0.5286666666666666,High
C003404,2025-12-31,880.62185854531,0.4003333333333333,Developing
C003405,2025-12-31,1960.0386501966632,0.68,High
C003406,2025-12-31,110.16392879405018,0.324,Developing
C003407,2025-12-31,817.1434071991582,0.3953333333333333,Developing
C003408,2025-12-31,97.15927841189517,0.31333333333333335,Developing
C003409,2025-12-31,20.570329616750314,0.146,Low
C003410,2025-12-31,1327.6093600372863,0.4806666666666667,Developing
C003411,2025-12-31,4609.822443824059,0.8683333333333333,Strategic
C003412,2025-12-31,141.4083478472987,0.3393333333333333,Developing
C003413,2025-12-31,1598.2842870889485,0.5756666666666667,High
C003414,2025-12-31,1522.2237437195727,0.5488333333333333,High
C003415,2025-12-31,1502.7334900123656,0.5418333333333333,High
C003416,2025-12-31,11.043583990749006,0.06733333333333333,Low
C003417,2025-12-31,11.500234695755557,0.073,Low
C003418,2025-12-31,1427.1214559736939,0.5158333333333334,High
C003419,2025-12-31,8666.299940226781,0.966,Strategic
C003420,2025-12-31,2995.719118254229,0.7911666666666667,Strategic
C003421,2025-12-31,6058.547851504462,0.9013333333333333,Strategic
C003422,2025-12-31,98.06253293990127,0.31483333333333335,Developing
C003423,2025-12-31,17.716443662212168,0.12466666666666666,Low
C003424,2025-12-31,1235.5517221744415,0.4505,Developing
C003425,2025-12-31,14.345739082217078,0.10066666666666667,Low
C003426,2025-12-31,927.6821533453406,0.406,Developing
C003427,2025-12-31,40.606760153157076,0.2315,Low
C003428,2025-12-31,31.946038057447595,0.203,Low
C003429,2025-12-31,8954.784999269341,0.9753333333333334,Strategic
C003430,2025-12-31,29.792311397676144,0.1965,Low
C003431,2025-12-31,1662.2598675787776,0.5978333333333333,High
C003432,2025-12-31,492.5712934996899,0.37466666666666665,Developing
C003433,2025-12-31,2670.66378758402,0.7628333333333334,Strategic
C003434,2025-12-31,2872.555373926022,0.7823333333333333,Strategic
C003435,2025-12-31,33.76018821126196,0.2095,Low
C003436,2025-12-31,2624.500397007673,0.7598333333333334,Strategic
C003437,2025-12-31,9812.336932671167,0.9958333333333333,Strategic
C003438,2025-12-31,1868.8047912441068,0.6628333333333334,High
C003439,2025-12-31,32.515881274501865,0.20566666666666666,Low
C003440,2025-12-31,2409.2479812594656,0.7408333333333333,High
C003441,2025-12-31,46.51085063209258,0.24566666666666667,Low
C003442,2025-12-31,8280.176259389325,0.9545,Strategic
C003443,2025-12-31,1381.4017406505495,0.49816666666666665,Developing
C003444,2025-12-31,1880.960467683476,0.6656666666666666,High
C003445,2025-12-31,900.7119089060549,0.4021666666666667,Developing
C003446,2025-12-31,37.44270320463362,0.222,Low
C003447,2025-12-31,22.705596511793843,0.15833333333333333,Low
C003448,2025-12-31,1569.022620577965,0.5661666666666667,High
C003449,2025-12-31,204.18208392600664,0.351,Developing
C003450,2025-12-31,615.9076948966773,0.3825,Developing
C003451,2025-12-31,12.145074437063892,0.07883333333333334,Low
C003452,2025-12-31,2986.593975989114,0.7903333333333333,Strategic
C003453,2025-12-31,42.48799076353672,0.23783333333333334,Low
C003454,2025-12-31,1665.279541382353,0.5993333333333334,High
C003455,2025-12-31,9.462924644420099,0.050833333333333335,Low
C003456,2025-12-31,7092.989782337995,0.924,Strategic
C003457,2025-12-31,4329.829006954162,0.86,Strategic
C003458,2025-12-31,186.7158445155228,0.3478333333333333,Developing
C003459,2025-12-31,18.15973688087189,0.128,Low
C003460,2025-12-31,41.43996306191608,0.234,Low
C003461,2025-12-31,1202.2093049267273,0.44133333333333336,Developing
C003462,2025-12-31,1662.3687071951522,0.598,High
C003463,2025-12-31,27.738622707030874,0.18616666666666667,Low
C003464,2025-12-31,15.679175522508448,0.11116666666666666,Low
C003465,2025-12-31,3219.2091926829958,0.8041666666666667,Strategic
C003466,2025-12-31,9314.61562510851,0.986,Strategic
C003467,2025-12-31,491.8301389549376,0.3745,Developing
C003468,2025-12-31,1260.468276301087,0.4563333333333333,Developing
C003469,2025-12-31,4324.193952668469,0.8591666666666666,Strategic
C003470,2025-12-31,15.691067997598761,0.1115,Low
C003471,2025-12-31,175.8246372239542,0.3458333333333333,Developing
C003472,2025-12-31,1381.6574686211018,0.49833333333333335,Developing
C003473,2025-12-31,69.81504327366947,0.285,Developing
C003474,2025-12-31,2114.555419776789,0.7081666666666667,High
C003475,2025-12-31,31.23501276728947,0.20033333333333334,Low
C003476,2025-12-31,1414.0861939454649,0.5101666666666667,High
C003477,2025-12-31,14.793747887831165,0.10366666666666667,Low
C003478,2025-12-31,1177.230235696163,0.4365,Developing
C003479,2025-12-31,40.00502484026116,0.22916666666666666,Low
C003480,2025-12-31,221.85857034326602,0.354,Developing
C003481,2025-12-31,3.808124580563852,0.010833333333333334,Low
C003482,2025-12-31,15.778874042879822,0.11166666666666666,Low
C003483,2025-12-31,3613.9142293458185,0.8271666666666667,Strategic
C003484,2025-12-31,5897.934461449501,0.8975,Strategic
C003485,2025-12-31,29.694694386427802,0.196,Low
C003486,2025-12-31,1446.620615091398,0.5225,High
C003487,2025-12-31,25.136444639163372,0.17166666666666666,Low
C003488,2025-12-31,190.45833505877306,0.3486666666666667,Developing
C003489,2025-12-31,2263.8602012275283,0.7266666666666667,High
C003490,2025-12-31,19.841190691351056,0.1405,Low
C003491,2025-12-31,115.77033577987854,0.3278333333333333,Developing
C003492,2025-12-31,6455.807030607394,0.9093333333333333,Strategic
C003493,2025-12-31,62.41635070208308,0.27316666666666667,Developing
C003494,2025-12-31,1764.6527322509348,0.6285,High
C003495,2025-12-31,3011.077878523072,0.7926666666666666,Strategic
C003496,2025-12-31,70.97556672818145,0.28733333333333333,Developing
C003497,2025-12-31,16.4333504441103,0.1165,Low
C003498,2025-12-31,1617.6191951326432,0.5821666666666667,High
C003499,2025-12-31,50.92923527045799,0.25416666666666665,Developing
C003500,2025-12-31,4157.472443010723,0.8516666666666667,Strategic
C003501,2025-12-31,1349.4313807911249,0.48783333333333334,Developing
C003502,2025-12-31,65.82845207847248,0.2788333333333333,Developing
C003503,2025-12-31,7478.579829221081,0.9326666666666666,Strategic
C003504,2025-12-31,9610.204745998173,0.9928333333333333,Strategic
C003505,2025-12-31,4531.628256794421,0.8665,Strategic
C003506,2025-12-31,22.186208491676027,0.15566666666666668,Low
C003507,2025-12-31,2135.7590794105367,0.7106666666666667,High
C003508,2025-12-31,4149.288918838399,0.8508333333333333,Strategic
C003509,2025-12-31,10.468556475131818,0.06066666666666667,Low
C003510,2025-12-31,1776.5524449132267,0.6338333333333334,High
C003511,2025-12-31,135.76497428527537,0.33716666666666667,Developing
C003512,2025-12-31,6356.917068434783,0.9076666666666666,Strategic
C003513,2025-12-31,4157.122501471439,0.8515,Strategic
C003514,2025-12-31,8872.668447818183,0.972,Strategic
C003515,2025-12-31,10.748843740997964,0.06383333333333334,Low
C003516,2025-12-31,147.7187464496142,0.3403333333333333,Developing
C003517,2025-12-31,27.6342783279784,0.18583333333333332,Low
C003518,2025-12-31,9180.150202702447,0.9831666666666666,Strategic
C003519,2025-12-31,51.14099385125522,0.2545,Developing
C003520,2025-12-31,34.18643821146203,0.21066666666666667,Low
C003521,2025-12-31,1802.4570212606184,0.6418333333333334,High
C003522,2025-12-31,619.1421932448068,0.38283333333333336,Developing
C003523,2025-12-31,8152.824200220101,0.9503333333333334,Strategic
C003524,2025-12-31,146.78962424914445,0.3398333333333333,Developing
C003525,2025-12-31,107.23161599858335,0.322,Developing
C003526,2025-12-31,3049.0186576860624,0.7945,Strategic
C003527,2025-12-31,11.884204714118182,0.07633333333333334,Low
C003528,2025-12-31,1732.000387633849,0.6198333333333333,High
C003529,2025-12-31,27.703275253391645,0.186,Low
C003530,2025-12-31,370.0194316926892,0.365,Developing
C003531,2025-12-31,2846.6149548987105,0.7796666666666666,Strategic
C003532,2025-12-31,11.615962548288877,0.0745,Low
C003533,2025-12-31,13.946935048214254,0.09716666666666667,Low
C003534,2025-12-31,8370.738277771497,0.9575,Strategic
C003535,2025-12-31,1649.318818022895,0.5941666666666666,High
C003536,2025-12-31,38.38823077963946,0.22516666666666665,Low
C003537,2025-12-31,1386.4664882911052,0.5008333333333334,High
C003538,2025-12-31,63.92073867692129,0.2763333333333333,Developing
C003539,2025-12-31,108.17612132301065,0.32283333333333336,Developing
C003540,2025-12-31,3231.8203236753156,0.8058333333333333,Strategic
C003541,2025-12-31,1815.4478315777387,0.6483333333333333,High
C003542,2025-12-31,1851.2085367153713,0.6581666666666667,High
C003543,2025-12-31,3016.7309125573393,0.793,Strategic
C003544,2025-12-31,1263.4301747855636,0.4575,Developing
C003545,2025-12-31,2048.443845781942,0.6986666666666667,High
C003546,2025-12-31,2862.979473365418,0.7818333333333334,Strategic
C003547,2025-12-31,8.026490622012671,0.03933333333333333,Low
C003548,2025-12-31,1498.5401295284244,0.5406666666666666,High
C003549,2025-12-31,97.7329279480836,0.3145,Developing
C003550,2025-12-31,118.82709357277047,0.3295,Developing
C003551,2025-12-31,1387.2555110839405,0.501,High
C003552,2025-12-31,1690.3656177211928,0.6068333333333333,High
C003553,2025-12-31,939.7047325972984,0.4075,Developing
C003554,2025-12-31,726.0873750978127,0.389,Developing
C003555,2025-12-31,7.6248109446145635,0.035,Low
C003556,2025-12-31,4016.4673709201816,0.8463333333333334,Strategic
C003557,2025-12-31,1018.0147424772192,0.4151666666666667,Developing
C003558,2025-12-31,93.7962735904212,0.309,Developing
C003559,2025-12-31,24.24424036644746,0.16766666666666666,Low
C003560,2025-12-31,1254.8171388349094,0.4548333333333333,Developing
C003561,2025-12-31,2007.057502468484,0.692,High
C003562,2025-12-31,1020.9086845504123,0.41533333333333333,Developing
C003563,2025-12-31,207.38285908963346,0.3515,Developing
C003564,2025-12-31,44.46332439672398,0.24083333333333334,Low
C003565,2025-12-31,1830.257672353199,0.6533333333333333,High
C003566,2025-12-31,1885.8836720019835,0.6671666666666667,High
C003567,2025-12-31,1209.320463115774,0.44266666666666665,Developing
C003568,2025-12-31,1781.1370796380056,0.6348333333333334,High
C003569,2025-12-31,29.284074367022356,0.193,Low
C003570,2025-12-31,1787.4214437017222,0.6375,High
C003571,2025-12-31,1184.3105167549006,0.43766666666666665,Developing
C003572,2025-12-31,21.102888996586973,0.1495,Low
C003573,2025-12-31,54.389962141907255,0.2595,Developing
C003574,2025-12-31,79.27495761425051,0.29733333333333334,Developing
C003575,2025-12-31,2217.235087010142,0.7215,High
C003576,2025-12-31,7743.490181072094,0.938,Strategic
C003577,2025-12-31,22.60369145718721,0.15766666666666668,Low
C003578,2025-12-31,61.67576951211095,0.2715,Developing
C003579,2025-12-31,8339.45094391439,0.9568333333333333,Strategic
C003580,2025-12-31,1468.0786612668135,0.5313333333333333,High
C003581,2025-12-31,1826.1533643534954,0.651,High
C003582,2025-12-31,17.768782004383556,0.12483333333333334,Low
C003583,2025-12-31,461.7483778960821,0.37283333333333335,Developing
C003584,2025-12-31,14.12175037565285,0.09866666666666667,Low
C003585,2025-12-31,1316.5011877331467,0.4751666666666667,Developing
C003586,2025-12-31,1961.3429234354264,0.6805,High
C003587,2025-12-31,7178.093503339043,0.9265,Strategic
C003588,2025-12-31,23.84604419718994,0.16516666666666666,Low
C003589,2025-12-31,63.24754428978986,0.275,Developing
C003590,2025-12-31,24.71834114276799,0.1705,Low
C003591,2025-12-31,7.03148754241571,0.031166666666666665,Low
C003592,2025-12-31,10.486234182477647,0.061,Low
C003593,2025-12-31,1433.0471124636092,0.518,High
C003594,2025-12-31,36.54986896847837,0.22016666666666668,Low
C003595,2025-12-31,3535.145318294774,0.8228333333333333,Strategic
C003596,2025-12-31,7946.180954909253,0.943,Strategic
C003597,2025-12-31,9860.855676904186,0.9963333333333333,Strategic
C003598,2025-12-31,1293.1006619812617,0.4675,Developing
C003599,2025-12-31,81.99077585032688,0.29983333333333334,Developing
C003600,2025-12-31,90.2445446691849,0.30616666666666664,Developing
C003601,2025-12-31,1785.3412187660902,0.6366666666666667,High
C003602,2025-12-31,75.1900062933695,0.2915,Developing
C003603,2025-12-31,19.531272431088464,0.13766666666666666,Low
C003604,2025-12-31,864.2599098669787,0.399,Developing
C003605,2025-12-31,1503.058074476596,0.542,High
C003606,2025-12-31,1804.93681494404,0.6435,High
C003607,2025-12-31,21.704958441947948,0.153,Low
C003608,2025-12-31,809.0807550579394,0.3943333333333333,Developing
C003609,2025-12-31,51.31978471747074,0.25483333333333336,Developing
C003610,2025-12-31,1255.1482192003107,0.455,Developing
C003611,2025-12-31,63.534216725760004,0.27566666666666667,Developing
C003612,2025-12-31,5938.521216396718,0.898,Strategic
C003613,2025-12-31,728.9994802056555,0.38916666666666666,Developing
C003614,2025-12-31,1624.6512995336177,0.5845,High
C003615,2025-12-31,6678.277545423892,0.915,Strategic
C003616,2025-12-31,3915.876860854722,0.843,Strategic
C003617,2025-12-31,106.02030837562555,0.32116666666666666,Developing
C003618,2025-12-31,1616.708123136425,0.5818333333333333,High
C003619,2025-12-31,11.217970836947504,0.07016666666666667,Low
C003620,2025-12-31,7364.71649509406,0.9296666666666666,Strategic
C003621,2025-12-31,27.87964263804382,0.18733333333333332,Low
C003622,2025-12-31,1643.5885981622052,0.5915,High
C003623,2025-12-31,3086.916329552155,0.7975,Strategic
C003624,2025-12-31,2795.3961001845873,0.7748333333333334,Strategic
C003625,2025-12-31,31.20507640126363,0.2,Low
C003626,2025-12-31,1693.0443403279921,0.6088333333333333,High
C003627,2025-12-31,1973.248197936591,0.6831666666666667,High
C003628,2025-12-31,55.02991190589853,0.261,Developing
C003629,2025-12-31,2289.6770863948873,0.7301666666666666,High
C003630,2025-12-31,2084.029213731155,0.7048333333333333,High
C003631,2025-12-31,215.3450076176958,0.3536666666666667,Developing
C003632,2025-12-31,97.79462924277007,0.31466666666666665,Developing
C003633,2025-12-31,1279.7796864167753,0.463,Developing
C003634,2025-12-31,2215.249521808778,0.7211666666666666,High
C003635,2025-12-31,32.9171364590003,0.20716666666666667,Low
C003636,2025-12-31,674.7607918009768,0.38566666666666666,Developing
C003637,2025-12-31,139.70905383727884,0.3383333333333333,Developing
C003638,2025-12-31,1862.8202449694897,0.6613333333333333,High
C003639,2025-12-31,71.7872903126964,0.288,Developing
C003640,2025-12-31,2020.2834830085546,0.6938333333333333,High
C003641,2025-12-31,1699.1422194576637,0.6101666666666666,High
C003642,2025-12-31,1619.331211314472,0.583,High
C003643,2025-12-31,23.88879499878754,0.16566666666666666,Low
C003644,2025-12-31,1323.6890915261995,0.4781666666666667,Developing
C003645,2025-12-31,893.7380453151758,0.4015,Developing
C003646,2025-12-31,380.5078715077616,0.36616666666666664,Developing
C003647,2025-12-31,15.58309425207239,0.11033333333333334,Low
C003648,2025-12-31,9026.78321908618,0.9778333333333333,Strategic
C003649,2025-12-31,6959.708777056673,0.9211666666666667,Strategic
C003650,2025-12-31,7970.972476141438,0.9435,Strategic
C003651,2025-12-31,2171.9006272936103,0.714,High
C003652,2025-12-31,68.04287086120715,0.2818333333333333,Developing
C003653,2025-12-31,477.1545540780313,0.37366666666666665,Developing
C003654,2025-12-31,2141.1717469358955,0.7118333333333333,High
C003655,2025-12-31,2077.462098716959,0.7031666666666667,High
C003656,2025-12-31,94.70356804222408,0.31033333333333335,Developing
C003657,2025-12-31,10.971438093517888,0.06683333333333333,Low
C003658,2025-12-31,3613.8544249296688,0.827,Strategic
C003659,2025-12-31,1829.9117603518646,0.653,High
C003660,2025-12-31,84.36801256428105,0.30216666666666664,Developing
C003661,2025-12-31,1476.7198331662555,0.5343333333333333,High
C003662,2025-12-31,1913.9188213369753,0.6713333333333333,High
C003663,2025-12-31,1401.0707381120346,0.5053333333333333,High
C003664,2025-12-31,1168.7702813405244,0.4345,Developing
C003665,2025-12-31,8229.068163226622,0.9533333333333334,Strategic
C003666,2025-12-31,1225.8758800552846,0.44816666666666666,Developing
C003667,2025-12-31,3983.412764033426,0.8456666666666667,Strategic
C003668,2025-12-31,1725.2105624890128,0.6176666666666667,High
C003669,2025-12-31,100.18325739413939,0.31666666666666665,Developing
C003670,2025-12-31,34.40663793151456,0.21216666666666667,Low
C003671,2025-12-31,65.38547433271026,0.2781666666666667,Developing
C003672,2025-12-31,1261.7008424081553,0.4565,Developing
C003673,2025-12-31,3360.7609487820487,0.8141666666666667,Strategic
C003674,2025-12-31,3.5957206720680754,0.01,Low
C003675,2025-12-31,2075.4292502908797,0.7028333333333333,High
C003676,2025-12-31,4130.918459420685,0.85,Strategic
C003677,2025-12-31,13.64927165799174,0.09533333333333334,Low
C003678,2025-12-31,13.627541021008378,0.09483333333333334,Low
C003679,2025-12-31,2085.2410281124353,0.705,High
C003680,2025-12-31,23.520228253577194,0.163,Low
C003681,2025-12-31,494.9831588142958,0.375,Developing
C003682,2025-12-31,371.14099925993435,0.36533333333333334,Developing
C003683,2025-12-31,40.210534919570186,0.23016666666666666,Low
C003684,2025-12-31,41.64392422419137,0.23466666666666666,Low
C003685,2025-12-31,1549.9999001622823,0.5595,High
C003686,2025-12-31,1802.5694528496902,0.642,High
C003687,2025-12-31,17.71270955612162,0.1245,Low
C003688,2025-12-31,2942.5216100598236,0.786,Strategic
C003689,2025-12-31,96.28838587809608,0.3125,Developing
C003690,2025-12-31,887.0327533740566,0.401,Developing
C003691,2025-12-31,361.93453100806914,0.3641666666666667,Developing
C003692,2025-12-31,8121.322057969262,0.9488333333333333,Strategic
C003693,2025-12-31,1891.1003598691789,0.6675,High
C003694,2025-12-31,23.649358136184073,0.16416666666666666,Low
C003695,2025-12-31,4.4272009370265515,0.015666666666666666,Low
C003696,2025-12-31,4692.7932878560305,0.8708333333333333,Strategic
C003697,2025-12-31,20.594379186454038,0.14633333333333334,Low
C003698,2025-12-31,1354.763007896193,0.48966666666666664,Developing
C003699,2025-12-31,1964.1975467565708,0.681,High
C003700,2025-12-31,29.24755288527401,0.19283333333333333,Low
C003701,2025-12-31,68.68789212800637,0.2825,Developing
C003702,2025-12-31,26.290518071873745,0.1785,Low
C003703,2025-12-31,1450.3465550349479,0.5236666666666666,High
C003704,2025-12-31,15.171253924266805,0.106,Low
C003705,2025-12-31,7.613897187381623,0.034833333333333334,Low
C003706,2025-12-31,160.4339318129044,0.3435,Developing
C003707,2025-12-31,5042.479131938097,0.8788333333333334,Strategic
C003708,2025-12-31,1393.3103665814854,0.5038333333333334,High
C003709,2025-12-31,1811.4185418957074,0.6461666666666667,High
C003710,2025-12-31,4.244817553911958,0.014333333333333333,Low
C003711,2025-12-31,2298.5609513593818,0.7313333333333333,High
C003712,2025-12-31,1557.2716559890807,0.5623333333333334,High
C003713,2025-12-31,1430.0650681576017,0.5166666666666667,High
C003714,2025-12-31,3061.6576088152,0.7958333333333333,Strategic
C003715,2025-12-31,13.640850177158066,0.09508333333333334,Low
C003716,2025-12-31,67.5048189597388,0.2805,Developing
C003717,2025-12-31,1454.3363860717168,0.5248333333333334,High
C003718,2025-12-31,1640.209722369218,0.5901666666666666,High
C003719,2025-12-31,4219.560905403551,0.8541666666666666,Strategic
C003720,2025-12-31,1930.7197797588276,0.6745,High
C003721,2025-12-31,595.2667970916597,0.38166666666666665,Developing
C003722,2025-12-31,99.22362267128432,0.316,Developing
C003723,2025-12-31,4073.434575529458,0.8483333333333334,Strategic
C003724,2025-12-31,2575.71556030016,0.7545,Strategic
C003725,2025-12-31,388.19659729921585,0.36683333333333334,Developing
C003726,2025-12-31,89.18386775761444,0.30516666666666664,Developing
C003727,2025-12-31,4207.934731911874,0.8536666666666667,Strategic
C003728,2025-12-31,2566.929723026159,0.7538333333333334,Strategic
C003729,2025-12-31,4369.033202004698,0.8611666666666666,Strategic
C003730,2025-12-31,1705.0714492604413,0.6118333333333333,High
C003731,2025-12-31,188.7869344119255,0.34833333333333333,Developing
C003732,2025-12-31,1750.7167501713623,0.6241666666666666,High
C003733,2025-12-31,1486.83370538359,0.5375,High
C003734,2025-12-31,880.5225917386194,0.40016666666666667,Developing
C003735,2025-12-31,3699.1911814097866,0.832,Strategic
C003736,2025-12-31,1896.7716954768541,0.6685,High
C003737,2025-12-31,10.339995753587546,0.0585,Low
C003738,2025-12-31,1592.35135800192,0.574,High
C003739,2025-12-31,61.958564025853086,0.272,Developing
C003740,2025-12-31,3348.953843583372,0.8131666666666667,Strategic
C003741,2025-12-31,10.365514718788175,0.059,Low
C003742,2025-12-31,2185.192618946283,0.7166666666666667,High
C003743,2025-12-31,26.956745519051847,0.18266666666666667,Low
C003744,2025-12-31,11.331503744607712,0.0715,Low
C003745,2025-12-31,1806.6274814898882,0.644,High
C003746,2025-12-31,791.4011153141735,0.39266666666666666,Developing
C003747,2025-12-31,1325.8335528629048,0.4795,Developing
C003748,2025-12-31,95.7169607731833,0.31166666666666665,Developing
C003749,2025-12-31,7802.898999713908,0.9393333333333334,Strategic
C003750,2025-12-31,1516.688533529303,0.5478333333333333,High
C003751,2025-12-31,1712.3667948068219,0.614,High
C003752,2025-12-31,1567.5989311219726,0.5655,High
C003753,2025-12-31,22.68892465650337,0.15816666666666668,Low
C003754,2025-12-31,3176.9449479030477,0.8021666666666667,Strategic
C003755,2025-12-31,7655.562752650014,0.936,Strategic
C003756,2025-12-31,2589.760453345555,0.7561666666666667,Strategic
C003757,2025-12-31,2154.1977026810364,0.7131666666666666,High
C003758,2025-12-31,8903.00901917089,0.9736666666666667,Strategic
C003759,2025-12-31,9.113885092950177,0.048,Low
C003760,2025-12-31,28.55076507487001,0.1895,Low
C003761,2025-12-31,2690.571339005986,0.765,Strategic
C003762,2025-12-31,1464.7163521008774,0.5296666666666666,High
C003763,2025-12-31,67.80536627945038,0.2811666666666667,Developing
C003764,2025-12-31,1463.3903306266668,0.5288333333333334,High
C003765,2025-12-31,21.995648245512868,0.15533333333333332,Low
C003766,2025-12-31,1645.3106421396071,0.5925,High
C003767,2025-12-31,1311.3347967127472,0.4735,Developing
C003768,2025-12-31,1545.3845204501015,0.5583333333333333,High
C003769,2025-12-31,1329.1482144381189,0.481,Developing
C003770,2025-12-31,33.782119010978796,0.20966666666666667,Low
C003771,2025-12-31,1594.056212717109,0.5745,High
C003772,2025-12-31,1282.2732750481075,0.4638333333333333,Developing
C003773,2025-12-31,8.441765093862601,0.042666666666666665,Low
C003774,2025-12-31,1929.7483778848648,0.6741666666666667,High
C003775,2025-12-31,57.00183507449863,0.2653333333333333,Developing
C003776,2025-12-31,9.962337699329135,0.055,Low
C003777,2025-12-31,1416.7474365125843,0.5108333333333334,High
C003778,2025-12-31,8668.845003547449,0.9663333333333334,Strategic
C003779,2025-12-31,8698.93935276702,0.9675,Strategic
C003780,2025-12-31,1537.3928926836256,0.5565,High
C003781,2025-12-31,5180.020311791582,0.882,Strategic
C003782,2025-12-31,3043.519863807626,0.794,Strategic
C003783,2025-12-31,2669.8384544910064,0.7626666666666667,Strategic
C003784,2025-12-31,413.39046161124924,0.37,Developing
C003785,2025-12-31,4570.880593339237,0.8676666666666667,Strategic
C003786,2025-12-31,198.8384312365346,0.35033333333333333,Developing
C003787,2025-12-31,22.904477949454918,0.15966666666666668,Low
C003788,2025-12-31,1134.6023744592364,0.4295,Developing
C003789,2025-12-31,22.379378940146804,0.15683333333333332,Low
C003790,2025-12-31,7.7721310223928795,0.037,Low
C003791,2025-12-31,2545.5074205668525,0.7518333333333334,Strategic
C003792,2025-12-31,781.7317471897043,0.39216666666666666,Developing
C003793,2025-12-31,1349.9280540942775,0.488,Developing
C003794,2025-12-31,73.15082819885995,0.2895,Developing
C003795,2025-12-31,60.109030038963574,0.2695,Developing
C003796,2025-12-31,7129.996047972123,0.9248333333333333,Strategic
C003797,2025-12-31,8069.429114339669,0.9478333333333333,Strategic
C003798,2025-12-31,1741.6460248493943,0.6218333333333333,High
C003799,2025-12-31,67.69003482102194,0.2808333333333333,Developing
C003800,2025-12-31,1842.8291590608799,0.656,High
C003801,2025-12-31,1339.8074063782647,0.4845,Developing
C003802,2025-12-31,1577.8489943353875,0.5698333333333333,High
C003803,2025-12-31,3350.9499901055415,0.8135,Strategic
C003804,2025-12-31,42.254528772392455,0.237,Low
C003805,2025-12-31,2869.026491145617,0.782,Strategic
C003806,2025-12-31,26.322976497613656,0.17916666666666667,Low
C003807,2025-12-31,119.48088179772189,0.33016666666666666,Developing
C003808,2025-12-31,10.91169328547098,0.06633333333333333,Low
C003809,2025-12-31,1547.6544913969533,0.559,High
C003810,2025-12-31,8521.18922184886,0.9621666666666666,Strategic
C003811,2025-12-31,7399.76589647481,0.9303333333333333,Strategic
C003812,2025-12-31,2620.183780449018,0.7593333333333333,Strategic
C003813,2025-12-31,32.09261747553881,0.20416666666666666,Low
C003814,2025-12-31,76.18419074332564,0.2926666666666667,Developing
C003815,2025-12-31,3628.901669389768,0.8278333333333333,Strategic
C003816,2025-12-31,1.4289842181730725,0.0016666666666666668,Low
C003817,2025-12-31,10.925801634732256,0.0665,Low
C003818,2025-12-31,1499.4953928888654,0.541,High
C003819,2025-12-31,1146.195446800622,0.431,Developing
C003820,2025-12-31,3700.8388058732903,0.8321666666666667,Strategic
C003821,2025-12-31,3413.5986903382523,0.8163333333333334,Strategic
C003822,2025-12-31,1283.7283649540373,0.4645,Developing
C003823,2025-12-31,4306.3208978378925,0.8586666666666667,Strategic
C003824,2025-12-31,1827.202512550614,0.6516666666666666,High
C003825,2025-12-31,922.724748699476,0.4053333333333333,Developing
C003826,2025-12-31,1147.9098820406748,0.43116666666666664,Developing
C003827,2025-12-31,1687.023202862559,0.6063333333333333,High
C003828,2025-12-31,32.22280029750162,0.20466666666666666,Low
C003829,2025-12-31,1804.2427191761467,0.6433333333333333,High
C003830,2025-12-31,7502.0176660152665,0.9331666666666667,Strategic
C003831,2025-12-31,2058.5618634233124,0.7006666666666667,High
C003832,2025-12-31,6930.545666421201,0.9206666666666666,Strategic
C003833,2025-12-31,2310.7744873867587,0.7331666666666666,High
C003834,2025-12-31,1079.9013998374517,0.422,Developing
C003835,2025-12-31,4846.487084378109,0.8745,Strategic
C003836,2025-12-31,6617.629463869959,0.9133333333333333,Strategic
C003837,2025-12-31,13.88494298906875,0.09666666666666666,Low
C003838,2025-12-31,1157.2960735828033,0.43216666666666664,Developing
C003839,2025-12-31,900.9943551503675,0.4025,Developing
C003840,2025-12-31,2474.5047965973854,0.7461666666666666,High
C003841,2025-12-31,15.590351892299982,0.1105,Low
C003842,2025-12-31,520.5132980419642,0.37716666666666665,Developing
C003843,2025-12-31,1917.5474344458562,0.672,High
C003844,2025-12-31,137.59114822974013,0.33766666666666667,Developing
C003845,2025-12-31,1673.8736344915644,0.6023333333333334,High
C003846,2025-12-31,2123.2652141509125,0.709,High
C003847,2025-12-31,2549.6651615703804,0.752,Strategic
C003848,2025-12-31,2443.4788036258537,0.7436666666666667,High
C003849,2025-12-31,390.61184309787774,0.367,Developing
C003850,2025-12-31,2859.692108438393,0.7815,Strategic
C003851,2025-12-31,560.2712757373359,0.37966666666666665,Developing
C003852,2025-12-31,2715.87929864698,0.767,Strategic
C003853,2025-12-31,1207.451302578704,0.44233333333333336,Developing
C003854,2025-12-31,7959.576577435105,0.9433333333333334,Strategic
C003855,2025-12-31,29.56065835303412,0.195,Low
C003856,2025-12-31,8441.345294865534,0.9598333333333333,Strategic
C003857,2025-12-31,1238.2712649000941,0.45116666666666666,Developing
C003858,2025-12-31,1488.1328057726446,0.5378333333333334,High
C003859,2025-12-31,4.457258081868864,0.016,Low
C003860,2025-12-31,19.892444952769747,0.14083333333333334,Low
C003861,2025-12-31,27.088212066515585,0.1835,Low
C003862,2025-12-31,2.2815305392228353,0.004,Low
C003863,2025-12-31,1643.8752759452975,0.5916666666666667,High
C003864,2025-12-31,12.524834301741642,0.084,Low
C003865,2025-12-31,20.144958770880695,0.143,Low
C003866,2025-12-31,6067.925601501679,0.9018333333333334,Strategic
C003867,2025-12-31,16.674942297211793,0.1185,Low
C003868,2025-12-31,14.170342901998616,0.099,Low
C003869,2025-12-31,1732.1453296246052,0.62,High
C003870,2025-12-31,2.7541177107629875,0.005833333333333334,Low
C003871,2025-12-31,83.64228880331457,0.3011666666666667,Developing
C003872,2025-12-31,1677.0035834684684,0.603,High
C003873,2025-12-31,15.348912325196974,0.108,Low
C003874,2025-12-31,11.555587019217034,0.07383333333333333,Low
C003875,2025-12-31,1674.5625343140625,0.6026666666666667,High
C003876,2025-12-31,487.95605826989436,0.37433333333333335,Developing
C003877,2025-12-31,10.657195480907214,0.06283333333333334,Low
C003878,2025-12-31,451.14958870686604,0.37233333333333335,Developing
C003879,2025-12-31,3947.9416791467206,0.844,Strategic
C003880,2025-12-31,1152.380703932967,0.4315,Developing
C003881,2025-12-31,1468.9997672991572,0.5315,High
C003882,2025-12-31,2376.4468221528773,0.7375,High
C003883,2025-12-31,1303.0510065486737,0.4713333333333333,Developing
C003884,2025-12-31,2051.3656724128537,0.6995,High
C003885,2025-12-31,167.21647607155901,0.3443333333333333,Developing
C003886,2025-12-31,1577.6825659658655,0.5693333333333334,High
C003887,2025-12-31,2033.7435347112928,0.6961666666666667,High
C003888,2025-12-31,7.753506699532832,0.036833333333333336,Low
C003889,2025-12-31,1756.4916391024685,0.626,High
C003890,2025-12-31,109.5386967395511,0.3238333333333333,Developing
C003891,2025-12-31,406.11391270219366,0.36933333333333335,Developing
C003892,2025-12-31,2291.0735037995373,0.7303333333333333,High
C003893,2025-12-31,1409.978014529741,0.5085,High
C003894,2025-12-31,1115.372912789363,0.42683333333333334,Developing
C003895,2025-12-31,784.339956730953,0.3925,Developing
C003896,2025-12-31,1456.5659272532337,0.5256666666666666,High
C003897,2025-12-31,461.9453441346581,0.373,Developing
C003898,2025-12-31,1.4383496549332007,0.002,Low
C003899,2025-12-31,3803.947218219915,0.8378333333333333,Strategic
C003900,2025-12-31,1123.0601295520946,0.42766666666666664,Developing
C003901,2025-12-31,41.17549783153932,0.233,Low
C003902,2025-12-31,10.435885343683179,0.060333333333333336,Low
C003903,2025-12-31,1652.607305325025,0.5948333333333333,High
C003904,2025-12-31,8363.571959471288,0.9571666666666667,Strategic
C003905,2025-12-31,1392.4381580788465,0.5035,High
C003906,2025-12-31,26.20735568252982,0.1775,Low
C003907,2025-12-31,2692.317508130665,0.7651666666666667,Strategic
C003908,2025-12-31,174.3865600886051,0.3455,Developing
C003909,2025-12-31,40.81420441487881,0.23233333333333334,Low
C003910,2025-12-31,8268.64350261579,0.9541666666666667,Strategic
C003911,2025-12-31,1605.599916061058,0.578,High
C003912,2025-12-31,1177.0798033022913,0.43633333333333335,Developing
C003913,2025-12-31,5.563113657235783,0.023166666666666665,Low
C003914,2025-12-31,1929.1663828826545,0.6738333333333333,High
C003915,2025-12-31,2030.2864719755198,0.6958333333333333,High
C003916,2025-12-31,45.290947350270926,0.24283333333333335,Low
C003917,2025-12-31,11.114351520597431,0.0685,Low
C003918,2025-12-31,900.7291912592098,0.4023333333333333,Developing
C003919,2025-12-31,1938.9196453774034,0.6768333333333333,High
C003920,2025-12-31,16.19804373717896,0.1155,Low
C003921,2025-12-31,12.153142265316118,0.079,Low
C003922,2025-12-31,13.035610965891353,0.08983333333333333,Low
C003923,2025-12-31,925.2773968114587,0.4056666666666667,Developing
C003924,2025-12-31,14.934740198505368,0.10466666666666667,Low
C003925,2025-12-31,3608.2270537236477,0.8266666666666667,Strategic
C003926,2025-12-31,20.545119806898352,0.14533333333333334,Low
C003927,2025-12-31,1561.4263728874541,0.5635,High
C003928,2025-12-31,107.73670533628236,0.3225,Developing
C003929,2025-12-31,2846.867533600908,0.7798333333333334,Strategic
C003930,2025-12-31,19.546169240775882,0.13783333333333334,Low
C003931,2025-12-31,911.5445909453239,0.4038333333333333,Developing
C003932,2025-12-31,3752.4909923850323,0.8345,Strategic
C003933,2025-12-31,5467.199294667735,0.8891666666666667,Strategic
C003934,2025-12-31,4271.139214115512,0.8571666666666666,Strategic
C003935,2025-12-31,1601.7499727523875,0.5771666666666667,High
C003936,2025-12-31,1529.2766012660115,0.5526666666666666,High
C003937,2025-12-31,33.119832760189865,0.208,Low
C003938,2025-12-31,1083.2186050851005,0.4226666666666667,Developing
C003939,2025-12-31,957.8395771458214,0.4095,Developing
C003940,2025-12-31,20.334653497766915,0.1445,Low
C003941,2025-12-31,66.07628794901586,0.2793333333333333,Developing
C003942,2025-12-31,41.84568137409417,0.2355,Low
C003943,2025-12-31,40.50778595894039,0.231,Low
C003944,2025-12-31,1369.2837632510173,0.49466666666666664,Developing
C003945,2025-12-31,1598.4759311459507,0.5758333333333333,High
C003946,2025-12-31,63.58226279113111,0.2758333333333333,Developing
C003947,2025-12-31,2379.6379349593553,0.7378333333333333,High
C003948,2025-12-31,2786.9012742256355,0.774,Strategic
C003949,2025-12-31,25.936018357958528,0.17616666666666667,Low
C003950,2025-12-31,11.196646716928969,0.06983333333333333,Low
C003951,2025-12-31,1445.544718610232,0.5221666666666667,High
C003952,2025-12-31,6216.259821223296,0.9051666666666667,Strategic
C003953,2025-12-31,28.65923242533386,0.1905,Low
C003954,2025-12-31,1996.546154044685,0.6893333333333334,High
C003955,2025-12-31,1765.8168966419692,0.6293333333333333,High
C003956,2025-12-31,922.6660440935261,0.4051666666666667,Developing
C003957,2025-12-31,1389.8343166100742,0.5016666666666667,High
C003958,2025-12-31,4672.1975658129295,0.8698333333333333,Strategic
C003959,2025-12-31,1749.5293589528437,0.6238333333333334,High
C003960,2025-12-31,1470.7235964011456,0.5323333333333333,High
C003961,2025-12-31,1870.196753482167,0.6631666666666667,High
C003962,2025-12-31,1179.3304806480794,0.43716666666666665,Developing
C003963,2025-12-31,10219.942213931618,0.999,Strategic
C003964,2025-12-31,17.94461367215857,0.12666666666666668,Low
C003965,2025-12-31,2870.516175346988,0.7821666666666667,Strategic
C003966,2025-12-31,656.0992143787345,0.3845,Developing
C003967,2025-12-31,2079.6591471129673,0.7038333333333333,High
C003968,2025-12-31,4571.595389014374,0.8678333333333333,Strategic
C003969,2025-12-31,2463.2252192744145,0.7451666666666666,High
C003970,2025-12-31,1863.373345665689,0.6615,High
C003971,2025-12-31,119.09529061900709,0.32966666666666666,Developing
C003972,2025-12-31,24.679792086355786,0.17,Low
C003973,2025-12-31,1770.413242802346,0.6306666666666667,High
C003974,2025-12-31,18.792441884375435,0.13316666666666666,Low
C003975,2025-12-31,2485.725664657961,0.7471666666666666,High
C003976,2025-12-31,9.854264293137017,0.05366666666666667,Low
C003977,2025-12-31,28.987019579407846,0.19166666666666668,Low
C003978,2025-12-31,2270.1670102501903,0.7278333333333333,High
C003979,2025-12-31,9284.324989864357,0.9856666666666667,Strategic
C003980,2025-12-31,3469.8447610217486,0.8198333333333333,Strategic
C003981,2025-12-31,49.679219412879256,0.25083333333333335,Developing
C003982,2025-12-31,2578.900782683008,0.7546666666666667,Strategic
C003983,2025-12-31,11.184979662266754,0.06933333333333333,Low
C003984,2025-12-31,39.9069060169787,0.22866666666666666,Low
C003985,2025-12-31,1366.5848025477476,0.49366666666666664,Developing
C003986,2025-12-31,6935.641257998702,0.9208333333333333,Strategic
C003987,2025-12-31,56.337352093176705,0.2635,Developing
C003988,2025-12-31,259.8450531843876,0.3561666666666667,Developing
C003989,2025-12-31,1461.5534954221152,0.5281666666666667,High
C003990,2025-12-31,1299.1550781617625,0.4703333333333333,Developing
C003991,2025-12-31,11.064186134674083,0.0675,Low
C003992,2025-12-31,5824.576649231443,0.8965,Strategic
C003993,2025-12-31,2366.1135489111957,0.7373333333333333,High
C003994,2025-12-31,10.264068454525681,0.058166666666666665,Low
C003995,2025-12-31,1420.121555809751,0.512,High
C003996,2025-12-31,5677.727407985275,0.8931666666666667,Strategic
C003997,2025-12-31,3012.817059974338,0.7928333333333333,Strategic
C003998,2025-12-31,4.297106897537869,0.014666666666666666,Low
C003999,2025-12-31,8346.226111428014,0.957,Strategic
C004000,2025-12-31,41.05593099456238,0.23283333333333334,Low
C004001,2025-12-31,11.623717851129706,0.07466666666666667,Low
C004002,2025-12-31,184.74147212247576,0.3473333333333333,Developing
C004003,2025-12-31,1700.6191240267742,0.6108333333333333,High
C004004,2025-12-31,8170.883069314803,0.9506666666666667,Strategic
C004005,2025-12-31,1681.2155619916334,0.6046666666666667,High
C004006,2025-12-31,4150.750205891071,0.8511666666666666,Strategic
C004007,2025-12-31,153.15932333506188,0.3415,Developing
C004008,2025-12-31,20.127666651864203,0.14266666666666666,Low
C004009,2025-12-31,1331.364040832213,0.4816666666666667,Developing
C004010,2025-12-31,1284.5839019361583,0.465,Developing
C004011,2025-12-31,1768.4445358005985,0.63,High
C004012,2025-12-31,12.47143989789979,0.08283333333333333,Low
C004013,2025-12-31,1295.2681625055498,0.4688333333333333,Developing
C004014,2025-12-31,98.61203669930873,0.3155,Developing
C004015,2025-12-31,3788.116112351237,0.8368333333333333,Strategic
C004016,2025-12-31,1508.6441562759899,0.5441666666666667,High
C004017,2025-12-31,12.231913329859019,0.08,Low
C004018,2025-12-31,15.835464530600767,0.11183333333333334,Low
C004019,2025-12-31,4544.311291872325,0.8671666666666666,Strategic
C004020,2025-12-31,70.57618929864603,0.2861666666666667,Developing
C004021,2025-12-31,1708.0414727747416,0.613,High
C004022,2025-12-31,22.19397151052571,0.15583333333333332,Low
C004023,2025-12-31,1210.011137709241,0.44333333333333336,Developing
C004024,2025-12-31,2070.085327730884,0.702,High
C004025,2025-12-31,1022.990953121204,0.41583333333333333,Developing
C004026,2025-12-31,1280.2638577474968,0.4633333333333333,Developing
C004027,2025-12-31,2074.996380184722,0.7026666666666667,High
C004028,2025-12-31,1511.5080508010494,0.5458333333333333,High
C004029,2025-12-31,43.37112327262907,0.23983333333333334,Low
C004030,2025-12-31,3122.462752349563,0.7991666666666667,Strategic
C004031,2025-12-31,2682.8844435207297,0.7641666666666667,Strategic
C004032,2025-12-31,5374.064119036548,0.8866666666666667,Strategic
C004033,2025-12-31,7454.250185744941,0.9323333333333333,Strategic
C004034,2025-12-31,1356.150845389666,0.4905,Developing
C004035,2025-12-31,26.460078196146757,0.18,Low
C004036,2025-12-31,32.161018795219185,0.20433333333333334,Low
C004037,2025-12-31,30.980382917123226,0.19933333333333333,Low
C004038,2025-12-31,3684.784772266744,0.8313333333333334,Strategic
C004039,2025-12-31,3685.5009159680726,0.8315,Strategic
C004040,2025-12-31,5670.570692583209,0.893,Strategic
C004041,2025-12-31,9481.413522852572,0.9906666666666667,Strategic
C004042,2025-12-31,1297.3415253785302,0.4698333333333333,Developing
C004043,2025-12-31,78.18859739064281,0.29533333333333334,Developing
C004044,2025-12-31,1785.7095861200535,0.6373333333333333,High
C004045,2025-12-31,9.052494180811912,0.047,Low
C004046,2025-12-31,16.739285338705894,0.11933333333333333,Low
C004047,2025-12-31,2882.647130488425,0.783,Strategic
C004048,2025-12-31,32.388630476370075,0.20516666666666666,Low
C004049,2025-12-31,1582.0200850467584,0.571,High
C004050,2025-12-31,399.0810071650564,0.368,Developing
C004051,2025-12-31,5759.430827258768,0.895,Strategic
C004052,2025-12-31,1509.1256335973808,0.545,High
C004053,2025-12-31,2343.874277321656,0.7358333333333333,High
C004054,2025-12-31,21.89769339854404,0.15466666666666667,Low
C004055,2025-12-31,2702.9510339489125,0.766,Strategic
C004056,2025-12-31,7.154093621322144,0.032,Low
C004057,2025-12-31,1282.185164742788,0.46366666666666667,Developing
C004058,2025-12-31,9662.727263378021,0.994,Strategic
C004059,2025-12-31,33.42035955564911,0.20866666666666667,Low
C004060,2025-12-31,159.09063641185278,0.3431666666666667,Developing
C004061,2025-12-31,28.746651448621158,0.19083333333333333,Low
C004062,2025-12-31,59.8582106322618,0.2693333333333333,Developing
C004063,2025-12-31,1796.8466388807142,0.6401666666666667,High
C004064,2025-12-31,1577.8634303493202,0.57,High
C004065,2025-12-31,19.18754021777995,0.13616666666666666,Low
C004066,2025-12-31,18.617608017339606,0.13216666666666665,Low
C004067,2025-12-31,2984.7808131099036,0.79,Strategic
C004068,2025-12-31,52.48541003423707,0.25666666666666665,Developing
C004069,2025-12-31,1960.304454202211,0.6803333333333333,High
C004070,2025-12-31,3312.3047382675745,0.8115,Strategic
C004071,2025-12-31,2680.30111594955,0.7636666666666667,Strategic
C004072,2025-12-31,78.52865404514564,0.2956666666666667,Developing
C004073,2025-12-31,1515.048853960684,0.5471666666666667,High
C004074,2025-12-31,4686.794055809409,0.8706666666666667,Strategic
C004075,2025-12-31,1379.431810519752,0.49716666666666665,Developing
C004076,2025-12-31,2284.1705705955214,0.7296666666666667,High
C004077,2025-12-31,2729.2707076246643,0.7681666666666667,Strategic
C004078,2025-12-31,96.65038851549156,0.313,Developing
C004079,2025-12-31,9176.000758380273,0.9828333333333333,Strategic
C004080,2025-12-31,106.37635076089376,0.32166666666666666,Developing
C004081,2025-12-31,1228.4237769031765,0.44866666666666666,Developing
C004082,2025-12-31,7272.532408827067,0.9281666666666667,Strategic
C004083,2025-12-31,985.0879142659594,0.4125,Developing
C004084,2025-12-31,41.65202499228532,0.23483333333333334,Low
C004085,2025-12-31,5076.645555005597,0.8798333333333334,Strategic
C004086,2025-12-31,1330.636200557612,0.48133333333333334,Developing
C004087,2025-12-31,1220.5565743803973,0.4465,Developing
C004088,2025-12-31,75.80217244101568,0.29233333333333333,Developing
C004089,2025-12-31,38.515104467309776,0.22566666666666665,Low
C004090,2025-12-31,2067.656410990691,0.7015,High
C004091,2025-12-31,3840.067841071962,0.8393333333333334,Strategic
C004092,2025-12-31,9.541446060360004,0.051666666666666666,Low
C004093,2025-12-31,1934.2345204590551,0.6758333333333333,High
C004094,2025-12-31,6.953579437642832,0.030666666666666665,Low
C004095,2025-12-31,31.803410228883376,0.20216666666666666,Low
C004096,2025-12-31,6784.2896330771455,0.9178333333333333,Strategic
C004097,2025-12-31,9090.679023622013,0.9793333333333333,Strategic
C004098,2025-12-31,6205.557539567541,0.9046666666666666,Strategic
C004099,2025-12-31,884.4548903156259,0.40066666666666667,Developing
C004100,2025-12-31,3487.421134681244,0.8205,Strategic
C004101,2025-12-31,2904.6485867300494,0.7836666666666666,Strategic
C004102,2025-12-31,1599.007592744761,0.5761666666666667,High
C004103,2025-12-31,81.64879694951577,0.2991666666666667,Developing
C004104,2025-12-31,1547.0859315662512,0.5588333333333333,High
C004105,2025-12-31,67.84003842926388,0.2813333333333333,Developing
C004106,2025-12-31,62.36007698237123,0.273,Developing
C004107,2025-12-31,436.276730687992,0.37166666666666665,Developing
C004108,2025-12-31,1727.8913991717948,0.6183333333333333,High
C004109,2025-12-31,1422.0749131440607,0.5135,High
C004110,2025-12-31,1870.2434008115165,0.6633333333333333,High
C004111,2025-12-31,1507.2065042461654,0.5433333333333333,High
C004112,2025-12-31,1660.2946801405892,0.5975,High
C004113,2025-12-31,2801.04832405843,0.7753333333333333,Strategic
C004114,2025-12-31,1990.1498840171123,0.6873333333333334,High
C004115,2025-12-31,933.3727685217059,0.4066666666666667,Developing
C004116,2025-12-31,9.96326596313404,0.05516666666666667,Low
C004117,2025-12-31,18.704983700213713,0.13266666666666665,Low
C004118,2025-12-31,72.0154114822919,0.2885,Developing
C004119,2025-12-31,51.71938613790898,0.2555,Developing
C004120,2025-12-31,1413.495326668229,0.5098333333333334,High
C004121,2025-12-31,68.99360387952427,0.2828333333333333,Developing
C004122,2025-12-31,20.988988678280336,0.149,Low
C004123,2025-12-31,1385.915899203345,0.5001666666666666,High
C004124,2025-12-31,53.92653231671904,0.25883333333333336,Developing
C004125,2025-12-31,1991.337836315108,0.6878333333333333,High
C004126,2025-12-31,1203.2740261938163,0.4415,Developing
C004127,2025-12-31,2337.819550861166,0.7351666666666666,High
C004128,2025-12-31,2309.917425056068,0.733,High
C004129,2025-12-31,1625.4619278008406,0.5853333333333334,High
C004130,2025-12-31,4048.1596921434893,0.848,Strategic
C004131,2025-12-31,1540.3033869042729,0.557,High
C004132,2025-12-31,795.6086540326409,0.393,Developing
C004133,2025-12-31,1635.9420783803623,0.5886666666666667,High
C004134,2025-12-31,69.52383874122522,0.2841666666666667,Developing
C004135,2025-12-31,16.169262228910878,0.11516666666666667,Low
C004136,2025-12-31,2327.910573845064,0.7345,High
C004137,2025-12-31,2.409710755636161,0.004166666666666667,Low
C004138,2025-12-31,53.938703856887855,0.259,Developing
C004139,2025-12-31,8214.109419411945,0.9526666666666667,Strategic
C004140,2025-12-31,24.297942887342053,0.16816666666666666,Low
C004141,2025-12-31,1524.9116267893962,0.5508333333333333,High
C004142,2025-12-31,106.86469568674042,0.32183333333333336,Developing
C004143,2025-12-31,8.045974587430296,0.0395,Low
C004144,2025-12-31,87.00709921476916,0.30433333333333334,Developing
C004145,2025-12-31,8.161882934865003,0.04033333333333333,Low
C004146,2025-12-31,2988.513328818064,0.7906666666666666,Strategic
C004147,2025-12-31,20.55980924329185,0.14566666666666667,Low
C004148,2025-12-31,24.501576118626968,0.16916666666666666,Low
C004149,2025-12-31,1664.6375500227684,0.599,High
C004150,2025-12-31,1683.9538469948563,0.6055,High
C004151,2025-12-31,3949.224197712961,0.8441666666666666,Strategic
C004152,2025-12-31,28.579016404758832,0.19,Low
C004153,2025-12-31,3582.263830181326,0.826,Strategic
C004154,2025-12-31,1931.4855069946145,0.6748333333333333,High
C004155,2025-12-31,674.8744698352896,0.3858333333333333,Developing
C004156,2025-12-31,14.331214190271478,0.1005,Low
C004157,2025-12-31,4029.622584868228,0.8466666666666667,Strategic
C004158,2025-12-31,3950.0359790186662,0.8443333333333334,Strategic
C004159,2025-12-31,4296.412921562816,0.8581666666666666,Strategic
C004160,2025-12-31,33.739709110646295,0.20933333333333334,Low
C004161,2025-12-31,1700.3514362047729,0.6106666666666667,High
C004162,2025-12-31,113.57136802429217,0.32666666666666666,Developing
C004163,2025-12-31,9.482610097617359,0.051166666666666666,Low
C004164,2025-12-31,7982.581710527538,0.944,Strategic
C004165,2025-12-31,3567.063246337408,0.8246666666666667,Strategic
C004166,2025-12-31,16.39741437870129,0.11616666666666667,Low
C004167,2025-12-31,7816.757287560681,0.9398333333333333,Strategic
C004168,2025-12-31,1407.0000045664485,0.5071666666666667,High
C004169,2025-12-31,4395.978613391521,0.8623333333333333,Strategic
C004170,2025-12-31,1508.7143040474862,0.5443333333333333,High
C004171,2025-12-31,3064.5691574041057,0.796,Strategic
C004172,2025-12-31,41.956974564446334,0.23583333333333334,Low
C004173,2025-12-31,1991.313922884052,0.6876666666666666,High
C004174,2025-12-31,1641.7787838419854,0.591,High
C004175,2025-12-31,2699.2243187058966,0.7656666666666667,Strategic
C004176,2025-12-31,113.28825433625985,0.3263333333333333,Developing
C004177,2025-12-31,11.237335602396959,0.0705,Low
C004178,2025-12-31,28.478803489512497,0.18933333333333333,Low
C004179,2025-12-31,11.848086407444953,0.07566666666666666,Low
C004180,2025-12-31,2030.5707480286242,0.696,High
C004181,2025-12-31,1589.8926900703436,0.5736666666666667,High
C004182,2025-12-31,2778.400515622163,0.7726666666666666,Strategic
C004183,2025-12-31,3141.2311255375075,0.8001666666666667,Strategic
C004184,2025-12-31,1655.856227193281,0.5966666666666667,High
C004185,2025-12-31,7958.2217510229475,0.9431666666666667,Strategic
C004186,2025-12-31,1452.993547240567,0.5243333333333333,High
C004187,2025-12-31,1360.858334472319,0.49216666666666664,Developing
C004188,2025-12-31,8495.705809464045,0.9611666666666666,Strategic
C004189,2025-12-31,60.57182816574289,0.27,Developing
C004190,2025-12-31,1936.9690273710517,0.6761666666666667,High
C004191,2025-12-31,5989.162734644142,0.8995,Strategic
C004192,2025-12-31,1563.8494979711952,0.5646666666666667,High
C004193,2025-12-31,1677.5239713532474,0.6033333333333334,High
C004194,2025-12-31,41.37549862791651,0.23383333333333334,Low
C004195,2025-12-31,16.202051813225108,0.11566666666666667,Low
C004196,2025-12-31,1731.6060841496812,0.6196666666666667,High
C004197,2025-12-31,22.91994282207674,0.16,Low
C004198,2025-12-31,2407.6161883939935,0.7406666666666667,High
C004199,2025-12-31,183.91983826310516,0.347,Developing
C004200,2025-12-31,6743.83027887039,0.9166666666666666,Strategic
C004201,2025-12-31,107.50779219421128,0.32216666666666666,Developing
C004202,2025-12-31,1390.4321873474116,0.5021666666666667,High
C004203,2025-12-31,2248.3085338684555,0.725,High
C004204,2025-12-31,7550.14091307649,0.934,Strategic
C004205,2025-12-31,22.80669086045764,0.1595,Low
C004206,2025-12-31,4093.522444881349,0.8486666666666667,Strategic
C004207,2025-12-31,13.343647895213747,0.09283333333333334,Low
C004208,2025-12-31,31.57507252681116,0.20116666666666666,Low
C004209,2025-12-31,50.28121850804914,0.2525,Developing
C004210,2025-12-31,9426.894384168681,0.9893333333333333,Strategic
C004211,2025-12-31,956.1972048623164,0.4091666666666667,Developing
C004212,2025-12-31,52.5868916513245,0.25683333333333336,Developing
C004213,2025-12-31,4720.03599212374,0.8715,Strategic
C004214,2025-12-31,6039.29089327295,0.9005,Strategic
C004215,2025-12-31,8980.989972676822,0.9761666666666666,Strategic
C004216,2025-12-31,1383.993008734462,0.49933333333333335,Developing
C004217,2025-12-31,12.337518755262467,0.081,Low
C004218,2025-12-31,2667.549436550179,0.7621666666666667,Strategic
C004219,2025-12-31,596.7344877051218,0.38183333333333336,Developing
C004220,2025-12-31,5.083209424297007,0.0205,Low
C004221,2025-12-31,1354.127462916235,0.4891666666666667,Developing
C004222,2025-12-31,3362.3985038271644,0.8143333333333334,Strategic
C004223,2025-12-31,57.67067859455111,0.2665,Developing
C004224,2025-12-31,2307.1569853935052,0.7325,High
C004225,2025-12-31,3754.9189033918988,0.8348333333333333,Strategic
C004226,2025-12-31,4.317599688199575,0.014833333333333334,Low
C004227,2025-12-31,1679.0789079385552,0.6038333333333333,High
C004228,2025-12-31,1401.967154700727,0.5058333333333334,High
C004229,2025-12-31,2950.9422542459592,0.787,Strategic
C004230,2025-12-31,4765.910378727884,0.8733333333333333,Strategic
C004231,2025-12-31,3454.9359700319005,0.8188333333333333,Strategic
C004232,2025-12-31,32.29959003313392,0.205,Low
C004233,2025-12-31,1510.6396913348954,0.5453333333333333,High
C004234,2025-12-31,7196.372955828777,0.9266666666666666,Strategic
C004235,2025-12-31,1375.3081539388122,0.49616666666666664,Developing
C004236,2025-12-31,1706.569148710991,0.6126666666666667,High
C004237,2025-12-31,17.678776120558727,0.124,Low
C004238,2025-12-31,1839.9119584261414,0.6551666666666667,High
C004239,2025-12-31,2269.3010089251143,0.7275,High
C004240,2025-12-31,40.45082445201438,0.23066666666666666,Low
C004241,2025-12-31,12.093372322488193,0.07833333333333334,Low
C004242,2025-12-31,7.871626713836561,0.038,Low
C004243,2025-12-31,1736.3895078826095,0.621,High
C004244,2025-12-31,19.940186903762612,0.14116666666666666,Low
C004245,2025-12-31,1770.6940115285192,0.6311666666666667,High
C004246,2025-12-31,1573.1324553601323,0.5676666666666667,High
C004247,2025-12-31,1388.527033256127,0.5011666666666666,High
C004248,2025-12-31,2977.454636084906,0.7898333333333334,Strategic
C004249,2025-12-31,2960.7176709820133,0.7886666666666666,Strategic
C004250,2025-12-31,1810.7168761362643,0.6456666666666667,High
C004251,2025-12-31,4031.19418248928,0.8468333333333333,Strategic
C004252,2025-12-31,23.391973640022638,0.16216666666666665,Low
C004253,2025-12-31,12.103889296109134,0.07866666666666666,Low
C004254,2025-12-31,14.3808440388847,0.10116666666666667,Low
C004255,2025-12-31,1400.173078689279,0.5051666666666667,High
C004256,2025-12-31,48.60171379933327,0.24916666666666668,Low
C004257,2025-12-31,8047.368744395981,0.947,Strategic
C004258,2025-12-31,536.6906855046635,0.378,Developing
C004259,2025-12-31,21.79468052730438,0.15383333333333332,Low
C004260,2025-12-31,1664.6203688967857,0.5988333333333333,High
C004261,2025-12-31,1968.9483848160037,0.6825,High
C004262,2025-12-31,1729.5735293996897,0.619,High
C004263,2025-12-31,1822.3050676660976,0.6498333333333334,High
C004264,2025-12-31,1550.764890274808,0.5598333333333333,High
C004265,2025-12-31,2895.239131795752,0.7831666666666667,Strategic
C004266,2025-12-31,1638.8299459161951,0.5898333333333333,High
C004267,2025-12-31,7.271788724374884,0.0335,Low
C004268,2025-12-31,7719.935609514718,0.9373333333333334,Strategic
C004269,2025-12-31,277.1192407715515,0.3581666666666667,Developing
C004270,2025-12-31,14.94629392425264,0.105,Low
C004271,2025-12-31,1266.6061957146396,0.459,Developing
C004272,2025-12-31,1178.6189544227645,0.437,Developing
C004273,2025-12-31,6154.015600471908,0.903,Strategic
C004274,2025-12-31,1843.4451780122697,0.6561666666666667,High
C004275,2025-12-31,8676.00024121305,0.9665,Strategic
C004276,2025-12-31,2285.7031266353524,0.7298333333333333,High
C004277,2025-12-31,108.1651445539297,0.32266666666666666,Developing
C004278,2025-12-31,15.880951189225273,0.11233333333333333,Low
C004279,2025-12-31,34.27585683992619,0.21133333333333335,Low
C004280,2025-12-31,8307.821729456236,0.9553333333333334,Strategic
C004281,2025-12-31,34.324756407802475,0.21166666666666667,Low
C004282,2025-12-31,74.59588281709348,0.29083333333333333,Developing
C004283,2025-12-31,46.394268416066204,0.2455,Low
C004284,2025-12-31,207.08349723772605,0.3511666666666667,Developing
C004285,2025-12-31,5344.947373057715,0.8855,Strategic
C004286,2025-12-31,56.30631287178973,0.26316666666666666,Developing
C004287,2025-12-31,4735.469375521194,0.8718333333333333,Strategic
C004288,2025-12-31,2108.2688538928933,0.7076666666666667,High
C004289,2025-12-31,4540.743336569961,0.8668333333333333,Strategic
C004290,2025-12-31,5804.263043959575,0.896,Strategic
C004291,2025-12-31,2244.589633680908,0.7245,High
C004292,2025-12-31,1771.4593617543005,0.632,High
C004293,2025-12-31,1596.9567127866842,0.5753333333333334,High
C004294,2025-12-31,965.5384745047031,0.41,Developing
C004295,2025-12-31,2750.9711763470978,0.7693333333333333,Strategic
C004296,2025-12-31,8.306744943098789,0.041166666666666664,Low
C004297,2025-12-31,16.122736114702583,0.11483333333333333,Low
C004298,2025-12-31,3452.669345181469,0.8186666666666667,Strategic
C004299,2025-12-31,3.587551525444446,0.009833333333333333,Low
C004300,2025-12-31,6803.091248382788,0.9183333333333333,Strategic
C004301,2025-12-31,9.788637762817464,0.05316666666666667,Low
C004302,2025-12-31,1949.9061852312902,0.6781666666666667,High
C004303,2025-12-31,18.223044187140022,0.12866666666666668,Low
C004304,2025-12-31,1271.3225805005347,0.4603333333333333,Developing
C004305,2025-12-31,18.553391483890945,0.13133333333333333,Low
C004306,2025-12-31,90.19194308064996,0.306,Developing
C004307,2025-12-31,84.27951066663796,0.302,Developing
C004308,2025-12-31,1963.0581690191789,0.6808333333333333,High
C004309,2025-12-31,19.788396509459297,0.14016666666666666,Low
C004310,2025-12-31,9161.941234853151,0.9823333333333333,Strategic
C004311,2025-12-31,560.5407054216895,0.37983333333333336,Developing
C004312,2025-12-31,1644.5704461826472,0.5918333333333333,High
C004313,2025-12-31,42.170898122625864,0.23633333333333334,Low
C004314,2025-12-31,4.038589993864182,0.0125,Low
C004315,2025-12-31,1426.617636111833,0.5155,High
C004316,2025-12-31,582.3437758823728,0.38133333333333336,Developing
C004317,2025-12-31,5602.493849749141,0.892,Strategic
C004318,2025-12-31,2231.190558215986,0.723,High
C004319,2025-12-31,5239.705281823382,0.8835,Strategic
C004320,2025-12-31,1327.8796450906361,0.48083333333333333,Developing
C004321,2025-12-31,13.284087386017239,0.09233333333333334,Low
C004322,2025-12-31,27.62449723721013,0.18566666666666667,Low
C004323,2025-12-31,8135.164146375902,0.9498333333333333,Strategic
C004324,2025-12-31,1937.4080774605534,0.6765,High
C004325,2025-12-31,1781.4537429336226,0.635,High
C004326,2025-12-31,1440.9735166941687,0.5203333333333333,High
C004327,2025-12-31,5752.801903192691,0.8946666666666667,Strategic
C004328,2025-12-31,8750.747303545148,0.9688333333333333,Strategic
C004329,2025-12-31,1999.5859275216387,0.69,High
C004330,2025-12-31,9069.217045125926,0.9791666666666666,Strategic
C004331,2025-12-31,25.358242548653774,0.17283333333333334,Low
C004332,2025-12-31,1947.8967253412152,0.6778333333333333,High
C004333,2025-12-31,22.479079459449547,0.15733333333333333,Low
C004334,2025-12-31,6170.3951181368675,0.9036666666666666,Strategic
C004335,2025-12-31,1761.1128977629792,0.6273333333333333,High
C004336,2025-12-31,429.4291817425394,0.37133333333333335,Developing
C004337,2025-12-31,2945.8599992842023,0.7863333333333333,Strategic
C004338,2025-12-31,1569.2889654862176,0.5663333333333334,High
C004339,2025-12-31,1350.235679955151,0.4881666666666667,Developing
C004340,2025-12-31,2955.5737024177506,0.7878333333333334,Strategic
C004341,2025-12-31,4678.896898177602,0.8705,Strategic
C004342,2025-12-31,1705.9343564297053,0.6121666666666666,High
C004343,2025-12-31,8108.746575514831,0.9483333333333334,Strategic
C004344,2025-12-31,3286.0213841330547,0.8101666666666667,Strategic
C004345,2025-12-31,478.50920086964965,0.37383333333333335,Developing
C004346,2025-12-31,4172.108626188356,0.852,Strategic
C004347,2025-12-31,42.82833403715117,0.239,Low
C004348,2025-12-31,831.8031107068633,0.3973333333333333,Developing
C004349,2025-12-31,63.02403928396963,0.2745,Developing
C004350,2025-12-31,1508.828607476119,0.5445,High
C004351,2025-12-31,1017.7469272158762,0.41483333333333333,Developing
C004352,2025-12-31,1736.3261423611063,0.6208333333333333,High
C004353,2025-12-31,1374.2275148776746,0.496,Developing
C004354,2025-12-31,22.758752222023126,0.15866666666666668,Low
C004355,2025-12-31,6.290171083652962,0.02666666666666667,Low
C004356,2025-12-31,2137.836096471166,0.7108333333333333,High
C004357,2025-12-31,89.72938067905392,0.30566666666666664,Developing
C004358,2025-12-31,2125.786397408696,0.7095,High
C004359,2025-12-31,2490.054546798145,0.7473333333333333,High
C004360,2025-12-31,4482.437569934858,0.8653333333333333,Strategic
C004361,2025-12-31,16.597062157980943,0.118,Low
C004362,2025-12-31,7227.185440757845,0.9275,Strategic
C004363,2025-12-31,179.65560028244013,0.3465,Developing
C004364,2025-12-31,1355.5310930959859,0.49016666666666664,Developing
C004365,2025-12-31,42.52134639315671,0.23816666666666667,Low
C004366,2025-12-31,6907.965866318377,0.9205,Strategic
C004367,2025-12-31,19.31241701098371,0.13666666666666666,Low
C004368,2025-12-31,1654.0180795351648,0.5956666666666667,High
C004369,2025-12-31,3452.1753653422197,0.8185,Strategic
C004370,2025-12-31,2567.642160125468,0.754,Strategic
C004371,2025-12-31,1355.4861687093444,0.49,Developing
C004372,2025-12-31,1359.6522437351382,0.49183333333333334,Developing
C004373,2025-12-31,9048.391200632894,0.9788333333333333,Strategic
C004374,2025-12-31,4329.812761389585,0.8598333333333333,Strategic
C004375,2025-12-31,18.378539204836223,0.12966666666666668,Low
C004376,2025-12-31,77.60423781811456,0.2946666666666667,Developing
C004377,2025-12-31,11.963966595303042,0.07716666666666666,Low
C004378,2025-12-31,4793.779809810886,0.8736666666666667,Strategic
C004379,2025-12-31,283.5633946246448,0.3586666666666667,Developing
C004380,2025-12-31,1897.8368894024156,0.6686666666666666,High
C004381,2025-12-31,1465.830217825756,0.53,High
C004382,2025-12-31,13.394519823016902,0.09333333333333334,Low
C004383,2025-12-31,1450.6908293637405,0.5238333333333334,High
C004384,2025-12-31,1614.6001813184894,0.5808333333333333,High
C004385,2025-12-31,63.8659511124941,0.27616666666666667,Developing
C004386,2025-12-31,40.96072366562207,0.23266666666666666,Low
C004387,2025-12-31,23.889479602434147,0.16583333333333333,Low
C004388,2025-12-31,59.389595607606985,0.26866666666666666,Developing
C004389,2025-12-31,1471.1796223151314,0.5326666666666666,High
C004390,2025-12-31,8.467663030479988,0.043166666666666666,Low
C004391,2025-12-31,5.382471682820784,0.022333333333333334,Low
C004392,2025-12-31,51.8524008871609,0.25583333333333336,Developing
C004393,2025-12-31,11.030159097383272,0.06716666666666667,Low
C004394,2025-12-31,765.6995156896802,0.3915,Developing
C004395,2025-12-31,12.445612327535294,0.0825,Low
C004396,2025-12-31,1531.4550131644512,0.554,High
C004397,2025-12-31,1766.6657553666691,0.6295,High
C004398,2025-12-31,5181.782066071194,0.8821666666666667,Strategic
C004399,2025-12-31,1635.9384201252308,0.5885,High
C004400,2025-12-31,4.194950168633779,0.013833333333333333,Low
C004401,2025-12-31,9516.532928125429,0.991,Strategic
C004402,2025-12-31,31.78646817051635,0.202,Low
C004403,2025-12-31,17.46552815892993,0.123,Low
C004404,2025-12-31,35.55746567854107,0.21683333333333332,Low
C004405,2025-12-31,4.008678041678899,0.012166666666666666,Low
C004406,2025-12-31,1994.8828725436351,0.6885,High
C004407,2025-12-31,25.554834979748538,0.17416666666666666,Low
C004408,2025-12-31,1050.2917577264998,0.41783333333333333,Developing
C004409,2025-12-31,109.04100873819557,0.3233333333333333,Developing
C004410,2025-12-31,54.62277627050113,0.26016666666666666,Developing
C004411,2025-12-31,21.45265813356318,0.152,Low
C004412,2025-12-31,2304.5215243524485,0.7321666666666666,High
C004413,2025-12-31,24.94072275507824,0.17116666666666666,Low
C004414,2025-12-31,5296.118153233356,0.8841666666666667,Strategic
C004415,2025-12-31,9.046635736315972,0.04683333333333333,Low
C004416,2025-12-31,2269.970908490956,0.7276666666666667,High
C004417,2025-12-31,42.23291521335896,0.23666666666666666,Low
C004418,2025-12-31,1093.9167814712282,0.4241666666666667,Developing
C004419,2025-12-31,0.0,0.0004166666666666667,Low
C004420,2025-12-31,1757.8693217450748,0.6261666666666666,High
C004421,2025-12-31,70.90356096380201,0.287,Developing
C004422,2025-12-31,1854.0321511957725,0.6593333333333333,High
C004423,2025-12-31,806.2948486216845,0.394,Developing
C004424,2025-12-31,155.26128338403083,0.342,Developing
C004425,2025-12-31,1804.139313563578,0.6431666666666667,High
C004426,2025-12-31,663.0852108437876,0.38516666666666666,Developing
C004427,2025-12-31,1540.5373304013813,0.5571666666666667,High
C004428,2025-12-31,14.712768455458805,0.10283333333333333,Low
C004429,2025-12-31,4221.332612416913,0.8545,Strategic
C004430,2025-12-31,11.068981613953957,0.06783333333333333,Low
C004431,2025-12-31,1554.3063957043446,0.5615,High
C004432,2025-12-31,7385.128112237613,0.9301666666666667,Strategic
C004433,2025-12-31,23.160969773202112,0.16116666666666668,Low
C004434,2025-12-31,9567.449360665669,0.992,Strategic
C004435,2025-12-31,2173.6876750425845,0.7143333333333334,High
C004436,2025-12-31,2309.4273798559248,0.7328333333333333,High
C004437,2025-12-31,16.20571799684448,0.11583333333333333,Low
C004438,2025-12-31,355.7107272358289,0.3636666666666667,Developing
C004439,2025-12-31,8501.551159148175,0.9613333333333334,Strategic
C004440,2025-12-31,12.836258314048756,0.08675,Low
C004441,2025-12-31,1402.5667886186604,0.506,High
C004442,2025-12-31,411.2721735379641,0.36983333333333335,Developing
C004443,2025-12-31,28.460126695526732,0.18916666666666668,Low
C004444,2025-12-31,18.9587888929462,0.13466666666666666,Low
C004445,2025-12-31,1815.659156923896,0.6485,High
C004446,2025-12-31,1978.0347034746562,0.6848333333333333,High
C004447,2025-12-31,2422.102509094911,0.7421666666666666,High
C004448,2025-12-31,1205.8011862813405,0.44216666666666665,Developing
C004449,2025-12-31,2003.711147495727,0.691,High
C004450,2025-12-31,15.187801109245038,0.1065,Low
C004451,2025-12-31,575.5974968481909,0.381,Developing
C004452,2025-12-31,14.859674097609162,0.104,Low
C004453,2025-12-31,15.83729892072178,0.112,Low
C004454,2025-12-31,1404.9984606802025,0.5066666666666667,High
C004455,2025-12-31,3187.603084280438,0.8028333333333333,Strategic
C004456,2025-12-31,1973.3810883058547,0.6833333333333333,High
C004457,2025-12-31,7652.929961049643,0.9355,Strategic
C004458,2025-12-31,1866.7490306920015,0.6621666666666667,High
C004459,2025-12-31,1.5456521398485705,0.0023333333333333335,Low
C004460,2025-12-31,26.984945387533806,0.18283333333333332,Low
C004461,2025-12-31,2225.7547576080246,0.7223333333333334,High
C004462,2025-12-31,4652.113677122252,0.869,Strategic
C004463,2025-12-31,1325.3063400342019,0.47883333333333333,Developing
C004464,2025-12-31,8375.9139722695,0.9576666666666667,Strategic
C004465,2025-12-31,1338.2478509324972,0.48383333333333334,Developing
C004466,2025-12-31,3666.983449853256,0.8301666666666667,Strategic
C004467,2025-12-31,4327.796933972717,0.8595,Strategic
C004468,2025-12-31,23.72072169334174,0.16433333333333333,Low
C004469,2025-12-31,35.55485982701576,0.21666666666666667,Low
C004470,2025-12-31,1958.596642475261,0.6798333333333333,High
C004471,2025-12-31,23.24562804489484,0.16183333333333333,Low
C004472,2025-12-31,8.458716103397713,0.043,Low
C004473,2025-12-31,7139.168155530032,0.9251666666666667,Strategic
C004474,2025-12-31,8125.44560139053,0.949,Strategic
C004475,2025-12-31,2332.624152070866,0.7346666666666667,High
C004476,2025-12-31,2127.6544211923606,0.7098333333333333,High
C004477,2025-12-31,4.52231082462852,0.016833333333333332,Low
C004478,2025-12-31,252.54346081784794,0.3556666666666667,Developing
C004479,2025-12-31,1550.4643060342466,0.5596666666666666,High
C004480,2025-12-31,49.05887361599741,0.24983333333333332,Low
C004481,2025-12-31,10.75166639236943,0.064,Low
C004482,2025-12-31,1158.4959649370726,0.43266666666666664,Developing
C004483,2025-12-31,1805.2981792432765,0.6436666666666667,High
C004484,2025-12-31,1924.4672356948945,0.673,High
C004485,2025-12-31,1673.745717490676,0.6021666666666666,High
C004486,2025-12-31,2723.1965942843813,0.7675,Strategic
C004487,2025-12-31,2580.3645778538003,0.755,Strategic
C004488,2025-12-31,66.70180406757052,0.28,Developing
C004489,2025-12-31,4960.937125030735,0.8763333333333333,Strategic
C004490,2025-12-31,6568.324500857591,0.912,Strategic
C004491,2025-12-31,2214.6584624120774,0.721,High
C004492,2025-12-31,1533.6663894611497,0.5546666666666666,High
C004493,2025-12-31,93.79819057365215,0.30916666666666665,Developing
C004494,2025-12-31,1343.596472602085,0.4856666666666667,Developing
C004495,2025-12-31,13.625586248958662,0.09466666666666666,Low
C004496,2025-12-31,9.285341278595938,0.0495,Low
C004497,2025-12-31,1174.23793172847,0.4355,Developing
C004498,2025-12-31,1220.3819338176543,0.44633333333333336,Developing
C004499,2025-12-31,1524.8003454629263,0.5505,High
C004500,2025-12-31,6811.355919086307,0.9185,Strategic
C004501,2025-12-31,3172.39293865121,0.802,Strategic
C004502,2025-12-31,44.58698654611656,0.24133333333333334,Low
C004503,2025-12-31,2987.852601855261,0.7905,Strategic
C004504,2025-12-31,18.272728080429193,0.12916666666666668,Low
C004505,2025-12-31,1456.8454989581664,0.526,High
C004506,2025-12-31,1471.3746456233755,0.5328333333333334,High
C004507,2025-12-31,100.31018517168562,0.31716666666666665,Developing
C004508,2025-12-31,3.848263015626505,0.011166666666666667,Low
C004509,2025-12-31,81.78702286779782,0.2996666666666667,Developing
C004510,2025-12-31,1097.6934917873511,0.4245,Developing
C004511,2025-12-31,1235.270344889807,0.4503333333333333,Developing
C004512,2025-12-31,9187.340473896127,0.9833333333333333,Strategic
C004513,2025-12-31,9.857277823139851,0.05383333333333333,Low
C004514,2025-12-31,1127.223821858,0.42866666666666664,Developing
C004515,2025-12-31,666.7110045985562,0.38533333333333336,Developing
C004516,2025-12-31,1210.7726279449703,0.44366666666666665,Developing
C004517,2025-12-31,1595.9353343144912,0.575,High
C004518,2025-12-31,2115.1454672814225,0.7083333333333334,High
C004519,2025-12-31,45.43369044763387,0.24333333333333335,Low
C004520,2025-12-31,9625.232048169935,0.9931666666666666,Strategic
C004521,2025-12-31,5449.148874986876,0.8886666666666667,Strategic
C004522,2025-12-31,14.246149189965411,0.09983333333333333,Low
C004523,2025-12-31,1708.7934407972687,0.6135,High
C004524,2025-12-31,7.086465536941727,0.0315,Low
C004525,2025-12-31,3267.7744990580277,0.8076666666666666,Strategic
C004526,2025-12-31,1067.5327108547892,0.42,Developing
C004527,2025-12-31,13.686317675649693,0.09566666666666666,Low
C004528,2025-12-31,1032.3448727873363,0.4161666666666667,Developing
C004529,2025-12-31,2803.206366154408,0.7756666666666666,Strategic
C004530,2025-12-31,4122.4409090515055,0.8495,Strategic
C004531,2025-12-31,147.2419617349691,0.3401666666666667,Developing
C004532,2025-12-31,1919.2437516667128,0.6723333333333333,High
C004533,2025-12-31,1913.821025811641,0.6711666666666667,High
C004534,2025-12-31,21.541933880778096,0.15233333333333332,Low
C004535,2025-12-31,8666.894346324118,0.9661666666666666,Strategic
C004536,2025-12-31,9428.320082608056,0.9895,Strategic
C004537,2025-12-31,1765.3111193295365,0.6291666666666667,High
C004538,2025-12-31,502.3374230627192,0.37516666666666665,Developing
C004539,2025-12-31,2001.6362151904914,0.6903333333333334,High
C004540,2025-12-31,1261.7967848280236,0.45666666666666667,Developing
C004541,2025-12-31,1784.6826530683954,0.6363333333333333,High
C004542,2025-12-31,9287.732713946725,0.9858333333333333,Strategic
C004543,2025-12-31,35.449686353066134,0.216,Low
C004544,2025-12-31,1449.403261175273,0.5231666666666667,High
C004545,2025-12-31,1325.0515821967867,0.4786666666666667,Developing
C004546,2025-12-31,1777.569703854536,0.6343333333333333,High
C004547,2025-12-31,25.23168020637576,0.17216666666666666,Low
C004548,2025-12-31,2450.738033618078,0.7443333333333333,High
C004549,2025-12-31,18.9674740399475,0.13483333333333333,Low
C004550,2025-12-31,1215.4294728244129,0.4445,Developing
C004551,2025-12-31,2149.7316438641014,0.7128333333333333,High
C004552,2025-12-31,7.256112783961606,0.033166666666666664,Low
C004553,2025-12-31,7689.837588513716,0.9368333333333333,Strategic
C004554,2025-12-31,9.925053736924445,0.0545,Low
C004555,2025-12-31,4.2594145734270645,0.0145,Low
C004556,2025-12-31,3725.6153149669854,0.833,Strategic
C004557,2025-12-31,1645.2868486367922,0.5923333333333334,High
C004558,2025-12-31,948.7221034035117,0.4085,Developing
C004559,2025-12-31,9133.970076591298,0.9805,Strategic
C004560,2025-12-31,7023.109822843686,0.9223333333333333,Strategic
C004561,2025-12-31,108.24241045914393,0.323,Developing
C004562,2025-12-31,19.467774254060622,0.137,Low
C004563,2025-12-31,4046.907179900212,0.8478333333333333,Strategic
C004564,2025-12-31,1681.7543185345448,0.605,High
C004565,2025-12-31,1377.8560077413756,0.49666666666666665,Developing
C004566,2025-12-31,1522.6547485766025,0.549,High
C004567,2025-12-31,67.86880026440616,0.2815,Developing
C004568,2025-12-31,1765.1329229900084,0.629,High
C004569,2025-12-31,2948.3134807061538,0.7866666666666666,Strategic
C004570,2025-12-31,3206.2727061501405,0.8036666666666666,Strategic
C004571,2025-12-31,1679.7707427508053,0.6041666666666666,High
C004572,2025-12-31,1600.9687400191167,0.577,High
C004573,2025-12-31,1176.5707848799718,0.436,Developing
C004574,2025-12-31,9268.74123638622,0.985,Strategic
C004575,2025-12-31,1574.921129855737,0.5685,High
C004576,2025-12-31,20.523737352745158,0.145,Low
C004577,2025-12-31,91.20237673706656,0.307,Developing
C004578,2025-12-31,1783.2695555958828,0.6355,High
C004579,2025-12-31,1522.7872578906429,0.5491666666666667,High
C004580,2025-12-31,55.91695481126234,0.26266666666666666,Developing
C004581,2025-12-31,1358.340454350448,0.491,Developing
C004582,2025-12-31,93.08751559786525,0.30866666666666664,Developing
C004583,2025-12-31,3554.484724435725,0.8235,Strategic
C004584,2025-12-31,157.0563433603716,0.3425,Developing
C004585,2025-12-31,8680.886504071923,0.9668333333333333,Strategic
C004586,2025-12-31,30.97139483509172,0.19916666666666666,Low
C004587,2025-12-31,138.01594922456454,0.3378333333333333,Developing
C004588,2025-12-31,18.12933519114105,0.12766666666666668,Low
C004589,2025-12-31,2212.6412009697638,0.7201666666666666,High
C004590,2025-12-31,34.22752617554954,0.21116666666666667,Low
C004591,2025-12-31,76.95777963343836,0.29383333333333334,Developing
C004592,2025-12-31,44.5803575906758,0.24116666666666667,Low
C004593,2025-12-31,1433.733877249098,0.5185,High
C004594,2025-12-31,901.9973843069487,0.4026666666666667,Developing
C004595,2025-12-31,42.16971288592848,0.23616666666666666,Low
C004596,2025-12-31,1671.3334348729582,0.6015,High
C004597,2025-12-31,4239.612112651322,0.8555,Strategic
C004598,2025-12-31,1383.7612355308308,0.499,Developing
C004599,2025-12-31,2231.8069474640743,0.7231666666666666,High
C004600,2025-12-31,119.90008429381058,0.3308333333333333,Developing
C004601,2025-12-31,3670.403861611729,0.8305,Strategic
C004602,2025-12-31,9246.053148037568,0.9843333333333333,Strategic
C004603,2025-12-31,4751.993840008233,0.8726666666666667,Strategic
C004604,2025-12-31,1081.3039925793003,0.4221666666666667,Developing
C004605,2025-12-31,31.81214202980844,0.20233333333333334,Low
C004606,2025-12-31,1523.966930984556,0.5498333333333333,High
C004607,2025-12-31,2041.0557615145292,0.6975,High
C004608,2025-12-31,21.931297932031654,0.155,Low
C004609,2025-12-31,3774.0619702664026,0.8363333333333334,Strategic
C004610,2025-12-31,57.33622140058615,0.266,Developing
C004611,2025-12-31,16.795759602708557,0.11983333333333333,Low
C004612,2025-12-31,7924.531437428817,0.942,Strategic
C004613,2025-12-31,1884.4038086978262,0.6668333333333333,High
C004614,2025-12-31,1996.3454760954119,0.6891666666666667,High
C004615,2025-12-31,8927.836148819082,0.9741666666666666,Strategic
C004616,2025-12-31,7130.255959582193,0.925,Strategic
C004617,2025-12-31,1.0722382273211766,0.001,Low
C004618,2025-12-31,16.62744492270694,0.11816666666666667,Low
C004619,2025-12-31,9.239072992507637,0.04933333333333333,Low
C004620,2025-12-31,1414.2438676523773,0.5103333333333333,High
C004621,2025-12-31,8965.048162864983,0.9755,Strategic
C004622,2025-12-31,6102.225696612493,0.9025,Strategic
C004623,2025-12-31,1803.0154120316008,0.6421666666666667,High
C004624,2025-12-31,40.68871576663561,0.232,Low
C004625,2025-12-31,1215.9019725460062,0.44483333333333336,Developing
C004626,2025-12-31,34.905516498662216,0.2145,Low
C004627,2025-12-31,75.61211967807458,0.292,Developing
C004628,2025-12-31,604.8004831275448,0.382,Developing
C004629,2025-12-31,404.3079274104969,0.36883333333333335,Developing
C004630,2025-12-31,15.552729088329006,0.11,Low
C004631,2025-12-31,56.91046853186562,0.2648333333333333,Developing
C004632,2025-12-31,19.577314377027495,0.13833333333333334,Low
C004633,2025-12-31,21.482861052021626,0.15216666666666667,Low
C004634,2025-12-31,74.81440396381562,0.291,Developing
C004635,2025-12-31,26.508644525645252,0.18033333333333335,Low
C004636,2025-12-31,1441.3643639628,0.5206666666666667,High
C004637,2025-12-31,1423.5226570679035,0.5148333333333334,High
C004638,2025-12-31,15.51634515260505,0.1095,Low
C004639,2025-12-31,119.33812016640637,0.33,Developing
C004640,2025-12-31,1587.5946203062153,0.5733333333333334,High
C004641,2025-12-31,1990.2069936359574,0.6875,High
C004642,2025-12-31,4413.0675591693125,0.863,Strategic
C004643,2025-12-31,2193.4762166591267,0.7175,High
C004644,2025-12-31,833.3193294611963,0.3975,Developing
C004645,2025-12-31,2628.8468029735604,0.7601666666666667,Strategic
C004646,2025-12-31,1134.5462567126508,0.42933333333333334,Developing
C004647,2025-12-31,103.17656640198476,0.31883333333333336,Developing
C004648,2025-12-31,1692.907118427149,0.6086666666666667,High
C004649,2025-12-31,1617.7358346678686,0.5823333333333334,High
C004650,2025-12-31,11.994223819841975,0.0775,Low
C004651,2025-12-31,1800.542735749619,0.6415,High
C004652,2025-12-31,76.18577445686641,0.29283333333333333,Developing
C004653,2025-12-31,4847.883946921068,0.8746666666666667,Strategic
C004654,2025-12-31,3910.4121021847827,0.8426666666666667,Strategic
C004655,2025-12-31,36.38946102653715,0.21966666666666668,Low
C004656,2025-12-31,9.212345968527005,0.049166666666666664,Low
C004657,2025-12-31,25.998519284178045,0.1765,Low
C004658,2025-12-31,3654.038993512738,0.8293333333333334,Strategic
C004659,2025-12-31,809.0502830499424,0.39416666666666667,Developing
C004660,2025-12-31,10571.348048688573,0.9998333333333334,Strategic
C004661,2025-12-31,2420.5954535060077,0.7418333333333333,High
C004662,2025-12-31,43.59014511235158,0.24,Low
C004663,2025-12-31,122.0868969316307,0.33166666666666667,Developing
C004664,2025-12-31,4844.013846397867,0.8743333333333333,Strategic
C004665,2025-12-31,3.915010409983039,0.0115,Low
C004666,2025-12-31,8899.785643096719,0.9735,Strategic
C004667,2025-12-31,1075.1248290808112,0.4206666666666667,Developing
C004668,2025-12-31,2503.314468707953,0.7486666666666667,High
C004669,2025-12-31,2380.759458654934,0.7381666666666666,High
C004670,2025-12-31,25.940500760911846,0.17633333333333334,Low
C004671,2025-12-31,1645.1454864920001,0.5921666666666666,High
C004672,2025-12-31,9595.28515600765,0.9925,Strategic
C004673,2025-12-31,43.75326703035043,0.24033333333333334,Low
C004674,2025-12-31,4427.303053587355,0.8635,Strategic
C004675,2025-12-31,2970.893810918016,0.7893333333333333,Strategic
C004676,2025-12-31,14.189373345062537,0.09933333333333333,Low
C004677,2025-12-31,8287.567772306176,0.9548333333333333,Strategic
C004678,2025-12-31,4144.747043168521,0.8506666666666667,Strategic
C004679,2025-12-31,42.34371097934283,0.2375,Low
C004680,2025-12-31,1262.960147483084,0.457,Developing
C004681,2025-12-31,1771.1354917530591,0.6318333333333334,High
C004682,2025-12-31,1634.455844401408,0.5883333333333334,High
C004683,2025-12-31,27.83469344753031,0.18666666666666668,Low
C004684,2025-12-31,1536.0999586109197,0.5558333333333333,High
C004685,2025-12-31,1086.764553689821,0.42333333333333334,Developing
C004686,2025-12-31,46.287539760551326,0.24533333333333332,Low
C004687,2025-12-31,30.744291098610155,0.199,Low
C004688,2025-12-31,55.0778961222964,0.26116666666666666,Developing
C004689,2025-12-31,7.000477649534749,0.031,Low
C004690,2025-12-31,2006.1473478840212,0.6918333333333333,High
C004691,2025-12-31,1323.136931411842,0.4776666666666667,Developing
C004692,2025-12-31,1410.4417548762153,0.5088333333333334,High
C004693,2025-12-31,17.82436558324209,0.12575,Low
C004694,2025-12-31,13.092906578024703,0.09016666666666667,Low
C004695,2025-12-31,75.42039433081369,0.29183333333333333,Developing
C004696,2025-12-31,3334.85299161197,0.8125,Strategic
C004697,2025-12-31,6500.315998347299,0.9101666666666667,Strategic
C004698,2025-12-31,1320.0714901448146,0.4766666666666667,Developing
C004699,2025-12-31,26.69761543847791,0.1815,Low
C004700,2025-12-31,42.23924116580789,0.23683333333333334,Low
C004701,2025-12-31,2327.470506396256,0.7343333333333333,High
C004702,2025-12-31,1.3631577056356095,0.0015,Low
C004703,2025-12-31,78.91430151187961,0.2961666666666667,Developing
C004704,2025-12-31,1248.6382626370546,0.45366666666666666,Developing
C004705,2025-12-31,2420.241199215773,0.7416666666666667,High
C004706,2025-12-31,32.55821938880873,0.20583333333333334,Low
C004707,2025-12-31,853.9794081812221,0.3983333333333333,Developing
C004708,2025-12-31,23.723167782339317,0.1645,Low
C004709,2025-12-31,8213.1112589687,0.9525,Strategic
C004710,2025-12-31,6256.6246865966195,0.9061666666666667,Strategic
C004711,2025-12-31,1347.7985961754441,0.487,Developing
C004712,2025-12-31,45.688699599153246,0.24416666666666667,Low
C004713,2025-12-31,1266.6818229194444,0.45916666666666667,Developing
C004714,2025-12-31,54.473589357292184,0.25966666666666666,Developing
C004715,2025-12-31,43.26432772088423,0.2395,Low
C004716,2025-12-31,64.16258665851156,0.27666666666666667,Developing
C004717,2025-12-31,1372.002905273432,0.4955,Developing
C004718,2025-12-31,90.44383275500641,0.3065,Developing
C004719,2025-12-31,4859.999816801909,0.8748333333333334,Strategic
C004720,2025-12-31,1862.4516310604567,0.6611666666666667,High
C004721,2025-12-31,2682.7870530891246,0.764,Strategic
C004722,2025-12-31,1454.2687838768531,0.5246666666666666,High
C004723,2025-12-31,21.561805681617834,0.1525,Low
C004724,2025-12-31,2584.711945939116,0.7555,Strategic
C004725,2025-12-31,25.549177605337327,0.174,Low
C004726,2025-12-31,9.937122594892298,0.05483333333333333,Low
C004727,2025-12-31,1232.3926720240206,0.44966666666666666,Developing
C004728,2025-12-31,16.428769870626557,0.11633333333333333,Low
C004729,2025-12-31,1631.5441198420133,0.5871666666666666,High
C004730,2025-12-31,3260.4763757514365,0.8073333333333333,Strategic
C004731,2025-12-31,9421.559659715804,0.9891666666666666,Strategic
C004732,2025-12-31,8006.484136018541,0.9448333333333333,Strategic
C004733,2025-12-31,97.55195677956463,0.31416666666666665,Developing
C004734,2025-12-31,2445.277436873084,0.7438333333333333,High
C004735,2025-12-31,21.6601886716339,0.15283333333333332,Low
C004736,2025-12-31,1594.830270450506,0.5746666666666667,High
C004737,2025-12-31,1906.6449035112748,0.67,High
C004738,2025-12-31,132.82135872015783,0.33566666666666667,Developing
C004739,2025-12-31,2036.858159463934,0.6965,High
C004740,2025-12-31,6457.439002270247,0.9096666666666666,Strategic
C004741,2025-12-31,1810.1336915935203,0.6455,High
C004742,2025-12-31,45.45429662670393,0.2435,Low
C004743,2025-12-31,1504.192994375241,0.5426666666666666,High
C004744,2025-12-31,17.292081153970365,0.1225,Low
C004745,2025-12-31,4209.899340384283,0.854,Strategic
C004746,2025-12-31,10.61523657809159,0.0625,Low
C004747,2025-12-31,1373.0514506227112,0.49566666666666664,Developing
C004748,2025-12-31,9034.369072707292,0.9783333333333334,Strategic
C004749,2025-12-31,6.6402319940062915,0.028,Low
C004750,2025-12-31,12.379372432970548,0.0815,Low
C004751,2025-12-31,5345.737764207094,0.8856666666666667,Strategic
C004752,2025-12-31,629.6177022267981,0.3835,Developing
C004753,2025-12-31,16.09671732847337,0.1145,Low
C004754,2025-12-31,6156.102173220031,0.9033333333333333,Strategic
C004755,2025-12-31,4531.828291551307,0.8666666666666667,Strategic
C004756,2025-12-31,7982.41658956622,0.9438333333333333,Strategic
C004757,2025-12-31,1514.4855696470597,0.547,High
C004758,2025-12-31,97.63076328177884,0.31433333333333335,Developing
C004759,2025-12-31,72.20326606609008,0.2886666666666667,Developing
C004760,2025-12-31,1292.0041897706958,0.467,Developing
C004761,2025-12-31,17.967770415156362,0.12683333333333333,Low
C004762,2025-12-31,1746.9980816682107,0.623,High
C004763,2025-12-31,2235.1064066267922,0.7238333333333333,High
C004764,2025-12-31,852.7115000553753,0.39816666666666667,Developing
C004765,2025-12-31,2257.1881307684325,0.7256666666666667,High
C004766,2025-12-31,5.622840761477536,0.0235,Low
C004767,2025-12-31,59.83141889308673,0.26916666666666667,Developing
C004768,2025-12-31,1508.0080944444348,0.5438333333333333,High
C004769,2025-12-31,67.2074104353108,0.2801666666666667,Developing
C004770,2025-12-31,1345.5954432527224,0.4865,Developing
C004771,2025-12-31,15.037799624630264,0.10566666666666667,Low
C004772,2025-12-31,1788.1004906391468,0.6376666666666667,High
C004773,2025-12-31,7.669824848078782,0.035333333333333335,Low
C004774,2025-12-31,70.60858741724687,0.28633333333333333,Developing
C004775,2025-12-31,15.435150634353928,0.10866666666666666,Low
C004776,2025-12-31,2430.747448904607,0.7428333333333333,High
C004777,2025-12-31,1582.7339212329466,0.5715,High
C004778,2025-12-31,1241.953647759067,0.4525,Developing
C004779,2025-12-31,2365.6004461929765,0.7371666666666666,High
C004780,2025-12-31,2826.931677674435,0.7778333333333334,Strategic
C004781,2025-12-31,907.1650814326678,0.4033333333333333,Developing
C004782,2025-12-31,2141.0877007482254,0.7115,High
C004783,2025-12-31,3659.313280769356,0.83,Strategic
C004784,2025-12-31,1970.2508212092862,0.6828333333333333,High
C004785,2025-12-31,187.7004224929945,0.348,Developing
C004786,2025-12-31,1489.754928668975,0.5383333333333333,High
C004787,2025-12-31,15.864609241419213,0.11216666666666666,Low
C004788,2025-12-31,11.91421311966421,0.07666666666666666,Low
C004789,2025-12-31,79.24708982777022,0.2971666666666667,Developing
C004790,2025-12-31,4201.9994055507095,0.8535,Strategic
C004791,2025-12-31,115.71036891657492,0.32766666666666666,Developing
C004792,2025-12-31,1735.5634440735992,0.6206666666666667,High
C004793,2025-12-31,3273.7037013261524,0.8085,Strategic
C004794,2025-12-31,158.83719261471572,0.343,Developing
C004795,2025-12-31,1615.9978654087658,0.5813333333333334,High
C004796,2025-12-31,31.593048250017482,0.20133333333333334,Low
C004797,2025-12-31,1511.2778161712597,0.5455,High
C004798,2025-12-31,18.278909979923338,0.12933333333333333,Low
C004799,2025-12-31,38.57554241637388,0.226,Low
C004800,2025-12-31,3.5309095393251173,0.0095,Low
C004801,2025-12-31,2636.165649577223,0.7606666666666667,Strategic
C004802,2025-12-31,23.210222515841792,0.16133333333333333,Low
C004803,2025-12-31,20.260130919692344,0.14358333333333334,Low
C004804,2025-12-31,2123.662105267573,0.7091666666666666,High
C004805,2025-12-31,1110.1754044718766,0.4256666666666667,Developing
C004806,2025-12-31,1823.570540033691,0.6503333333333333,High
C004807,2025-12-31,10.025828684488573,0.05616666666666666,Low
C004808,2025-12-31,1362.7492909184873,0.493,Developing
C004809,2025-12-31,3375.7887140273842,0.8146666666666667,Strategic
C004810,2025-12-31,2826.8618721196794,0.7776666666666666,Strategic
C004811,2025-12-31,9035.768120388215,0.9785,Strategic
C004812,2025-12-31,20.930017316004918,0.1485,Low
C004813,2025-12-31,60.77206910434925,0.2705,Developing
C004814,2025-12-31,40.19446796531746,0.23,Low
C004815,2025-12-31,4456.908976965634,0.8645,Strategic
C004816,2025-12-31,14.94545705419719,0.10483333333333333,Low
C004817,2025-12-31,277.4438627346818,0.35833333333333334,Developing
C004818,2025-12-31,36.19835543705383,0.21866666666666668,Low
C004819,2025-12-31,103.51293113562657,0.31966666666666665,Developing
C004820,2025-12-31,3405.926961205039,0.8161666666666667,Strategic
C004821,2025-12-31,16.820807517275078,0.12,Low
C004822,2025-12-31,2448.0033471726197,0.744,High
C004823,2025-12-31,1098.397724564933,0.4246666666666667,Developing
C004824,2025-12-31,510.33750710015414,0.376,Developing
C004825,2025-12-31,3649.743302161024,0.829,Strategic
C004826,2025-12-31,1728.6873347371115,0.6185,High
C004827,2025-12-31,2292.151123388584,0.7305,High
C004828,2025-12-31,5173.370702604034,0.8816666666666667,Strategic
C004829,2025-12-31,19.01478747563867,0.13533333333333333,Low
C004830,2025-12-31,2176.467551506794,0.7151666666666666,High
C004831,2025-12-31,1556.2982181193024,0.5618333333333333,High
C004832,2025-12-31,2320.226719845975,0.7338333333333333,High
C004833,2025-12-31,4.588429520832785,0.017333333333333333,Low
C004834,2025-12-31,8563.457545269226,0.963,Strategic
C004835,2025-12-31,9.857448120077983,0.054,Low
C004836,2025-12-31,22.62264655999081,0.15783333333333333,Low
C004837,2025-12-31,50.61636562583583,0.25366666666666665,Developing
C004838,2025-12-31,1576.9060461694182,0.5688333333333333,High
C004839,2025-12-31,8785.476551685932,0.9698333333333333,Strategic
C004840,2025-12-31,1852.5176434470113,0.6585,High
C004841,2025-12-31,1115.1804298225613,0.4266666666666667,Developing
C004842,2025-12-31,1354.3197864166495,0.48933333333333334,Developing
C004843,2025-12-31,2672.2715236890303,0.763,Strategic
C004844,2025-12-31,50.477083404189294,0.253,Developing
C004845,2025-12-31,37.62744561065303,0.22233333333333333,Low
C004846,2025-12-31,2127.8271003032783,0.71,High
C004847,2025-12-31,53.36133952812165,0.25783333333333336,Developing
C004848,2025-12-31,1827.0518740899859,0.6515,High
C004849,2025-12-31,42.80512238331659,0.23883333333333334,Low
C004850,2025-12-31,2300.5045272324837,0.7316666666666667,High
C004851,2025-12-31,28.203003895314986,0.18866666666666668,Low
C004852,2025-12-31,11.99353965338863,0.07733333333333334,Low
C004853,2025-12-31,4435.893744238366,0.8638333333333333,Strategic
C004854,2025-12-31,1776.493989883747,0.6336666666666667,High
C004855,2025-12-31,8577.63230753611,0.9633333333333334,Strategic
C004856,2025-12-31,23.328935175322638,0.162,Low
C004857,2025-12-31,1314.3216706364399,0.4745,Developing
C004858,2025-12-31,14.744529577109274,0.10333333333333333,Low
C004859,2025-12-31,135.5553763315022,0.337,Developing
C004860,2025-12-31,11.440497856123526,0.072,Low
C004861,2025-12-31,1691.6261402259884,0.6076666666666667,High
C004862,2025-12-31,28.977279354522548,0.1915,Low
C004863,2025-12-31,1995.211149792713,0.6886666666666666,High
C004864,2025-12-31,1200.1057357222135,0.44116666666666665,Developing
C004865,2025-12-31,40.15148295719545,0.22966666666666666,Low
C004866,2025-12-31,94.16768817216418,0.30966666666666665,Developing
C004867,2025-12-31,5.885652397259594,0.0245,Low
C004868,2025-12-31,10.38534825626361,0.059333333333333335,Low
C004869,2025-12-31,2193.7185356289583,0.7176666666666667,High
C004870,2025-12-31,90.16904990628474,0.30583333333333335,Developing
C004871,2025-12-31,1434.2749068006071,0.5186666666666667,High
C004872,2025-12-31,1287.9247295656571,0.4656666666666667,Developing
C004873,2025-12-31,9509.113916201602,0.9908333333333333,Strategic
C004874,2025-12-31,5.018699751948985,0.019666666666666666,Low
C004875,2025-12-31,5419.549385008316,0.888,Strategic
C004876,2025-12-31,18.462678381321993,0.13033333333333333,Low
C004877,2025-12-31,2484.500952492918,0.747,High
C004878,2025-12-31,10031.136080280634,0.998,Strategic
C004879,2025-12-31,12.79090306373984,0.08633333333333333,Low
C004880,2025-12-31,3803.170590368017,0.8376666666666667,Strategic
C004881,2025-12-31,1218.3337597827303,0.4455,Developing
C004882,2025-12-31,829.9450395434318,0.39716666666666667,Developing
C004883,2025-12-31,8944.424475448151,0.975,Strategic
C004884,2025-12-31,2918.0837455442875,0.785,Strategic
C004885,2025-12-31,18.09870632937835,0.1275,Low
C004886,2025-12-31,9234.146236619314,0.9838333333333333,Strategic
C004887,2025-12-31,353.03767280562516,0.3635,Developing
C004888,2025-12-31,10.698535459691035,0.06333333333333334,Low
C004889,2025-12-31,110.2023850255742,0.32416666666666666,Developing
C004890,2025-12-31,12.63460658853975,0.08483333333333333,Low
C004891,2025-12-31,803.7196275841095,0.3935,Developing
C004892,2025-12-31,1.219489700131028,0.0013333333333333333,Low
C004893,2025-12-31,1902.9277827261346,0.6696666666666666,High
C004894,2025-12-31,21.722897186727273,0.1535,Low
C004895,2025-12-31,1900.808712458796,0.6691666666666667,High
C004896,2025-12-31,47.82352693986767,0.24833333333333332,Low
C004897,2025-12-31,1199.4343291969426,0.441,Developing
C004898,2025-12-31,2018.1344723252466,0.6933333333333334,High
C004899,2025-12-31,1366.5946205215084,0.49383333333333335,Developing
C004900,2025-12-31,2097.4091987976403,0.7066666666666667,High
C004901,2025-12-31,2087.2301930644476,0.7058333333333333,High
C004902,2025-12-31,1668.0328356563173,0.6006666666666667,High
C004903,2025-12-31,1615.54610928712,0.5811666666666667,High
C004904,2025-12-31,26.70257402549671,0.18166666666666667,Low
C004905,2025-12-31,2556.3098060462335,0.753,Strategic
C004906,2025-12-31,267.8627981346006,0.3571666666666667,Developing
C004907,2025-12-31,1803.1285933263232,0.6425,High
C004908,2025-12-31,1867.5439453168651,0.6625,High
C004909,2025-12-31,54.805558264816014,0.26066666666666666,Developing
C004910,2025-12-31,11.478224737931486,0.07233333333333333,Low
C004911,2025-12-31,10.762218245918925,0.06416666666666666,Low
C004912,2025-12-31,514.7684347568882,0.3765,Developing
C004913,2025-12-31,1609.8264845509007,0.5788333333333333,High
C004914,2025-12-31,6848.654218364979,0.9196666666666666,Strategic
C004915,2025-12-31,564.9285830742472,0.38016666666666665,Developing
C004916,2025-12-31,158.54212934969593,0.3426666666666667,Developing
C004917,2025-12-31,7676.87679091537,0.9366666666666666,Strategic
C004918,2025-12-31,1317.6061857159489,0.476,Developing
C004919,2025-12-31,3424.3229162602906,0.8168333333333333,Strategic
C004920,2025-12-31,190.74953861448023,0.34883333333333333,Developing
C004921,2025-12-31,17.478427200460924,0.12316666666666666,Low
C004922,2025-12-31,7876.455683294926,0.9411666666666667,Strategic
C004923,2025-12-31,1396.1274311586897,0.505,High
C004924,2025-12-31,212.82183103175868,0.3531666666666667,Developing
C004925,2025-12-31,1009.0534059058268,0.41433333333333333,Developing
C004926,2025-12-31,4385.909529882579,0.8621666666666666,Strategic
C004927,2025-12-31,2617.5198217937755,0.759,Strategic
C004928,2025-12-31,1534.3303965174207,0.5551666666666667,High
C004929,2025-12-31,29.729324946587965,0.19616666666666666,Low
C004930,2025-12-31,3449.834189726152,0.8183333333333334,Strategic
C004931,2025-12-31,12.77771968496706,0.08616666666666667,Low
C004932,2025-12-31,2344.1832620530263,0.736,High
C004933,2025-12-31,3774.3403403324355,0.8365,Strategic
C004934,2025-12-31,1124.2169779820251,0.42783333333333334,Developing
C004935,2025-12-31,92.72753746828208,0.308,Developing
C004936,2025-12-31,3108.8105911601156,0.7988333333333333,Strategic
C004937,2025-12-31,8006.823808515996,0.945,Strategic
C004938,2025-12-31,527.0841142749204,0.3775,Developing
C004939,2025-12-31,1266.7139364715392,0.4593333333333333,Developing
C004940,2025-12-31,4097.570850773428,0.849,Strategic
C004941,2025-12-31,1771.0224056506966,0.6315,High
C004942,2025-12-31,4765.571519531886,0.8731666666666666,Strategic
C004943,2025-12-31,541.4586967305896,0.3785,Developing
C004944,2025-12-31,34.770289899727985,0.21366666666666667,Low
C004945,2025-12-31,222.1371698595117,0.3541666666666667,Developing
C004946,2025-12-31,9138.853346282156,0.9806666666666667,Strategic
C004947,2025-12-31,1827.4867297711487,0.6518333333333334,High
C004948,2025-12-31,35.991257333183185,0.218,Low
C004949,2025-12-31,19.62944735891797,0.1385,Low
C004950,2025-12-31,7798.3049952053825,0.939,Strategic
C004951,2025-12-31,9409.606850654798,0.989,Strategic
C004952,2025-12-31,2828.9142090684863,0.7781666666666667,Strategic
C004953,2025-12-31,8690.193715744965,0.967,Strategic
C004954,2025-12-31,0.0,0.0004166666666666667,Low
C004955,2025-12-31,1713.4871347772448,0.6143333333333333,High
C004956,2025-12-31,75.71797892852716,0.2921666666666667,Developing
C004957,2025-12-31,3908.0683123342737,0.8423333333333334,Strategic
C004958,2025-12-31,8719.240275548547,0.968,Strategic
C004959,2025-12-31,8.4166976408655,0.042333333333333334,Low
C004960,2025-12-31,73.38686793535314,0.2896666666666667,Developing
C004961,2025-12-31,12.938552279120907,0.08783333333333333,Low
C004962,2025-12-31,4429.663742240549,0.8636666666666667,Strategic
C004963,2025-12-31,1966.7903771876554,0.6816666666666666,High
C004964,2025-12-31,370.4513048664443,0.36516666666666664,Developing
C004965,2025-12-31,1240.5138945394542,0.452,Developing
C004966,2025-12-31,1338.3592910124235,0.484,Developing
C004967,2025-12-31,1976.248249462138,0.684,High
C004968,2025-12-31,193.4380907880293,0.34933333333333333,Developing
C004969,2025-12-31,231.2765073413124,0.35483333333333333,Developing
C004970,2025-12-31,10197.138962604,0.9986666666666667,Strategic
C004971,2025-12-31,17.109004576386614,0.1215,Low
C004972,2025-12-31,1112.1403724022955,0.426,Developing
C004973,2025-12-31,1582.6602543042598,0.5713333333333334,High
C004974,2025-12-31,1960.205637778618,0.6801666666666667,High
C004975,2025-12-31,2779.885059557616,0.7735,Strategic
C004976,2025-12-31,28.572972022469475,0.18983333333333333,Low
C004977,2025-12-31,31.265851230255564,0.2005,Low
C004978,2025-12-31,5985.236284190216,0.8991666666666667,Strategic
C004979,2025-12-31,1467.869813436832,0.5311666666666667,High
C004980,2025-12-31,3067.569298884109,0.7965,Strategic
C004981,2025-12-31,3847.0646849616073,0.8395,Strategic
C004982,2025-12-31,1554.0781645589952,0.5613333333333334,High
C004983,2025-12-31,8328.848912577954,0.9563333333333334,Strategic
C004984,2025-12-31,699.5512737216982,0.387,Developing
C004985,2025-12-31,79.04035578213494,0.29633333333333334,Developing
C004986,2025-12-31,79.19281342057413,0.2965,Developing
C004987,2025-12-31,15.24302527481937,0.10716666666666666,Low
C004988,2025-12-31,19.41088288718292,0.13683333333333333,Low
C004989,2025-12-31,1806.8614546111285,0.6441666666666667,High
C004990,2025-12-31,9567.918322777992,0.9921666666666666,Strategic
C004991,2025-12-31,1430.1488086081058,0.5168333333333334,High
C004992,2025-12-31,1480.044631556136,0.535,High
C004993,2025-12-31,16.84621291526785,0.1205,Low
C004994,2025-12-31,3238.5156684411895,0.8063333333333333,Strategic
C004995,2025-12-31,2505.3734314913513,0.7488333333333334,High
C004996,2025-12-31,1548.9605610509452,0.5591666666666667,High
C004997,2025-12-31,1945.9965627025829,0.6776666666666666,High
C004998,2025-12-31,972.28501555061,0.411,Developing
C004999,2025-12-31,10675.967541805727,1.0,Strategic
C005000,2025-12-31,770.8203983537655,0.39166666666666666,Developing
C005001,2025-12-31,9.713276620344866,0.052333333333333336,Low
C005002,2025-12-31,2003.0301998793818,0.6906666666666667,High
C005003,2025-12-31,2.5184063599098168,0.004666666666666667,Low
C005004,2025-12-31,7733.567051576464,0.9375,Strategic
C005005,2025-12-31,3508.9399701253756,0.8215,Strategic
C005006,2025-12-31,7617.176139403093,0.935,Strategic
C005007,2025-12-31,64.87647796945096,0.2776666666666667,Developing
C005008,2025-12-31,2267.33522368527,0.7271666666666666,High
C005009,2025-12-31,7055.039527534778,0.9231666666666667,Strategic
C005010,2025-12-31,6.213195148998311,0.026,Low
C005011,2025-12-31,1229.900133688828,0.449,Developing
C005012,2025-12-31,115.62741659274965,0.3273333333333333,Developing
C005013,2025-12-31,2020.8959404651898,0.694,High
C005014,2025-12-31,1421.8795281863083,0.5133333333333333,High
C005015,2025-12-31,1163.6501068203554,0.4335,Developing
C005016,2025-12-31,8274.782640254558,0.9543333333333334,Strategic
C005017,2025-12-31,1653.284718593381,0.5951666666666666,High
C005018,2025-12-31,6768.450303658487,0.9173333333333333,Strategic
C005019,2025-12-31,1379.7274487338461,0.4975,Developing
C005020,2025-12-31,12.057132750122657,0.07816666666666666,Low
C005021,2025-12-31,6550.231562867143,0.9113333333333333,Strategic
C005022,2025-12-31,1673.284941069902,0.6018333333333333,High
C005023,2025-12-31,993.0284083202715,0.4131666666666667,Developing
C005024,2025-12-31,6041.648635689236,0.9006666666666666,Strategic
C005025,2025-12-31,12.882030710383114,0.08733333333333333,Low
C005026,2025-12-31,1463.4584074114662,0.529,High
C005027,2025-12-31,1500.2607912586616,0.5411666666666667,High
C005028,2025-12-31,11.268119038792545,0.07083333333333333,Low
C005029,2025-12-31,2228.5220328790697,0.7228333333333333,High
C005030,2025-12-31,4.749086369706433,0.018333333333333333,Low
C005031,2025-12-31,2594.886020186817,0.7573333333333333,Strategic
C005032,2025-12-31,7558.017019452045,0.9341666666666667,Strategic
C005033,2025-12-31,7927.891420422708,0.9421666666666667,Strategic
C005034,2025-12-31,8283.781283037244,0.9546666666666667,Strategic
C005035,2025-12-31,565.1439194287474,0.38033333333333336,Developing
C005036,2025-12-31,53.670997875618305,0.2585,Developing
C005037,2025-12-31,34.92282494875496,0.21466666666666667,Low
C005038,2025-12-31,2752.861186220432,0.7695,Strategic
C005039,2025-12-31,37.52191445625388,0.22216666666666668,Low
C005040,2025-12-31,0.0,0.0004166666666666667,Low
C005041,2025-12-31,269.6683540277052,0.3576666666666667,Developing
C005042,2025-12-31,2542.466545048007,0.7515,Strategic
C005043,2025-12-31,3798.5214473778756,0.8371666666666666,Strategic
C005044,2025-12-31,1045.1290761049127,0.4171666666666667,Developing
C005045,2025-12-31,95.50199324625802,0.31133333333333335,Developing
C005046,2025-12-31,2124.53601437885,0.7093333333333334,High
C005047,2025-12-31,1167.0163050138071,0.43416666666666665,Developing
C005048,2025-12-31,1348.5505808415,0.48733333333333334,Developing
C005049,2025-12-31,1392.2591872917158,0.5031666666666667,High
C005050,2025-12-31,12.509724405496078,0.0835,Low
C005051,2025-12-31,6585.698527844099,0.9126666666666666,Strategic
C005052,2025-12-31,1353.1600460191423,0.4886666666666667,Developing
C005053,2025-12-31,8312.18997741551,0.9555,Strategic
C005054,2025-12-31,9331.417482899215,0.9863333333333333,Strategic
C005055,2025-12-31,1158.0222144420998,0.43233333333333335,Developing
C005056,2025-12-31,7177.296455526013,0.9263333333333333,Strategic
C005057,2025-12-31,1672.89147993256,0.6016666666666667,High
C005058,2025-12-31,9840.016101723064,0.9961666666666666,Strategic
C005059,2025-12-31,36.173600613679845,0.2185,Low
C005060,2025-12-31,2.7868038722765323,0.006,Low
C005061,2025-12-31,70.27372376102583,0.2856666666666667,Developing
C005062,2025-12-31,197.9533440941843,0.35,Developing
C005063,2025-12-31,47.555028426088136,0.24783333333333332,Low
C005064,2025-12-31,1632.6482847047914,0.5876666666666667,High
C005065,2025-12-31,17.174390320523436,0.12183333333333334,Low
C005066,2025-12-31,2965.270381770311,0.789,Strategic
C005067,2025-12-31,23.03471008311643,0.16083333333333333,Low
C005068,2025-12-31,78.42200372244376,0.2955,Developing
C005069,2025-12-31,12.943599924534736,0.0885,Low
C005070,2025-12-31,12.102877866255925,0.0785,Low
C005071,2025-12-31,31.969656339879812,0.20333333333333334,Low
C005072,2025-12-31,2854.325564195157,0.7808333333333334,Strategic
C005073,2025-12-31,10.64206814434082,0.06266666666666666,Low
C005074,2025-12-31,7582.858530803484,0.9343333333333333,Strategic
C005075,2025-12-31,1842.8092796153444,0.6558333333333334,High
C005076,2025-12-31,34.83599327667672,0.21416666666666667,Low
C005077,2025-12-31,68.56415796928826,0.2823333333333333,Developing
C005078,2025-12-31,3922.2120467529257,0.8433333333333334,Strategic
C005079,2025-12-31,4.436128765380923,0.015833333333333335,Low
C005080,2025-12-31,327.2754042133077,0.3615,Developing
C005081,2025-12-31,3358.0933775247013,0.8136666666666666,Strategic
C005082,2025-12-31,100.5958033054287,0.31733333333333336,Developing
C005083,2025-12-31,11.157964134676204,0.06916666666666667,Low
C005084,2025-12-31,6.024042839540579,0.025,Low
C005085,2025-12-31,0.6012528690246405,0.0008333333333333334,Low
C005086,2025-12-31,1760.1506683024272,0.6266666666666667,High
C005087,2025-12-31,1979.7461120775552,0.6851666666666667,High
C005088,2025-12-31,1764.6498418514798,0.6283333333333333,High
C005089,2025-12-31,1.617251872315376,0.003,Low
C005090,2025-12-31,10.022771153688284,0.056,Low
C005091,2025-12-31,9979.77416287866,0.9975,Strategic
C005092,2025-12-31,2204.2747529950725,0.7188333333333333,High
C005093,2025-12-31,62.928395647000066,0.274,Developing
C005094,2025-12-31,2674.6959217945,0.7633333333333333,Strategic
C005095,2025-12-31,2679.022017780155,0.7635,Strategic
C005096,2025-12-31,2191.4746677490693,0.7173333333333334,High
C005097,2025-12-31,1887.098780520107,0.6673333333333333,High
C005098,2025-12-31,1880.6866506241313,0.6655,High
C005099,2025-12-31,130.4143641264947,0.33516666666666667,Developing
C005100,2025-12-31,1306.3069459532485,0.4725,Developing
C005101,2025-12-31,9722.138260529708,0.995,Strategic
C005102,2025-12-31,1246.2686578945095,0.453,Developing
C005103,2025-12-31,5177.189169585903,0.8818333333333334,Strategic
C005104,2025-12-31,8.766469064489007,0.045,Low
C005105,2025-12-31,18.554773160994795,0.1315,Low
C005106,2025-12-31,35.35604128797028,0.21583333333333332,Low
C005107,2025-12-31,1511.8023084886086,0.5461666666666667,High
C005108,2025-12-31,7325.002200330639,0.929,Strategic
C005109,2025-12-31,2943.080108524142,0.7861666666666667,Strategic
C005110,2025-12-31,4543.3461677523965,0.867,Strategic
C005111,2025-12-31,1599.5443130674985,0.5766666666666667,High
C005112,2025-12-31,60.78356027273904,0.27066666666666667,Developing
C005113,2025-12-31,1423.044111918204,0.5141666666666667,High
C005114,2025-12-31,8504.059529511069,0.9616666666666667,Strategic
C005115,2025-12-31,7.1733294013298625,0.0325,Low
C005116,2025-12-31,108.46399184106295,0.32316666666666666,Developing
C005117,2025-12-31,1813.399227519051,0.6473333333333333,High
C005118,2025-12-31,45.31311200087877,0.243,Low
C005119,2025-12-31,1690.4643391709644,0.607,High
C005120,2025-12-31,58.826790630330514,0.26816666666666666,Developing
C005121,2025-12-31,828.0973120722994,0.3968333333333333,Developing
C005122,2025-12-31,8697.165408281253,0.9673333333333334,Strategic
C005123,2025-12-31,12.930592089692869,0.08766666666666667,Low
C005124,2025-12-31,4806.258356921713,0.8741666666666666,Strategic
C005125,2025-12-31,8862.125074452078,0.9718333333333333,Strategic
C005126,2025-12-31,1412.6745090225197,0.5095,High
C005127,2025-12-31,7.783954289959407,0.037333333333333336,Low
C005128,2025-12-31,3830.2788041875324,0.8388333333333333,Strategic
C005129,2025-12-31,1673.5844137664387,0.602,High
C005130,2025-12-31,17.686061247794033,0.12433333333333334,Low
C005131,2025-12-31,28.12188646901623,0.18833333333333332,Low
C005132,2025-12-31,2279.650172849958,0.7291666666666666,High
C005133,2025-12-31,3.049406506300821,0.007333333333333333,Low
C005134,2025-12-31,4971.014743777438,0.8765,Strategic
C005135,2025-12-31,1670.2702795403986,0.601,High
C005136,2025-12-31,6155.8319477965,0.9031666666666667,Strategic
C005137,2025-12-31,7939.1773696638575,0.9426666666666667,Strategic
C005138,2025-12-31,605.063059777722,0.38216666666666665,Developing
C005139,2025-12-31,5410.559955446109,0.8878333333333334,Strategic
C005140,2025-12-31,6413.097611258784,0.9086666666666666,Strategic
C005141,2025-12-31,38.06316097220301,0.22333333333333333,Low
C005142,2025-12-31,25.931172663240993,0.176,Low
C005143,2025-12-31,117.54861045164377,0.329,Developing
C005144,2025-12-31,2013.2618647054967,0.6925,High
C005145,2025-12-31,1256.8056305951065,0.4553333333333333,Developing
C005146,2025-12-31,1302.6439863723883,0.4711666666666667,Developing
C005147,2025-12-31,1358.6258852097815,0.4915,Developing
C005148,2025-12-31,1767.9414272727615,0.6298333333333334,High
C005149,2025-12-31,4355.425281684103,0.8608333333333333,Strategic
C005150,2025-12-31,4220.5415993119195,0.8543333333333333,Strategic
C005151,2025-12-31,8.81534382461844,0.04516666666666667,Low
C005152,2025-12-31,2782.017834480046,0.7736666666666666,Strategic
C005153,2025-12-31,1977.056029195147,0.6841666666666667,High
C005154,2025-12-31,3822.968328678505,0.8385,Strategic
C005155,2025-12-31,2091.3323772252743,0.706,High
C005156,2025-12-31,1910.9020776754212,0.6703333333333333,High
C005157,2025-12-31,11.363603507743713,0.07166666666666667,Low
C005158,2025-12-31,1918.3723622413272,0.6721666666666667,High
C005159,2025-12-31,75.14425278617982,0.29133333333333333,Developing
C005160,2025-12-31,2021.6166033663083,0.6943333333333334,High
C005161,2025-12-31,62.3594065301854,0.2728333333333333,Developing
C005162,2025-12-31,3198.608696439464,0.8035,Strategic
C005163,2025-12-31,3147.67746494934,0.8011666666666667,Strategic
C005164,2025-12-31,9.431822584375826,0.0505,Low
C005165,2025-12-31,1653.8858708041066,0.5955,High
C005166,2025-12-31,24.72834229535524,0.17066666666666666,Low
C005167,2025-12-31,9.07677468153255,0.0475,Low
C005168,2025-12-31,21.80987514399056,0.154,Low
C005169,2025-12-31,25.440127169579668,0.17333333333333334,Low
C005170,2025-12-31,3658.2367807219257,0.8298333333333333,Strategic
C005171,2025-12-31,1469.249254360936,0.5318333333333334,High
C005172,2025-12-31,1345.6873589569223,0.4866666666666667,Developing
C005173,2025-12-31,17.93692885840879,0.12641666666666668,Low
C005174,2025-12-31,26.1305223427546,0.17683333333333334,Low
C005175,2025-12-31,1820.9252512025741,0.6495,High
C005176,2025-12-31,15.943184450103525,0.11316666666666667,Low
C005177,2025-12-31,141.31343807101123,0.33916666666666667,Developing
C005178,2025-12-31,2435.495666541233,0.7431666666666666,High
C005179,2025-12-31,2141.2924700705858,0.712,High
C005180,2025-12-31,1953.2377182412224,0.6786666666666666,High
C005181,2025-12-31,4275.300323536036,0.8575,Strategic
C005182,2025-12-31,1217.1985831557638,0.44533333333333336,Developing
C005183,2025-12-31,8060.850537465684,0.9476666666666667,Strategic
C005184,2025-12-31,24.140462149991507,0.16666666666666666,Low
C005185,2025-12-31,2900.2945385320986,0.7833333333333333,Strategic
C005186,2025-12-31,1301.2571727071795,0.471,Developing
C005187,2025-12-31,1632.9124243599472,0.5878333333333333,High
C005188,2025-12-31,121.37839914584019,0.3313333333333333,Developing
C005189,2025-12-31,104.74926623377247,0.32058333333333333,Developing
C005190,2025-12-31,57.285595990992114,0.2658333333333333,Developing
C005191,2025-12-31,26.315071888244663,0.17883333333333334,Low
C005192,2025-12-31,23.222445196589828,0.16166666666666665,Low
C005193,2025-12-31,1894.5254997126683,0.668,High
C005194,2025-12-31,1196.293467874036,0.44,Developing
C005195,2025-12-31,5428.881228870391,0.8881666666666667,Strategic
C005196,2025-12-31,1834.5346709567323,0.654,High
C005197,2025-12-31,1570.9942935448926,0.5668333333333333,High
C005198,2025-12-31,1593.9326076226275,0.5743333333333334,High
C005199,2025-12-31,29.486985442900583,0.194,Low
C005200,2025-12-31,49.42005168806853,0.25033333333333335,Developing
C005201,2025-12-31,1680.9291370331825,0.6043333333333333,High
C005202,2025-12-31,1182.518121850029,0.4375,Developing
C005203,2025-12-31,9.088297317526012,0.04766666666666667,Low
C005204,2025-12-31,5756.312164647943,0.8948333333333334,Strategic
C005205,2025-12-31,11.53994037235361,0.07366666666666667,Low
C005206,2025-12-31,8602.3690233484,0.964,Strategic
C005207,2025-12-31,74.87798521766096,0.2911666666666667,Developing
C005208,2025-12-31,9720.502157739216,0.9948333333333333,Strategic
C005209,2025-12-31,1677.1692816688083,0.6031666666666666,High
C005210,2025-12-31,1197.7227654599483,0.4405,Developing
C005211,2025-12-31,85.9572783627061,0.30333333333333334,Developing
C005212,2025-12-31,1353.5430546516116,0.48883333333333334,Developing
C005213,2025-12-31,44.49807386328124,0.241,Low
C005214,2025-12-31,3692.1990221085666,0.8316666666666667,Strategic
C005215,2025-12-31,165.91469202397548,0.3441666666666667,Developing
C005216,2025-12-31,6293.9281120912865,0.907,Strategic
C005217,2025-12-31,1436.7144715813695,0.5193333333333333,High
C005218,2025-12-31,1896.3649998535648,0.6683333333333333,High
C005219,2025-12-31,1210.0170399739436,0.4435,Developing
C005220,2025-12-31,55.888810977398734,0.2625,Developing
C005221,2025-12-31,12.223124886737502,0.07983333333333334,Low
C005222,2025-12-31,1533.0262934873824,0.5545,High
C005223,2025-12-31,10.254605372235517,0.058,Low
C005224,2025-12-31,3621.2480247183757,0.8273333333333334,Strategic
C005225,2025-12-31,5019.786421026841,0.8778333333333334,Strategic
C005226,2025-12-31,29.556115152439272,0.19483333333333333,Low
C005227,2025-12-31,3890.9746106384164,0.8418333333333333,Strategic
C005228,2025-12-31,8603.333773697233,0.9643333333333334,Strategic
C005229,2025-12-31,1674.130482522685,0.6025,High
C005230,2025-12-31,1696.2613682157098,0.6095,High
C005231,2025-12-31,1667.678398422922,0.6005,High
C005232,2025-12-31,1286.7752527156808,0.4651666666666667,Developing
C005233,2025-12-31,7823.665513698191,0.9403333333333334,Strategic
C005234,2025-12-31,1391.2926049193773,0.5028333333333334,High
C005235,2025-12-31,9177.331762353544,0.983,Strategic
C005236,2025-12-31,160.69829426129755,0.3436666666666667,Developing
C005237,2025-12-31,207.2072663226228,0.35133333333333333,Developing
C005238,2025-12-31,23.011773586344326,0.1605,Low
C005239,2025-12-31,50.26722589419923,0.25233333333333335,Developing
C005240,2025-12-31,3492.41767563636,0.821,Strategic
C005241,2025-12-31,9949.754030862967,0.9971666666666666,Strategic
C005242,2025-12-31,1537.7535284922378,0.5566666666666666,High
C005243,2025-12-31,23.569705620134147,0.16333333333333333,Low
C005244,2025-12-31,1989.9313663404537,0.6871666666666667,High
C005245,2025-12-31,1420.4293205487675,0.5125,High
C005246,2025-12-31,2479.7565374361293,0.7463333333333333,High
C005247,2025-12-31,2758.350978987202,0.7705,Strategic
C005248,2025-12-31,5391.168929385724,0.8873333333333333,Strategic
C005249,2025-12-31,7761.089376810631,0.9385,Strategic
C005250,2025-12-31,1773.1085315762953,0.6326666666666667,High
C005251,2025-12-31,28.951208772777687,0.19133333333333333,Low
C005252,2025-12-31,115.00766596837867,0.32716666666666666,Developing
C005253,2025-12-31,5486.915781968504,0.8898333333333334,Strategic
C005254,2025-12-31,16.53246549603755,0.11716666666666667,Low
C005255,2025-12-31,2050.9040591722555,0.6993333333333334,High
C005256,2025-12-31,176.60959809674972,0.3461666666666667,Developing
C005257,2025-12-31,27.870327727539845,0.18716666666666668,Low
C005258,2025-12-31,31.506437172910363,0.201,Low
C005259,2025-12-31,1772.1252410830273,0.6323333333333333,High
C005260,2025-12-31,5352.592078456817,0.8863333333333333,Strategic
C005261,2025-12-31,1662.7230906838915,0.5983333333333334,High
C005262,2025-12-31,8802.260021333204,0.9703333333333334,Strategic
C005263,2025-12-31,1525.0534057017755,0.551,High
C005264,2025-12-31,1424.5655464105328,0.5151666666666667,High
C005265,2025-12-31,2.41193839258774,0.004333333333333333,Low
C005266,2025-12-31,2762.0025889422845,0.771,Strategic
C005267,2025-12-31,15.09350884647033,0.10583333333333333,Low
C005268,2025-12-31,3856.6867934053876,0.84,Strategic
C005269,2025-12-31,11.723464393949222,0.07533333333333334,Low
C005270,2025-12-31,6399.242408564214,0.9085,Strategic
C005271,2025-12-31,2309.1440354809297,0.7326666666666667,High
C005272,2025-12-31,11.447114526924903,0.07216666666666667,Low
C005273,2025-12-31,5161.1645022401,0.8813333333333333,Strategic
C005274,2025-12-31,8733.449692952205,0.9683333333333334,Strategic
C005275,2025-12-31,9.45888516469437,0.050666666666666665,Low
C005276,2025-12-31,3429.449770643404,0.8171666666666667,Strategic
C005277,2025-12-31,1326.0250526718482,0.47983333333333333,Developing
C005278,2025-12-31,8624.813995076429,0.9651666666666666,Strategic
C005279,2025-12-31,98.18514498990338,0.315,Developing
C005280,2025-12-31,1007.7944091262863,0.4141666666666667,Developing
C005281,2025-12-31,4.970868144386242,0.0195,Low
C005282,2025-12-31,33.86815682430428,0.20983333333333334,Low
C005283,2025-12-31,2609.54802681608,0.7583333333333333,Strategic
C005284,2025-12-31,2414.403863143324,0.7411666666666666,High
C005285,2025-12-31,18.59598088095502,0.13183333333333333,Low
C005286,2025-12-31,10010.797628365082,0.9978333333333333,Strategic
C005287,2025-12-31,8322.648161607787,0.956,Strategic
C005288,2025-12-31,12.64296695043489,0.085,Low
C005289,2025-12-31,60.310253304421934,0.2698333333333333,Developing
C005290,2025-12-31,5289.651630540341,0.884,Strategic
C005291,2025-12-31,13.281262025076042,0.09216666666666666,Low
C005292,2025-12-31,110.43085922593734,0.32466666666666666,Developing
C005293,2025-12-31,8134.714473138234,0.9496666666666667,Strategic
C005294,2025-12-31,16.071651372762748,0.11433333333333333,Low
C005295,2025-12-31,7.918121200141169,0.0385,Low
C005296,2025-12-31,6293.933287163667,0.9071666666666667,Strategic
C005297,2025-12-31,1287.4743523535046,0.4655,Developing
C005298,2025-12-31,4094.7526915489866,0.8488333333333333,Strategic
C005299,2025-12-31,38.531590679193876,0.22583333333333333,Low
C005300,2025-12-31,2325.8404009649007,0.7341666666666666,High
C005301,2025-12-31,1821.4531130925861,0.6496666666666666,High
C005302,2025-12-31,5249.214389880644,0.8836666666666667,Strategic
C005303,2025-12-31,1290.849677269954,0.4666666666666667,Developing
C005304,2025-12-31,3740.70134425681,0.8338333333333333,Strategic
C005305,2025-12-31,1654.5663838004534,0.5958333333333333,High
C005306,2025-12-31,13.51109029488744,0.094,Low
C005307,2025-12-31,1410.2727254707193,0.5086666666666667,High
C005308,2025-12-31,2957.9639904720675,0.7881666666666667,Strategic
C005309,2025-12-31,6973.456685215063,0.9216666666666666,Strategic
C005310,2025-12-31,98.75422435605631,0.31583333333333335,Developing
C005311,2025-12-31,4522.878773011701,0.866,Strategic
C005312,2025-12-31,1348.0688395733682,0.4871666666666667,Developing
C005313,2025-12-31,1552.8661278602951,0.5605,High
C005314,2025-12-31,7117.820927848091,0.9243333333333333,Strategic
C005315,2025-12-31,7.9843688374932915,0.03916666666666667,Low
C005316,2025-12-31,3753.4311002822956,0.8346666666666667,Strategic
C005317,2025-12-31,19.68210981117766,0.13916666666666666,Low
C005318,2025-12-31,15.919938564020738,0.113,Low
C005319,2025-12-31,5339.038026779329,0.8851666666666667,Strategic
C005320,2025-12-31,1238.8747256918675,0.4515,Developing
C005321,2025-12-31,1566.820258442322,0.565,High
C005322,2025-12-31,1755.8780334157047,0.6256666666666667,High
C005323,2025-12-31,1462.3409928147296,0.5285,High
C005324,2025-12-31,1326.563173469615,0.48033333333333333,Developing
C005325,2025-12-31,1523.667394805124,0.5495,High
C005326,2025-12-31,969.0286678728129,0.4103333333333333,Developing
C005327,2025-12-31,66.47211657850836,0.2795,Developing
C005328,2025-12-31,8857.507850596086,0.9716666666666667,Strategic
C005329,2025-12-31,1571.3415299887688,0.567,High
C005330,2025-12-31,2403.9049111200848,0.7401666666666666,High
C005331,2025-12-31,115.6407329390338,0.3275,Developing
C005332,2025-12-31,1273.094816133204,0.461,Developing
C005333,2025-12-31,1325.7496238098522,0.47933333333333333,Developing
C005334,2025-12-31,2258.7707574887468,0.7261666666666666,High
C005335,2025-12-31,3343.2129304947794,0.8128333333333333,Strategic
C005336,2025-12-31,84.19706325802196,0.30183333333333334,Developing
C005337,2025-12-31,1326.089444051498,0.48,Developing
C005338,2025-12-31,37.380469116428074,0.22175,Low
C005339,2025-12-31,1448.309037256367,0.5228333333333334,High
C005340,2025-12-31,1644.773662481249,0.592,High
C005341,2025-12-31,1221.9953977567236,0.44716666666666666,Developing
C005342,2025-12-31,1245.5695808871324,0.4528333333333333,Developing
C005343,2025-12-31,8604.62105675678,0.9646666666666667,Strategic
C005344,2025-12-31,9657.594184928266,0.9936666666666667,Strategic
C005345,2025-12-31,1312.495169916932,0.4736666666666667,Developing
C005346,2025-12-31,2774.81925482838,0.7723333333333333,Strategic
C005347,2025-12-31,1707.3920365940003,0.6128333333333333,High
C005348,2025-12-31,18.602061192805948,0.132,Low
C005349,2025-12-31,3750.225060809493,0.8341666666666666,Strategic
C005350,2025-12-31,1812.5807137771442,0.6468333333333334,High
C005351,2025-12-31,340.54213325225777,0.3625,Developing
C005352,2025-12-31,62.35337813635915,0.27266666666666667,Developing
C005353,2025-12-31,39.99439767878937,0.22883333333333333,Low
C005354,2025-12-31,2582.341187509103,0.7553333333333333,Strategic
C005355,2025-12-31,57.194417970658975,0.26566666666666666,Developing
C005356,2025-12-31,38.128937027643275,0.22366666666666668,Low
C005357,2025-12-31,1611.7059828874387,0.5798333333333333,High
C005358,2025-12-31,1641.2806075766787,0.5908333333333333,High
C005359,2025-12-31,2766.2416272196338,0.7715,Strategic
C005360,2025-12-31,13.699061825378482,0.09583333333333334,Low
C005361,2025-12-31,1783.1039532131301,0.6351666666666667,High
C005362,2025-12-31,4356.223087908953,0.861,Strategic
C005363,2025-12-31,1219.2961976658833,0.446,Developing
C005364,2025-12-31,8898.520746322796,0.9733333333333334,Strategic
C005365,2025-12-31,1021.7396721931906,0.4156666666666667,Developing
C005366,2025-12-31,7755.229235327192,0.9383333333333334,Strategic
C005367,2025-12-31,3709.6391413394817,0.8323333333333334,Strategic
C005368,2025-12-31,67.65566784895381,0.2806666666666667,Developing
C005369,2025-12-31,1586.3523791009538,0.5725,High
C005370,2025-12-31,33.622988778706265,0.209,Low
C005371,2025-12-31,101.12903032650527,0.3175,Developing
C005372,2025-12-31,22.96326829168684,0.16016666666666668,Low
C005373,2025-12-31,7346.573325873819,0.9293333333333333,Strategic
C005374,2025-12-31,11.13154391453418,0.06883333333333333,Low
C005375,2025-12-31,1282.5418505619061,0.464,Developing
C005376,2025-12-31,394.6770877435549,0.36766666666666664,Developing
C005377,2025-12-31,1516.6312362527017,0.5476666666666666,High
C005378,2025-12-31,10.34889242805915,0.058833333333333335,Low
C005379,2025-12-31,1841.0676089906685,0.6556666666666666,High
C005380,2025-12-31,7033.335021144623,0.9226666666666666,Strategic
C005381,2025-12-31,45.59849371290512,0.244,Low
C005382,2025-12-31,36.25081182081428,0.21883333333333332,Low
C005383,2025-12-31,2948.2261456913534,0.7865,Strategic
C005384,2025-12-31,2757.1746132669737,0.7703333333333333,Strategic
C005385,2025-12-31,1697.2986598974005,0.6096666666666667,High
C005386,2025-12-31,23.610665474230526,0.164,Low
C005387,2025-12-31,20.307927479928633,0.14433333333333334,Low
C005388,2025-12-31,1525.9823653062454,0.5515,High
C005389,2025-12-31,12.643830550033055,0.08516666666666667,Low
C005390,2025-12-31,7739.017579291844,0.9378333333333333,Strategic
C005391,2025-12-31,99.48744230572933,0.31616666666666665,Developing
C005392,2025-12-31,1973.4041272806312,0.6835,High
C005393,2025-12-31,1893.1457535266845,0.6678333333333333,High
C005394,2025-12-31,1640.7250581329804,0.5906666666666667,High
C005395,2025-12-31,3109.3555710345486,0.799,Strategic
C005396,2025-12-31,51.87429317933376,0.25616666666666665,Developing
C005397,2025-12-31,16.84354502904584,0.12016666666666667,Low
C005398,2025-12-31,1524.6659363447577,0.5503333333333333,High
C005399,2025-12-31,1835.9862159735546,0.6543333333333333,High
C005400,2025-12-31,3909.0763328438193,0.8425,Strategic
C005401,2025-12-31,29.07211919750788,0.192,Low
C005402,2025-12-31,4563.067942416677,0.8673333333333333,Strategic
C005403,2025-12-31,1556.352129806132,0.5621666666666667,High
C005404,2025-12-31,3.9299488524284474,0.011833333333333333,Low
C005405,2025-12-31,4037.82096637563,0.8471666666666666,Strategic
C005406,2025-12-31,4704.084210679029,0.871,Strategic
C005407,2025-12-31,4978.639940335472,0.8768333333333334,Strategic
C005408,2025-12-31,8201.216049465997,0.9521666666666667,Strategic
C005409,2025-12-31,24.506360227166194,0.16933333333333334,Low
C005410,2025-12-31,4072.2955651648385,0.8481666666666666,Strategic
C005411,2025-12-31,1186.097001243002,0.43833333333333335,Developing
C005412,2025-12-31,22.90879105231302,0.15983333333333333,Low
C005413,2025-12-31,8407.072884414209,0.959,Strategic
C005414,2025-12-31,8185.3031741985715,0.9515,Strategic
C005415,2025-12-31,1417.3691140409658,0.511,High
C005416,2025-12-31,1967.5441459263925,0.682,High
C005417,2025-12-31,8896.22219438196,0.973,Strategic
C005418,2025-12-31,1844.8132063191654,0.6566666666666666,High
C005419,2025-12-31,2881.0153257512447,0.7826666666666666,Strategic
C005420,2025-12-31,1596.1807302545794,0.5751666666666667,High
C005421,2025-12-31,54.51548608940546,0.26,Developing
C005422,2025-12-31,1393.4255654615997,0.504,High
C005423,2025-12-31,23.58760177455589,0.16383333333333333,Low
C005424,2025-12-31,2183.194794150155,0.7163333333333334,High
C005425,2025-12-31,5249.461684978773,0.8838333333333334,Strategic
C005426,2025-12-31,32.04588666460017,0.20383333333333334,Low
C005427,2025-12-31,1507.8101630277488,0.5436666666666666,High
C005428,2025-12-31,1368.9376497598505,0.49433333333333335,Developing
C005429,2025-12-31,38.0741410667889,0.2235,Low
C005430,2025-12-31,1685.377040149701,0.606,High
C005431,2025-12-31,5873.337652585364,0.8968333333333334,Strategic
C005432,2025-12-31,135.06718752674507,0.33666666666666667,Developing
C005433,2025-12-31,5507.529987441241,0.89,Strategic
C005434,2025-12-31,138.01832708755268,0.338,Developing
C005435,2025-12-31,12.511856001575634,0.08383333333333333,Low
C005436,2025-12-31,13.78656999710765,0.09633333333333334,Low
C005437,2025-12-31,1283.146502068351,0.4643333333333333,Developing
C005438,2025-12-31,5993.252291457814,0.8998333333333334,Strategic
C005439,2025-12-31,8314.82541563821,0.9556666666666667,Strategic
C005440,2025-12-31,77.75380342617656,0.2951666666666667,Developing
C005441,2025-12-31,1076.0771007492544,0.421,Developing
C005442,2025-12-31,8.289326897047754,0.041,Low
C005443,2025-12-31,13.621237809567068,0.0945,Low
C005444,2025-12-31,2063.9641557628192,0.7008333333333333,High
C005445,2025-12-31,59.523966924610676,0.2688333333333333,Developing
C005446,2025-12-31,1143.716165139303,0.43066666666666664,Developing
C005447,2025-12-31,5190.006353592469,0.8826666666666667,Strategic
C005448,2025-12-31,657.0516674467958,0.38466666666666666,Developing
C005449,2025-12-31,10.772957366000327,0.06466666666666666,Low
C005450,2025-12-31,3884.0699428053517,0.8413333333333334,Strategic
C005451,2025-12-31,13.227823734547114,0.09166666666666666,Low
C005452,2025-12-31,4668.441355446076,0.8693333333333333,Strategic
C005453,2025-12-31,1342.3043316673588,0.4851666666666667,Developing
C005454,2025-12-31,3763.7931370346096,0.8355,Strategic
C005455,2025-12-31,1011.8643035901849,0.4145,Developing
C005456,2025-12-31,8712.889844056039,0.9678333333333333,Strategic
C005457,2025-12-31,1840.2122047738922,0.6553333333333333,High
C005458,2025-12-31,4.47992450401506,0.0165,Low
C005459,2025-12-31,394.16290445569933,0.3675,Developing
C005460,2025-12-31,23.537124526586968,0.16316666666666665,Low
C005461,2025-12-31,8154.474177783585,0.9505,Strategic
C005462,2025-12-31,3536.0540156883526,0.823,Strategic
C005463,2025-12-31,1785.3783295855978,0.6368333333333334,High
C005464,2025-12-31,123.5441953618762,0.3325,Developing
C005465,2025-12-31,3488.372793155672,0.8206666666666667,Strategic
C005466,2025-12-31,15.187891075882709,0.10666666666666667,Low
C005467,2025-12-31,14.065521444257318,0.098,Low
C005468,2025-12-31,1678.8619174539356,0.6036666666666667,High
C005469,2025-12-31,402.67838923597895,0.36833333333333335,Developing
C005470,2025-12-31,1485.3719322056984,0.5366666666666666,High
C005471,2025-12-31,121.50364628152252,0.3315,Developing
C005472,2025-12-31,1773.445945039757,0.6328333333333334,High
C005473,2025-12-31,9248.34965862336,0.9845,Strategic
C005474,2025-12-31,1429.029029015624,0.5165,High
C005475,2025-12-31,9320.201712460905,0.9861666666666666,Strategic
C005476,2025-12-31,3458.9786436214345,0.8193333333333334,Strategic
C005477,2025-12-31,46.61787124483532,0.24583333333333332,Low
C005478,2025-12-31,8954.122518427177,0.9751666666666666,Strategic
C005479,2025-12-31,2778.7244539448534,0.773,Strategic
C005480,2025-12-31,1117.652528489037,0.42733333333333334,Developing
C005481,2025-12-31,1678.638112366785,0.6035,High
C005482,2025-12-31,11.490174863629825,0.07266666666666667,Low
C005483,2025-12-31,42.57594066407542,0.23833333333333334,Low
C005484,2025-12-31,1383.7667177349524,0.49916666666666665,Developing
C005485,2025-12-31,1.5969253282917786,0.0026666666666666666,Low
C005486,2025-12-31,3634.7311079186543,0.8285,Strategic
C005487,2025-12-31,2813.433261372481,0.7766666666666666,Strategic
C005488,2025-12-31,5063.635449279688,0.8795,Strategic
C005489,2025-12-31,24.662620044910604,0.16966666666666666,Low
C005490,2025-12-31,100.20197674775365,0.317,Developing
C005491,2025-12-31,68.31436296041647,0.282,Developing
C005492,2025-12-31,974.9279788397585,0.41133333333333333,Developing
C005493,2025-12-31,6.973807199038614,0.030833333333333334,Low
C005494,2025-12-31,427.42796534470887,0.37116666666666664,Developing
C005495,2025-12-31,1829.307929850272,0.6526666666666666,High
C005496,2025-12-31,1762.1838085646882,0.6275,High
C005497,2025-12-31,10107.967782678426,0.9983333333333333,Strategic
C005498,2025-12-31,24.151292706953637,0.16683333333333333,Low
C005499,2025-12-31,1230.0490824872759,0.44916666666666666,Developing
C005500,2025-12-31,11.68122882685619,0.07516666666666667,Low
C005501,2025-12-31,1498.7101751998414,0.5408333333333334,High
C005502,2025-12-31,1774.7445941418255,0.6331666666666667,High
C005503,2025-12-31,1457.1230561620325,0.5268333333333334,High
C005504,2025-12-31,3435.1428287500107,0.8176666666666667,Strategic
C005505,2025-12-31,20.774385223742815,0.14716666666666667,Low
C005506,2025-12-31,9561.50952487043,0.9916666666666667,Strategic
C005507,2025-12-31,2592.422308109701,0.757,Strategic
C005508,2025-12-31,78.69403476183999,0.296,Developing
C005509,2025-12-31,356.5314325083274,0.36383333333333334,Developing
C005510,2025-12-31,9547.775555968316,0.9915,Strategic
C005511,2025-12-31,2552.9991360182635,0.7523333333333333,Strategic
C005512,2025-12-31,7938.2259662373945,0.9425,Strategic
C005513,2025-12-31,61.510856493226456,0.2713333333333333,Developing
C005514,2025-12-31,41.55241650778726,0.23416666666666666,Low
C005515,2025-12-31,7.387003043364312,0.03383333333333333,Low
C005516,2025-12-31,2622.865420112023,0.7595,Strategic
C005517,2025-12-31,1209.7609561435586,0.44316666666666665,Developing
C005518,2025-12-31,5785.5998384032855,0.8956666666666667,Strategic
C005519,2025-12-31,1531.8346127765246,0.5543333333333333,High
C005520,2025-12-31,9.762582845722825,0.052833333333333336,Low
C005521,2025-12-31,4398.41796048364,0.8625,Strategic
C005522,2025-12-31,9648.174809315033,0.9933333333333333,Strategic
C005523,2025-12-31,1086.7941991796117,0.4235,Developing
C005524,2025-12-31,5873.530664282531,0.897,Strategic
C005525,2025-12-31,5215.8966827347,0.883,Strategic
C005526,2025-12-31,11.531686017823654,0.0735,Low
C005527,2025-12-31,1308.0893831223768,0.473,Developing
C005528,2025-12-31,1801.5676020228539,0.6416666666666667,High
C005529,2025-12-31,25.32097917359572,0.17266666666666666,Low
C005530,2025-12-31,2279.0249935480656,0.729,High
C005531,2025-12-31,6518.879747984905,0.9105,Strategic
C005532,2025-12-31,26.258783276731585,0.17808333333333334,Low
C005533,2025-12-31,10.001595658752866,0.05566666666666667,Low
C005534,2025-12-31,294.1246416786054,0.3595,Developing
C005535,2025-12-31,19.696736008285406,0.13966666666666666,Low
C005536,2025-12-31,1414.0114597887832,0.51,High
C005537,2025-12-31,34.49341480850043,0.21233333333333335,Low
C005538,2025-12-31,45.80811663694148,0.2445,Low
C005539,2025-12-31,76.89116323527793,0.2936666666666667,Developing
C005540,2025-12-31,2019.81547237822,0.6936666666666667,High
C005541,2025-12-31,4721.940278278959,0.8716666666666667,Strategic
C005542,2025-12-31,1370.4294901707979,0.49483333333333335,Developing
C005543,2025-12-31,1192.5662714728212,0.4395,Developing
C005544,2025-12-31,2079.4225750569112,0.7036666666666667,High
C005545,2025-12-31,6.0775836625699755,0.025333333333333333,Low
C005546,2025-12-31,2081.1107036770986,0.7043333333333334,High
C005547,2025-12-31,47.49576809074673,0.2475,Low
C005548,2025-12-31,36.38117171072783,0.21933333333333332,Low
C005549,2025-12-31,1325.6738767304962,0.4791666666666667,Developing
C005550,2025-12-31,1259.555293095225,0.456,Developing
C005551,2025-12-31,1599.0975185073412,0.5763333333333334,High
C005552,2025-12-31,3004.0348945592264,0.7918333333333333,Strategic
C005553,2025-12-31,893.074931057511,0.4013333333333333,Developing
C005554,2025-12-31,105.03472948979737,0.32083333333333336,Developing
C005555,2025-12-31,2680.8189298297157,0.7638333333333334,Strategic
C005556,2025-12-31,9119.844813199632,0.9803333333333333,Strategic
C005557,2025-12-31,17.78363740204302,0.125,Low
C005558,2025-12-31,15.98894168777945,0.1135,Low
C005559,2025-12-31,73.53386421139342,0.28983333333333333,Developing
C005560,2025-12-31,26.147313965954197,0.17716666666666667,Low
C005561,2025-12-31,3560.16637271576,0.824,Strategic
C005562,2025-12-31,9.68008938232908,0.05216666666666667,Low
C005563,2025-12-31,1609.9855158517555,0.5791666666666667,High
C005564,2025-12-31,4.462808605851181,0.016166666666666666,Low
C005565,2025-12-31,375.64747819759,0.36566666666666664,Developing
C005566,2025-12-31,9240.519328379974,0.9841666666666666,Strategic
C005567,2025-12-31,5.598441490578799,0.023333333333333334,Low
C005568,2025-12-31,8018.5092711803845,0.9455,Strategic
C005569,2025-12-31,76.70318337478733,0.2935,Developing
C005570,2025-12-31,103.30730794582044,0.31933333333333336,Developing
C005571,2025-12-31,26.992030172593488,0.183,Low
C005572,2025-12-31,2474.295424839109,0.746,High
C005573,2025-12-31,5921.560845408697,0.8976666666666666,Strategic
C005574,2025-12-31,8117.334243086922,0.9486666666666667,Strategic
C005575,2025-12-31,6785.694104293602,0.918,Strategic
C005576,2025-12-31,7.933501546956866,0.03883333333333333,Low
C005577,2025-12-31,6.801815408154954,0.0295,Low
C005578,2025-12-31,1708.0421520617404,0.6131666666666666,High
C005579,2025-12-31,6525.875579054701,0.9108333333333334,Strategic
C005580,2025-12-31,105.4298403775599,0.321,Developing
C005581,2025-12-31,3716.196021102902,0.8326666666666667,Strategic
C005582,2025-12-31,88.2895989763933,0.305,Developing
C005583,2025-12-31,1723.401097433654,0.6173333333333333,High
C005584,2025-12-31,25.842403126222266,0.17533333333333334,Low
C005585,2025-12-31,1159.8493060183353,0.433,Developing
C005586,2025-12-31,9173.739788588571,0.9825,Strategic
C005587,2025-12-31,3496.3869833341028,0.8211666666666667,Strategic
C005588,2025-12-31,5606.496914453785,0.8923333333333333,Strategic
C005589,2025-12-31,13.773783488774738,0.09616666666666666,Low
C005590,2025-12-31,1314.9640538697713,0.47483333333333333,Developing
C005591,2025-12-31,8.474733811827582,0.043333333333333335,Low
C005592,2025-12-31,1309.9414055747905,0.47333333333333333,Developing
C005593,2025-12-31,413.69452656403695,0.37016666666666664,Developing
C005594,2025-12-31,6145.672756460043,0.9028333333333334,Strategic
C005595,2025-12-31,3.492965322068508,0.009333333333333334,Low
C005596,2025-12-31,1953.6334204751101,0.6788333333333333,High
C005597,2025-12-31,1986.7145992388396,0.6861666666666667,High
C005598,2025-12-31,7.677370919503066,0.035666666666666666,Low
C005599,2025-12-31,21.4178742763245,0.15166666666666667,Low
C005600,2025-12-31,3132.4171891121296,0.7996666666666666,Strategic
C005601,2025-12-31,2039.3482261781562,0.6968333333333333,High
C005602,2025-12-31,2210.5107157575053,0.7198333333333333,High
C005603,2025-12-31,1242.7556831776421,0.45266666666666666,Developing
C005604,2025-12-31,1521.9771901162674,0.5486666666666666,High
C005605,2025-12-31,3797.280908478558,0.837,Strategic
C005606,2025-12-31,17.50724928773633,0.12333333333333334,Low
C005607,2025-12-31,58.5395736265087,0.2678333333333333,Developing
C005608,2025-12-31,15.884926498620901,0.11266666666666666,Low
C005609,2025-12-31,60.154739503774294,0.26966666666666667,Developing
C005610,2025-12-31,95.0767182378854,0.31083333333333335,Developing
C005611,2025-12-31,9273.9364544601,0.9853333333333333,Strategic
C005612,2025-12-31,2615.792271960846,0.7588333333333334,Strategic
C005613,2025-12-31,1115.7381993569793,0.427,Developing
C005614,2025-12-31,1378.3506091422757,0.49683333333333335,Developing
C005615,2025-12-31,8.201717898086383,0.04083333333333333,Low
C005616,2025-12-31,1852.743872144988,0.6586666666666666,High
C005617,2025-12-31,8017.594954457142,0.9453333333333334,Strategic
C005618,2025-12-31,111.89876851079426,0.3258333333333333,Developing
C005619,2025-12-31,8559.482221771179,0.9628333333333333,Strategic
C005620,2025-12-31,1770.6705642243664,0.631,High
C005621,2025-12-31,2073.6023664341337,0.7023333333333334,High
C005622,2025-12-31,1511.5974641314258,0.546,High
C005623,2025-12-31,21.919596530342915,0.15483333333333332,Low
C005624,2025-12-31,33.03885229349294,0.20766666666666667,Low
C005625,2025-12-31,1241.4562757240017,0.4523333333333333,Developing
C005626,2025-12-31,3942.5910018476015,0.8438333333333333,Strategic
C005627,2025-12-31,26.266848672254937,0.17833333333333334,Low
C005628,2025-12-31,21.876871874047076,0.15416666666666667,Low
C005629,2025-12-31,34.53027711245574,0.21266666666666667,Low
C005630,2025-12-31,1951.8203628706178,0.6785,High
C005631,2025-12-31,1695.4545990548665,0.6093333333333333,High
C005632,2025-12-31,10.190093290147868,0.057666666666666665,Low
C005633,2025-12-31,898.1962362399044,0.4018333333333333,Developing
C005634,2025-12-31,4.242762895322039,0.014166666666666666,Low
C005635,2025-12-31,878.3755955676389,0.3998333333333333,Developing
C005636,2025-12-31,1722.0793576385224,0.6168333333333333,High
C005637,2025-12-31,18.83866364404342,0.13366666666666666,Low
C005638,2025-12-31,8811.226919492434,0.9705,Strategic
C005639,2025-12-31,1813.2442257396212,0.6471666666666667,High
C005640,2025-12-31,7.460441232516775,0.0345,Low
C005641,2025-12-31,27.497896815160082,0.185,Low
C005642,2025-12-31,1287.428815323972,0.4653333333333333,Developing
C005643,2025-12-31,1447.4942182479451,0.5226666666666666,High
C005644,2025-12-31,4419.7760487036085,0.8633333333333333,Strategic
C005645,2025-12-31,8204.354510523564,0.9523333333333334,Strategic
C005646,2025-12-31,102.74059318297218,0.318,Developing
C005647,2025-12-31,403.3328763751895,0.3685,Developing
C005648,2025-12-31,1967.867739199413,0.6821666666666667,High
C005649,2025-12-31,1506.9709407813527,0.5431666666666667,High
C005650,2025-12-31,1792.750381803992,0.639,High
C005651,2025-12-31,6774.164322603235,0.9176666666666666,Strategic
C005652,2025-12-31,70.72785643785208,0.2866666666666667,Developing
C005653,2025-12-31,40.86374669348994,0.2325,Low
C005654,2025-12-31,2122.0197272858354,0.7088333333333333,High
C005655,2025-12-31,3007.342925330964,0.792,Strategic
C005656,2025-12-31,1973.9685233157795,0.6838333333333333,High
C005657,2025-12-31,4.513958722597001,0.016666666666666666,Low
C005658,2025-12-31,21.718208942049326,0.15333333333333332,Low
C005659,2025-12-31,86.51832338345872,0.30366666666666664,Developing
C005660,2025-12-31,8680.072123620355,0.9666666666666667,Strategic
C005661,2025-12-31,128.850417227946,0.3345,Developing
C005662,2025-12-31,5049.836775735203,0.879,Strategic
C005663,2025-12-31,1625.081925927682,0.585,High
C005664,2025-12-31,1630.9353506306882,0.587,High
C005665,2025-12-31,2642.572949618145,0.7613333333333333,Strategic
C005666,2025-12-31,3827.6898164087174,0.8386666666666667,Strategic
C005667,2025-12-31,1953.8257794487197,0.679,High
C005668,2025-12-31,10.832006985430155,0.0655,Low
C005669,2025-12-31,3220.745564329743,0.8046666666666666,Strategic
C005670,2025-12-31,82.93520571910089,0.3006666666666667,Developing
C005671,2025-12-31,7306.275647829698,0.9285,Strategic
C005672,2025-12-31,752.1149835481427,0.39066666666666666,Developing
C005673,2025-12-31,1633.3651222944738,0.588,High
C005674,2025-12-31,8695.46545629597,0.9671666666666666,Strategic
C005675,2025-12-31,1166.9020881564343,0.434,Developing
C005676,2025-12-31,1418.8227494619555,0.5115,High
C005677,2025-12-31,79.240658058489,0.297,Developing
C005678,2025-12-31,1210.9974561286754,0.44383333333333336,Developing
C005679,2025-12-31,754.4366744689331,0.391,Developing
C005680,2025-12-31,175.85691215957925,0.346,Developing
C005681,2025-12-31,4233.565957605389,0.855,Strategic
C005682,2025-12-31,1279.3281938284374,0.46266666666666667,Developing
C005683,2025-12-31,512.3292956986066,0.37633333333333335,Developing
C005684,2025-12-31,103.86395640700583,0.32,Developing
C005685,2025-12-31,9225.495625140955,0.9835,Strategic
C005686,2025-12-31,1473.669884051543,0.5335,High
C005687,2025-12-31,21.787165348353938,0.15366666666666667,Low
C005688,2025-12-31,1148.8043574268434,0.43133333333333335,Developing
C005689,2025-12-31,361.9554004230103,0.36433333333333334,Developing
C005690,2025-12-31,12.984182548600751,0.089,Low
C005691,2025-12-31,92.80262100942386,0.30816666666666664,Developing
C005692,2025-12-31,40.090083153102846,0.22933333333333333,Low
C005693,2025-12-31,36.51665473223027,0.22,Low
C005694,2025-12-31,170.07968085469233,0.3445,Developing
C005695,2025-12-31,10.138281686393015,0.057166666666666664,Low
C005696,2025-12-31,5.039516043068572,0.020166666666666666,Low
C005697,2025-12-31,87.36686862401517,0.3045,Developing
C005698,2025-12-31,917.6555441374536,0.4046666666666667,Developing
C005699,2025-12-31,3280.173056835051,0.81,Strategic
C005700,2025-12-31,1566.3025610956772,0.5648333333333333,High
C005701,2025-12-31,3627.7911460649043,0.8276666666666667,Strategic
C005702,2025-12-31,91.97053992781883,0.30716666666666664,Developing
C005703,2025-12-31,915.7741518079569,0.4043333333333333,Developing
C005704,2025-12-31,2395.3500386064534,0.7395,High
C005705,2025-12-31,131.92500000716353,0.3353333333333333,Developing
C005706,2025-12-31,6960.592911958504,0.9213333333333333,Strategic
C005707,2025-12-31,1899.8938028682214,0.669,High
C005708,2025-12-31,548.9864244517086,0.37916666666666665,Developing
C005709,2025-12-31,47.472854586548486,0.24733333333333332,Low
C005710,2025-12-31,13.486231844720452,0.09383333333333334,Low
C005711,2025-12-31,12.624829624437508,0.08466666666666667,Low
C005712,2025-12-31,132.5759072248862,0.3355,Developing
C005713,2025-12-31,1220.8404847282886,0.44666666666666666,Developing
C005714,2025-12-31,26.540043092695296,0.1805,Low
C005715,2025-12-31,2354.2818058471,0.7366666666666667,High
C005716,2025-12-31,173.58525285936804,0.345,Developing
C005717,2025-12-31,1293.6797250605714,0.4681666666666667,Developing
C005718,2025-12-31,21.616474427042863,0.15266666666666667,Low
C005719,2025-12-31,9734.189397331715,0.9951666666666666,Strategic
C005720,2025-12-31,18.491398066020903,0.13066666666666665,Low
C005721,2025-12-31,6732.124107723672,0.9163333333333333,Strategic
C005722,2025-12-31,1667.5869262698984,0.6003333333333334,High
C005723,2025-12-31,212.4333916844451,0.3526666666666667,Developing
C005724,2025-12-31,8940.802342950234,0.9748333333333333,Strategic
C005725,2025-12-31,20.021524188164577,0.14183333333333334,Low
C005726,2025-12-31,21.8894091373582,0.1545,Low
C005727,2025-12-31,55.39544103450321,0.2623333333333333,Developing
C005728,2025-12-31,885.4565680414023,0.4008333333333333,Developing
C005729,2025-12-31,19.21601982094811,0.13633333333333333,Low
C005730,2025-12-31,3010.817266497314,0.7925,Strategic
C005731,2025-12-31,2554.3057438887295,0.7525,Strategic
C005732,2025-12-31,1205.1769111603628,0.442,Developing
C005733,2025-12-31,8019.949695481913,0.9456666666666667,Strategic
C005734,2025-12-31,67.2215076155092,0.2803333333333333,Developing
C005735,2025-12-31,1536.425214256836,0.5561666666666667,High
C005736,2025-12-31,8405.977786092099,0.9586666666666667,Strategic
C005737,2025-12-31,4223.298997654218,0.8546666666666667,Strategic
C005738,2025-12-31,7805.849899895963,0.9395,Strategic
C005739,2025-12-31,2856.927558194766,0.7813333333333333,Strategic
C005740,2025-12-31,6829.198730385202,0.919,Strategic
C005741,2025-12-31,4487.964989300264,0.8656666666666667,Strategic
C005742,2025-12-31,3209.541545461362,0.8038333333333333,Strategic
C005743,2025-12-31,57.191227663468034,0.2655,Developing
C005744,2025-12-31,57.4760015526319,0.26616666666666666,Developing
C005745,2025-12-31,321.8994240337211,0.361,Developing
C005746,2025-12-31,1567.0027867273463,0.5651666666666667,High
C005747,2025-12-31,2276.276636574418,0.7283333333333334,High
C005748,2025-12-31,211.81830903401428,0.35233333333333333,Developing
C005749,2025-12-31,203.84006379904721,0.35083333333333333,Developing
C005750,2025-12-31,9543.320052907236,0.9913333333333333,Strategic
C005751,2025-12-31,1408.591670613271,0.508,High
C005752,2025-12-31,1422.1140873224406,0.5136666666666667,High
C005753,2025-12-31,6073.171773627311,0.902,Strategic
C005754,2025-12-31,1724.3746730941107,0.6175,High
C005755,2025-12-31,15.43572560333217,0.10883333333333334,Low
C005756,2025-12-31,45.1114429973103,0.2425,Low
C005757,2025-12-31,1587.5761522259356,0.5731666666666667,High
C005758,2025-12-31,25.894791410444608,0.17583333333333334,Low
C005759,2025-12-31,7.425638959300209,0.034333333333333334,Low
C005760,2025-12-31,42.34029101331262,0.23733333333333334,Low
C005761,2025-12-31,1722.3070227692986,0.617,High
C005762,2025-12-31,7.707712828466927,0.035833333333333335,Low
C005763,2025-12-31,1571.433993178295,0.5671666666666667,High
C005764,2025-12-31,14.95123483773693,0.10516666666666667,Low
C005765,2025-12-31,6184.463549560017,0.9043333333333333,Strategic
C005766,2025-12-31,10.09923611479859,0.057,Low
C005767,2025-12-31,1320.5695465678925,0.47683333333333333,Developing
C005768,2025-12-31,1574.9876498485362,0.5686666666666667,High
C005769,2025-12-31,68.53459891226403,0.2821666666666667,Developing
C005770,2025-12-31,13.359084764552524,0.093,Low
C005771,2025-12-31,4.535054752236779,0.017,Low
C005772,2025-12-31,6.935869589208851,0.0305,Low
C005773,2025-12-31,8.335634350098209,0.0415,Low
C005774,2025-12-31,862.0427460943629,0.3988333333333333,Developing
C005775,2025-12-31,6.500085712093204,0.0275,Low
C005776,2025-12-31,25.074935305430095,0.1715,Low
C005777,2025-12-31,919.9107168462155,0.405,Developing
C005778,2025-12-31,1867.1497168499588,0.6623333333333333,High
C005779,2025-12-31,1788.8631647177458,0.638,High
C005780,2025-12-31,1440.870726279106,0.5201666666666667,High
C005781,2025-12-31,15.50818637164227,0.10933333333333334,Low
C005782,2025-12-31,3.7656682585137413,0.010666666666666666,Low
C005783,2025-12-31,1798.2469886405468,0.6408333333333334,High
C005784,2025-12-31,55.27621557401994,0.262,Developing
C005785,2025-12-31,1298.617352376158,0.47,Developing
C005786,2025-12-31,3145.729435623132,0.8008333333333333,Strategic
C005787,2025-12-31,6158.226857517537,0.9035,Strategic
C005788,2025-12-31,2.5073051106037454,0.0045,Low
C005789,2025-12-31,1739.8408182295227,0.6215,High
C005790,2025-12-31,1924.7002207985918,0.6731666666666667,High
C005791,2025-12-31,4263.975476680611,0.8568333333333333,Strategic
C005792,2025-12-31,32.46795864118123,0.2055,Low
C005793,2025-12-31,825.3546782913697,0.3965,Developing
C005794,2025-12-31,1610.4825427726485,0.5793333333333334,High
C005795,2025-12-31,1824.7599870240344,0.6506666666666666,High
C005796,2025-12-31,1515.9283219176673,0.5473333333333333,High
C005797,2025-12-31,25.57797972048312,0.17433333333333334,Low
C005798,2025-12-31,55.991307496098706,0.2628333333333333,Developing
C005799,2025-12-31,11.511916365250103,0.07316666666666667,Low
C005800,2025-12-31,2028.293164763941,0.6953333333333334,High
C005801,2025-12-31,51.15234384179207,0.25466666666666665,Developing
C005802,2025-12-31,50.46020268093295,0.25283333333333335,Developing
C005803,2025-12-31,29.97199064485954,0.1975,Low
C005804,2025-12-31,37.87313532942538,0.22266666666666668,Low
C005805,2025-12-31,2962.6819606103613,0.7888333333333334,Strategic
C005806,2025-12-31,12.423385924881156,0.082,Low
C005807,2025-12-31,124.56745134229112,0.3333333333333333,Developing
C005808,2025-12-31,155.90876607155414,0.3423333333333333,Developing
C005809,2025-12-31,1908.3769777865307,0.6701666666666667,High
C005810,2025-12-31,1989.3308668539214,0.687,High
C005811,2025-12-31,6347.731601810257,0.9075,Strategic
C005812,2025-12-31,1435.327572319284,0.519,High
C005813,2025-12-31,2527.283884670596,0.7503333333333333,Strategic
C005814,2025-12-31,339.0511960063911,0.36233333333333334,Developing
C005815,2025-12-31,81.76855978885857,0.2995,Developing
C005816,2025-12-31,1411.3709519349134,0.5091666666666667,High
C005817,2025-12-31,9680.470887566918,0.9945,Strategic
C005818,2025-12-31,910.5170851938282,0.4036666666666667,Developing
C005819,2025-12-31,109.28859254524319,0.3235,Developing
C005820,2025-12-31,1470.6205320135646,0.5321666666666667,High
C005821,2025-12-31,20.79813490898674,0.1475,Low
C005822,2025-12-31,8544.47364129897,0.9626666666666667,Strategic
C005823,2025-12-31,2080.0037336309815,0.704,High
C005824,2025-12-31,1283.8306950477931,0.4646666666666667,Developing
C005825,2025-12-31,1456.792348633363,0.5258333333333334,High
C005826,2025-12-31,1048.6118076865037,0.4176666666666667,Developing
C005827,2025-12-31,5098.649197354788,0.8801666666666667,Strategic
C005828,2025-12-31,1055.135751303913,0.419,Developing
C005829,2025-12-31,1326.5315985266695,0.4801666666666667,Developing
C005830,2025-12-31,4.674057124220687,0.018,Low
C005831,2025-12-31,6253.1986771046095,0.906,Strategic
C005832,2025-12-31,94.3644309039692,0.30983333333333335,Developing
C005833,2025-12-31,2397.4342978787927,0.7398333333333333,High
C005834,2025-12-31,1256.956862451129,0.4555,Developing
C005835,2025-12-31,25.492751337731594,0.1735,Low
C005836,2025-12-31,1771.496448453465,0.6321666666666667,High
C005837,2025-12-31,1299.268644591099,0.4705,Developing
C005838,2025-12-31,128.31331283842448,0.3343333333333333,Developing
C005839,2025-12-31,18.684482846453616,0.13233333333333333,Low
C005840,2025-12-31,1523.7138061412365,0.5496666666666666,High
C005841,2025-12-31,1520.3372562581897,0.5481666666666667,High
C005842,2025-12-31,3230.1139342550364,0.8053333333333333,Strategic
C005843,2025-12-31,2561.4769903620677,0.7531666666666667,Strategic
C005844,2025-12-31,1503.1800118822784,0.5421666666666667,High
C005845,2025-12-31,6442.062920906595,0.9088333333333334,Strategic
C005846,2025-12-31,3488.8314350127316,0.8208333333333333,Strategic
C005847,2025-12-31,3171.4992634762043,0.8018333333333333,Strategic
C005848,2025-12-31,3167.479766171217,0.8016666666666666,Strategic
C005849,2025-12-31,22.292756771799304,0.15633333333333332,Low
C005850,2025-12-31,1421.0441310864348,0.5128333333333334,High
C005851,2025-12-31,79.62471156685179,0.298,Developing
C005852,2025-12-31,2800.744462723347,0.7751666666666667,Strategic
C005853,2025-12-31,6631.517549922925,0.9141666666666667,Strategic
C005854,2025-12-31,8758.514689132715,0.969,Strategic
C005855,2025-12-31,56.99317320922026,0.26516666666666666,Developing
C005856,2025-12-31,127.01424131971088,0.33416666666666667,Developing
C005857,2025-12-31,2257.4926296838325,0.7258333333333333,High
C005858,2025-12-31,183.9506042975395,0.3471666666666667,Developing
C005859,2025-12-31,6633.522663847867,0.9143333333333333,Strategic
C005860,2025-12-31,2906.9802136300045,0.784,Strategic
C005861,2025-12-31,11.099632312346221,0.06833333333333333,Low
C005862,2025-12-31,6.682946619807057,0.0285,Low
C005863,2025-12-31,40.136352260334924,0.2295,Low
C005864,2025-12-31,1403.3243814905582,0.5061666666666667,High
C005865,2025-12-31,39.66888069980492,0.22816666666666666,Low
C005866,2025-12-31,8.499781703347642,0.04375,Low
C005867,2025-12-31,100.19498872166538,0.31683333333333336,Developing
C005868,2025-12-31,41.344250184008544,0.23366666666666666,Low
C005869,2025-12-31,53.49492305180169,0.25816666666666666,Developing
C005870,2025-12-31,1527.3236453817917,0.552,High
C005871,2025-12-31,1817.9799176429865,0.649,High
C005872,2025-12-31,11.19500083313631,0.06966666666666667,Low
C005873,2025-12-31,3737.059449250283,0.8335,Strategic
C005874,2025-12-31,5720.832511909358,0.8941666666666667,Strategic
C005875,2025-12-31,1361.8986618697995,0.49266666666666664,Developing
C005876,2025-12-31,2013.8738396208146,0.6926666666666667,High
C005877,2025-12-31,8216.238654170076,0.9528333333333333,Strategic
C005878,2025-12-31,6856.294755999887,0.92,Strategic
C005879,2025-12-31,1714.7969624692014,0.6146666666666667,High
C005880,2025-12-31,40.17103430045799,0.22983333333333333,Low
C005881,2025-12-31,26.257632242526093,0.17783333333333334,Low
C005882,2025-12-31,9673.375340554941,0.9941666666666666,Strategic
C005883,2025-12-31,5828.718474239471,0.8966666666666666,Strategic
C005884,2025-12-31,7310.043938626781,0.9286666666666666,Strategic
C005885,2025-12-31,1717.2083184781534,0.6155,High
C005886,2025-12-31,4996.257333663448,0.8771666666666667,Strategic
C005887,2025-12-31,7.883017407007852,0.03833333333333333,Low
C005888,2025-12-31,1881.6939775154883,0.6661666666666667,High
C005889,2025-12-31,13.968750304991453,0.0975,Low
C005890,2025-12-31,227.26193715600525,0.3545,Developing
C005891,2025-12-31,1619.8597090079306,0.5835,High
C005892,2025-12-31,2085.9315404488884,0.7051666666666667,High
C005893,2025-12-31,66.69961495527733,0.2798333333333333,Developing
C005894,2025-12-31,3713.08333899136,0.8325,Strategic
C005895,2025-12-31,2792.450018878981,0.7745,Strategic
C005896,2025-12-31,3882.79433400049,0.841,Strategic
C005897,2025-12-31,1792.293898348338,0.6388333333333334,High
C005898,2025-12-31,61.9185945043671,0.2718333333333333,Developing
C005899,2025-12-31,2301.831238229352,0.7318333333333333,High
C005900,2025-12-31,63.06958471923404,0.27466666666666667,Developing
C005901,2025-12-31,2.884721495678784,0.006666666666666667,Low
C005902,2025-12-31,24.287796747795564,0.168,Low
C005903,2025-12-31,1268.3240544759371,0.4598333333333333,Developing
C005904,2025-12-31,1059.10663392591,0.41983333333333334,Developing
C005905,2025-12-31,9.745107891873356,0.05266666666666667,Low
C005906,2025-12-31,9118.612867238937,0.9801666666666666,Strategic
C005907,2025-12-31,1729.227549408347,0.6186666666666667,High
C005908,2025-12-31,38.351317641776554,0.22466666666666665,Low
C005909,2025-12-31,2932.6774728544833,0.7851666666666667,Strategic
C005910,2025-12-31,39.05565383827559,0.22683333333333333,Low
C005911,2025-12-31,3068.404775414377,0.7966666666666666,Strategic
C005912,2025-12-31,937.2219545400932,0.4071666666666667,Developing
C005913,2025-12-31,5576.584530512127,0.8913333333333333,Strategic
C005914,2025-12-31,1573.720698611719,0.5678333333333333,High
C005915,2025-12-31,423.1624783605233,0.37083333333333335,Developing
C005916,2025-12-31,1381.1463611821391,0.498,Developing
C005917,2025-12-31,7204.115817718351,0.9271666666666667,Strategic
C005918,2025-12-31,2822.2903433068223,0.777,Strategic
C005919,2025-12-31,59.562950441933296,0.269,Developing
C005920,2025-12-31,3819.4062249571407,0.8383333333333334,Strategic
C005921,2025-12-31,8247.544329239885,0.9535,Strategic
C005922,2025-12-31,38.40081520071965,0.22533333333333333,Low
C005923,2025-12-31,1790.1885057738257,0.6383333333333333,High
C005924,2025-12-31,25.39140073679977,0.17316666666666666,Low
C005925,2025-12-31,1562.563235630785,0.564,High
C005926,2025-12-31,13.29812527437762,0.0925,Low
C005927,2025-12-31,1530.7142128457947,0.5531666666666667,High
C005928,2025-12-31,1511.3350195651014,0.5456666666666666,High
C005929,2025-12-31,1937.0719800285392,0.6763333333333333,High
C005930,2025-12-31,5041.898128139683,0.8786666666666667,Strategic
C005931,2025-12-31,17.93554174491901,0.12616666666666668,Low
C005932,2025-12-31,2047.4996294781015,0.6985,High
C005933,2025-12-31,3755.559317086571,0.8351666666666666,Strategic
C005934,2025-12-31,23.728674562360414,0.16483333333333333,Low
C005935,2025-12-31,4261.37966552293,0.8563333333333333,Strategic
C005936,2025-12-31,6101.096346942237,0.9023333333333333,Strategic
C005937,2025-12-31,2047.0287164982922,0.6981666666666667,High
C005938,2025-12-31,1577.253839125941,0.5691666666666667,High
C005939,2025-12-31,2684.005531139085,0.7643333333333333,Strategic
C005940,2025-12-31,640.7862755732701,0.38416666666666666,Developing
C005941,2025-12-31,1384.1913679119118,0.4995,Developing
C005942,2025-12-31,69.30229776712471,0.2833333333333333,Developing
C005943,2025-12-31,1796.0215249507107,0.6398333333333334,High
C005944,2025-12-31,22.406247036411397,0.15716666666666668,Low
C005945,2025-12-31,7054.664899677277,0.923,Strategic
C005946,2025-12-31,24.08701983230773,0.1665,Low
C005947,2025-12-31,502.5552277358514,0.3755,Developing
C005948,2025-12-31,6520.976345461485,0.9106666666666666,Strategic
C005949,2025-12-31,7.744926090875947,0.03666666666666667,Low
C005950,2025-12-31,7.775636991436269,0.03716666666666667,Low
C005951,2025-12-31,2535.2052557624174,0.7506666666666667,Strategic
C005952,2025-12-31,8518.170379942349,0.962,Strategic
C005953,2025-12-31,12.163847637403107,0.07933333333333334,Low
C005954,2025-12-31,7339.24346310926,0.9291666666666667,Strategic
C005955,2025-12-31,3187.7419877258567,0.803,Strategic
C005956,2025-12-31,7674.924011926832,0.9365,Strategic
C005957,2025-12-31,3951.6203460500296,0.8445,Strategic
C005958,2025-12-31,6.780835009841709,0.029333333333333333,Low
C005959,2025-12-31,1443.8227231745357,0.5215,High
C005960,2025-12-31,10.571320916746602,0.062,Low
C005961,2025-12-31,27.026114757617368,0.18316666666666667,Low
C005962,2025-12-31,33.25335708222659,0.2085,Low
C005963,2025-12-31,9033.09600947333,0.9781666666666666,Strategic
C005964,2025-12-31,1649.293510248263,0.594,High
C005965,2025-12-31,511.6024127933881,0.37616666666666665,Developing
C005966,2025-12-31,1609.2645274599383,0.5786666666666667,High
C005967,2025-12-31,26.410469223148343,0.17933333333333334,Low
C005968,2025-12-31,570.1869133062805,0.38083333333333336,Developing
C005969,2025-12-31,2201.4476026795264,0.7185,High
C005970,2025-12-31,18.227278027936208,0.12883333333333333,Low
C005971,2025-12-31,133.66452567404104,0.336,Developing
C005972,2025-12-31,5584.051560432834,0.8915,Strategic
C005973,2025-12-31,10.02063537072125,0.05583333333333333,Low
C005974,2025-12-31,5.982518310664847,0.024833333333333332,Low
C005975,2025-12-31,27.556153549766485,0.18533333333333332,Low
C005976,2025-12-31,8038.080101947978,0.9468333333333333,Strategic
C005977,2025-12-31,5.975733613526303,0.024666666666666667,Low
C005978,2025-12-31,1284.0118680962303,0.4648333333333333,Developing
C005979,2025-12-31,8.992614098392533,0.04633333333333333,Low
C005980,2025-12-31,1524.4951108916832,0.5501666666666667,High
C005981,2025-12-31,9.489750733897017,0.0515,Low
C005982,2025-12-31,119.86712830221359,0.33066666666666666,Developing
C005983,2025-12-31,5.143489684882641,0.021,Low
C005984,2025-12-31,2312.3052271331962,0.7335,High
C005985,2025-12-31,1331.5281791947061,0.482,Developing
C005986,2025-12-31,26.32158810335075,0.179,Low
C005987,2025-12-31,4.872726005279568,0.018833333333333334,Low
C005988,2025-12-31,1238.0169237782927,0.451,Developing
C005989,2025-12-31,7.730107878294543,0.036,Low
C005990,2025-12-31,1377.3496529379966,0.4965,Developing
C005991,2025-12-31,1393.5171934359944,0.5043333333333333,High
C005992,2025-12-31,3327.8448892645943,0.8121666666666667,Strategic
C005993,2025-12-31,1240.8688339468365,0.45216666666666666,Developing
C005994,2025-12-31,6292.899785048716,0.9068333333333334,Strategic
C005995,2025-12-31,6697.775067162961,0.9153333333333333,Strategic
C005996,2025-12-31,93.02949029942056,0.3085,Developing
C005997,2025-12-31,1514.0133043016733,0.5465,High
C005998,2025-12-31,14.408724261918115,0.1015,Low
C005999,2025-12-31,827.0436603462063,0.39666666666666667,Developing
C006000,2025-12-31,41.913398806286146,0.23566666666666666,Low
