customer_id,last_order_date,frequency,monetary,gross_margin,recency,recency_score,frequency_score,monetary_score,rfm_score,rfm_segment
C000001,2025-12-05,9.0,26698.08,6591.43,26,4,5,5,455,Champions
C000002,,0.0,0.0,0.0,1815,1,1,1,111,Hibernating
C000003,,0.0,0.0,0.0,1057,2,1,1,211,Hibernating
C000004,,0.0,0.0,0.0,1035,2,1,1,211,Hibernating
C000005,2025-11-27,2.0,4798.099999999999,475.29999999999995,34,4,3,3,433,Potential Loyalists
C000006,,0.0,0.0,0.0,987,2,1,1,211,Hibernating
C000007,2025-08-15,5.0,14470.98,3794.43,138,3,4,4,344,Loyal Customers
C000008,2025-09-16,2.0,2565.51,419.59,106,3,3,3,333,Need Attention
C000009,,0.0,0.0,0.0,1421,1,1,1,111,Hibernating
C000010,2025-12-01,3.0,7699.63,596.46,30,4,3,4,434,Potential Loyalists
C000011,2025-12-09,2.0,3856.95,628.8,22,4,3,3,433,Potential Loyalists
C000012,,0.0,0.0,0.0,1607,1,1,1,111,Hibernating
C000013,2025-08-23,1.0,281.73,23.74,130,3,2,2,322,Promising
C000014,2025-12-26,5.0,10592.84,1960.67,5,5,4,4,544,Champions
C000015,2025-12-27,19.0,69573.89,18106.57,4,5,5,5,555,Champions
C000016,2025-12-20,5.0,10882.16,1101.69,11,5,4,4,544,Champions
C000017,2025-12-09,8.0,25410.62,6360.4400000000005,22,4,5,5,455,Champions
C000018,,0.0,0.0,0.0,1039,2,1,1,211,Hibernating
C000019,2025-12-12,6.0,21879.07,3626.6,19,4,4,5,445,Champions
C000020,2025-12-08,2.0,2887.7799999999997,929.3100000000001,23,4,3,3,433,Potential Loyalists
C000021,2025-12-24,4.0,9914.16,2180.87,7,5,4,4,544,Champions
C000022,,0.0,0.0,0.0,1183,1,1,1,111,Hibernating
C000023,,0.0,0.0,0.0,1123,1,1,1,111,Hibernating
C000024,2025-12-20,4.0,8623.36,1687.8799999999999,11,5,4,4,544,Champions
C000025,2025-02-08,1.0,1557.82,283.64,326,2,2,2,222,At Risk
C000026,,0.0,0.0,0.0,485,2,1,1,211,Hibernating
C000027,,0.0,0.0,0.0,1619,1,1,1,111,Hibernating
C000028,2025-12-16,6.0,12848.84,3058.9700000000003,15,5,4,4,544,Champions
C000029,,0.0,0.0,0.0,434,2,1,1,211,Hibernating
C000030,,0.0,0.0,0.0,481,2,1,1,211,Hibernating
C000031,,0.0,0.0,0.0,1122,1,1,1,111,Hibernating
C000032,,0.0,0.0,0.0,1181,1,1,1,111,Hibernating
C000033,2025-05-02,1.0,960.07,66.08,243,2,2,2,222,At Risk
C000034,2025-12-24,2.0,1423.04,320.8,7,5,3,2,532,Potential Loyalists
C000035,,0.0,0.0,0.0,1808,1,1,1,111,Hibernating
C000036,,0.0,0.0,0.0,1241,1,1,1,111,Hibernating
C000037,2025-12-04,6.0,15235.16,4233.92,27,4,4,4,444,Champions
C000038,,0.0,0.0,0.0,1369,1,1,1,111,Hibernating
C000039,2025-11-25,7.0,20408.02,2796.5,36,4,5,5,455,Champions
C000040,2025-03-25,3.0,3292.8199999999997,241.33,281,2,3,3,233,Need Attention
C000041,,0.0,0.0,0.0,1758,1,1,1,111,Hibernating
C000042,2025-11-26,5.0,13434.720000000001,1063.3400000000001,35,4,4,4,444,Champions
C000043,,0.0,0.0,0.0,485,2,1,1,211,Hibernating
C000044,2025-07-04,2.0,4453.97,733.73,180,3,3,3,333,Need Attention
C000045,2025-11-06,4.0,7476.35,1962.58,55,3,4,3,343,Loyal Customers
C000046,2025-04-09,1.0,1344.66,450.67,266,2,2,2,222,At Risk
C000047,,0.0,0.0,0.0,1748,1,1,1,111,Hibernating
C000048,2025-12-12,3.0,6845.39,1196.61,19,4,3,3,433,Potential Loyalists
C000049,2025-12-21,5.0,12318.619999999999,1448.92,10,5,4,4,544,Champions
C000050,2025-12-02,5.0,11132.94,2582.16,29,4,4,4,444,Champions
C000051,2025-10-25,8.0,16165.58,4300.92,67,3,5,4,354,Loyal Customers
C000052,,0.0,0.0,0.0,1630,1,1,1,111,Hibernating
C000053,2025-09-06,3.0,5649.26,439.51,116,3,3,3,333,Need Attention
C000054,,0.0,0.0,0.0,379,2,1,1,211,Hibernating
C000055,2025-12-23,2.0,5177.34,-131.70999999999998,8,5,3,3,533,Potential Loyalists
C000056,,0.0,0.0,0.0,926,2,1,1,211,Hibernating
C000057,,0.0,0.0,0.0,1047,2,1,1,211,Hibernating
C000058,2025-12-03,7.0,25036.11,5392.87,28,4,5,5,455,Champions
C000059,2025-12-22,19.0,54961.93,13337.92,9,5,5,5,555,Champions
C000060,,0.0,0.0,0.0,1202,1,1,1,111,Hibernating
C000061,2025-10-03,1.0,1032.66,-27.27,89,3,2,2,322,Promising
C000062,2025-12-22,5.0,28646.46,5827.02,9,5,4,5,545,Champions
C000063,2025-12-27,6.0,13960.75,2712.42,4,5,4,4,544,Champions
C000064,,0.0,0.0,0.0,1260,1,1,1,111,Hibernating
C000065,2025-08-13,3.0,7422.2,2307.04,140,3,3,3,333,Need Attention
C000066,2025-11-10,11.0,26188.33,4333.71,51,3,5,5,355,Loyal Customers
C000067,2025-12-15,5.0,9479.630000000001,2320.71,16,4,4,4,444,Champions
C000068,2025-05-03,2.0,14066.15,3424.29,242,2,3,4,234,Need Attention
C000069,2025-12-25,7.0,19901.61,1269.01,6,5,5,5,555,Champions
C000070,2025-12-18,4.0,9879.06,2240.07,13,5,4,4,544,Champions
C000071,2025-11-22,9.0,19207.54,3957.19,39,4,5,5,455,Champions
C000072,2025-10-09,1.0,543.79,178.85,83,3,2,2,322,Promising
C000073,2025-12-22,1.0,1044.4,85.89,9,5,2,2,522,Potential Loyalists
C000074,,0.0,0.0,0.0,1141,1,1,1,111,Hibernating
C000075,2025-12-10,7.0,15750.42,2322.06,21,4,5,4,454,Champions
C000076,,0.0,0.0,0.0,1557,1,1,1,111,Hibernating
C000077,,0.0,0.0,0.0,372,2,1,1,211,Hibernating
C000078,2025-11-26,4.0,2377.31,272.94,35,4,4,3,443,Loyal Customers
C000079,2025-11-27,4.0,17436.47,2101.49,34,4,4,5,445,Champions
C000080,2025-12-26,17.0,32834.43,8196.130000000001,5,5,5,5,555,Champions
C000081,2025-12-04,7.0,12605.44,2440.46,27,4,5,4,454,Champions
C000082,2025-12-24,9.0,28486.02,6316.33,7,5,5,5,555,Champions
C000083,2025-09-18,4.0,13368.23,3409.8,104,3,4,4,344,Loyal Customers
C000084,2025-08-26,4.0,12035.14,2191.1,127,3,4,4,344,Loyal Customers
C000085,2025-11-02,5.0,9051.02,1962.54,59,3,4,4,344,Loyal Customers
C000086,,0.0,0.0,0.0,1527,1,1,1,111,Hibernating
C000087,2025-12-21,9.0,30065.440000000002,6910.25,10,5,5,5,555,Champions
C000088,2025-12-05,3.0,6611.93,1692.1,26,4,3,3,433,Potential Loyalists
C000089,2025-07-04,5.0,6234.87,1069.04,180,3,4,3,343,Loyal Customers
C000090,2025-12-08,12.0,35662.67,9443.11,23,4,5,5,455,Champions
C000091,2025-10-04,2.0,6811.6900000000005,1719.12,88,3,3,3,333,Need Attention
C000092,2025-12-14,8.0,18457.15,3692.0299999999997,17,4,5,5,455,Champions
C000093,2025-05-09,4.0,6954.41,1762.71,236,2,4,3,243,Need Attention
C000094,2025-12-24,10.0,19397.809999999998,3213.69,7,5,5,5,555,Champions
C000095,2025-11-21,2.0,2350.36,604.4300000000001,40,4,3,3,433,Potential Loyalists
C000096,2025-12-14,15.0,39896.59,8987.39,17,4,5,5,455,Champions
C000097,2025-12-26,18.0,44731.12,11347.83,5,5,5,5,555,Champions
C000098,2025-01-11,1.0,3465.04,796.84,354,2,2,3,223,At Risk
C000099,2025-12-11,17.0,45244.68,10358.55,20,4,5,5,455,Champions
C000100,,0.0,0.0,0.0,1746,1,1,1,111,Hibernating
C000101,2025-12-26,4.0,4503.32,268.3999999999999,5,5,4,3,543,Loyal Customers
C000102,,0.0,0.0,0.0,1726,1,1,1,111,Hibernating
C000103,2025-12-26,6.0,18632.93,3348.65,5,5,4,5,545,Champions
C000104,,0.0,0.0,0.0,821,2,1,1,211,Hibernating
C000105,,0.0,0.0,0.0,1259,1,1,1,111,Hibernating
C000106,2025-12-07,7.0,11026.28,1804.4099999999999,24,4,5,4,454,Champions
C000107,2025-07-06,2.0,4076.2799999999997,1040.47,178,3,3,3,333,Need Attention
C000108,2025-12-23,5.0,12102.65,1845.38,8,5,4,4,544,Champions
C000109,,0.0,0.0,0.0,660,2,1,1,211,Hibernating
C000110,,0.0,0.0,0.0,1352,1,1,1,111,Hibernating
C000111,2025-04-16,1.0,810.68,23.52,259,2,2,2,222,At Risk
C000112,2025-12-01,3.0,3622.76,695.21,30,4,3,3,433,Potential Loyalists
C000113,2025-12-19,4.0,5377.22,1110.91,12,5,4,3,543,Loyal Customers
C000114,,0.0,0.0,0.0,982,2,1,1,211,Hibernating
C000115,,0.0,0.0,0.0,1528,1,1,1,111,Hibernating
C000116,2025-12-27,13.0,35470.61,7246.87,4,5,5,5,555,Champions
C000117,2025-12-04,1.0,259.01,61.26,27,4,2,2,422,Potential Loyalists
C000118,2025-12-08,7.0,18339.21,3679.5299999999997,23,4,5,5,455,Champions
C000119,2025-11-25,7.0,16831.33,2180.5699999999997,36,4,5,5,455,Champions
C000120,,0.0,0.0,0.0,1329,1,1,1,111,Hibernating
C000121,,0.0,0.0,0.0,573,2,1,1,211,Hibernating
C000122,2025-10-14,2.0,6731.61,1609.5700000000002,78,3,3,3,333,Need Attention
C000123,2025-12-16,2.0,6999.49,696.8399999999999,15,5,3,3,533,Potential Loyalists
C000124,,0.0,0.0,0.0,1765,1,1,1,111,Hibernating
C000125,2025-12-19,7.0,16955.489999999998,3463.49,12,5,5,5,555,Champions
C000126,2025-10-24,3.0,10067.26,2329.89,68,3,3,4,334,Need Attention
C000127,2025-12-06,3.0,5204.04,450.81,25,4,3,3,433,Potential Loyalists
C000128,2025-12-25,9.0,26448.37,6699.2699999999995,6,5,5,5,555,Champions
C000129,2025-11-10,2.0,5776.83,1463.94,51,3,3,3,333,Need Attention
C000130,,0.0,0.0,0.0,558,2,1,1,211,Hibernating
C000131,,0.0,0.0,0.0,1206,1,1,1,111,Hibernating
C000132,,0.0,0.0,0.0,403,2,1,1,211,Hibernating
C000133,2025-06-09,5.0,8144.86,2002.8500000000001,205,2,4,4,244,Need Attention
C000134,2025-11-20,9.0,26265.19,5184.61,41,4,5,5,455,Champions
C000135,2025-12-19,10.0,27858.8,5997.969999999999,12,5,5,5,555,Champions
C000136,2025-12-18,2.0,1878.3899999999999,60.209999999999994,13,5,3,2,532,Potential Loyalists
C000137,2025-01-09,1.0,4089.03,1330.47,356,2,2,3,223,At Risk
C000138,,0.0,0.0,0.0,1146,1,1,1,111,Hibernating
C000139,2025-12-22,5.0,14039.09,464.0,9,5,4,4,544,Champions
C000140,2025-05-12,5.0,9244.64,2521.81,233,2,4,4,244,Need Attention
C000141,2025-12-07,6.0,29017.87,4146.56,24,4,4,5,445,Champions
C000142,2025-12-15,1.0,2377.63,751.5,16,4,2,3,423,Potential Loyalists
C000143,,0.0,0.0,0.0,566,2,1,1,211,Hibernating
C000144,2025-09-01,3.0,6610.639999999999,878.9300000000001,121,3,3,3,333,Need Attention
C000145,2025-11-08,2.0,2616.9700000000003,377.21000000000004,53,3,3,3,333,Need Attention
C000146,,0.0,0.0,0.0,1173,1,1,1,111,Hibernating
C000147,,0.0,0.0,0.0,770,2,1,1,211,Hibernating
C000148,2025-11-27,4.0,5947.969999999999,284.78999999999996,34,4,4,3,443,Loyal Customers
C000149,2025-10-24,6.0,16172.48,4621.2300000000005,68,3,4,4,344,Loyal Customers
C000150,,0.0,0.0,0.0,1633,1,1,1,111,Hibernating
C000151,2025-11-20,4.0,4867.7,1001.65,41,4,4,3,443,Loyal Customers
C000152,2025-12-04,2.0,1313.3600000000001,267.06,27,4,3,2,432,Potential Loyalists
C000153,2025-12-22,4.0,9276.17,1412.46,9,5,4,4,544,Champions
C000154,2025-12-26,2.0,3690.98,226.86,5,5,3,3,533,Potential Loyalists
C000155,2025-05-11,1.0,1751.57,-55.22,234,2,2,2,222,At Risk
C000156,2025-08-10,4.0,7470.55,1696.32,143,3,4,3,343,Loyal Customers
C000157,2025-12-27,6.0,15245.58,2197.75,4,5,4,4,544,Champions
C000158,2025-12-26,5.0,22752.07,5135.780000000001,5,5,4,5,545,Champions
C000159,2025-11-26,5.0,12140.7,1745.94,35,4,4,4,444,Champions
C000160,,0.0,0.0,0.0,1565,1,1,1,111,Hibernating
C000161,,0.0,0.0,0.0,436,2,1,1,211,Hibernating
C000162,2025-12-15,3.0,3669.4900000000002,735.82,16,4,3,3,433,Potential Loyalists
C000163,2025-09-24,1.0,1036.18,341.65,98,3,2,2,322,Promising
C000164,,0.0,0.0,0.0,981,2,1,1,211,Hibernating
C000165,2025-12-11,13.0,47636.12,11414.140000000001,20,4,5,5,455,Champions
C000166,,0.0,0.0,0.0,1664,1,1,1,111,Hibernating
C000167,2025-11-14,3.0,5429.160000000001,1024.45,47,3,3,3,333,Need Attention
C000168,2025-12-14,11.0,29970.88,7940.4400000000005,17,4,5,5,455,Champions
C000169,2025-11-18,3.0,10883.68,1343.6399999999999,43,3,3,4,334,Need Attention
C000170,2025-12-20,15.0,41075.58,11050.64,11,5,5,5,555,Champions
C000171,2025-08-27,2.0,7516.799999999999,1166.92,126,3,3,3,333,Need Attention
C000172,2025-12-07,20.0,91428.24,22552.6,24,4,5,5,455,Champions
C000173,,0.0,0.0,0.0,1654,1,1,1,111,Hibernating
C000174,2025-11-21,2.0,2764.0699999999997,476.74,40,4,3,3,433,Potential Loyalists
C000175,2025-06-21,2.0,9475.53,2151.18,193,3,3,4,334,Need Attention
C000176,2025-01-21,1.0,2224.98,153.51,344,2,2,3,223,At Risk
C000177,2025-12-11,2.0,14341.56,3546.8900000000003,20,4,3,4,434,Potential Loyalists
C000178,2025-10-19,3.0,11974.869999999999,3419.4799999999996,73,3,3,4,334,Need Attention
C000179,2025-11-16,6.0,28347.65,7196.98,45,3,4,5,345,Loyal Customers
C000180,,0.0,0.0,0.0,413,2,1,1,211,Hibernating
C000181,,0.0,0.0,0.0,1777,1,1,1,111,Hibernating
C000182,2025-11-15,6.0,14809.130000000001,3965.54,46,3,4,4,344,Loyal Customers
C000183,2025-11-14,4.0,10382.57,2751.54,47,3,4,4,344,Loyal Customers
C000184,,0.0,0.0,0.0,1752,1,1,1,111,Hibernating
C000185,2025-12-24,2.0,2110.4700000000003,186.89,7,5,3,3,533,Potential Loyalists
C000186,2025-10-16,5.0,5524.28,1435.37,76,3,4,3,343,Loyal Customers
C000187,,0.0,0.0,0.0,1471,1,1,1,111,Hibernating
C000188,,0.0,0.0,0.0,1565,1,1,1,111,Hibernating
C000189,2025-11-11,4.0,9403.89,1766.49,50,3,4,4,344,Loyal Customers
C000190,2025-08-09,6.0,9834.27,2551.46,144,3,4,4,344,Loyal Customers
C000191,,0.0,0.0,0.0,1263,1,1,1,111,Hibernating
C000192,2025-12-18,7.0,14727.77,2932.07,13,5,5,4,554,Champions
C000193,2025-12-20,15.0,36208.61,8604.789999999999,11,5,5,5,555,Champions
C000194,2025-12-27,11.0,17473.739999999998,3103.01,4,5,5,5,555,Champions
C000195,2025-12-04,10.0,24862.23,3661.62,27,4,5,5,455,Champions
C000196,2025-12-05,6.0,16506.02,4899.0,26,4,4,5,445,Champions
C000197,,0.0,0.0,0.0,1478,1,1,1,111,Hibernating
C000198,2025-09-20,12.0,26541.63,6582.59,102,3,5,5,355,Loyal Customers
C000199,2025-10-12,6.0,13572.58,2847.24,80,3,4,4,344,Loyal Customers
C000200,2025-12-16,6.0,8589.02,2429.5,15,5,4,4,544,Champions
C000201,2025-11-24,1.0,1346.73,130.26,37,4,2,2,422,Potential Loyalists
C000202,2025-12-11,12.0,21523.52,2399.2799999999997,20,4,5,5,455,Champions
C000203,2025-12-25,2.0,2282.24,556.48,6,5,3,3,533,Potential Loyalists
C000204,2025-10-19,7.0,11751.4,2640.34,73,3,5,4,354,Loyal Customers
C000205,2025-10-18,1.0,4333.52,1159.64,74,3,2,3,323,Promising
C000206,2025-12-12,14.0,32659.39,7672.63,19,4,5,5,455,Champions
C000207,,0.0,0.0,0.0,408,2,1,1,211,Hibernating
C000208,,0.0,0.0,0.0,910,2,1,1,211,Hibernating
C000209,2025-11-25,6.0,7090.03,1735.24,36,4,4,3,443,Loyal Customers
C000210,,0.0,0.0,0.0,1003,2,1,1,211,Hibernating
C000211,2025-12-11,8.0,19884.05,3526.83,20,4,5,5,455,Champions
C000212,2025-11-05,1.0,6711.99,176.19,56,3,2,3,323,Promising
C000213,2025-12-01,2.0,6442.84,1275.71,30,4,3,3,433,Potential Loyalists
C000214,2025-01-22,1.0,3471.86,148.71,343,2,2,3,223,At Risk
C000215,,0.0,0.0,0.0,405,2,1,1,211,Hibernating
C000216,2025-10-23,3.0,8124.34,1641.95,69,3,3,4,334,Need Attention
C000217,,0.0,0.0,0.0,1026,2,1,1,211,Hibernating
C000218,,0.0,0.0,0.0,729,2,1,1,211,Hibernating
C000219,2025-11-23,13.0,43247.06,11713.36,38,4,5,5,455,Champions
C000220,2025-12-26,4.0,12189.95,1510.31,5,5,4,4,544,Champions
C000221,2025-12-05,9.0,26045.15,6718.1,26,4,5,5,455,Champions
C000222,,0.0,0.0,0.0,1174,1,1,1,111,Hibernating
C000223,2025-12-26,2.0,5006.15,1392.92,5,5,3,3,533,Potential Loyalists
C000224,,0.0,0.0,0.0,1506,1,1,1,111,Hibernating
C000225,,0.0,0.0,0.0,1455,1,1,1,111,Hibernating
C000226,2025-12-22,1.0,1238.12,33.73,9,5,2,2,522,Potential Loyalists
C000227,,0.0,0.0,0.0,451,2,1,1,211,Hibernating
C000228,2025-12-06,7.0,30598.2,7508.92,25,4,5,5,455,Champions
C000229,2025-06-14,4.0,10921.62,3074.8599999999997,200,3,4,4,344,Loyal Customers
C000230,2025-11-19,4.0,14350.88,3052.0699999999997,42,4,4,4,444,Champions
C000231,2025-12-09,1.0,5744.28,563.94,22,4,2,3,423,Potential Loyalists
C000232,2025-05-19,3.0,5738.17,721.0,226,2,3,3,233,Need Attention
C000233,,0.0,0.0,0.0,1764,1,1,1,111,Hibernating
C000234,2025-01-21,1.0,11339.57,3278.87,344,2,2,4,224,At Risk
C000235,2025-04-17,1.0,2628.77,1047.68,258,2,2,3,223,At Risk
C000236,,0.0,0.0,0.0,1599,1,1,1,111,Hibernating
C000237,,0.0,0.0,0.0,828,2,1,1,211,Hibernating
C000238,2025-11-26,12.0,39233.62,10668.86,35,4,5,5,455,Champions
C000239,,0.0,0.0,0.0,395,2,1,1,211,Hibernating
C000240,,0.0,0.0,0.0,838,2,1,1,211,Hibernating
C000241,2025-12-15,12.0,23333.82,4741.46,16,4,5,5,455,Champions
C000242,2025-12-15,10.0,27579.56,4324.2,16,4,5,5,455,Champions
C000243,2025-12-20,2.0,12170.630000000001,2030.66,11,5,3,4,534,Potential Loyalists
C000244,2025-12-05,6.0,17327.82,3992.04,26,4,4,5,445,Champions
C000245,2025-12-20,2.0,3205.58,-116.82,11,5,3,3,533,Potential Loyalists
C000246,2025-01-07,1.0,1524.61,283.59,358,2,2,2,222,At Risk
C000247,,0.0,0.0,0.0,393,2,1,1,211,Hibernating
C000248,2025-09-26,2.0,3401.5,-111.99,96,3,3,3,333,Need Attention
C000249,,0.0,0.0,0.0,1486,1,1,1,111,Hibernating
C000250,2025-12-18,18.0,43109.64,10173.8,13,5,5,5,555,Champions
C000251,2025-11-15,5.0,10900.85,2445.71,46,3,4,4,344,Loyal Customers
C000252,,0.0,0.0,0.0,1482,1,1,1,111,Hibernating
C000253,2025-08-09,5.0,15897.85,2241.9199999999996,144,3,4,4,344,Loyal Customers
C000254,2025-06-10,4.0,6453.5599999999995,1298.9099999999999,204,2,4,3,243,Need Attention
C000255,2025-12-27,17.0,36086.07,8999.03,4,5,5,5,555,Champions
C000256,2025-10-23,4.0,2963.35,437.18,69,3,4,3,343,Loyal Customers
C000257,2025-12-17,2.0,4593.16,905.46,14,5,3,3,533,Potential Loyalists
C000258,,0.0,0.0,0.0,928,2,1,1,211,Hibernating
C000259,2025-11-02,8.0,23136.04,4886.58,59,3,5,5,355,Loyal Customers
C000260,2025-12-25,7.0,15643.83,3153.92,6,5,5,4,554,Champions
C000261,2025-12-14,5.0,12478.42,2332.95,17,4,4,4,444,Champions
C000262,2025-03-18,4.0,10389.71,2866.69,288,2,4,4,244,Need Attention
C000263,2025-09-15,2.0,1516.75,455.65999999999997,107,3,3,2,332,Need Attention
C000264,2025-12-10,12.0,32059.51,9196.48,21,4,5,5,455,Champions
C000265,,0.0,0.0,0.0,1290,1,1,1,111,Hibernating
C000266,2025-12-10,5.0,24353.73,5374.18,21,4,4,5,445,Champions
C000267,2025-11-23,5.0,12547.35,3241.3199999999997,38,4,4,4,444,Champions
C000268,2025-12-16,5.0,19593.95,6278.599999999999,15,5,4,5,545,Champions
C000269,2025-12-26,2.0,1557.12,571.94,5,5,3,2,532,Potential Loyalists
C000270,,0.0,0.0,0.0,1757,1,1,1,111,Hibernating
C000271,,0.0,0.0,0.0,1147,1,1,1,111,Hibernating
C000272,2025-12-10,6.0,16729.05,2628.8,21,4,4,5,445,Champions
C000273,2025-12-14,5.0,6341.4,966.2,17,4,4,3,443,Loyal Customers
C000274,,0.0,0.0,0.0,737,2,1,1,211,Hibernating
C000275,2025-12-15,18.0,51334.62,11155.62,16,4,5,5,455,Champions
C000276,2025-12-26,4.0,18954.98,5183.389999999999,5,5,4,5,545,Champions
C000277,,0.0,0.0,0.0,1239,1,1,1,111,Hibernating
C000278,2025-11-11,3.0,3040.05,565.4,50,3,3,3,333,Need Attention
C000279,,0.0,0.0,0.0,1703,1,1,1,111,Hibernating
C000280,,0.0,0.0,0.0,371,2,1,1,211,Hibernating
C000281,2025-10-09,6.0,14636.53,4587.63,83,3,4,4,344,Loyal Customers
C000282,2025-12-19,14.0,41205.07,12399.64,12,5,5,5,555,Champions
C000283,2025-03-19,1.0,1657.59,320.96,287,2,2,2,222,At Risk
C000284,,0.0,0.0,0.0,1228,1,1,1,111,Hibernating
C000285,,0.0,0.0,0.0,425,2,1,1,211,Hibernating
C000286,,0.0,0.0,0.0,1057,2,1,1,211,Hibernating
C000287,2025-09-08,2.0,3837.6400000000003,817.4000000000001,114,3,3,3,333,Need Attention
C000288,,0.0,0.0,0.0,464,2,1,1,211,Hibernating
C000289,2025-05-12,3.0,5872.75,1615.7,233,2,3,3,233,Need Attention
C000290,2025-10-13,3.0,9773.04,1227.01,79,3,3,4,334,Need Attention
C000291,,0.0,0.0,0.0,1180,1,1,1,111,Hibernating
C000292,2025-11-02,2.0,8325.039999999999,2001.18,59,3,3,4,334,Need Attention
C000293,2025-12-18,4.0,11659.33,2665.65,13,5,4,4,544,Champions
C000294,2025-04-18,2.0,401.57,67.57,257,2,3,2,232,Need Attention
C000295,,0.0,0.0,0.0,1477,1,1,1,111,Hibernating
C000296,,0.0,0.0,0.0,1275,1,1,1,111,Hibernating
C000297,2025-10-19,4.0,6974.63,1538.52,73,3,4,3,343,Loyal Customers
C000298,,0.0,0.0,0.0,1785,1,1,1,111,Hibernating
C000299,2025-12-20,7.0,17808.13,5203.05,11,5,5,5,555,Champions
C000300,2025-12-22,12.0,18579.31,5738.88,9,5,5,5,555,Champions
C000301,2025-02-21,3.0,8976.57,1090.96,313,2,3,4,234,Need Attention
C000302,2025-10-25,7.0,22588.239999999998,4505.76,67,3,5,5,355,Loyal Customers
C000303,2025-11-12,4.0,6824.88,2559.54,49,3,4,3,343,Loyal Customers
C000304,,0.0,0.0,0.0,1517,1,1,1,111,Hibernating
C000305,,0.0,0.0,0.0,1607,1,1,1,111,Hibernating
C000306,2025-10-19,4.0,8291.0,1263.04,73,3,4,4,344,Loyal Customers
C000307,,0.0,0.0,0.0,1599,1,1,1,111,Hibernating
C000308,2025-12-03,2.0,2005.3000000000002,451.29999999999995,28,4,3,2,432,Potential Loyalists
C000309,2025-12-25,8.0,13483.07,3893.99,6,5,5,4,554,Champions
C000310,2025-05-19,2.0,4276.46,1054.27,226,2,3,3,233,Need Attention
C000311,2025-12-22,7.0,17596.68,2927.31,9,5,5,5,555,Champions
C000312,2025-12-20,2.0,3156.76,27.46,11,5,3,3,533,Potential Loyalists
C000313,,0.0,0.0,0.0,1378,1,1,1,111,Hibernating
C000314,,0.0,0.0,0.0,1134,1,1,1,111,Hibernating
C000315,2025-12-08,4.0,5551.110000000001,947.83,23,4,4,3,443,Loyal Customers
C000316,2025-12-17,1.0,830.55,164.36,14,5,2,2,522,Potential Loyalists
C000317,2025-11-10,4.0,7583.15,1904.75,51,3,4,4,344,Loyal Customers
C000318,2025-12-27,7.0,13683.04,2824.0,4,5,5,4,554,Champions
C000319,2025-12-21,9.0,25531.96,6565.31,10,5,5,5,555,Champions
C000320,2025-10-16,2.0,3859.62,711.04,76,3,3,3,333,Need Attention
C000321,,0.0,0.0,0.0,1600,1,1,1,111,Hibernating
C000322,2025-01-14,2.0,5193.9,445.21999999999997,351,2,3,3,233,Need Attention
C000323,,0.0,0.0,0.0,371,2,1,1,211,Hibernating
C000324,2025-11-09,5.0,9411.03,1877.31,52,3,4,4,344,Loyal Customers
C000325,,0.0,0.0,0.0,1450,1,1,1,111,Hibernating
C000326,2025-12-27,8.0,14053.72,3107.3,4,5,5,4,554,Champions
C000327,2025-11-09,2.0,6086.18,633.06,52,3,3,3,333,Need Attention
C000328,2025-11-24,1.0,1681.28,198.5,37,4,2,2,422,Potential Loyalists
C000329,2025-12-21,11.0,26826.3,8137.43,10,5,5,5,555,Champions
C000330,,0.0,0.0,0.0,1542,1,1,1,111,Hibernating
C000331,2025-10-10,1.0,2819.66,508.69,82,3,2,3,323,Promising
C000332,,0.0,0.0,0.0,1624,1,1,1,111,Hibernating
C000333,,0.0,0.0,0.0,1415,1,1,1,111,Hibernating
C000334,2025-12-13,5.0,4487.8099999999995,870.28,18,4,4,3,443,Loyal Customers
C000335,,0.0,0.0,0.0,1640,1,1,1,111,Hibernating
C000336,,0.0,0.0,0.0,942,2,1,1,211,Hibernating
C000337,2025-12-26,11.0,26149.64,6306.599999999999,5,5,5,5,555,Champions
C000338,,0.0,0.0,0.0,1175,1,1,1,111,Hibernating
C000339,,0.0,0.0,0.0,378,2,1,1,211,Hibernating
C000340,,0.0,0.0,0.0,1497,1,1,1,111,Hibernating
C000341,2025-12-16,11.0,41982.92,8333.88,15,5,5,5,555,Champions
C000342,,0.0,0.0,0.0,1295,1,1,1,111,Hibernating
C000343,2025-09-19,4.0,3960.21,840.97,103,3,4,3,343,Loyal Customers
C000344,,0.0,0.0,0.0,638,2,1,1,211,Hibernating
C000345,,0.0,0.0,0.0,1319,1,1,1,111,Hibernating
C000346,2025-11-06,4.0,6422.7,1444.0,55,3,4,3,343,Loyal Customers
C000347,2025-12-27,9.0,22527.59,3633.36,4,5,5,5,555,Champions
C000348,,0.0,0.0,0.0,451,2,1,1,211,Hibernating
C000349,2025-11-13,7.0,7494.79,824.52,48,3,5,3,353,Loyal Customers
C000350,2025-12-26,9.0,19266.43,3540.6800000000003,5,5,5,5,555,Champions
C000351,,0.0,0.0,0.0,820,2,1,1,211,Hibernating
C000352,,0.0,0.0,0.0,1692,1,1,1,111,Hibernating
C000353,2025-11-11,1.0,1491.11,348.0,50,3,2,2,322,Promising
C000354,2025-12-08,14.0,29558.97,7313.509999999999,23,4,5,5,455,Champions
C000355,2025-05-27,3.0,8224.67,1862.3000000000002,218,2,3,4,234,Need Attention
C000356,,0.0,0.0,0.0,1595,1,1,1,111,Hibernating
C000357,,0.0,0.0,0.0,1763,1,1,1,111,Hibernating
C000358,2025-11-22,4.0,7521.610000000001,2152.2999999999997,39,4,4,3,443,Loyal Customers
C000359,2025-12-25,19.0,40162.76,9621.89,6,5,5,5,555,Champions
C000360,2025-07-09,1.0,859.86,129.98,175,3,2,2,322,Promising
C000361,2025-12-12,4.0,9183.59,1745.1499999999999,19,4,4,4,444,Champions
C000362,2025-07-05,1.0,3020.11,363.97,179,3,2,3,323,Promising
C000363,,0.0,0.0,0.0,1195,1,1,1,111,Hibernating
C000364,2025-11-08,9.0,21651.46,5892.78,53,3,5,5,355,Loyal Customers
C000365,,0.0,0.0,0.0,451,2,1,1,211,Hibernating
C000366,,0.0,0.0,0.0,574,2,1,1,211,Hibernating
C000367,,0.0,0.0,0.0,952,2,1,1,211,Hibernating
C000368,,0.0,0.0,0.0,1566,1,1,1,111,Hibernating
C000369,2025-11-03,8.0,21442.02,3586.33,58,3,5,5,355,Loyal Customers
C000370,,0.0,0.0,0.0,569,2,1,1,211,Hibernating
C000371,,0.0,0.0,0.0,921,2,1,1,211,Hibernating
C000372,2025-08-08,6.0,11986.710000000001,3088.17,145,3,4,4,344,Loyal Customers
C000373,2025-05-04,2.0,7750.68,1190.41,241,2,3,4,234,Need Attention
C000374,,0.0,0.0,0.0,1058,2,1,1,211,Hibernating
C000375,,0.0,0.0,0.0,400,2,1,1,211,Hibernating
C000376,2025-09-22,4.0,8841.89,1511.89,100,3,4,4,344,Loyal Customers
C000377,,0.0,0.0,0.0,1610,1,1,1,111,Hibernating
C000378,,0.0,0.0,0.0,424,2,1,1,211,Hibernating
C000379,2025-04-15,2.0,4742.65,1077.18,260,2,3,3,233,Need Attention
C000380,2025-12-19,9.0,28022.67,6456.860000000001,12,5,5,5,555,Champions
C000381,2025-12-25,4.0,16442.39,3360.92,6,5,4,4,544,Champions
C000382,2025-12-23,7.0,14577.15,4458.11,8,5,5,4,554,Champions
C000383,2025-02-10,1.0,312.76,95.64,324,2,2,2,222,At Risk
C000384,2025-12-19,8.0,22929.4,6520.5199999999995,12,5,5,5,555,Champions
C000385,,0.0,0.0,0.0,1077,2,1,1,211,Hibernating
C000386,2025-12-09,2.0,4116.96,668.84,22,4,3,3,433,Potential Loyalists
C000387,2025-10-04,1.0,1984.08,383.89,88,3,2,2,322,Promising
C000388,2025-12-23,6.0,9258.48,2215.17,8,5,4,4,544,Champions
C000389,2025-11-25,4.0,5475.38,486.71,36,4,4,3,443,Loyal Customers
C000390,2025-05-20,1.0,3796.15,-32.18,225,2,2,3,223,At Risk
C000391,2025-11-05,3.0,5642.46,838.89,56,3,3,3,333,Need Attention
C000392,2025-09-27,6.0,7991.26,1526.47,95,3,4,4,344,Loyal Customers
C000393,,0.0,0.0,0.0,1817,1,1,1,111,Hibernating
C000394,2025-11-19,3.0,6205.55,524.5200000000001,42,4,3,3,433,Potential Loyalists
C000395,,0.0,0.0,0.0,1368,1,1,1,111,Hibernating
C000396,2025-12-17,5.0,8836.37,523.9699999999999,14,5,4,4,544,Champions
C000397,2025-12-03,11.0,44744.22,10495.97,28,4,5,5,455,Champions
C000398,,0.0,0.0,0.0,1039,2,1,1,211,Hibernating
C000399,2025-11-19,5.0,5608.28,478.32,42,4,4,3,443,Loyal Customers
C000400,2025-11-19,2.0,2403.04,691.83,42,4,3,3,433,Potential Loyalists
C000401,,0.0,0.0,0.0,1122,1,1,1,111,Hibernating
C000402,2025-12-27,4.0,6397.900000000001,1536.54,4,5,4,3,543,Loyal Customers
C000403,2025-12-24,6.0,15715.65,2429.81,7,5,4,4,544,Champions
C000404,2025-08-06,2.0,2464.05,627.49,147,3,3,3,333,Need Attention
C000405,2025-12-22,3.0,5989.78,1739.98,9,5,3,3,533,Potential Loyalists
C000406,,0.0,0.0,0.0,443,2,1,1,211,Hibernating
C000407,,0.0,0.0,0.0,807,2,1,1,211,Hibernating
C000408,2025-12-25,3.0,4368.54,775.94,6,5,3,3,533,Potential Loyalists
C000409,2025-11-18,7.0,19043.74,5393.88,43,3,5,5,355,Loyal Customers
C000410,,0.0,0.0,0.0,1504,1,1,1,111,Hibernating
C000411,2025-12-10,5.0,23105.76,3063.4300000000003,21,4,4,5,445,Champions
C000412,2025-12-23,4.0,5288.4,1225.34,8,5,4,3,543,Loyal Customers
C000413,2025-12-11,7.0,27660.8,6347.46,20,4,5,5,455,Champions
C000414,2025-07-13,3.0,3400.8199999999997,706.81,171,3,3,3,333,Need Attention
C000415,,0.0,0.0,0.0,1821,1,1,1,111,Hibernating
C000416,,0.0,0.0,0.0,1643,1,1,1,111,Hibernating
C000417,2025-09-27,4.0,11329.699999999999,2886.1,95,3,4,4,344,Loyal Customers
C000418,2025-12-05,9.0,14364.54,4242.34,26,4,5,4,454,Champions
C000419,2025-12-14,1.0,840.57,62.97,17,4,2,2,422,Potential Loyalists
C000420,2025-12-15,17.0,47870.39,9142.46,16,4,5,5,455,Champions
C000421,,0.0,0.0,0.0,1287,1,1,1,111,Hibernating
C000422,2025-11-22,9.0,18535.7,4136.14,39,4,5,5,455,Champions
C000423,2025-11-23,4.0,11800.210000000001,1518.9399999999998,38,4,4,4,444,Champions
C000424,,0.0,0.0,0.0,769,2,1,1,211,Hibernating
C000425,2025-12-21,16.0,29282.05,7478.85,10,5,5,5,555,Champions
C000426,2025-10-11,1.0,1300.76,189.16,81,3,2,2,322,Promising
C000427,2025-11-25,2.0,5763.31,380.73999999999995,36,4,3,3,433,Potential Loyalists
C000428,,0.0,0.0,0.0,1504,1,1,1,111,Hibernating
C000429,2025-12-27,2.0,2887.02,601.27,4,5,3,3,533,Potential Loyalists
C000430,2025-12-21,1.0,572.18,22.71,10,5,2,2,522,Potential Loyalists
C000431,,0.0,0.0,0.0,1328,1,1,1,111,Hibernating
C000432,2025-12-21,8.0,29647.8,8102.29,10,5,5,5,555,Champions
C000433,2025-11-18,2.0,1311.98,474.31,43,3,3,2,332,Need Attention
C000434,2025-12-06,7.0,20302.31,2434.77,25,4,5,5,455,Champions
C000435,2025-01-09,1.0,195.93,61.58,356,2,2,2,222,At Risk
C000436,2025-09-07,4.0,11482.54,1411.08,115,3,4,4,344,Loyal Customers
C000437,,0.0,0.0,0.0,1407,1,1,1,111,Hibernating
C000438,2025-09-21,6.0,12546.470000000001,2329.3199999999997,101,3,4,4,344,Loyal Customers
C000439,2025-11-26,8.0,13540.98,805.9599999999999,35,4,5,4,454,Champions
C000440,2025-12-25,3.0,4945.86,332.25,6,5,3,3,533,Potential Loyalists
C000441,2025-12-09,5.0,13788.86,2746.76,22,4,4,4,444,Champions
C000442,2025-12-22,5.0,8808.26,1441.43,9,5,4,4,544,Champions
C000443,2025-12-22,5.0,10662.44,1746.68,9,5,4,4,544,Champions
C000444,2025-10-26,4.0,16083.89,3481.65,66,3,4,4,344,Loyal Customers
C000445,2025-10-01,6.0,22936.93,6520.08,91,3,4,5,345,Loyal Customers
C000446,2025-12-20,5.0,10651.970000000001,1866.93,11,5,4,4,544,Champions
C000447,2025-12-13,5.0,8746.44,1171.45,18,4,4,4,444,Champions
C000448,2025-12-13,4.0,4830.82,1037.1599999999999,18,4,4,3,443,Loyal Customers
C000449,2025-12-20,2.0,4859.28,606.94,11,5,3,3,533,Potential Loyalists
C000450,2025-11-26,2.0,5251.39,1598.3,35,4,3,3,433,Potential Loyalists
C000451,,0.0,0.0,0.0,1201,1,1,1,111,Hibernating
C000452,2025-07-12,6.0,20302.25,3616.84,172,3,4,5,345,Loyal Customers
C000453,2025-12-16,8.0,15253.140000000001,2794.17,15,5,5,4,554,Champions
C000454,,0.0,0.0,0.0,1754,1,1,1,111,Hibernating
C000455,2025-01-05,2.0,4607.12,1055.6200000000001,360,2,3,3,233,Need Attention
C000456,,0.0,0.0,0.0,1817,1,1,1,111,Hibernating
C000457,,0.0,0.0,0.0,1014,2,1,1,211,Hibernating
C000458,2025-09-17,1.0,781.78,55.16,105,3,2,2,322,Promising
C000459,2025-07-07,3.0,9785.79,2507.44,177,3,3,4,334,Need Attention
C000460,2025-09-12,1.0,2162.14,511.54,110,3,2,3,323,Promising
C000461,2025-07-23,3.0,5519.58,1136.55,161,3,3,3,333,Need Attention
C000462,2025-10-12,5.0,13263.63,3421.19,80,3,4,4,344,Loyal Customers
C000463,,0.0,0.0,0.0,601,2,1,1,211,Hibernating
C000464,2025-09-20,5.0,7589.25,1496.98,102,3,4,4,344,Loyal Customers
C000465,,0.0,0.0,0.0,1672,1,1,1,111,Hibernating
C000466,,0.0,0.0,0.0,1450,1,1,1,111,Hibernating
C000467,,0.0,0.0,0.0,1162,1,1,1,111,Hibernating
C000468,,0.0,0.0,0.0,1563,1,1,1,111,Hibernating
C000469,2025-12-19,4.0,5014.1,155.64,12,5,4,3,543,Loyal Customers
C000470,2025-12-03,5.0,12134.88,1990.89,28,4,4,4,444,Champions
C000471,2025-10-20,10.0,25189.7,3924.02,72,3,5,5,355,Loyal Customers
C000472,2025-12-26,5.0,14650.26,2209.75,5,5,4,4,544,Champions
C000473,2025-03-22,4.0,27122.71,5733.379999999999,284,2,4,5,245,Need Attention
C000474,,0.0,0.0,0.0,1193,1,1,1,111,Hibernating
C000475,,0.0,0.0,0.0,923,2,1,1,211,Hibernating
C000476,2025-10-23,3.0,4006.65,953.46,69,3,3,3,333,Need Attention
C000477,,0.0,0.0,0.0,1546,1,1,1,111,Hibernating
C000478,2025-12-05,9.0,16400.66,2611.45,26,4,5,4,454,Champions
C000479,2025-12-02,2.0,996.2,-20.4,29,4,3,2,432,Potential Loyalists
C000480,2025-11-18,2.0,1879.58,168.37,43,3,3,2,332,Need Attention
C000481,,0.0,0.0,0.0,1076,2,1,1,211,Hibernating
C000482,,0.0,0.0,0.0,1506,1,1,1,111,Hibernating
C000483,2025-12-14,10.0,27678.63,6677.5,17,4,5,5,455,Champions
C000484,2025-03-02,1.0,4876.44,1184.78,304,2,2,3,223,At Risk
C000485,2025-12-22,1.0,738.72,44.19,9,5,2,2,522,Potential Loyalists
C000486,2025-12-02,7.0,18052.19,4958.05,29,4,5,5,455,Champions
C000487,,0.0,0.0,0.0,393,2,1,1,211,Hibernating
C000488,2025-12-18,4.0,13636.42,1688.03,13,5,4,4,544,Champions
C000489,2025-11-12,3.0,7382.43,1496.9299999999998,49,3,3,3,333,Need Attention
C000490,,0.0,0.0,0.0,1521,1,1,1,111,Hibernating
C000491,2025-12-11,7.0,26723.33,7733.38,20,4,5,5,455,Champions
C000492,,0.0,0.0,0.0,1466,1,1,1,111,Hibernating
C000493,2025-11-05,5.0,7557.01,1202.75,56,3,4,4,344,Loyal Customers
C000494,2025-07-12,2.0,7394.61,1366.21,172,3,3,3,333,Need Attention
C000495,2025-11-16,7.0,12614.84,3219.0299999999997,45,3,5,4,354,Loyal Customers
C000496,,0.0,0.0,0.0,888,2,1,1,211,Hibernating
C000497,2025-09-17,3.0,4804.89,784.84,105,3,3,3,333,Need Attention
C000498,2025-05-01,5.0,16023.380000000001,3907.39,244,2,4,4,244,Need Attention
C000499,2025-12-04,5.0,6411.389999999999,1258.5,27,4,4,3,443,Loyal Customers
C000500,2025-12-20,6.0,15932.2,4025.7200000000003,11,5,4,4,544,Champions
C000501,2025-11-14,1.0,1856.79,508.77,47,3,2,2,322,Promising
C000502,2025-06-25,1.0,434.83,125.69,189,3,2,2,322,Promising
C000503,2025-12-09,7.0,20616.88,3726.27,22,4,5,5,455,Champions
C000504,2025-09-03,4.0,11618.68,4262.76,119,3,4,4,344,Loyal Customers
C000505,2025-12-24,9.0,22727.4,4667.860000000001,7,5,5,5,555,Champions
C000506,2025-07-22,2.0,3076.76,691.49,162,3,3,3,333,Need Attention
C000507,2025-05-15,4.0,11672.51,3184.3199999999997,230,2,4,4,244,Need Attention
C000508,2025-03-01,3.0,4072.0299999999997,912.5699999999999,305,2,3,3,233,Need Attention
C000509,2025-11-16,3.0,2484.21,179.34,45,3,3,3,333,Need Attention
C000510,2025-04-05,1.0,1980.73,91.31,270,2,2,2,222,At Risk
C000511,2025-08-20,5.0,13629.23,3372.58,133,3,4,4,344,Loyal Customers
C000512,2025-02-12,1.0,4741.59,1332.45,322,2,2,3,223,At Risk
C000513,,0.0,0.0,0.0,1302,1,1,1,111,Hibernating
C000514,2025-04-09,5.0,10858.69,1645.19,266,2,4,4,244,Need Attention
C000515,,0.0,0.0,0.0,1050,2,1,1,211,Hibernating
C000516,2025-12-18,7.0,24567.33,3744.52,13,5,5,5,555,Champions
C000517,2025-10-25,3.0,936.99,282.6,67,3,3,2,332,Need Attention
C000518,2025-10-10,2.0,3369.35,543.03,82,3,3,3,333,Need Attention
C000519,2025-10-27,8.0,26269.800000000003,7023.59,65,3,5,5,355,Loyal Customers
C000520,2025-05-14,1.0,4120.98,1081.56,231,2,2,3,223,At Risk
C000521,,0.0,0.0,0.0,1513,1,1,1,111,Hibernating
C000522,,0.0,0.0,0.0,1466,1,1,1,111,Hibernating
C000523,2025-12-08,13.0,23671.489999999998,6087.43,23,4,5,5,455,Champions
C000524,2025-08-17,1.0,2981.97,825.28,136,3,2,3,323,Promising
C000525,,0.0,0.0,0.0,1404,1,1,1,111,Hibernating
C000526,2025-11-16,6.0,6337.370000000001,1752.48,45,3,4,3,343,Loyal Customers
C000527,,0.0,0.0,0.0,1505,1,1,1,111,Hibernating
C000528,2025-10-05,8.0,15530.15,4967.610000000001,87,3,5,4,354,Loyal Customers
C000529,,0.0,0.0,0.0,1695,1,1,1,111,Hibernating
C000530,2025-12-16,2.0,2514.42,530.88,15,5,3,3,533,Potential Loyalists
C000531,2025-10-08,2.0,11249.15,3462.55,84,3,3,4,334,Need Attention
C000532,2025-12-17,1.0,6534.56,1478.25,14,5,2,3,523,Potential Loyalists
C000533,2025-10-21,1.0,1473.44,-30.11,71,3,2,2,322,Promising
C000534,2025-09-26,2.0,11454.43,2719.3199999999997,96,3,3,4,334,Need Attention
C000535,2025-10-03,1.0,3523.9,791.51,89,3,2,3,323,Promising
C000536,,0.0,0.0,0.0,1088,2,1,1,211,Hibernating
C000537,2025-06-05,1.0,1201.75,134.17,209,2,2,2,222,At Risk
C000538,2025-02-09,1.0,2657.79,591.55,325,2,2,3,223,At Risk
C000539,2025-07-14,2.0,5168.74,1476.08,170,3,3,3,333,Need Attention
C000540,2025-12-17,21.0,66831.7,16620.31,14,5,5,5,555,Champions
C000541,,0.0,0.0,0.0,1823,1,1,1,111,Hibernating
C000542,,0.0,0.0,0.0,394,2,1,1,211,Hibernating
C000543,2025-12-25,2.0,2987.29,467.86,6,5,3,3,533,Potential Loyalists
C000544,2025-12-26,11.0,18586.39,4100.49,5,5,5,5,555,Champions
C000545,2025-12-23,3.0,5117.29,1136.03,8,5,3,3,533,Potential Loyalists
C000546,2025-12-22,9.0,15748.52,2285.93,9,5,5,4,554,Champions
C000547,,0.0,0.0,0.0,622,2,1,1,211,Hibernating
C000548,2025-12-21,6.0,16880.53,4260.799999999999,10,5,4,5,545,Champions
C000549,2025-11-22,1.0,174.41,71.14,39,4,2,2,422,Potential Loyalists
C000550,,0.0,0.0,0.0,1014,2,1,1,211,Hibernating
C000551,2025-12-16,3.0,5359.67,1471.71,15,5,3,3,533,Potential Loyalists
C000552,2025-12-17,2.0,3253.36,751.1600000000001,14,5,3,3,533,Potential Loyalists
C000553,,0.0,0.0,0.0,1603,1,1,1,111,Hibernating
C000554,,0.0,0.0,0.0,1070,2,1,1,211,Hibernating
C000555,2025-12-01,6.0,10486.39,1204.85,30,4,4,4,444,Champions
C000556,,0.0,0.0,0.0,1486,1,1,1,111,Hibernating
C000557,2025-09-08,1.0,1087.1,350.23,114,3,2,2,322,Promising
C000558,,0.0,0.0,0.0,523,2,1,1,211,Hibernating
C000559,,0.0,0.0,0.0,391,2,1,1,211,Hibernating
C000560,2025-03-26,2.0,4652.68,854.47,280,2,3,3,233,Need Attention
C000561,2025-09-18,2.0,2888.5499999999997,727.96,104,3,3,3,333,Need Attention
C000562,,0.0,0.0,0.0,1820,1,1,1,111,Hibernating
C000563,,0.0,0.0,0.0,1199,1,1,1,111,Hibernating
C000564,2025-11-24,6.0,10820.82,521.31,37,4,4,4,444,Champions
C000565,2025-11-26,4.0,5800.65,721.29,35,4,4,3,443,Loyal Customers
C000566,2025-12-22,12.0,24291.03,5341.89,9,5,5,5,555,Champions
C000567,2025-05-23,3.0,1617.9,105.50999999999999,222,2,3,2,232,Need Attention
C000568,2025-11-27,4.0,6714.59,1154.18,34,4,4,3,443,Loyal Customers
C000569,,0.0,0.0,0.0,752,2,1,1,211,Hibernating
C000570,2025-09-26,7.0,26289.97,6068.2,96,3,5,5,355,Loyal Customers
C000571,,0.0,0.0,0.0,1197,1,1,1,111,Hibernating
C000572,2025-12-08,7.0,12738.220000000001,1754.81,23,4,5,4,454,Champions
C000573,,0.0,0.0,0.0,1816,1,1,1,111,Hibernating
C000574,2025-11-27,3.0,8826.92,1161.51,34,4,3,4,434,Potential Loyalists
C000575,2025-09-11,1.0,2590.24,742.77,111,3,2,3,323,Promising
C000576,2025-12-18,7.0,22761.399999999998,3557.03,13,5,5,5,555,Champions
C000577,,0.0,0.0,0.0,1572,1,1,1,111,Hibernating
C000578,2025-09-10,2.0,5726.66,1471.58,112,3,3,3,333,Need Attention
C000579,2025-12-21,4.0,7769.950000000001,2047.42,10,5,4,4,544,Champions
C000580,2025-12-01,1.0,363.94,72.98,30,4,2,2,422,Potential Loyalists
C000581,,0.0,0.0,0.0,1301,1,1,1,111,Hibernating
C000582,2025-09-06,1.0,5125.62,663.95,116,3,2,3,323,Promising
C000583,2025-10-06,12.0,33555.85,8427.37,86,3,5,5,355,Loyal Customers
C000584,,0.0,0.0,0.0,656,2,1,1,211,Hibernating
C000585,,0.0,0.0,0.0,443,2,1,1,211,Hibernating
C000586,,0.0,0.0,0.0,513,2,1,1,211,Hibernating
C000587,,0.0,0.0,0.0,1320,1,1,1,111,Hibernating
C000588,2025-10-22,5.0,10125.21,3109.71,70,3,4,4,344,Loyal Customers
C000589,2025-11-17,1.0,8871.61,2575.65,44,3,2,4,324,Promising
C000590,,0.0,0.0,0.0,1266,1,1,1,111,Hibernating
C000591,2025-11-15,9.0,13696.72,1877.16,46,3,5,4,354,Loyal Customers
C000592,,0.0,0.0,0.0,1351,1,1,1,111,Hibernating
C000593,,0.0,0.0,0.0,1557,1,1,1,111,Hibernating
C000594,,0.0,0.0,0.0,1788,1,1,1,111,Hibernating
C000595,,0.0,0.0,0.0,656,2,1,1,211,Hibernating
C000596,,0.0,0.0,0.0,941,2,1,1,211,Hibernating
C000597,2025-12-03,8.0,23517.81,6133.29,28,4,5,5,455,Champions
C000598,2025-12-27,19.0,40455.62,9807.09,4,5,5,5,555,Champions
C000599,2025-12-06,6.0,26678.27,4910.14,25,4,4,5,445,Champions
C000600,,0.0,0.0,0.0,1051,2,1,1,211,Hibernating
C000601,,0.0,0.0,0.0,1698,1,1,1,111,Hibernating
C000602,2025-12-18,6.0,7271.030000000001,730.35,13,5,4,3,543,Loyal Customers
C000603,,0.0,0.0,0.0,378,2,1,1,211,Hibernating
C000604,,0.0,0.0,0.0,1598,1,1,1,111,Hibernating
C000605,2025-12-07,10.0,25882.73,8167.27,24,4,5,5,455,Champions
C000606,,0.0,0.0,0.0,1731,1,1,1,111,Hibernating
C000607,,0.0,0.0,0.0,1145,1,1,1,111,Hibernating
C000608,2025-12-25,1.0,2825.67,376.68,6,5,2,3,523,Potential Loyalists
C000609,,0.0,0.0,0.0,1111,1,1,1,111,Hibernating
C000610,2025-11-16,2.0,2961.3599999999997,513.26,45,3,3,3,333,Need Attention
C000611,2025-12-01,2.0,9740.21,423.79999999999995,30,4,3,4,434,Potential Loyalists
C000612,2025-09-06,2.0,7502.93,1432.5700000000002,116,3,3,3,333,Need Attention
C000613,2025-12-14,5.0,9249.34,1490.7,17,4,4,4,444,Champions
C000614,2025-12-27,10.0,41125.229999999996,8856.52,4,5,5,5,555,Champions
C000615,,0.0,0.0,0.0,1442,1,1,1,111,Hibernating
C000616,2025-03-04,1.0,1253.13,-33.3,302,2,2,2,222,At Risk
C000617,2025-12-27,4.0,8529.33,1072.5100000000002,4,5,4,4,544,Champions
C000618,2025-02-16,1.0,248.73,50.98,318,2,2,2,222,At Risk
C000619,,0.0,0.0,0.0,1032,2,1,1,211,Hibernating
C000620,2025-12-14,6.0,10917.060000000001,1620.55,17,4,4,4,444,Champions
C000621,2025-10-23,2.0,6167.92,713.58,69,3,3,3,333,Need Attention
C000622,2025-03-09,1.0,3348.62,1029.48,297,2,2,3,223,At Risk
C000623,,0.0,0.0,0.0,1384,1,1,1,111,Hibernating
C000624,,0.0,0.0,0.0,1379,1,1,1,111,Hibernating
C000625,,0.0,0.0,0.0,414,2,1,1,211,Hibernating
C000626,2025-12-10,12.0,35800.43,11663.28,21,4,5,5,455,Champions
C000627,,0.0,0.0,0.0,1509,1,1,1,111,Hibernating
C000628,2025-12-21,3.0,3310.55,286.74000000000007,10,5,3,3,533,Potential Loyalists
C000629,2025-12-27,4.0,10779.0,1882.4,4,5,4,4,544,Champions
C000630,2025-11-26,5.0,11677.73,2066.48,35,4,4,4,444,Champions
C000631,,0.0,0.0,0.0,1278,1,1,1,111,Hibernating
C000632,2025-10-21,3.0,4316.139999999999,1500.1100000000001,71,3,3,3,333,Need Attention
C000633,2025-11-16,6.0,18715.64,283.34999999999997,45,3,4,5,345,Loyal Customers
C000634,2025-12-26,14.0,44637.729999999996,11421.34,5,5,5,5,555,Champions
C000635,2025-05-24,3.0,4401.98,789.1500000000001,221,2,3,3,233,Need Attention
C000636,2025-12-03,10.0,46450.61,10783.76,28,4,5,5,455,Champions
C000637,2025-10-06,9.0,40025.01,13201.25,86,3,5,5,355,Loyal Customers
C000638,,0.0,0.0,0.0,1396,1,1,1,111,Hibernating
C000639,,0.0,0.0,0.0,1215,1,1,1,111,Hibernating
C000640,2025-12-15,5.0,14999.239999999998,2766.79,16,4,4,4,444,Champions
C000641,2025-12-05,1.0,2426.02,-63.77,26,4,2,3,423,Potential Loyalists
C000642,,0.0,0.0,0.0,1571,1,1,1,111,Hibernating
C000643,2025-12-27,7.0,14229.82,3091.75,4,5,5,4,554,Champions
C000644,,0.0,0.0,0.0,1441,1,1,1,111,Hibernating
C000645,,0.0,0.0,0.0,395,2,1,1,211,Hibernating
C000646,,0.0,0.0,0.0,555,2,1,1,211,Hibernating
C000647,2025-05-26,3.0,4370.15,1322.65,219,2,3,3,233,Need Attention
C000648,2025-11-18,5.0,11111.39,3077.52,43,3,4,4,344,Loyal Customers
C000649,2025-12-20,18.0,34795.92,11098.4,11,5,5,5,555,Champions
C000650,2025-03-09,1.0,1311.99,598.03,297,2,2,2,222,At Risk
C000651,2025-07-08,1.0,1254.67,141.53,176,3,2,2,322,Promising
C000652,2025-04-07,1.0,770.7,242.17,268,2,2,2,222,At Risk
C000653,,0.0,0.0,0.0,862,2,1,1,211,Hibernating
C000654,,0.0,0.0,0.0,1132,1,1,1,111,Hibernating
C000655,2025-09-13,7.0,14319.33,3102.17,109,3,5,4,354,Loyal Customers
C000656,2025-07-20,1.0,948.13,99.69,164,3,2,2,322,Promising
C000657,2025-09-17,6.0,14903.269999999999,4793.87,105,3,4,4,344,Loyal Customers
C000658,2025-12-23,18.0,37360.18,10269.1,8,5,5,5,555,Champions
C000659,,0.0,0.0,0.0,1720,1,1,1,111,Hibernating
C000660,2025-11-24,1.0,2862.79,1281.7,37,4,2,3,423,Potential Loyalists
C000661,2025-09-20,4.0,10339.51,2254.86,102,3,4,4,344,Loyal Customers
C000662,2025-01-16,1.0,3566.24,526.33,349,2,2,3,223,At Risk
C000663,,0.0,0.0,0.0,1775,1,1,1,111,Hibernating
C000664,2025-12-10,2.0,1687.85,402.17,21,4,3,2,432,Potential Loyalists
C000665,2025-12-10,6.0,21635.19,4275.1,21,4,4,5,445,Champions
C000666,2025-09-04,2.0,7177.08,2062.99,118,3,3,3,333,Need Attention
C000667,,0.0,0.0,0.0,1498,1,1,1,111,Hibernating
C000668,2025-10-16,1.0,1460.83,367.83,76,3,2,2,322,Promising
C000669,2025-08-15,6.0,11105.9,2722.06,138,3,4,4,344,Loyal Customers
C000670,,0.0,0.0,0.0,862,2,1,1,211,Hibernating
C000671,,0.0,0.0,0.0,968,2,1,1,211,Hibernating
C000672,2025-12-24,6.0,19451.28,3918.2999999999997,7,5,4,5,545,Champions
C000673,,0.0,0.0,0.0,1689,1,1,1,111,Hibernating
C000674,,0.0,0.0,0.0,507,2,1,1,211,Hibernating
C000675,,0.0,0.0,0.0,401,2,1,1,211,Hibernating
C000676,2025-12-13,7.0,21946.16,5256.57,18,4,5,5,455,Champions
C000677,2025-12-11,8.0,11093.47,1676.81,20,4,5,4,454,Champions
C000678,,0.0,0.0,0.0,1702,1,1,1,111,Hibernating
C000679,2025-09-26,6.0,17937.45,4202.0199999999995,96,3,4,5,345,Loyal Customers
C000680,2025-09-15,1.0,3893.41,615.55,107,3,2,3,323,Promising
C000681,2025-05-08,3.0,12057.929999999998,3778.68,237,2,3,4,234,Need Attention
C000682,,0.0,0.0,0.0,980,2,1,1,211,Hibernating
C000683,2025-12-06,14.0,58770.06,12224.73,25,4,5,5,455,Champions
C000684,2025-09-16,3.0,8526.57,2309.77,106,3,3,4,334,Need Attention
C000685,2025-12-23,8.0,27888.82,5797.49,8,5,5,5,555,Champions
C000686,,0.0,0.0,0.0,890,2,1,1,211,Hibernating
C000687,2025-10-25,2.0,3855.1900000000005,725.48,67,3,3,3,333,Need Attention
C000688,,0.0,0.0,0.0,1439,1,1,1,111,Hibernating
C000689,2025-12-12,12.0,22494.18,4043.2,19,4,5,5,455,Champions
C000690,2025-01-18,1.0,2387.25,581.22,347,2,2,3,223,At Risk
C000691,,0.0,0.0,0.0,379,2,1,1,211,Hibernating
C000692,2025-11-17,7.0,20134.54,3370.9,44,3,5,5,355,Loyal Customers
C000693,2025-05-01,5.0,24894.37,7017.76,244,2,4,5,245,Need Attention
C000694,2025-10-07,3.0,4956.14,1175.36,85,3,3,3,333,Need Attention
C000695,2025-12-23,4.0,9612.97,1144.85,8,5,4,4,544,Champions
C000696,,0.0,0.0,0.0,998,2,1,1,211,Hibernating
C000697,2025-05-18,3.0,3800.74,453.31,227,2,3,3,233,Need Attention
C000698,,0.0,0.0,0.0,1653,1,1,1,111,Hibernating
C000699,,0.0,0.0,0.0,1499,1,1,1,111,Hibernating
C000700,2025-12-22,5.0,11955.69,3380.67,9,5,4,4,544,Champions
C000701,2025-12-10,1.0,683.66,155.13,21,4,2,2,422,Potential Loyalists
C000702,2025-12-02,11.0,28095.91,5144.83,29,4,5,5,455,Champions
C000703,2025-10-22,6.0,18293.14,5257.47,70,3,4,5,345,Loyal Customers
C000704,2025-10-21,1.0,1994.55,150.52,71,3,2,2,322,Promising
C000705,2025-12-05,5.0,12349.42,2766.17,26,4,4,4,444,Champions
C000706,2025-08-18,4.0,4999.17,594.8299999999999,135,3,4,3,343,Loyal Customers
C000707,2025-12-05,7.0,14404.92,2710.41,26,4,5,4,454,Champions
C000708,2025-12-14,6.0,12521.57,2891.5299999999997,17,4,4,4,444,Champions
C000709,2025-10-04,4.0,14200.72,3607.15,88,3,4,4,344,Loyal Customers
C000710,2025-09-18,2.0,4642.33,1297.84,104,3,3,3,333,Need Attention
C000711,2025-11-04,1.0,8218.95,2095.1,57,3,2,4,324,Promising
C000712,2025-05-20,4.0,12602.25,1806.32,225,2,4,4,244,Need Attention
C000713,2025-12-17,1.0,2940.67,889.54,14,5,2,3,523,Potential Loyalists
C000714,2025-11-09,2.0,1952.3,544.46,52,3,3,2,332,Need Attention
C000715,,0.0,0.0,0.0,450,2,1,1,211,Hibernating
C000716,2025-12-12,2.0,8687.27,1062.96,19,4,3,4,434,Potential Loyalists
C000717,2025-12-11,11.0,34665.2,6132.91,20,4,5,5,455,Champions
C000718,2025-09-06,1.0,5499.04,1054.11,116,3,2,3,323,Promising
C000719,,0.0,0.0,0.0,539,2,1,1,211,Hibernating
C000720,2025-12-12,6.0,17791.31,3265.71,19,4,4,5,445,Champions
C000721,2025-12-23,8.0,24263.05,5831.3099999999995,8,5,5,5,555,Champions
C000722,2025-12-25,7.0,22494.78,6554.599999999999,6,5,5,5,555,Champions
C000723,2025-12-25,1.0,130.71,27.44,6,5,2,2,522,Potential Loyalists
C000724,,0.0,0.0,0.0,395,2,1,1,211,Hibernating
C000725,2025-12-26,4.0,9865.52,1253.87,5,5,4,4,544,Champions
C000726,2025-11-19,8.0,19342.23,2849.56,42,4,5,5,455,Champions
C000727,2025-11-18,4.0,11898.68,2728.96,43,3,4,4,344,Loyal Customers
C000728,2025-12-22,5.0,7229.51,1291.16,9,5,4,3,543,Loyal Customers
C000729,2025-10-03,7.0,18147.65,1334.4499999999998,89,3,5,5,355,Loyal Customers
C000730,2025-12-27,1.0,901.57,207.04,4,5,2,2,522,Potential Loyalists
C000731,,0.0,0.0,0.0,811,2,1,1,211,Hibernating
C000732,,0.0,0.0,0.0,1665,1,1,1,111,Hibernating
C000733,2025-07-15,2.0,3101.14,1046.02,169,3,3,3,333,Need Attention
C000734,,0.0,0.0,0.0,1081,2,1,1,211,Hibernating
C000735,2025-11-04,3.0,3310.31,616.04,57,3,3,3,333,Need Attention
C000736,2025-10-27,3.0,13233.45,2605.49,65,3,3,4,334,Need Attention
C000737,2025-12-05,6.0,24800.909999999996,5721.24,26,4,4,5,445,Champions
C000738,2025-09-01,1.0,2537.84,744.57,121,3,2,3,323,Promising
C000739,,0.0,0.0,0.0,1227,1,1,1,111,Hibernating
C000740,2025-10-04,1.0,7001.69,2282.25,88,3,2,3,323,Promising
C000741,2025-12-15,5.0,17242.55,3537.02,16,4,4,5,445,Champions
C000742,2025-12-25,5.0,9421.49,515.05,6,5,4,4,544,Champions
C000743,2025-11-24,3.0,3804.46,911.75,37,4,3,3,433,Potential Loyalists
C000744,2025-12-09,6.0,26633.809999999998,3576.81,22,4,4,5,445,Champions
C000745,2025-12-17,6.0,15030.37,2890.64,14,5,4,4,544,Champions
C000746,2025-12-16,10.0,28730.4,5769.4400000000005,15,5,5,5,555,Champions
C000747,,0.0,0.0,0.0,1195,1,1,1,111,Hibernating
C000748,2025-05-16,5.0,22370.21,3710.63,229,2,4,5,245,Need Attention
C000749,,0.0,0.0,0.0,1377,1,1,1,111,Hibernating
C000750,2025-05-25,1.0,1403.11,64.26,220,2,2,2,222,At Risk
C000751,2025-12-19,14.0,41622.92,8116.469999999999,12,5,5,5,555,Champions
C000752,2025-11-17,2.0,4514.27,424.68,44,3,3,3,333,Need Attention
C000753,2025-12-23,7.0,12301.51,3473.04,8,5,5,4,554,Champions
C000754,2025-11-26,6.0,8990.01,2172.06,35,4,4,4,444,Champions
C000755,,0.0,0.0,0.0,1457,1,1,1,111,Hibernating
C000756,2025-12-09,11.0,26717.72,4361.3099999999995,22,4,5,5,455,Champions
C000757,2025-12-06,2.0,4286.83,254.71999999999997,25,4,3,3,433,Potential Loyalists
C000758,2025-12-14,8.0,13751.52,3032.73,17,4,5,4,454,Champions
C000759,2025-12-01,4.0,6006.97,373.09999999999997,30,4,4,3,443,Loyal Customers
C000760,2025-12-02,3.0,10087.51,1190.73,29,4,3,4,434,Potential Loyalists
C000761,2025-12-18,9.0,11534.71,2116.09,13,5,5,4,554,Champions
C000762,2025-12-27,14.0,27655.97,6402.02,4,5,5,5,555,Champions
C000763,2025-11-23,4.0,8206.96,1770.3600000000001,38,4,4,4,444,Champions
C000764,2025-12-23,20.0,56791.46,15495.48,8,5,5,5,555,Champions
C000765,2025-12-03,7.0,18094.72,4386.11,28,4,5,5,455,Champions
C000766,2025-11-20,1.0,1534.08,-83.31,41,4,2,2,422,Potential Loyalists
C000767,2025-02-04,1.0,484.76,193.8,330,2,2,2,222,At Risk
C000768,2025-12-03,6.0,9759.86,978.21,28,4,4,4,444,Champions
C000769,2025-10-18,2.0,4197.1,313.97,74,3,3,3,333,Need Attention
C000770,2025-11-20,7.0,13092.48,1613.66,41,4,5,4,454,Champions
C000771,2025-12-04,13.0,36309.71,8662.35,27,4,5,5,455,Champions
C000772,,0.0,0.0,0.0,862,2,1,1,211,Hibernating
C000773,2025-12-23,7.0,23212.43,3021.92,8,5,5,5,555,Champions
C000774,,0.0,0.0,0.0,554,2,1,1,211,Hibernating
C000775,2025-12-27,6.0,12917.97,2134.74,4,5,4,4,544,Champions
C000776,2025-12-22,5.0,10021.74,2082.63,9,5,4,4,544,Champions
C000777,,0.0,0.0,0.0,1323,1,1,1,111,Hibernating
C000778,2025-09-03,5.0,9007.91,1471.07,119,3,4,4,344,Loyal Customers
C000779,,0.0,0.0,0.0,1356,1,1,1,111,Hibernating
C000780,,0.0,0.0,0.0,894,2,1,1,211,Hibernating
C000781,2025-11-20,5.0,14574.810000000001,3035.23,41,4,4,4,444,Champions
C000782,2025-09-26,1.0,2303.02,791.54,96,3,2,3,323,Promising
C000783,,0.0,0.0,0.0,385,2,1,1,211,Hibernating
C000784,2025-12-26,4.0,17649.15,2046.01,5,5,4,5,545,Champions
C000785,2025-12-03,2.0,5471.83,-49.78999999999999,28,4,3,3,433,Potential Loyalists
C000786,2025-12-27,15.0,45909.62,12900.539999999999,4,5,5,5,555,Champions
C000787,2025-12-27,21.0,59910.38,15408.5,4,5,5,5,555,Champions
C000788,,0.0,0.0,0.0,1604,1,1,1,111,Hibernating
C000789,2025-11-26,7.0,26512.23,5636.15,35,4,5,5,455,Champions
C000790,2025-12-23,1.0,894.38,296.19,8,5,2,2,522,Potential Loyalists
C000791,2025-11-16,2.0,2087.64,433.14,45,3,3,2,332,Need Attention
C000792,,0.0,0.0,0.0,1793,1,1,1,111,Hibernating
C000793,2025-12-09,4.0,22048.940000000002,3831.21,22,4,4,5,445,Champions
C000794,2025-11-18,8.0,29330.879999999997,5621.88,43,3,5,5,355,Loyal Customers
C000795,,0.0,0.0,0.0,475,2,1,1,211,Hibernating
C000796,,0.0,0.0,0.0,1201,1,1,1,111,Hibernating
C000797,,0.0,0.0,0.0,1051,2,1,1,211,Hibernating
C000798,,0.0,0.0,0.0,1811,1,1,1,111,Hibernating
C000799,2025-03-27,3.0,4436.35,1023.2700000000001,279,2,3,3,233,Need Attention
C000800,,0.0,0.0,0.0,965,2,1,1,211,Hibernating
C000801,2025-12-16,4.0,11100.09,2012.55,15,5,4,4,544,Champions
C000802,,0.0,0.0,0.0,1183,1,1,1,111,Hibernating
C000803,,0.0,0.0,0.0,1206,1,1,1,111,Hibernating
C000804,2025-12-21,6.0,16242.4,2481.1,10,5,4,4,544,Champions
C000805,2025-12-27,4.0,7904.85,2616.81,4,5,4,4,544,Champions
C000806,,0.0,0.0,0.0,1093,2,1,1,211,Hibernating
C000807,,0.0,0.0,0.0,993,2,1,1,211,Hibernating
C000808,2025-04-16,3.0,8921.7,1533.8600000000001,259,2,3,4,234,Need Attention
C000809,2025-09-19,2.0,4363.88,785.41,103,3,3,3,333,Need Attention
C000810,2025-09-27,2.0,4455.36,1314.08,95,3,3,3,333,Need Attention
C000811,2025-12-05,3.0,7131.92,1187.61,26,4,3,3,433,Potential Loyalists
C000812,2025-09-08,4.0,11466.880000000001,2037.15,114,3,4,4,344,Loyal Customers
C000813,,0.0,0.0,0.0,1102,2,1,1,211,Hibernating
C000814,,0.0,0.0,0.0,1626,1,1,1,111,Hibernating
C000815,2025-11-13,5.0,12527.689999999999,2176.35,48,3,4,4,344,Loyal Customers
C000816,,0.0,0.0,0.0,1482,1,1,1,111,Hibernating
C000817,,0.0,0.0,0.0,1316,1,1,1,111,Hibernating
C000818,2025-01-14,1.0,1213.53,116.59,351,2,2,2,222,At Risk
C000819,2025-10-04,5.0,7840.799999999999,709.72,88,3,4,4,344,Loyal Customers
C000820,,0.0,0.0,0.0,541,2,1,1,211,Hibernating
C000821,2025-09-15,1.0,2251.04,259.05,107,3,2,3,323,Promising
C000822,2025-11-26,4.0,7523.81,1234.7,35,4,4,3,443,Loyal Customers
C000823,2025-12-12,4.0,11317.99,2330.59,19,4,4,4,444,Champions
C000824,,0.0,0.0,0.0,1415,1,1,1,111,Hibernating
C000825,2025-10-20,1.0,1614.09,19.66,72,3,2,2,322,Promising
C000826,2025-11-25,6.0,16234.59,2417.41,36,4,4,4,444,Champions
C000827,2025-12-23,5.0,10837.28,855.8100000000001,8,5,4,4,544,Champions
C000828,2025-11-21,4.0,12670.78,2864.16,40,4,4,4,444,Champions
C000829,,0.0,0.0,0.0,748,2,1,1,211,Hibernating
C000830,2025-06-12,1.0,4692.74,1457.93,202,2,2,3,223,At Risk
C000831,,0.0,0.0,0.0,773,2,1,1,211,Hibernating
C000832,,0.0,0.0,0.0,1582,1,1,1,111,Hibernating
C000833,,0.0,0.0,0.0,1271,1,1,1,111,Hibernating
C000834,2025-11-02,2.0,6303.5,1775.37,59,3,3,3,333,Need Attention
C000835,,0.0,0.0,0.0,752,2,1,1,211,Hibernating
C000836,,0.0,0.0,0.0,1520,1,1,1,111,Hibernating
C000837,2025-12-16,1.0,1254.97,195.04,15,5,2,2,522,Potential Loyalists
C000838,2025-09-04,2.0,9997.93,2674.05,118,3,3,4,334,Need Attention
C000839,2025-12-25,8.0,12246.28,2048.66,6,5,5,4,554,Champions
C000840,2025-08-10,4.0,6270.28,1634.0900000000001,143,3,4,3,343,Loyal Customers
C000841,2025-11-16,2.0,5944.700000000001,382.83000000000004,45,3,3,3,333,Need Attention
C000842,2025-12-15,6.0,8055.209999999999,1061.8500000000001,16,4,4,4,444,Champions
C000843,2025-12-14,5.0,9881.13,2573.3199999999997,17,4,4,4,444,Champions
C000844,,0.0,0.0,0.0,1366,1,1,1,111,Hibernating
C000845,,0.0,0.0,0.0,1516,1,1,1,111,Hibernating
C000846,2025-09-20,4.0,8023.51,1275.83,102,3,4,4,344,Loyal Customers
C000847,2025-04-20,1.0,3948.33,757.19,255,2,2,3,223,At Risk
C000848,2025-05-16,2.0,6174.26,679.94,229,2,3,3,233,Need Attention
C000849,,0.0,0.0,0.0,1054,2,1,1,211,Hibernating
C000850,2025-12-23,7.0,22961.64,5124.889999999999,8,5,5,5,555,Champions
C000851,,0.0,0.0,0.0,622,2,1,1,211,Hibernating
C000852,,0.0,0.0,0.0,1662,1,1,1,111,Hibernating
C000853,,0.0,0.0,0.0,1488,1,1,1,111,Hibernating
C000854,2025-06-16,1.0,1491.69,151.4,198,3,2,2,322,Promising
C000855,2025-12-10,10.0,14398.28,3895.8,21,4,5,4,454,Champions
C000856,2025-11-03,3.0,2884.7,139.79999999999998,58,3,3,3,333,Need Attention
C000857,2025-12-16,4.0,4808.53,1669.1000000000001,15,5,4,3,543,Loyal Customers
C000858,2025-11-19,4.0,8040.43,1607.1399999999999,42,4,4,4,444,Champions
C000859,2025-12-11,9.0,29956.49,8158.39,20,4,5,5,455,Champions
C000860,,0.0,0.0,0.0,1805,1,1,1,111,Hibernating
C000861,2025-11-20,6.0,16753.46,1374.93,41,4,4,5,445,Champions
C000862,2025-11-26,1.0,1563.1,314.96,35,4,2,2,422,Potential Loyalists
C000863,,0.0,0.0,0.0,1359,1,1,1,111,Hibernating
C000864,,0.0,0.0,0.0,1733,1,1,1,111,Hibernating
C000865,,0.0,0.0,0.0,1591,1,1,1,111,Hibernating
C000866,2025-05-18,2.0,2616.34,661.64,227,2,3,3,233,Need Attention
C000867,2025-11-14,2.0,7682.110000000001,2787.13,47,3,3,4,334,Need Attention
C000868,2025-12-27,1.0,4546.49,906.73,4,5,2,3,523,Potential Loyalists
C000869,2025-12-07,8.0,12472.68,1292.2400000000002,24,4,5,4,454,Champions
C000870,,0.0,0.0,0.0,1484,1,1,1,111,Hibernating
C000871,2025-12-15,4.0,7737.1,974.25,16,4,4,4,444,Champions
C000872,,0.0,0.0,0.0,1213,1,1,1,111,Hibernating
C000873,2025-10-26,1.0,3262.07,667.64,66,3,2,3,323,Promising
C000874,2025-12-24,12.0,44022.55,11251.9,7,5,5,5,555,Champions
C000875,,0.0,0.0,0.0,1266,1,1,1,111,Hibernating
C000876,2025-12-21,6.0,16328.81,2601.09,10,5,4,4,544,Champions
C000877,2025-11-17,5.0,9173.36,1709.34,44,3,4,4,344,Loyal Customers
C000878,2025-12-22,6.0,11987.53,2180.25,9,5,4,4,544,Champions
C000879,2025-11-10,6.0,13291.09,4060.11,51,3,4,4,344,Loyal Customers
C000880,2025-12-11,2.0,2213.46,757.1800000000001,20,4,3,3,433,Potential Loyalists
C000881,2025-05-01,3.0,2610.77,491.65,244,2,3,3,233,Need Attention
C000882,2025-11-25,2.0,3188.22,407.04999999999995,36,4,3,3,433,Potential Loyalists
C000883,,0.0,0.0,0.0,436,2,1,1,211,Hibernating
C000884,2025-12-27,4.0,1575.7400000000002,545.22,4,5,4,2,542,Loyal Customers
C000885,2025-12-07,8.0,23401.72,3908.84,24,4,5,5,455,Champions
C000886,2025-12-19,14.0,41234.45,12383.849999999999,12,5,5,5,555,Champions
C000887,2025-11-21,3.0,4155.26,124.11,40,4,3,3,433,Potential Loyalists
C000888,2025-12-22,8.0,14991.13,4129.099999999999,9,5,5,4,554,Champions
C000889,2025-11-08,3.0,6249.24,673.25,53,3,3,3,333,Need Attention
C000890,2025-10-01,4.0,6344.95,2133.58,91,3,4,3,343,Loyal Customers
C000891,2025-11-15,9.0,21090.95,4423.29,46,3,5,5,355,Loyal Customers
C000892,2025-11-22,6.0,16330.65,4178.96,39,4,4,4,444,Champions
C000893,2025-04-25,1.0,2472.62,622.2,250,2,2,3,223,At Risk
C000894,2025-12-03,4.0,9342.21,2017.8200000000002,28,4,4,4,444,Champions
C000895,2025-03-27,1.0,1028.46,244.6,279,2,2,2,222,At Risk
C000896,2025-12-27,13.0,30177.5,7266.299999999999,4,5,5,5,555,Champions
C000897,2025-03-18,1.0,0.0,0.0,288,2,2,1,221,At Risk
C000898,2025-04-20,2.0,3308.78,345.09000000000003,255,2,3,3,233,Need Attention
C000899,,0.0,0.0,0.0,1302,1,1,1,111,Hibernating
C000900,,0.0,0.0,0.0,384,2,1,1,211,Hibernating
C000901,2025-11-15,2.0,3861.0600000000004,611.06,46,3,3,3,333,Need Attention
C000902,2025-12-27,8.0,20673.8,2021.41,4,5,5,5,555,Champions
C000903,,0.0,0.0,0.0,830,2,1,1,211,Hibernating
C000904,,0.0,0.0,0.0,1055,2,1,1,211,Hibernating
C000905,,0.0,0.0,0.0,1747,1,1,1,111,Hibernating
C000906,2025-12-16,12.0,41938.64,5220.3,15,5,5,5,555,Champions
C000907,,0.0,0.0,0.0,743,2,1,1,211,Hibernating
C000908,2025-09-25,4.0,10638.220000000001,1658.9099999999999,97,3,4,4,344,Loyal Customers
C000909,,0.0,0.0,0.0,796,2,1,1,211,Hibernating
C000910,2025-11-10,5.0,10786.16,2148.87,51,3,4,4,344,Loyal Customers
C000911,,0.0,0.0,0.0,1718,1,1,1,111,Hibernating
C000912,,0.0,0.0,0.0,1396,1,1,1,111,Hibernating
C000913,,0.0,0.0,0.0,374,2,1,1,211,Hibernating
C000914,2025-12-20,11.0,24655.77,4924.29,11,5,5,5,555,Champions
C000915,2025-12-24,7.0,18040.14,2075.57,7,5,5,5,555,Champions
C000916,,0.0,0.0,0.0,1435,1,1,1,111,Hibernating
C000917,2025-12-21,21.0,49071.71,13912.33,10,5,5,5,555,Champions
C000918,,0.0,0.0,0.0,1793,1,1,1,111,Hibernating
C000919,,0.0,0.0,0.0,1020,2,1,1,211,Hibernating
C000920,2025-12-22,3.0,3982.8,765.86,9,5,3,3,533,Potential Loyalists
C000921,2025-12-21,4.0,10526.93,3161.09,10,5,4,4,544,Champions
C000922,2025-11-13,3.0,10595.8,3142.58,48,3,3,4,334,Need Attention
C000923,2025-10-11,5.0,12731.73,2666.75,81,3,4,4,344,Loyal Customers
C000924,2025-11-20,1.0,1281.75,-4.68,41,4,2,2,422,Potential Loyalists
C000925,2025-03-23,1.0,1133.61,138.75,283,2,2,2,222,At Risk
C000926,2025-12-08,7.0,13602.44,2408.16,23,4,5,4,454,Champions
C000927,2025-12-17,17.0,33693.94,9083.82,14,5,5,5,555,Champions
C000928,2025-12-13,2.0,639.35,151.62,18,4,3,2,432,Potential Loyalists
C000929,,0.0,0.0,0.0,1599,1,1,1,111,Hibernating
C000930,2025-11-23,15.0,39389.48,8970.720000000001,38,4,5,5,455,Champions
C000931,2025-11-24,5.0,15198.789999999999,2449.8,37,4,4,4,444,Champions
C000932,2025-12-11,1.0,1423.88,214.81,20,4,2,2,422,Potential Loyalists
C000933,,0.0,0.0,0.0,1165,1,1,1,111,Hibernating
C000934,,0.0,0.0,0.0,1488,1,1,1,111,Hibernating
C000935,2025-12-24,6.0,6744.56,1118.99,7,5,4,3,543,Loyal Customers
C000936,2025-12-09,5.0,11332.02,2054.18,22,4,4,4,444,Champions
C000937,2025-11-27,3.0,13206.01,2478.16,34,4,3,4,434,Potential Loyalists
C000938,,0.0,0.0,0.0,410,2,1,1,211,Hibernating
C000939,,0.0,0.0,0.0,1729,1,1,1,111,Hibernating
C000940,2025-12-16,6.0,14041.32,3503.93,15,5,4,4,544,Champions
C000941,,0.0,0.0,0.0,1417,1,1,1,111,Hibernating
C000942,2025-08-22,8.0,14491.44,3590.6099999999997,131,3,5,4,354,Loyal Customers
C000943,2025-11-26,2.0,2777.38,755.97,35,4,3,3,433,Potential Loyalists
C000944,2025-12-12,8.0,15422.59,2451.0,19,4,5,4,454,Champions
C000945,2025-09-27,2.0,3474.5299999999997,945.87,95,3,3,3,333,Need Attention
C000946,2025-10-01,4.0,9402.94,1572.6,91,3,4,4,344,Loyal Customers
C000947,,0.0,0.0,0.0,1468,1,1,1,111,Hibernating
C000948,,0.0,0.0,0.0,860,2,1,1,211,Hibernating
C000949,,0.0,0.0,0.0,1074,2,1,1,211,Hibernating
C000950,,0.0,0.0,0.0,423,2,1,1,211,Hibernating
C000951,,0.0,0.0,0.0,1094,2,1,1,211,Hibernating
C000952,2025-12-25,15.0,41743.72,11019.11,6,5,5,5,555,Champions
C000953,2025-11-26,4.0,13424.02,3405.3,35,4,4,4,444,Champions
C000954,2025-11-19,4.0,20338.309999999998,4127.46,42,4,4,5,445,Champions
C000955,2025-04-19,6.0,12493.25,3751.5200000000004,256,2,4,4,244,Need Attention
C000956,2025-12-26,2.0,5970.84,-362.15,5,5,3,3,533,Potential Loyalists
C000957,2025-10-06,3.0,5367.07,1321.1799999999998,86,3,3,3,333,Need Attention
C000958,2025-12-20,13.0,24794.170000000002,6180.43,11,5,5,5,555,Champions
C000959,2025-12-24,5.0,7075.89,1619.56,7,5,4,3,543,Loyal Customers
C000960,2025-12-24,16.0,38090.18,6551.83,7,5,5,5,555,Champions
C000961,2025-12-18,3.0,4926.03,718.86,13,5,3,3,533,Potential Loyalists
C000962,2025-11-26,1.0,6165.42,484.22,35,4,2,3,423,Potential Loyalists
C000963,2025-12-19,4.0,17349.01,4089.08,12,5,4,5,545,Champions
C000964,2025-06-02,1.0,2467.31,582.78,212,2,2,3,223,At Risk
C000965,2025-12-13,1.0,2072.72,489.4,18,4,2,2,422,Potential Loyalists
C000966,2025-11-07,4.0,3204.7799999999997,765.24,54,3,4,3,343,Loyal Customers
C000967,,0.0,0.0,0.0,1599,1,1,1,111,Hibernating
C000968,2025-12-12,11.0,24981.88,5697.29,19,4,5,5,455,Champions
C000969,,0.0,0.0,0.0,418,2,1,1,211,Hibernating
C000970,2025-09-27,3.0,3127.4900000000002,839.78,95,3,3,3,333,Need Attention
C000971,2025-12-18,8.0,19740.64,4609.11,13,5,5,5,555,Champions
C000972,2025-12-03,14.0,40488.72,7973.71,28,4,5,5,455,Champions
C000973,,0.0,0.0,0.0,1045,2,1,1,211,Hibernating
C000974,2025-11-24,20.0,76183.98,19995.43,37,4,5,5,455,Champions
C000975,,0.0,0.0,0.0,1650,1,1,1,111,Hibernating
C000976,2025-12-20,7.0,10654.65,1760.31,11,5,5,4,554,Champions
C000977,2025-11-07,6.0,8435.369999999999,1276.94,54,3,4,4,344,Loyal Customers
C000978,,0.0,0.0,0.0,1450,1,1,1,111,Hibernating
C000979,,0.0,0.0,0.0,1699,1,1,1,111,Hibernating
C000980,,0.0,0.0,0.0,1084,2,1,1,211,Hibernating
C000981,,0.0,0.0,0.0,1690,1,1,1,111,Hibernating
C000982,2025-12-26,11.0,30894.34,6717.49,5,5,5,5,555,Champions
C000983,2025-10-02,2.0,9012.01,1785.98,90,3,3,4,334,Need Attention
C000984,,0.0,0.0,0.0,1807,1,1,1,111,Hibernating
C000985,2025-12-22,4.0,11754.32,990.91,9,5,4,4,544,Champions
C000986,2025-12-20,6.0,13851.29,3878.83,11,5,4,4,544,Champions
C000987,2025-12-04,1.0,1022.23,-74.71,27,4,2,2,422,Potential Loyalists
C000988,2025-05-05,5.0,11065.85,3530.9,240,2,4,4,244,Need Attention
C000989,,0.0,0.0,0.0,412,2,1,1,211,Hibernating
C000990,2025-12-24,10.0,30633.57,6101.08,7,5,5,5,555,Champions
C000991,2025-04-25,1.0,581.44,247.44,250,2,2,2,222,At Risk
C000992,,0.0,0.0,0.0,1459,1,1,1,111,Hibernating
C000993,2025-09-15,1.0,2044.28,510.35,107,3,2,2,322,Promising
C000994,2025-11-26,5.0,10263.56,2233.9900000000002,35,4,4,4,444,Champions
C000995,2025-12-09,3.0,4943.870000000001,82.10999999999999,22,4,3,3,433,Potential Loyalists
C000996,,0.0,0.0,0.0,1588,1,1,1,111,Hibernating
C000997,2025-03-10,2.0,3900.49,827.0899999999999,296,2,3,3,233,Need Attention
C000998,,0.0,0.0,0.0,1032,2,1,1,211,Hibernating
C000999,2025-12-25,7.0,18476.03,1933.53,6,5,5,5,555,Champions
C001000,2025-12-18,17.0,57926.33,15160.53,13,5,5,5,555,Champions
C001001,2025-11-12,2.0,4488.29,720.65,49,3,3,3,333,Need Attention
C001002,2025-10-06,8.0,14296.79,1763.65,86,3,5,4,354,Loyal Customers
C001003,,0.0,0.0,0.0,1543,1,1,1,111,Hibernating
C001004,,0.0,0.0,0.0,1528,1,1,1,111,Hibernating
C001005,2025-12-18,4.0,11850.44,1755.1,13,5,4,4,544,Champions
C001006,,0.0,0.0,0.0,1619,1,1,1,111,Hibernating
C001007,2025-12-18,2.0,2234.76,427.13,13,5,3,3,533,Potential Loyalists
C001008,2025-12-24,4.0,16532.84,2562.52,7,5,4,5,545,Champions
C001009,2025-12-08,14.0,43551.08,12787.64,23,4,5,5,455,Champions
C001010,2025-12-08,7.0,17444.11,3804.44,23,4,5,5,455,Champions
C001011,2025-02-12,1.0,5227.18,375.01,322,2,2,3,223,At Risk
C001012,2025-10-20,2.0,6472.4,1528.5,72,3,3,3,333,Need Attention
C001013,,0.0,0.0,0.0,1459,1,1,1,111,Hibernating
C001014,2025-12-21,3.0,5953.55,622.85,10,5,3,3,533,Potential Loyalists
C001015,,0.0,0.0,0.0,376,2,1,1,211,Hibernating
C001016,,0.0,0.0,0.0,1468,1,1,1,111,Hibernating
C001017,2025-11-07,9.0,32141.85,9494.39,54,3,5,5,355,Loyal Customers
C001018,2025-09-10,3.0,10115.86,2639.0499999999997,112,3,3,4,334,Need Attention
C001019,2025-07-15,1.0,3526.58,393.8,169,3,2,3,323,Promising
C001020,,0.0,0.0,0.0,1112,1,1,1,111,Hibernating
C001021,2025-12-18,5.0,8224.06,706.73,13,5,4,4,544,Champions
C001022,2025-12-13,8.0,16859.81,3764.68,18,4,5,5,455,Champions
C001023,2025-12-20,11.0,42312.17,13138.220000000001,11,5,5,5,555,Champions
C001024,2025-09-13,2.0,2959.38,351.26,109,3,3,3,333,Need Attention
C001025,2025-12-19,5.0,11611.23,2338.36,12,5,4,4,544,Champions
C001026,2025-12-05,3.0,4868.84,789.41,26,4,3,3,433,Potential Loyalists
C001027,2025-11-26,7.0,15604.49,3065.7200000000003,35,4,5,4,454,Champions
C001028,2025-08-17,1.0,1115.68,421.15,136,3,2,2,322,Promising
C001029,2025-11-21,6.0,16493.690000000002,2274.92,40,4,4,5,445,Champions
C001030,,0.0,0.0,0.0,1595,1,1,1,111,Hibernating
C001031,2025-12-13,6.0,26340.71,6880.21,18,4,4,5,445,Champions
C001032,2025-12-18,4.0,8541.07,2469.06,13,5,4,4,544,Champions
C001033,2025-12-17,7.0,24091.75,3474.07,14,5,5,5,555,Champions
C001034,,0.0,0.0,0.0,1278,1,1,1,111,Hibernating
C001035,2025-12-27,2.0,6716.889999999999,1202.42,4,5,3,3,533,Potential Loyalists
C001036,,0.0,0.0,0.0,847,2,1,1,211,Hibernating
C001037,2025-11-09,3.0,3037.92,128.94,52,3,3,3,333,Need Attention
C001038,,0.0,0.0,0.0,394,2,1,1,211,Hibernating
C001039,2025-12-17,1.0,3776.05,861.18,14,5,2,3,523,Potential Loyalists
C001040,2025-12-11,6.0,19186.879999999997,5033.35,20,4,4,5,445,Champions
C001041,2025-03-21,5.0,18813.72,5465.75,285,2,4,5,245,Need Attention
C001042,,0.0,0.0,0.0,1429,1,1,1,111,Hibernating
C001043,,0.0,0.0,0.0,414,2,1,1,211,Hibernating
C001044,2025-09-01,6.0,9672.33,1099.48,121,3,4,4,344,Loyal Customers
C001045,2025-08-04,2.0,3542.0,540.44,149,3,3,3,333,Need Attention
C001046,,0.0,0.0,0.0,994,2,1,1,211,Hibernating
C001047,2025-06-23,5.0,12968.56,2967.25,191,3,4,4,344,Loyal Customers
C001048,2025-11-02,4.0,15359.810000000001,3312.3700000000003,59,3,4,4,344,Loyal Customers
C001049,2025-02-11,2.0,3547.85,1005.87,323,2,3,3,233,Need Attention
C001050,2025-12-23,2.0,2152.83,205.69,8,5,3,3,533,Potential Loyalists
C001051,,0.0,0.0,0.0,372,2,1,1,211,Hibernating
C001052,2025-12-19,12.0,16457.77,3553.48,12,5,5,5,555,Champions
C001053,,0.0,0.0,0.0,1545,1,1,1,111,Hibernating
C001054,,0.0,0.0,0.0,1224,1,1,1,111,Hibernating
C001055,2025-12-03,2.0,2246.18,738.81,28,4,3,3,433,Potential Loyalists
C001056,,0.0,0.0,0.0,1147,1,1,1,111,Hibernating
C001057,2025-11-12,2.0,3336.21,941.09,49,3,3,3,333,Need Attention
C001058,2025-11-24,11.0,19510.760000000002,4930.9,37,4,5,5,455,Champions
C001059,2025-04-04,4.0,9606.5,1752.1799999999998,271,2,4,4,244,Need Attention
C001060,2025-12-17,11.0,18867.46,4307.56,14,5,5,5,555,Champions
C001061,2025-12-12,6.0,12120.52,3167.77,19,4,4,4,444,Champions
C001062,2025-12-11,2.0,2503.52,583.38,20,4,3,3,433,Potential Loyalists
C001063,,0.0,0.0,0.0,1624,1,1,1,111,Hibernating
C001064,2025-11-08,7.0,11963.95,2720.43,53,3,5,4,354,Loyal Customers
C001065,2025-12-20,5.0,8284.73,1086.59,11,5,4,4,544,Champions
C001066,2025-12-08,3.0,2961.62,440.65999999999997,23,4,3,3,433,Potential Loyalists
C001067,2025-05-05,3.0,4666.4,377.37,240,2,3,3,233,Need Attention
C001068,2025-05-06,3.0,4206.74,642.3499999999999,239,2,3,3,233,Need Attention
C001069,2025-10-24,2.0,4337.05,579.95,68,3,3,3,333,Need Attention
C001070,2025-11-17,3.0,8653.91,1533.87,44,3,3,4,334,Need Attention
C001071,2025-12-03,10.0,16860.39,2962.66,28,4,5,5,455,Champions
C001072,2025-12-16,2.0,5340.65,823.4200000000001,15,5,3,3,533,Potential Loyalists
C001073,,0.0,0.0,0.0,1560,1,1,1,111,Hibernating
C001074,2025-12-27,14.0,48169.96,10232.96,4,5,5,5,555,Champions
C001075,2025-12-22,7.0,21366.899999999998,3992.86,9,5,5,5,555,Champions
C001076,,0.0,0.0,0.0,1367,1,1,1,111,Hibernating
C001077,2025-07-15,3.0,3676.94,217.77,169,3,3,3,333,Need Attention
C001078,2025-12-12,7.0,10014.0,2249.58,19,4,5,4,454,Champions
C001079,2025-12-27,14.0,40078.51,10157.69,4,5,5,5,555,Champions
C001080,,0.0,0.0,0.0,847,2,1,1,211,Hibernating
C001081,,0.0,0.0,0.0,1276,1,1,1,111,Hibernating
C001082,,0.0,0.0,0.0,1421,1,1,1,111,Hibernating
C001083,2025-04-14,1.0,1153.24,581.95,261,2,2,2,222,At Risk
C001084,2025-12-21,3.0,3923.16,876.87,10,5,3,3,533,Potential Loyalists
C001085,,0.0,0.0,0.0,1338,1,1,1,111,Hibernating
C001086,,0.0,0.0,0.0,1688,1,1,1,111,Hibernating
C001087,,0.0,0.0,0.0,1766,1,1,1,111,Hibernating
C001088,2025-11-17,2.0,4055.89,1992.65,44,3,3,3,333,Need Attention
C001089,2025-10-21,3.0,7409.07,1472.02,71,3,3,3,333,Need Attention
C001090,2025-11-08,5.0,4953.46,561.2900000000001,53,3,4,3,343,Loyal Customers
C001091,2025-12-08,9.0,37566.509999999995,5112.53,23,4,5,5,455,Champions
C001092,2025-12-11,14.0,30474.03,6465.56,20,4,5,5,455,Champions
C001093,2025-10-09,8.0,25949.44,5603.24,83,3,5,5,355,Loyal Customers
C001094,2025-12-17,21.0,61923.99,15967.25,14,5,5,5,555,Champions
C001095,2025-12-24,3.0,11534.43,1003.23,7,5,3,4,534,Potential Loyalists
C001096,2025-01-02,1.0,4484.58,766.05,363,2,2,3,223,At Risk
C001097,2025-12-25,10.0,24754.64,6646.9400000000005,6,5,5,5,555,Champions
C001098,2025-10-07,4.0,12237.57,1574.55,85,3,4,4,344,Loyal Customers
C001099,,0.0,0.0,0.0,1607,1,1,1,111,Hibernating
C001100,2025-12-26,3.0,7080.38,2638.41,5,5,3,3,533,Potential Loyalists
C001101,,0.0,0.0,0.0,1318,1,1,1,111,Hibernating
C001102,2025-02-05,1.0,430.36,140.38,329,2,2,2,222,At Risk
C001103,,0.0,0.0,0.0,1559,1,1,1,111,Hibernating
C001104,,0.0,0.0,0.0,1569,1,1,1,111,Hibernating
C001105,2025-12-15,4.0,9615.51,1566.91,16,4,4,4,444,Champions
C001106,2025-12-14,11.0,19989.920000000002,5617.29,17,4,5,5,455,Champions
C001107,2025-11-14,14.0,40655.87,9906.41,47,3,5,5,355,Loyal Customers
C001108,,0.0,0.0,0.0,1729,1,1,1,111,Hibernating
C001109,,0.0,0.0,0.0,961,2,1,1,211,Hibernating
C001110,,0.0,0.0,0.0,1727,1,1,1,111,Hibernating
C001111,,0.0,0.0,0.0,1088,2,1,1,211,Hibernating
C001112,,0.0,0.0,0.0,388,2,1,1,211,Hibernating
C001113,,0.0,0.0,0.0,991,2,1,1,211,Hibernating
C001114,2025-03-23,1.0,3061.67,389.72,283,2,2,3,223,At Risk
C001115,2025-09-20,5.0,16715.440000000002,4046.73,102,3,4,5,345,Loyal Customers
C001116,2025-12-11,5.0,8684.39,2145.11,20,4,4,4,444,Champions
C001117,2025-11-05,7.0,6124.58,1187.52,56,3,5,3,353,Loyal Customers
C001118,,0.0,0.0,0.0,407,2,1,1,211,Hibernating
C001119,2025-12-04,6.0,15767.130000000001,3067.49,27,4,4,4,444,Champions
C001120,2025-12-25,4.0,8652.57,1542.98,6,5,4,4,544,Champions
C001121,2025-11-17,6.0,18473.73,3475.4,44,3,4,5,345,Loyal Customers
C001122,2025-12-01,5.0,9808.36,2767.4900000000002,30,4,4,4,444,Champions
C001123,2025-12-25,7.0,10987.15,700.8000000000001,6,5,5,4,554,Champions
C001124,2025-11-16,6.0,7119.35,1424.46,45,3,4,3,343,Loyal Customers
C001125,,0.0,0.0,0.0,1710,1,1,1,111,Hibernating
C001126,,0.0,0.0,0.0,1606,1,1,1,111,Hibernating
C001127,,0.0,0.0,0.0,1443,1,1,1,111,Hibernating
C001128,2025-12-15,2.0,6441.35,708.56,16,4,3,3,433,Potential Loyalists
C001129,2025-02-23,1.0,7424.13,898.47,311,2,2,3,223,At Risk
C001130,2025-11-05,9.0,20730.100000000002,4669.2699999999995,56,3,5,5,355,Loyal Customers
C001131,2025-12-10,3.0,9713.2,3451.6400000000003,21,4,3,4,434,Potential Loyalists
C001132,2025-11-05,10.0,15963.05,3075.7599999999998,56,3,5,4,354,Loyal Customers
C001133,2025-12-22,9.0,25604.940000000002,6400.64,9,5,5,5,555,Champions
C001134,2025-11-21,2.0,5403.5599999999995,1792.85,40,4,3,3,433,Potential Loyalists
C001135,2025-12-11,15.0,28373.18,8795.45,20,4,5,5,455,Champions
C001136,2025-12-27,2.0,2798.83,771.96,4,5,3,3,533,Potential Loyalists
C001137,2025-12-10,7.0,14107.77,1035.93,21,4,5,4,454,Champions
C001138,2025-07-12,1.0,795.22,268.96,172,3,2,2,322,Promising
C001139,2025-06-22,2.0,3425.8,837.2,192,3,3,3,333,Need Attention
C001140,2025-12-27,4.0,6495.700000000001,1188.14,4,5,4,3,543,Loyal Customers
C001141,2025-12-17,15.0,38811.61,8215.69,14,5,5,5,555,Champions
C001142,2025-11-27,5.0,13299.279999999999,3370.4700000000003,34,4,4,4,444,Champions
C001143,2025-12-16,3.0,11637.33,1872.5500000000002,15,5,3,4,534,Potential Loyalists
C001144,,0.0,0.0,0.0,1573,1,1,1,111,Hibernating
C001145,,0.0,0.0,0.0,1564,1,1,1,111,Hibernating
C001146,,0.0,0.0,0.0,1244,1,1,1,111,Hibernating
C001147,2025-12-11,11.0,18881.52,3660.22,20,4,5,5,455,Champions
C001148,,0.0,0.0,0.0,1813,1,1,1,111,Hibernating
C001149,2025-12-12,3.0,12040.68,2241.55,19,4,3,4,434,Potential Loyalists
C001150,2025-12-21,5.0,6716.3,1052.54,10,5,4,3,543,Loyal Customers
C001151,2025-12-19,3.0,3483.7200000000003,606.47,12,5,3,3,533,Potential Loyalists
C001152,,0.0,0.0,0.0,1352,1,1,1,111,Hibernating
C001153,2025-12-11,13.0,46401.19,13671.86,20,4,5,5,455,Champions
C001154,2025-08-14,2.0,2618.5099999999998,-11.100000000000001,139,3,3,3,333,Need Attention
C001155,2025-09-16,2.0,1698.47,624.63,106,3,3,2,332,Need Attention
C001156,,0.0,0.0,0.0,405,2,1,1,211,Hibernating
C001157,,0.0,0.0,0.0,1445,1,1,1,111,Hibernating
C001158,2025-11-06,1.0,6242.96,138.81,55,3,2,3,323,Promising
C001159,2025-08-02,2.0,4653.92,1384.78,151,3,3,3,333,Need Attention
C001160,2025-11-26,5.0,6526.530000000001,1320.34,35,4,4,3,443,Loyal Customers
C001161,2025-12-15,2.0,1472.05,558.16,16,4,3,2,432,Potential Loyalists
C001162,,0.0,0.0,0.0,1395,1,1,1,111,Hibernating
C001163,2025-12-16,10.0,22964.45,6935.26,15,5,5,5,555,Champions
C001164,2025-07-21,1.0,4950.57,1490.58,163,3,2,3,323,Promising
C001165,2025-09-02,6.0,11497.26,3136.03,120,3,4,4,344,Loyal Customers
C001166,2025-12-05,8.0,21847.26,4982.34,26,4,5,5,455,Champions
C001167,,0.0,0.0,0.0,444,2,1,1,211,Hibernating
C001168,2025-12-05,11.0,35063.770000000004,8812.44,26,4,5,5,455,Champions
C001169,2025-12-13,3.0,4869.07,589.76,18,4,3,3,433,Potential Loyalists
C001170,,0.0,0.0,0.0,1783,1,1,1,111,Hibernating
C001171,,0.0,0.0,0.0,1215,1,1,1,111,Hibernating
C001172,2025-11-05,3.0,5495.8,1515.68,56,3,3,3,333,Need Attention
C001173,2025-12-06,4.0,5473.389999999999,1276.9499999999998,25,4,4,3,443,Loyal Customers
C001174,,0.0,0.0,0.0,1334,1,1,1,111,Hibernating
C001175,,0.0,0.0,0.0,1277,1,1,1,111,Hibernating
C001176,2025-09-14,3.0,9797.96,2898.09,108,3,3,4,334,Need Attention
C001177,,0.0,0.0,0.0,553,2,1,1,211,Hibernating
C001178,,0.0,0.0,0.0,959,2,1,1,211,Hibernating
C001179,2025-11-20,13.0,29413.72,7603.43,41,4,5,5,455,Champions
C001180,2025-12-08,6.0,16597.22,2112.3900000000003,23,4,4,5,445,Champions
C001181,2025-12-23,5.0,13712.82,3355.75,8,5,4,4,544,Champions
C001182,2025-03-21,1.0,1082.15,241.72,285,2,2,2,222,At Risk
C001183,2025-12-03,5.0,13107.6,3184.04,28,4,4,4,444,Champions
C001184,2025-12-23,5.0,13247.220000000001,3178.5499999999997,8,5,4,4,544,Champions
C001185,2025-12-25,6.0,12810.03,2828.75,6,5,4,4,544,Champions
C001186,2025-11-23,1.0,405.88,96.74,38,4,2,2,422,Potential Loyalists
C001187,2025-12-26,7.0,15403.349999999999,3483.2999999999997,5,5,5,4,554,Champions
C001188,2025-12-12,6.0,12700.300000000001,697.56,19,4,4,4,444,Champions
C001189,2025-12-10,14.0,36122.159999999996,5034.17,21,4,5,5,455,Champions
C001190,2025-12-13,4.0,6019.9400000000005,1500.53,18,4,4,3,443,Loyal Customers
C001191,,0.0,0.0,0.0,1019,2,1,1,211,Hibernating
C001192,,0.0,0.0,0.0,970,2,1,1,211,Hibernating
C001193,,0.0,0.0,0.0,1731,1,1,1,111,Hibernating
C001194,,0.0,0.0,0.0,841,2,1,1,211,Hibernating
C001195,,0.0,0.0,0.0,1514,1,1,1,111,Hibernating
C001196,2025-12-23,5.0,18362.66,3254.42,8,5,4,5,545,Champions
C001197,2025-12-12,7.0,9947.23,1973.66,19,4,5,4,454,Champions
C001198,2025-02-20,1.0,2004.18,2.27,314,2,2,2,222,At Risk
C001199,2025-05-24,8.0,35831.73,7416.95,221,2,5,5,255,Need Attention
C001200,2025-12-19,1.0,2356.6,652.87,12,5,2,3,523,Potential Loyalists
C001201,2025-12-24,7.0,12026.779999999999,1421.33,7,5,5,4,554,Champions
C001202,,0.0,0.0,0.0,1815,1,1,1,111,Hibernating
C001203,2025-09-02,2.0,6962.84,2572.58,120,3,3,3,333,Need Attention
C001204,2025-12-18,19.0,36496.75,8886.47,13,5,5,5,555,Champions
C001205,,0.0,0.0,0.0,1348,1,1,1,111,Hibernating
C001206,,0.0,0.0,0.0,1588,1,1,1,111,Hibernating
C001207,2025-12-14,3.0,1551.6,140.96,17,4,3,2,432,Potential Loyalists
C001208,,0.0,0.0,0.0,1145,1,1,1,111,Hibernating
C001209,2025-12-24,2.0,2288.73,193.82,7,5,3,3,533,Potential Loyalists
C001210,2025-12-04,5.0,7575.74,756.82,27,4,4,4,444,Champions
C001211,2025-12-22,13.0,29797.22,8389.48,9,5,5,5,555,Champions
C001212,,0.0,0.0,0.0,417,2,1,1,211,Hibernating
C001213,2025-02-07,1.0,0.0,0.0,327,2,2,1,221,At Risk
C001214,2025-12-03,13.0,25623.82,2849.58,28,4,5,5,455,Champions
C001215,,0.0,0.0,0.0,1753,1,1,1,111,Hibernating
C001216,2025-12-21,7.0,17269.65,2313.03,10,5,5,5,555,Champions
C001217,2025-12-14,8.0,17939.29,1510.81,17,4,5,5,455,Champions
C001218,2025-11-09,3.0,5337.98,1179.7,52,3,3,3,333,Need Attention
C001219,2025-10-07,1.0,4479.78,1647.08,85,3,2,3,323,Promising
C001220,2025-12-18,4.0,7804.64,428.65999999999997,13,5,4,4,544,Champions
C001221,2025-11-21,10.0,20070.92,5571.92,40,4,5,5,455,Champions
C001222,2025-12-02,2.0,5682.59,-302.07000000000005,29,4,3,3,433,Potential Loyalists
C001223,2025-09-19,6.0,12178.66,3347.63,103,3,4,4,344,Loyal Customers
C001224,2025-11-19,3.0,4994.469999999999,762.64,42,4,3,3,433,Potential Loyalists
C001225,2025-12-23,7.0,22964.97,5529.83,8,5,5,5,555,Champions
C001226,2025-10-02,4.0,10260.88,1599.1600000000003,90,3,4,4,344,Loyal Customers
C001227,,0.0,0.0,0.0,421,2,1,1,211,Hibernating
C001228,2025-12-09,3.0,9581.01,1121.15,22,4,3,4,434,Potential Loyalists
C001229,2025-09-27,1.0,1783.1,165.71,95,3,2,2,322,Promising
C001230,2025-06-07,3.0,6417.09,1260.43,207,2,3,3,233,Need Attention
C001231,2025-12-27,8.0,14057.24,2990.42,4,5,5,4,554,Champions
C001232,2025-12-16,7.0,8266.89,1764.59,15,5,5,4,554,Champions
C001233,2025-08-14,1.0,5162.51,364.52,139,3,2,3,323,Promising
C001234,2025-12-09,18.0,46073.7,9491.619999999999,22,4,5,5,455,Champions
C001235,2025-12-23,8.0,20157.309999999998,3815.64,8,5,5,5,555,Champions
C001236,2025-06-03,3.0,8390.83,1914.0,211,2,3,4,234,Need Attention
C001237,2025-10-06,2.0,2943.7,324.31,86,3,3,3,333,Need Attention
C001238,2025-12-15,6.0,8371.57,1408.7,16,4,4,4,444,Champions
C001239,2025-12-13,6.0,10357.11,1993.5700000000002,18,4,4,4,444,Champions
C001240,2025-05-24,4.0,10321.27,2091.56,221,2,4,4,244,Need Attention
C001241,2025-12-24,3.0,6474.46,664.0899999999999,7,5,3,3,533,Potential Loyalists
C001242,2025-11-26,3.0,3075.6,686.68,35,4,3,3,433,Potential Loyalists
C001243,2025-11-09,8.0,9400.4,1860.6599999999999,52,3,5,4,354,Loyal Customers
C001244,2025-11-20,3.0,6658.4,1867.2800000000002,41,4,3,3,433,Potential Loyalists
C001245,,0.0,0.0,0.0,1625,1,1,1,111,Hibernating
C001246,,0.0,0.0,0.0,736,2,1,1,211,Hibernating
C001247,2025-11-27,13.0,40654.58,10998.55,34,4,5,5,455,Champions
C001248,2025-04-06,1.0,1385.67,92.33,269,2,2,2,222,At Risk
C001249,,0.0,0.0,0.0,989,2,1,1,211,Hibernating
C001250,2025-12-22,3.0,4408.33,-311.16,9,5,3,3,533,Potential Loyalists
C001251,2025-10-23,9.0,17613.04,2878.77,69,3,5,5,355,Loyal Customers
C001252,2025-12-22,1.0,1891.05,187.32,9,5,2,2,522,Potential Loyalists
C001253,2025-07-12,6.0,18233.66,4544.43,172,3,4,5,345,Loyal Customers
C001254,,0.0,0.0,0.0,1165,1,1,1,111,Hibernating
C001255,2025-11-27,1.0,2165.11,66.88,34,4,2,3,423,Potential Loyalists
C001256,2025-12-26,9.0,32626.39,5114.04,5,5,5,5,555,Champions
C001257,,0.0,0.0,0.0,453,2,1,1,211,Hibernating
C001258,2025-12-14,10.0,32097.97,6225.37,17,4,5,5,455,Champions
C001259,2025-07-26,1.0,2369.27,662.67,158,3,2,3,323,Promising
C001260,2025-12-12,8.0,24938.22,7059.41,19,4,5,5,455,Champions
C001261,,0.0,0.0,0.0,1502,1,1,1,111,Hibernating
C001262,2025-12-04,10.0,30874.96,8384.91,27,4,5,5,455,Champions
C001263,2025-12-27,7.0,20594.39,3572.8599999999997,4,5,5,5,555,Champions
C001264,2025-04-16,4.0,8025.22,1497.1,259,2,4,4,244,Need Attention
C001265,2025-12-04,4.0,7281.64,1226.47,27,4,4,3,443,Loyal Customers
C001266,2025-12-19,11.0,28431.26,5102.63,12,5,5,5,555,Champions
C001267,2025-11-27,4.0,10795.73,1099.19,34,4,4,4,444,Champions
C001268,2025-12-14,10.0,37033.54,8052.150000000001,17,4,5,5,455,Champions
C001269,,0.0,0.0,0.0,951,2,1,1,211,Hibernating
C001270,2025-12-19,15.0,38855.840000000004,7023.48,12,5,5,5,555,Champions
C001271,,0.0,0.0,0.0,1580,1,1,1,111,Hibernating
C001272,2025-12-21,4.0,7237.8,1622.98,10,5,4,3,543,Loyal Customers
C001273,,0.0,0.0,0.0,1180,1,1,1,111,Hibernating
C001274,2025-11-09,8.0,14156.58,2714.6,52,3,5,4,354,Loyal Customers
C001275,2025-12-25,11.0,27199.34,7863.86,6,5,5,5,555,Champions
C001276,,0.0,0.0,0.0,725,2,1,1,211,Hibernating
C001277,2025-09-17,7.0,19851.65,5025.24,105,3,5,5,355,Loyal Customers
C001278,,0.0,0.0,0.0,1353,1,1,1,111,Hibernating
C001279,2025-12-17,6.0,14282.37,1102.5500000000002,14,5,4,4,544,Champions
C001280,2025-03-15,2.0,1857.2799999999997,-14.78,291,2,3,2,232,Need Attention
C001281,2025-12-14,1.0,857.58,165.07,17,4,2,2,422,Potential Loyalists
C001282,2025-01-27,1.0,1592.03,193.4,338,2,2,2,222,At Risk
C001283,2025-07-23,4.0,9432.9,3291.17,161,3,4,4,344,Loyal Customers
C001284,2025-11-06,6.0,15913.39,3833.62,55,3,4,4,344,Loyal Customers
C001285,,0.0,0.0,0.0,1490,1,1,1,111,Hibernating
C001286,,0.0,0.0,0.0,1491,1,1,1,111,Hibernating
C001287,,0.0,0.0,0.0,1205,1,1,1,111,Hibernating
C001288,,0.0,0.0,0.0,1173,1,1,1,111,Hibernating
C001289,,0.0,0.0,0.0,1695,1,1,1,111,Hibernating
C001290,,0.0,0.0,0.0,1182,1,1,1,111,Hibernating
C001291,2025-03-27,6.0,21893.93,5898.92,279,2,4,5,245,Need Attention
C001292,2025-12-11,10.0,20377.74,3613.42,20,4,5,5,455,Champions
C001293,,0.0,0.0,0.0,390,2,1,1,211,Hibernating
C001294,,0.0,0.0,0.0,1780,1,1,1,111,Hibernating
C001295,,0.0,0.0,0.0,1416,1,1,1,111,Hibernating
C001296,2025-11-11,4.0,8644.57,1298.12,50,3,4,4,344,Loyal Customers
C001297,2025-10-27,1.0,4233.31,1451.34,65,3,2,3,323,Promising
C001298,2025-12-24,2.0,5302.35,1756.02,7,5,3,3,533,Potential Loyalists
C001299,2025-12-14,5.0,15847.970000000001,1580.0900000000001,17,4,4,4,444,Champions
C001300,,0.0,0.0,0.0,1288,1,1,1,111,Hibernating
C001301,2025-12-25,14.0,35167.42,10767.349999999999,6,5,5,5,555,Champions
C001302,,0.0,0.0,0.0,1181,1,1,1,111,Hibernating
C001303,,0.0,0.0,0.0,503,2,1,1,211,Hibernating
C001304,,0.0,0.0,0.0,1004,2,1,1,211,Hibernating
C001305,2025-12-24,23.0,58055.83,11132.62,7,5,5,5,555,Champions
C001306,2025-08-18,2.0,4611.85,875.56,135,3,3,3,333,Need Attention
C001307,2025-11-18,3.0,5996.4,426.15,43,3,3,3,333,Need Attention
C001308,,0.0,0.0,0.0,874,2,1,1,211,Hibernating
C001309,2025-12-24,6.0,7026.5199999999995,-124.69999999999999,7,5,4,3,543,Loyal Customers
C001310,2025-10-25,9.0,27622.6,3619.9500000000003,67,3,5,5,355,Loyal Customers
C001311,,0.0,0.0,0.0,708,2,1,1,211,Hibernating
C001312,2025-11-11,2.0,3151.4799999999996,454.35,50,3,3,3,333,Need Attention
C001313,2025-12-06,10.0,23172.3,5568.45,25,4,5,5,455,Champions
C001314,2025-11-21,4.0,21306.899999999998,4252.030000000001,40,4,4,5,445,Champions
C001315,2025-11-19,2.0,4363.88,881.6600000000001,42,4,3,3,433,Potential Loyalists
C001316,,0.0,0.0,0.0,1504,1,1,1,111,Hibernating
C001317,2025-12-02,12.0,44148.7,9210.43,29,4,5,5,455,Champions
C001318,2025-12-12,2.0,943.42,52.22,19,4,3,2,432,Potential Loyalists
C001319,,0.0,0.0,0.0,1359,1,1,1,111,Hibernating
C001320,2025-04-02,2.0,2849.37,202.51000000000002,273,2,3,3,233,Need Attention
C001321,2025-04-23,3.0,6231.66,942.63,252,2,3,3,233,Need Attention
C001322,,0.0,0.0,0.0,1204,1,1,1,111,Hibernating
C001323,2025-12-15,16.0,50928.11,11208.8,16,4,5,5,455,Champions
C001324,2025-12-12,6.0,17130.04,4386.75,19,4,4,5,445,Champions
C001325,2025-11-27,2.0,2939.61,1048.8700000000001,34,4,3,3,433,Potential Loyalists
C001326,,0.0,0.0,0.0,383,2,1,1,211,Hibernating
C001327,,0.0,0.0,0.0,1575,1,1,1,111,Hibernating
C001328,2025-07-16,1.0,1250.06,462.9,168,3,2,2,322,Promising
C001329,,0.0,0.0,0.0,370,2,1,1,211,Hibernating
C001330,2025-08-20,8.0,11900.55,2558.77,133,3,5,4,354,Loyal Customers
C001331,2025-12-26,8.0,36115.94,7232.4,5,5,5,5,555,Champions
C001332,2025-11-01,7.0,16336.82,1932.34,60,3,5,4,354,Loyal Customers
C001333,2025-12-02,12.0,40383.67,8398.86,29,4,5,5,455,Champions
C001334,2025-09-22,4.0,11551.710000000001,2811.0699999999997,100,3,4,4,344,Loyal Customers
C001335,,0.0,0.0,0.0,1772,1,1,1,111,Hibernating
C001336,2025-12-23,12.0,30527.86,8453.970000000001,8,5,5,5,555,Champions
C001337,,0.0,0.0,0.0,1518,1,1,1,111,Hibernating
C001338,2025-12-25,6.0,14842.4,3212.52,6,5,4,4,544,Champions
C001339,2025-12-03,3.0,10882.9,1425.42,28,4,3,4,434,Potential Loyalists
C001340,2025-12-12,8.0,11669.230000000001,2036.78,19,4,5,4,454,Champions
C001341,,0.0,0.0,0.0,1278,1,1,1,111,Hibernating
C001342,,0.0,0.0,0.0,778,2,1,1,211,Hibernating
C001343,2025-09-15,1.0,1867.9,562.42,107,3,2,2,322,Promising
C001344,2025-10-17,2.0,7533.06,1775.3600000000001,75,3,3,4,334,Need Attention
C001345,2025-11-03,5.0,10178.310000000001,1842.35,58,3,4,4,344,Loyal Customers
C001346,2025-12-07,4.0,7426.400000000001,640.09,24,4,4,3,443,Loyal Customers
C001347,2025-12-13,11.0,35966.54,10992.2,18,4,5,5,455,Champions
C001348,2025-12-23,1.0,394.86,-39.38,8,5,2,2,522,Potential Loyalists
C001349,2025-12-20,2.0,3920.41,248.89000000000001,11,5,3,3,533,Potential Loyalists
C001350,2025-12-13,12.0,27591.92,5133.49,18,4,5,5,455,Champions
C001351,2025-10-15,3.0,7825.24,2969.09,77,3,3,4,334,Need Attention
C001352,2025-08-18,2.0,2023.9,195.47,135,3,3,2,332,Need Attention
C001353,2025-08-12,5.0,16632.35,2146.9300000000003,141,3,4,5,345,Loyal Customers
C001354,2025-12-08,5.0,10930.96,3515.6699999999996,23,4,4,4,444,Champions
C001355,2025-10-12,7.0,15914.869999999999,2722.68,80,3,5,4,354,Loyal Customers
C001356,2025-12-26,3.0,4761.62,1577.02,5,5,3,3,533,Potential Loyalists
C001357,,0.0,0.0,0.0,1791,1,1,1,111,Hibernating
C001358,2025-12-23,4.0,5983.65,843.8299999999999,8,5,4,3,543,Loyal Customers
C001359,,0.0,0.0,0.0,1757,1,1,1,111,Hibernating
C001360,2025-12-26,10.0,34929.78,6022.76,5,5,5,5,555,Champions
C001361,2025-12-01,2.0,3098.94,477.31000000000006,30,4,3,3,433,Potential Loyalists
C001362,,0.0,0.0,0.0,409,2,1,1,211,Hibernating
C001363,2025-11-17,2.0,3215.46,480.2,44,3,3,3,333,Need Attention
C001364,,0.0,0.0,0.0,1502,1,1,1,111,Hibernating
C001365,,0.0,0.0,0.0,1181,1,1,1,111,Hibernating
C001366,,0.0,0.0,0.0,1540,1,1,1,111,Hibernating
C001367,,0.0,0.0,0.0,499,2,1,1,211,Hibernating
C001368,2025-04-12,1.0,4682.11,882.93,263,2,2,3,223,At Risk
C001369,,0.0,0.0,0.0,1278,1,1,1,111,Hibernating
C001370,,0.0,0.0,0.0,1025,2,1,1,211,Hibernating
C001371,,0.0,0.0,0.0,1340,1,1,1,111,Hibernating
C001372,2025-11-10,7.0,11456.99,3053.21,51,3,5,4,354,Loyal Customers
C001373,,0.0,0.0,0.0,1760,1,1,1,111,Hibernating
C001374,2025-12-26,8.0,21555.62,5011.76,5,5,5,5,555,Champions
C001375,,0.0,0.0,0.0,1368,1,1,1,111,Hibernating
C001376,,0.0,0.0,0.0,1700,1,1,1,111,Hibernating
C001377,2025-11-23,4.0,15636.61,3990.6800000000003,38,4,4,4,444,Champions
C001378,,0.0,0.0,0.0,1365,1,1,1,111,Hibernating
C001379,2025-11-10,7.0,12866.250000000002,2311.17,51,3,5,4,354,Loyal Customers
C001380,,0.0,0.0,0.0,1182,1,1,1,111,Hibernating
C001381,,0.0,0.0,0.0,1112,1,1,1,111,Hibernating
C001382,2025-01-23,1.0,1085.18,343.79,342,2,2,2,222,At Risk
C001383,2025-12-12,13.0,37410.81,9051.28,19,4,5,5,455,Champions
C001384,,0.0,0.0,0.0,373,2,1,1,211,Hibernating
C001385,2025-06-19,1.0,1759.67,39.01,195,3,2,2,322,Promising
C001386,2025-11-22,6.0,13668.33,2100.32,39,4,4,4,444,Champions
C001387,2025-12-15,6.0,15173.67,3542.29,16,4,4,4,444,Champions
C001388,2025-12-21,16.0,42550.87,6803.16,10,5,5,5,555,Champions
C001389,2025-07-07,5.0,12969.72,2601.85,177,3,4,4,344,Loyal Customers
C001390,2025-12-23,3.0,16606.09,-527.75,8,5,3,5,535,Potential Loyalists
C001391,2025-04-16,3.0,7155.3099999999995,1329.54,259,2,3,3,233,Need Attention
C001392,,0.0,0.0,0.0,1762,1,1,1,111,Hibernating
C001393,2025-12-23,5.0,14357.39,1924.72,8,5,4,4,544,Champions
C001394,2025-10-05,5.0,18217.22,4583.96,87,3,4,5,345,Loyal Customers
C001395,2025-07-25,2.0,2692.74,433.01,159,3,3,3,333,Need Attention
C001396,2025-12-26,14.0,35435.83,7905.69,5,5,5,5,555,Champions
C001397,2025-11-24,6.0,11177.65,3322.63,37,4,4,4,444,Champions
C001398,2025-11-18,10.0,42245.54,9010.59,43,3,5,5,355,Loyal Customers
C001399,2025-12-06,3.0,8954.32,1425.57,25,4,3,4,434,Potential Loyalists
C001400,2025-12-09,3.0,5415.09,771.04,22,4,3,3,433,Potential Loyalists
C001401,,0.0,0.0,0.0,1600,1,1,1,111,Hibernating
C001402,2025-10-17,3.0,7832.99,1757.71,75,3,3,4,334,Need Attention
C001403,,0.0,0.0,0.0,1254,1,1,1,111,Hibernating
C001404,2025-09-17,1.0,1038.26,144.27,105,3,2,2,322,Promising
C001405,2025-11-22,11.0,33369.34,7314.95,39,4,5,5,455,Champions
C001406,2025-12-13,10.0,29052.46,6761.3099999999995,18,4,5,5,455,Champions
C001407,,0.0,0.0,0.0,386,2,1,1,211,Hibernating
C001408,,0.0,0.0,0.0,1124,1,1,1,111,Hibernating
C001409,,0.0,0.0,0.0,1467,1,1,1,111,Hibernating
C001410,2025-12-09,9.0,20303.78,5376.23,22,4,5,5,455,Champions
C001411,2025-08-27,5.0,13685.630000000001,2548.69,126,3,4,4,344,Loyal Customers
C001412,2025-12-15,8.0,15266.36,2878.58,16,4,5,4,454,Champions
C001413,2025-05-24,3.0,9879.83,2457.8900000000003,221,2,3,4,234,Need Attention
C001414,2025-12-26,3.0,3269.8399999999997,363.05,5,5,3,3,533,Potential Loyalists
C001415,2025-12-20,1.0,364.64,73.68,11,5,2,2,522,Potential Loyalists
C001416,,0.0,0.0,0.0,912,2,1,1,211,Hibernating
C001417,,0.0,0.0,0.0,1074,2,1,1,211,Hibernating
C001418,2025-12-19,2.0,6687.52,1312.2400000000002,12,5,3,3,533,Potential Loyalists
C001419,2025-12-08,11.0,31526.95,6978.509999999999,23,4,5,5,455,Champions
C001420,2025-12-11,7.0,18935.33,4913.36,20,4,5,5,455,Champions
C001421,2025-12-03,1.0,1815.35,-125.88,28,4,2,2,422,Potential Loyalists
C001422,2025-11-24,17.0,42182.26,9697.71,37,4,5,5,455,Champions
C001423,2025-12-14,6.0,19168.38,3721.84,17,4,4,5,445,Champions
C001424,2025-12-09,1.0,1214.06,124.03,22,4,2,2,422,Potential Loyalists
C001425,,0.0,0.0,0.0,1477,1,1,1,111,Hibernating
C001426,2025-12-05,11.0,28003.64,5095.34,26,4,5,5,455,Champions
C001427,,0.0,0.0,0.0,867,2,1,1,211,Hibernating
C001428,2025-11-26,11.0,26687.61,5810.81,35,4,5,5,455,Champions
C001429,2025-10-03,9.0,18525.83,3861.61,89,3,5,5,355,Loyal Customers
C001430,,0.0,0.0,0.0,1657,1,1,1,111,Hibernating
C001431,2025-12-25,15.0,40383.26,7002.99,6,5,5,5,555,Champions
C001432,2025-11-06,3.0,5221.360000000001,1280.23,55,3,3,3,333,Need Attention
C001433,,0.0,0.0,0.0,392,2,1,1,211,Hibernating
C001434,2025-12-19,6.0,9205.07,2617.55,12,5,4,4,544,Champions
C001435,2025-01-23,1.0,2846.23,1038.56,342,2,2,3,223,At Risk
C001436,2025-11-08,12.0,31721.19,6497.3,53,3,5,5,355,Loyal Customers
C001437,,0.0,0.0,0.0,1315,1,1,1,111,Hibernating
C001438,,0.0,0.0,0.0,909,2,1,1,211,Hibernating
C001439,2025-11-22,7.0,13876.2,3721.55,39,4,5,4,454,Champions
C001440,2025-11-26,5.0,10041.5,2674.74,35,4,4,4,444,Champions
C001441,2025-12-15,12.0,41984.44,13283.05,16,4,5,5,455,Champions
C001442,2025-10-08,5.0,9033.32,2116.7,84,3,4,4,344,Loyal Customers
C001443,2025-10-26,7.0,13998.06,1420.76,66,3,5,4,354,Loyal Customers
C001444,2025-07-24,5.0,24006.1,6448.73,160,3,4,5,345,Loyal Customers
C001445,2025-12-19,4.0,13423.71,1516.21,12,5,4,4,544,Champions
C001446,2025-12-05,2.0,2909.31,69.59,26,4,3,3,433,Potential Loyalists
C001447,2025-12-17,7.0,14784.54,4148.55,14,5,5,4,554,Champions
C001448,2025-12-26,12.0,24302.81,5441.59,5,5,5,5,555,Champions
C001449,,0.0,0.0,0.0,1749,1,1,1,111,Hibernating
C001450,2025-10-05,4.0,11646.97,3136.01,87,3,4,4,344,Loyal Customers
C001451,2025-12-19,1.0,2549.25,324.49,12,5,2,3,523,Potential Loyalists
C001452,2025-08-17,7.0,22325.26,4625.780000000001,136,3,5,5,355,Loyal Customers
C001453,2025-12-16,10.0,31712.329999999998,9641.62,15,5,5,5,555,Champions
C001454,,0.0,0.0,0.0,1384,1,1,1,111,Hibernating
C001455,,0.0,0.0,0.0,1480,1,1,1,111,Hibernating
C001456,,0.0,0.0,0.0,384,2,1,1,211,Hibernating
C001457,2025-12-06,2.0,4212.950000000001,1446.95,25,4,3,3,433,Potential Loyalists
C001458,2025-11-19,17.0,54161.51,15732.73,42,4,5,5,455,Champions
C001459,,0.0,0.0,0.0,1802,1,1,1,111,Hibernating
C001460,2025-12-12,11.0,32841.94,7336.43,19,4,5,5,455,Champions
C001461,,0.0,0.0,0.0,951,2,1,1,211,Hibernating
C001462,2025-05-18,6.0,22117.96,3762.75,227,2,4,5,245,Need Attention
C001463,,0.0,0.0,0.0,391,2,1,1,211,Hibernating
C001464,2025-12-16,2.0,2683.5099999999998,380.57,15,5,3,3,533,Potential Loyalists
C001465,,0.0,0.0,0.0,1239,1,1,1,111,Hibernating
C001466,2025-12-16,5.0,9577.029999999999,2228.16,15,5,4,4,544,Champions
C001467,,0.0,0.0,0.0,1685,1,1,1,111,Hibernating
C001468,,0.0,0.0,0.0,443,2,1,1,211,Hibernating
C001469,2025-12-13,7.0,15808.2,3089.27,18,4,5,4,454,Champions
C001470,2025-12-27,10.0,13843.92,3117.46,4,5,5,4,554,Champions
C001471,,0.0,0.0,0.0,974,2,1,1,211,Hibernating
C001472,2025-12-27,16.0,44189.05,9777.57,4,5,5,5,555,Champions
C001473,2025-12-19,4.0,10684.83,2054.06,12,5,4,4,544,Champions
C001474,,0.0,0.0,0.0,1485,1,1,1,111,Hibernating
C001475,2025-12-26,9.0,18993.32,5128.24,5,5,5,5,555,Champions
C001476,2025-12-27,11.0,25382.86,4527.16,4,5,5,5,555,Champions
C001477,,0.0,0.0,0.0,1725,1,1,1,111,Hibernating
C001478,2025-11-05,4.0,7653.58,2685.63,56,3,4,4,344,Loyal Customers
C001479,,0.0,0.0,0.0,1412,1,1,1,111,Hibernating
C001480,,0.0,0.0,0.0,744,2,1,1,211,Hibernating
C001481,,0.0,0.0,0.0,1417,1,1,1,111,Hibernating
C001482,,0.0,0.0,0.0,1095,2,1,1,211,Hibernating
C001483,2025-12-25,7.0,14168.15,1957.3899999999999,6,5,5,4,554,Champions
C001484,2025-12-10,10.0,25869.18,6072.41,21,4,5,5,455,Champions
C001485,,0.0,0.0,0.0,438,2,1,1,211,Hibernating
C001486,2025-12-04,13.0,53194.52,13540.03,27,4,5,5,455,Champions
C001487,2025-12-08,14.0,31075.18,6994.24,23,4,5,5,455,Champions
C001488,2025-01-09,1.0,1473.84,347.22,356,2,2,2,222,At Risk
C001489,,0.0,0.0,0.0,1278,1,1,1,111,Hibernating
C001490,2025-12-07,1.0,1001.78,217.92,24,4,2,2,422,Potential Loyalists
C001491,2025-01-13,1.0,5427.27,-305.91,352,2,2,3,223,At Risk
C001492,,0.0,0.0,0.0,1400,1,1,1,111,Hibernating
C001493,,0.0,0.0,0.0,1199,1,1,1,111,Hibernating
C001494,,0.0,0.0,0.0,1624,1,1,1,111,Hibernating
C001495,,0.0,0.0,0.0,1035,2,1,1,211,Hibernating
C001496,2025-10-25,9.0,14707.74,2841.66,67,3,5,4,354,Loyal Customers
C001497,2025-12-14,8.0,17185.08,5254.27,17,4,5,5,455,Champions
C001498,2025-11-12,1.0,1836.06,29.27,49,3,2,2,322,Promising
C001499,,0.0,0.0,0.0,1718,1,1,1,111,Hibernating
C001500,2025-06-20,1.0,773.32,244.79,194,3,2,2,322,Promising
C001501,,0.0,0.0,0.0,962,2,1,1,211,Hibernating
C001502,,0.0,0.0,0.0,1515,1,1,1,111,Hibernating
C001503,2025-12-26,18.0,44278.65,11164.09,5,5,5,5,555,Champions
C001504,2025-11-01,1.0,696.09,-40.78,60,3,2,2,322,Promising
C001505,2025-07-23,6.0,17495.43,4770.65,161,3,4,5,345,Loyal Customers
C001506,2025-12-01,12.0,40365.44,11210.44,30,4,5,5,455,Champions
C001507,2025-11-25,2.0,4949.92,527.8,36,4,3,3,433,Potential Loyalists
C001508,2025-11-17,1.0,12946.4,567.99,44,3,2,4,324,Promising
C001509,,0.0,0.0,0.0,1095,2,1,1,211,Hibernating
C001510,2025-12-19,7.0,13693.58,2596.9900000000002,12,5,5,4,554,Champions
C001511,2025-12-25,4.0,15366.8,3970.4,6,5,4,4,544,Champions
C001512,,0.0,0.0,0.0,957,2,1,1,211,Hibernating
C001513,2025-09-18,3.0,12241.810000000001,1432.26,104,3,3,4,334,Need Attention
C001514,,0.0,0.0,0.0,1336,1,1,1,111,Hibernating
C001515,2025-11-01,11.0,40616.23,10605.7,60,3,5,5,355,Loyal Customers
C001516,2025-03-25,2.0,1540.67,340.09999999999997,281,2,3,2,232,Need Attention
C001517,2025-12-23,4.0,10360.99,1664.78,8,5,4,4,544,Champions
C001518,2025-12-11,9.0,23652.47,6724.94,20,4,5,5,455,Champions
C001519,,0.0,0.0,0.0,1278,1,1,1,111,Hibernating
C001520,,0.0,0.0,0.0,395,2,1,1,211,Hibernating
C001521,2025-02-17,2.0,5103.4,1774.0,317,2,3,3,233,Need Attention
C001522,2025-12-13,4.0,11359.26,2200.73,18,4,4,4,444,Champions
C001523,,0.0,0.0,0.0,452,2,1,1,211,Hibernating
C001524,,0.0,0.0,0.0,1780,1,1,1,111,Hibernating
C001525,,0.0,0.0,0.0,1180,1,1,1,111,Hibernating
C001526,,0.0,0.0,0.0,1663,1,1,1,111,Hibernating
C001527,2025-11-17,1.0,1719.04,423.5,44,3,2,2,322,Promising
C001528,,0.0,0.0,0.0,1214,1,1,1,111,Hibernating
C001529,,0.0,0.0,0.0,742,2,1,1,211,Hibernating
C001530,2025-10-23,8.0,8044.38,1898.3,69,3,5,4,354,Loyal Customers
C001531,,0.0,0.0,0.0,1566,1,1,1,111,Hibernating
C001532,2025-12-19,1.0,4706.61,284.4,12,5,2,3,523,Potential Loyalists
C001533,2025-12-08,6.0,13138.97,3008.43,23,4,4,4,444,Champions
C001534,,0.0,0.0,0.0,1151,1,1,1,111,Hibernating
C001535,2025-12-07,5.0,19041.96,4637.17,24,4,4,5,445,Champions
C001536,2025-03-20,2.0,4309.13,1681.66,286,2,3,3,233,Need Attention
C001537,,0.0,0.0,0.0,1559,1,1,1,111,Hibernating
C001538,,0.0,0.0,0.0,1332,1,1,1,111,Hibernating
C001539,,0.0,0.0,0.0,1146,1,1,1,111,Hibernating
C001540,,0.0,0.0,0.0,954,2,1,1,211,Hibernating
C001541,2025-11-10,3.0,6089.17,908.45,51,3,3,3,333,Need Attention
C001542,2025-11-03,3.0,7092.280000000001,1633.29,58,3,3,3,333,Need Attention
C001543,2025-07-13,1.0,566.99,165.44,171,3,2,2,322,Promising
C001544,,0.0,0.0,0.0,1166,1,1,1,111,Hibernating
C001545,,0.0,0.0,0.0,1184,1,1,1,111,Hibernating
C001546,2025-12-27,5.0,15752.199999999999,3825.9900000000002,4,5,4,4,544,Champions
C001547,2025-12-07,16.0,57876.88,18177.66,24,4,5,5,455,Champions
C001548,,0.0,0.0,0.0,385,2,1,1,211,Hibernating
C001549,2025-12-08,4.0,12568.58,2543.92,23,4,4,4,444,Champions
C001550,,0.0,0.0,0.0,1622,1,1,1,111,Hibernating
C001551,2025-12-10,6.0,17618.33,2336.12,21,4,4,5,445,Champions
C001552,2025-12-01,7.0,12333.57,1567.66,30,4,5,4,454,Champions
C001553,2025-09-22,1.0,565.65,231.65,100,3,2,2,322,Promising
C001554,,0.0,0.0,0.0,525,2,1,1,211,Hibernating
C001555,,0.0,0.0,0.0,475,2,1,1,211,Hibernating
C001556,,0.0,0.0,0.0,638,2,1,1,211,Hibernating
C001557,2025-01-26,2.0,5936.07,862.23,339,2,3,3,233,Need Attention
C001558,2025-12-10,7.0,13507.329999999998,3334.8599999999997,21,4,5,4,454,Champions
C001559,,0.0,0.0,0.0,1085,2,1,1,211,Hibernating
C001560,,0.0,0.0,0.0,956,2,1,1,211,Hibernating
C001561,2025-11-09,5.0,10853.96,2909.87,52,3,4,4,344,Loyal Customers
C001562,2025-12-21,6.0,13932.52,1984.3700000000001,10,5,4,4,544,Champions
C001563,2025-12-05,7.0,23620.32,4505.72,26,4,5,5,455,Champions
C001564,,0.0,0.0,0.0,497,2,1,1,211,Hibernating
C001565,2025-12-27,7.0,18560.43,4293.89,4,5,5,5,555,Champions
C001566,,0.0,0.0,0.0,1376,1,1,1,111,Hibernating
C001567,2025-12-24,8.0,15414.75,3074.12,7,5,5,4,554,Champions
C001568,2025-11-23,15.0,31179.67,7680.72,38,4,5,5,455,Champions
C001569,,0.0,0.0,0.0,1551,1,1,1,111,Hibernating
C001570,,0.0,0.0,0.0,1479,1,1,1,111,Hibernating
C001571,2025-10-04,1.0,5130.88,1559.19,88,3,2,3,323,Promising
C001572,,0.0,0.0,0.0,461,2,1,1,211,Hibernating
C001573,2025-12-23,2.0,3391.9300000000003,637.48,8,5,3,3,533,Potential Loyalists
C001574,2025-12-19,5.0,15313.460000000001,1926.6599999999999,12,5,4,4,544,Champions
C001575,2025-12-23,5.0,9812.46,2801.58,8,5,4,4,544,Champions
C001576,,0.0,0.0,0.0,543,2,1,1,211,Hibernating
C001577,2025-02-05,3.0,5006.0,566.73,329,2,3,3,233,Need Attention
C001578,2025-12-18,5.0,11463.18,1593.09,13,5,4,4,544,Champions
C001579,2025-12-24,1.0,144.86,41.59,7,5,2,2,522,Potential Loyalists
C001580,2025-12-12,6.0,12216.43,1609.37,19,4,4,4,444,Champions
C001581,2025-07-23,1.0,2585.21,289.71,161,3,2,3,323,Promising
C001582,2025-11-02,8.0,27730.059999999998,6206.58,59,3,5,5,355,Loyal Customers
C001583,2025-11-06,1.0,2539.93,376.07,55,3,2,3,323,Promising
C001584,,0.0,0.0,0.0,1385,1,1,1,111,Hibernating
C001585,2025-12-11,9.0,15062.210000000001,2443.6,20,4,5,4,454,Champions
C001586,2025-09-20,5.0,9820.849999999999,2629.0,102,3,4,4,344,Loyal Customers
C001587,2025-07-18,3.0,6952.93,2587.65,166,3,3,3,333,Need Attention
C001588,2025-12-01,7.0,17634.12,3905.6,30,4,5,5,455,Champions
C001589,2025-11-26,1.0,1281.53,271.44,35,4,2,2,422,Potential Loyalists
C001590,2025-08-19,4.0,9429.14,1521.67,134,3,4,4,344,Loyal Customers
C001591,2025-12-19,2.0,11499.77,3309.91,12,5,3,4,534,Potential Loyalists
C001592,2025-10-16,2.0,3297.3900000000003,662.16,76,3,3,3,333,Need Attention
C001593,2025-03-07,1.0,1447.46,108.61,299,2,2,2,222,At Risk
C001594,,0.0,0.0,0.0,1765,1,1,1,111,Hibernating
C001595,,0.0,0.0,0.0,989,2,1,1,211,Hibernating
C001596,2025-12-22,1.0,2227.59,467.78,9,5,2,3,523,Potential Loyalists
C001597,,0.0,0.0,0.0,531,2,1,1,211,Hibernating
C001598,2025-12-26,3.0,7080.71,1624.52,5,5,3,3,533,Potential Loyalists
C001599,,0.0,0.0,0.0,834,2,1,1,211,Hibernating
C001600,,0.0,0.0,0.0,1513,1,1,1,111,Hibernating
C001601,2025-10-21,2.0,3322.57,194.22,71,3,3,3,333,Need Attention
C001602,,0.0,0.0,0.0,991,2,1,1,211,Hibernating
C001603,2025-11-22,2.0,3126.34,1012.7099999999999,39,4,3,3,433,Potential Loyalists
C001604,,0.0,0.0,0.0,1723,1,1,1,111,Hibernating
C001605,2025-12-15,20.0,46087.01,11835.369999999999,16,4,5,5,455,Champions
C001606,2025-12-07,15.0,38344.64,5227.22,24,4,5,5,455,Champions
C001607,,0.0,0.0,0.0,1569,1,1,1,111,Hibernating
C001608,2025-12-10,6.0,20443.17,4945.68,21,4,4,5,445,Champions
C001609,2025-06-15,1.0,491.96,127.02,199,3,2,2,322,Promising
C001610,2025-08-21,4.0,18177.28,2151.0299999999997,132,3,4,5,345,Loyal Customers
C001611,,0.0,0.0,0.0,1300,1,1,1,111,Hibernating
C001612,2025-11-10,4.0,12578.25,845.05,51,3,4,4,344,Loyal Customers
C001613,2025-12-20,5.0,6327.4400000000005,931.39,11,5,4,3,543,Loyal Customers
C001614,,0.0,0.0,0.0,1262,1,1,1,111,Hibernating
C001615,2025-12-19,16.0,50597.94,11314.27,12,5,5,5,555,Champions
C001616,,0.0,0.0,0.0,875,2,1,1,211,Hibernating
C001617,2025-01-25,1.0,1940.04,546.7,340,2,2,2,222,At Risk
C001618,2025-10-19,4.0,9312.35,2270.79,73,3,4,4,344,Loyal Customers
C001619,2025-08-23,2.0,9768.6,1537.1,130,3,3,4,334,Need Attention
C001620,2025-10-20,3.0,4761.1900000000005,1161.77,72,3,3,3,333,Need Attention
C001621,2025-10-14,3.0,3155.17,482.13,78,3,3,3,333,Need Attention
C001622,,0.0,0.0,0.0,597,2,1,1,211,Hibernating
C001623,,0.0,0.0,0.0,654,2,1,1,211,Hibernating
C001624,2025-12-27,5.0,11800.060000000001,2469.26,4,5,4,4,544,Champions
C001625,,0.0,0.0,0.0,1722,1,1,1,111,Hibernating
C001626,,0.0,0.0,0.0,1406,1,1,1,111,Hibernating
C001627,2025-12-17,12.0,41305.53,9566.74,14,5,5,5,555,Champions
C001628,2025-12-07,6.0,19415.78,3490.74,24,4,4,5,445,Champions
C001629,2025-01-19,1.0,2912.18,701.13,346,2,2,3,223,At Risk
C001630,,0.0,0.0,0.0,568,2,1,1,211,Hibernating
C001631,2025-12-14,5.0,7183.82,1101.73,17,4,4,3,443,Loyal Customers
C001632,2025-10-13,4.0,13550.17,1149.87,79,3,4,4,344,Loyal Customers
C001633,2025-12-17,13.0,32962.21,8136.07,14,5,5,5,555,Champions
C001634,2025-11-02,3.0,6208.58,1049.73,59,3,3,3,333,Need Attention
C001635,2025-12-17,8.0,27710.64,7604.84,14,5,5,5,555,Champions
C001636,2025-12-20,2.0,1604.85,315.95000000000005,11,5,3,2,532,Potential Loyalists
C001637,,0.0,0.0,0.0,971,2,1,1,211,Hibernating
C001638,2025-12-24,5.0,16517.72,4278.24,7,5,4,5,545,Champions
C001639,2025-12-13,4.0,14475.9,4093.48,18,4,4,4,444,Champions
C001640,2025-12-20,12.0,26501.72,7984.29,11,5,5,5,555,Champions
C001641,,0.0,0.0,0.0,1044,2,1,1,211,Hibernating
C001642,2025-12-26,3.0,1996.22,-55.209999999999994,5,5,3,2,532,Potential Loyalists
C001643,2025-06-13,1.0,993.7,128.89,201,3,2,2,322,Promising
C001644,,0.0,0.0,0.0,1144,1,1,1,111,Hibernating
C001645,2025-11-22,13.0,31156.58,9822.31,39,4,5,5,455,Champions
C001646,2025-12-02,10.0,32285.61,5564.97,29,4,5,5,455,Champions
C001647,2025-11-13,13.0,31888.41,8743.85,48,3,5,5,355,Loyal Customers
C001648,2025-12-25,6.0,13029.47,2570.58,6,5,4,4,544,Champions
C001649,2025-10-08,4.0,6017.099999999999,763.62,84,3,4,3,343,Loyal Customers
C001650,2025-11-17,3.0,2715.51,294.40999999999997,44,3,3,3,333,Need Attention
C001651,2025-12-08,9.0,14433.11,1859.19,23,4,5,4,454,Champions
C001652,2025-12-27,14.0,40575.36,11508.76,4,5,5,5,555,Champions
C001653,2025-12-12,8.0,17681.579999999998,2766.01,19,4,5,5,455,Champions
C001654,2025-09-16,2.0,3052.65,746.36,106,3,3,3,333,Need Attention
C001655,2025-12-14,4.0,8444.15,3472.42,17,4,4,4,444,Champions
C001656,,0.0,0.0,0.0,1509,1,1,1,111,Hibernating
C001657,2025-12-05,1.0,621.39,-105.23,26,4,2,2,422,Potential Loyalists
C001658,2025-09-11,3.0,11232.9,2774.22,111,3,3,4,334,Need Attention
C001659,2025-04-21,4.0,10156.89,1162.84,254,2,4,4,244,Need Attention
C001660,2025-12-25,10.0,20994.760000000002,4965.28,6,5,5,5,555,Champions
C001661,,0.0,0.0,0.0,1240,1,1,1,111,Hibernating
C001662,2025-12-18,4.0,10943.509999999998,2016.8600000000001,13,5,4,4,544,Champions
C001663,,0.0,0.0,0.0,1577,1,1,1,111,Hibernating
C001664,2025-11-07,4.0,7937.539999999999,2158.91,54,3,4,4,344,Loyal Customers
C001665,2025-11-20,1.0,0.0,0.0,41,4,2,1,421,Potential Loyalists
C001666,2025-11-13,4.0,7598.719999999999,1001.59,48,3,4,4,344,Loyal Customers
C001667,,0.0,0.0,0.0,465,2,1,1,211,Hibernating
C001668,2025-12-22,10.0,24751.26,6270.04,9,5,5,5,555,Champions
C001669,2025-11-05,3.0,5239.06,1514.06,56,3,3,3,333,Need Attention
C001670,,0.0,0.0,0.0,1490,1,1,1,111,Hibernating
C001671,2025-10-02,1.0,1255.08,-38.26,90,3,2,2,322,Promising
C001672,2025-12-23,12.0,32047.89,9662.029999999999,8,5,5,5,555,Champions
C001673,,0.0,0.0,0.0,1012,2,1,1,211,Hibernating
C001674,2025-09-03,2.0,5609.780000000001,1731.83,119,3,3,3,333,Need Attention
C001675,2025-11-21,4.0,5799.6,1306.17,40,4,4,3,443,Loyal Customers
C001676,2025-12-21,2.0,3523.58,381.74,10,5,3,3,533,Potential Loyalists
C001677,2025-11-20,5.0,6853.84,1264.73,41,4,4,3,443,Loyal Customers
C001678,,0.0,0.0,0.0,1821,1,1,1,111,Hibernating
C001679,2025-12-06,13.0,39496.27,10788.56,25,4,5,5,455,Champions
C001680,2025-12-15,13.0,28124.19,6412.58,16,4,5,5,455,Champions
C001681,,0.0,0.0,0.0,664,2,1,1,211,Hibernating
C001682,2025-12-10,5.0,9477.89,414.78999999999996,21,4,4,4,444,Champions
C001683,,0.0,0.0,0.0,1416,1,1,1,111,Hibernating
C001684,2025-12-13,9.0,25838.58,5831.0,18,4,5,5,455,Champions
C001685,,0.0,0.0,0.0,1710,1,1,1,111,Hibernating
C001686,2025-12-21,9.0,11830.42,3598.99,10,5,5,4,554,Champions
C001687,2025-08-01,2.0,4529.59,1021.9999999999999,152,3,3,3,333,Need Attention
C001688,2025-11-16,1.0,2719.07,267.08,45,3,2,3,323,Promising
C001689,2025-05-26,3.0,4738.8,688.8399999999999,219,2,3,3,233,Need Attention
C001690,2025-03-21,5.0,17346.55,4084.63,285,2,4,5,245,Need Attention
C001691,2025-10-18,3.0,9881.960000000001,1140.29,74,3,3,4,334,Need Attention
C001692,2025-08-03,1.0,457.54,148.4,150,3,2,2,322,Promising
C001693,2025-12-14,3.0,7455.550000000001,1485.97,17,4,3,3,433,Potential Loyalists
C001694,2025-12-17,2.0,1695.9499999999998,492.82,14,5,3,2,532,Potential Loyalists
C001695,,0.0,0.0,0.0,1362,1,1,1,111,Hibernating
C001696,2025-09-10,3.0,15082.28,2543.8599999999997,112,3,3,4,334,Need Attention
C001697,2025-12-22,2.0,7841.379999999999,1295.05,9,5,3,4,534,Potential Loyalists
C001698,,0.0,0.0,0.0,1133,1,1,1,111,Hibernating
C001699,,0.0,0.0,0.0,1019,2,1,1,211,Hibernating
C001700,2025-09-02,1.0,2584.78,906.93,120,3,2,3,323,Promising
C001701,,0.0,0.0,0.0,1389,1,1,1,111,Hibernating
C001702,,0.0,0.0,0.0,1784,1,1,1,111,Hibernating
C001703,,0.0,0.0,0.0,1155,1,1,1,111,Hibernating
C001704,,0.0,0.0,0.0,1496,1,1,1,111,Hibernating
C001705,2025-11-07,3.0,3525.9799999999996,30.210000000000008,54,3,3,3,333,Need Attention
C001706,,0.0,0.0,0.0,1606,1,1,1,111,Hibernating
C001707,,0.0,0.0,0.0,1480,1,1,1,111,Hibernating
C001708,2025-12-14,3.0,9960.2,1815.76,17,4,3,4,434,Potential Loyalists
C001709,2025-12-01,9.0,21382.3,2944.38,30,4,5,5,455,Champions
C001710,,0.0,0.0,0.0,1202,1,1,1,111,Hibernating
C001711,,0.0,0.0,0.0,1800,1,1,1,111,Hibernating
C001712,2025-12-26,15.0,60376.36,15028.91,5,5,5,5,555,Champions
C001713,2025-03-25,2.0,1677.3600000000001,433.36,281,2,3,2,232,Need Attention
C001714,,0.0,0.0,0.0,1016,2,1,1,211,Hibernating
C001715,2025-11-02,3.0,7740.02,2623.73,59,3,3,4,334,Need Attention
C001716,,0.0,0.0,0.0,1700,1,1,1,111,Hibernating
C001717,,0.0,0.0,0.0,1112,1,1,1,111,Hibernating
C001718,2025-10-18,7.0,27644.47,5959.83,74,3,5,5,355,Loyal Customers
C001719,,0.0,0.0,0.0,1773,1,1,1,111,Hibernating
C001720,,0.0,0.0,0.0,1333,1,1,1,111,Hibernating
C001721,,0.0,0.0,0.0,972,2,1,1,211,Hibernating
C001722,2025-12-24,2.0,2819.45,764.15,7,5,3,3,533,Potential Loyalists
C001723,2025-12-18,3.0,2653.4700000000003,392.12,13,5,3,3,533,Potential Loyalists
C001724,2025-08-16,5.0,12617.779999999999,2555.15,137,3,4,4,344,Loyal Customers
C001725,,0.0,0.0,0.0,1197,1,1,1,111,Hibernating
C001726,,0.0,0.0,0.0,1549,1,1,1,111,Hibernating
C001727,,0.0,0.0,0.0,1137,1,1,1,111,Hibernating
C001728,2025-12-23,2.0,1810.15,299.58000000000004,8,5,3,2,532,Potential Loyalists
C001729,2025-11-23,5.0,19892.809999999998,4660.64,38,4,4,5,445,Champions
C001730,2025-12-08,6.0,25336.53,5434.65,23,4,4,5,445,Champions
C001731,,0.0,0.0,0.0,1566,1,1,1,111,Hibernating
C001732,,0.0,0.0,0.0,1630,1,1,1,111,Hibernating
C001733,2025-12-22,10.0,18758.28,1283.68,9,5,5,5,555,Champions
C001734,,0.0,0.0,0.0,532,2,1,1,211,Hibernating
C001735,2025-04-14,4.0,9589.07,1982.92,261,2,4,4,244,Need Attention
C001736,,0.0,0.0,0.0,997,2,1,1,211,Hibernating
C001737,,0.0,0.0,0.0,1593,1,1,1,111,Hibernating
C001738,2025-12-27,2.0,1502.9,4.409999999999997,4,5,3,2,532,Potential Loyalists
C001739,,0.0,0.0,0.0,965,2,1,1,211,Hibernating
C001740,2025-12-07,3.0,10303.97,1535.6800000000003,24,4,3,4,434,Potential Loyalists
C001741,2025-12-22,8.0,35196.99,7782.42,9,5,5,5,555,Champions
C001742,2025-12-12,7.0,11934.75,2659.6400000000003,19,4,5,4,454,Champions
C001743,2025-02-25,1.0,888.58,317.29,309,2,2,2,222,At Risk
C001744,2025-10-20,4.0,10288.84,3215.37,72,3,4,4,344,Loyal Customers
C001745,2025-10-22,3.0,17345.68,983.3199999999999,70,3,3,5,335,Need Attention
C001746,2025-12-14,2.0,8012.46,1069.94,17,4,3,4,434,Potential Loyalists
C001747,2025-12-08,1.0,2551.58,48.8,23,4,2,3,423,Potential Loyalists
C001748,2025-12-24,5.0,8324.07,1904.9,7,5,4,4,544,Champions
C001749,,0.0,0.0,0.0,782,2,1,1,211,Hibernating
C001750,,0.0,0.0,0.0,1423,1,1,1,111,Hibernating
C001751,2025-12-23,5.0,8842.130000000001,1133.65,8,5,4,4,544,Champions
C001752,2025-11-04,6.0,19982.54,5555.4400000000005,57,3,4,5,345,Loyal Customers
C001753,2025-01-10,1.0,6417.56,1439.47,355,2,2,3,223,At Risk
C001754,2025-10-06,1.0,715.73,259.08,86,3,2,2,322,Promising
C001755,2025-12-22,1.0,998.49,66.3,9,5,2,2,522,Potential Loyalists
C001756,2025-11-10,1.0,835.33,237.14,51,3,2,2,322,Promising
C001757,2025-04-16,3.0,6983.16,1815.48,259,2,3,3,233,Need Attention
C001758,,0.0,0.0,0.0,1170,1,1,1,111,Hibernating
C001759,2025-11-27,2.0,6898.549999999999,1717.46,34,4,3,3,433,Potential Loyalists
C001760,2025-12-22,5.0,16229.39,1156.43,9,5,4,4,544,Champions
C001761,2025-09-22,3.0,4421.7300000000005,845.12,100,3,3,3,333,Need Attention
C001762,,0.0,0.0,0.0,1658,1,1,1,111,Hibernating
C001763,2025-12-11,9.0,28447.0,6446.35,20,4,5,5,455,Champions
C001764,2025-11-18,7.0,11531.970000000001,1937.66,43,3,5,4,354,Loyal Customers
C001765,2025-12-20,8.0,14314.36,1647.43,11,5,5,4,554,Champions
C001766,2025-08-09,2.0,5141.08,1828.61,144,3,3,3,333,Need Attention
C001767,2025-12-13,3.0,6307.62,1022.5,18,4,3,3,433,Potential Loyalists
C001768,,0.0,0.0,0.0,1300,1,1,1,111,Hibernating
C001769,2025-11-23,10.0,18934.34,4176.76,38,4,5,5,455,Champions
C001770,,0.0,0.0,0.0,1582,1,1,1,111,Hibernating
C001771,2025-10-14,5.0,22846.09,4267.86,78,3,4,5,345,Loyal Customers
C001772,2025-12-01,7.0,11470.76,2444.96,30,4,5,4,454,Champions
C001773,2025-12-26,12.0,26921.0,4800.56,5,5,5,5,555,Champions
C001774,2025-12-23,3.0,6632.57,1352.06,8,5,3,3,533,Potential Loyalists
C001775,2025-12-04,2.0,2904.49,-51.750000000000014,27,4,3,3,433,Potential Loyalists
C001776,,0.0,0.0,0.0,926,2,1,1,211,Hibernating
C001777,,0.0,0.0,0.0,1705,1,1,1,111,Hibernating
C001778,,0.0,0.0,0.0,605,2,1,1,211,Hibernating
C001779,2025-08-26,1.0,514.69,-34.78,127,3,2,2,322,Promising
C001780,2025-10-26,4.0,8743.97,1415.8899999999999,66,3,4,4,344,Loyal Customers
C001781,2025-12-15,5.0,9498.130000000001,343.48,16,4,4,4,444,Champions
C001782,2025-02-14,1.0,984.71,42.73,320,2,2,2,222,At Risk
C001783,2025-08-25,3.0,4032.03,1401.81,128,3,3,3,333,Need Attention
C001784,2025-11-22,5.0,10543.39,1410.72,39,4,4,4,444,Champions
C001785,,0.0,0.0,0.0,1406,1,1,1,111,Hibernating
C001786,2025-06-09,3.0,10901.220000000001,3102.7200000000003,205,2,3,4,234,Need Attention
C001787,2025-10-13,1.0,3185.18,281.36,79,3,2,3,323,Promising
C001788,2025-11-27,7.0,12033.42,3109.06,34,4,5,4,454,Champions
C001789,2025-02-16,1.0,3114.58,1271.0,318,2,2,3,223,At Risk
C001790,2025-12-13,7.0,9987.25,1627.92,18,4,5,4,454,Champions
C001791,2025-12-24,6.0,12734.62,2175.86,7,5,4,4,544,Champions
C001792,,0.0,0.0,0.0,1166,1,1,1,111,Hibernating
C001793,2025-03-01,1.0,596.85,-129.77,305,2,2,2,222,At Risk
C001794,,0.0,0.0,0.0,1296,1,1,1,111,Hibernating
C001795,2025-12-14,11.0,39443.86,9618.5,17,4,5,5,455,Champions
C001796,,0.0,0.0,0.0,507,2,1,1,211,Hibernating
C001797,,0.0,0.0,0.0,908,2,1,1,211,Hibernating
C001798,,0.0,0.0,0.0,992,2,1,1,211,Hibernating
C001799,,0.0,0.0,0.0,377,2,1,1,211,Hibernating
C001800,,0.0,0.0,0.0,553,2,1,1,211,Hibernating
C001801,,0.0,0.0,0.0,1075,2,1,1,211,Hibernating
C001802,2025-12-11,10.0,19754.98,4498.69,20,4,5,5,455,Champions
C001803,2025-06-17,2.0,4463.04,665.14,197,3,3,3,333,Need Attention
C001804,2025-11-23,5.0,8862.82,2591.99,38,4,4,4,444,Champions
C001805,2025-12-01,2.0,1517.0500000000002,371.8,30,4,3,2,432,Potential Loyalists
C001806,2025-12-04,4.0,10856.51,3141.03,27,4,4,4,444,Champions
C001807,2025-10-01,4.0,5904.28,1517.9099999999999,91,3,4,3,343,Loyal Customers
C001808,2025-10-14,3.0,11191.27,2349.87,78,3,3,4,334,Need Attention
C001809,2025-11-10,3.0,7921.3,1940.34,51,3,3,4,334,Need Attention
C001810,,0.0,0.0,0.0,412,2,1,1,211,Hibernating
C001811,,0.0,0.0,0.0,1132,1,1,1,111,Hibernating
C001812,,0.0,0.0,0.0,1485,1,1,1,111,Hibernating
C001813,2025-01-22,1.0,6487.65,2388.3,343,2,2,3,223,At Risk
C001814,2025-12-23,6.0,10523.69,2211.85,8,5,4,4,544,Champions
C001815,2025-04-15,1.0,6050.24,2648.15,260,2,2,3,223,At Risk
C001816,2025-08-07,3.0,6793.01,802.66,146,3,3,3,333,Need Attention
C001817,,0.0,0.0,0.0,1331,1,1,1,111,Hibernating
C001818,2025-10-14,4.0,8422.279999999999,2769.14,78,3,4,4,344,Loyal Customers
C001819,2025-11-03,1.0,3343.57,-348.09,58,3,2,3,323,Promising
C001820,,0.0,0.0,0.0,1148,1,1,1,111,Hibernating
C001821,2025-12-15,1.0,758.38,229.85,16,4,2,2,422,Potential Loyalists
C001822,2025-12-14,13.0,36310.5,9297.27,17,4,5,5,455,Champions
C001823,2025-01-12,1.0,1404.43,112.91,353,2,2,2,222,At Risk
C001824,2025-12-20,20.0,53040.26,15613.1,11,5,5,5,555,Champions
C001825,2025-10-23,3.0,14765.710000000001,2755.4799999999996,69,3,3,4,334,Need Attention
C001826,,0.0,0.0,0.0,1789,1,1,1,111,Hibernating
C001827,2025-12-05,2.0,3076.63,398.02,26,4,3,3,433,Potential Loyalists
C001828,2025-11-27,12.0,45502.19,10724.03,34,4,5,5,455,Champions
C001829,2025-11-11,2.0,11865.19,1999.0800000000002,50,3,3,4,334,Need Attention
C001830,,0.0,0.0,0.0,1513,1,1,1,111,Hibernating
C001831,2025-11-11,4.0,6205.88,941.75,50,3,4,3,343,Loyal Customers
C001832,2025-11-17,4.0,6160.4400000000005,1390.34,44,3,4,3,343,Loyal Customers
C001833,2025-09-10,1.0,2323.36,655.13,112,3,2,3,323,Promising
C001834,,0.0,0.0,0.0,1601,1,1,1,111,Hibernating
C001835,2025-08-06,2.0,6888.07,1754.56,147,3,3,3,333,Need Attention
C001836,,0.0,0.0,0.0,968,2,1,1,211,Hibernating
C001837,,0.0,0.0,0.0,1512,1,1,1,111,Hibernating
C001838,,0.0,0.0,0.0,1272,1,1,1,111,Hibernating
C001839,2025-12-23,7.0,27738.41,3090.55,8,5,5,5,555,Champions
C001840,2025-12-04,3.0,6937.8099999999995,997.6999999999999,27,4,3,3,433,Potential Loyalists
C001841,2025-10-22,2.0,4927.89,1579.33,70,3,3,3,333,Need Attention
C001842,2025-12-18,2.0,4183.85,929.3299999999999,13,5,3,3,533,Potential Loyalists
C001843,2025-01-06,1.0,1989.02,619.7,359,2,2,2,222,At Risk
C001844,2025-12-24,3.0,11000.47,1927.96,7,5,3,4,534,Potential Loyalists
C001845,2025-11-19,7.0,13709.579999999998,2443.49,42,4,5,4,454,Champions
C001846,2025-12-22,7.0,10384.82,1733.43,9,5,5,4,554,Champions
C001847,,0.0,0.0,0.0,1074,2,1,1,211,Hibernating
C001848,2025-06-26,4.0,3711.58,424.79,188,3,4,3,343,Loyal Customers
C001849,,0.0,0.0,0.0,1667,1,1,1,111,Hibernating
C001850,2025-11-16,2.0,4309.26,593.55,45,3,3,3,333,Need Attention
C001851,,0.0,0.0,0.0,801,2,1,1,211,Hibernating
C001852,2025-04-04,1.0,834.88,47.72,271,2,2,2,222,At Risk
C001853,2025-12-25,6.0,12740.54,3563.3,6,5,4,4,544,Champions
C001854,,0.0,0.0,0.0,882,2,1,1,211,Hibernating
C001855,,0.0,0.0,0.0,1046,2,1,1,211,Hibernating
C001856,,0.0,0.0,0.0,1020,2,1,1,211,Hibernating
C001857,,0.0,0.0,0.0,1634,1,1,1,111,Hibernating
C001858,,0.0,0.0,0.0,390,2,1,1,211,Hibernating
C001859,2025-11-26,11.0,45449.24,11370.97,35,4,5,5,455,Champions
C001860,2025-12-22,12.0,29305.03,8229.43,9,5,5,5,555,Champions
C001861,2025-04-09,1.0,1458.27,516.29,266,2,2,2,222,At Risk
C001862,2025-12-24,10.0,17117.68,3585.83,7,5,5,5,555,Champions
C001863,2025-12-24,13.0,31602.4,4958.93,7,5,5,5,555,Champions
C001864,,0.0,0.0,0.0,1563,1,1,1,111,Hibernating
C001865,2025-07-14,3.0,4787.7,1379.75,170,3,3,3,333,Need Attention
C001866,2025-11-05,8.0,19416.97,3635.75,56,3,5,5,355,Loyal Customers
C001867,,0.0,0.0,0.0,1118,1,1,1,111,Hibernating
C001868,2025-05-26,1.0,1756.15,26.53,219,2,2,2,222,At Risk
C001869,2025-12-24,9.0,21977.98,6663.65,7,5,5,5,555,Champions
C001870,2025-12-01,11.0,24137.35,6393.04,30,4,5,5,455,Champions
C001871,,0.0,0.0,0.0,1680,1,1,1,111,Hibernating
C001872,,0.0,0.0,0.0,1172,1,1,1,111,Hibernating
C001873,,0.0,0.0,0.0,687,2,1,1,211,Hibernating
C001874,,0.0,0.0,0.0,1090,2,1,1,211,Hibernating
C001875,2025-12-14,6.0,7075.5599999999995,1234.94,17,4,4,3,443,Loyal Customers
C001876,2025-12-24,3.0,3142.77,505.73,7,5,3,3,533,Potential Loyalists
C001877,,0.0,0.0,0.0,838,2,1,1,211,Hibernating
C001878,,0.0,0.0,0.0,601,2,1,1,211,Hibernating
C001879,2025-09-12,3.0,3197.35,467.76,110,3,3,3,333,Need Attention
C001880,2025-12-15,8.0,27856.61,3650.51,16,4,5,5,455,Champions
C001881,2025-09-03,4.0,8730.27,2466.44,119,3,4,4,344,Loyal Customers
C001882,2025-12-23,2.0,10692.84,2100.0499999999997,8,5,3,4,534,Potential Loyalists
C001883,2025-12-26,3.0,9594.75,1840.13,5,5,3,4,534,Potential Loyalists
C001884,2025-10-25,5.0,21328.54,5161.5599999999995,67,3,4,5,345,Loyal Customers
C001885,,0.0,0.0,0.0,1597,1,1,1,111,Hibernating
C001886,2025-11-10,7.0,15156.44,2424.86,51,3,5,4,354,Loyal Customers
C001887,2025-12-11,6.0,14178.400000000001,3605.18,20,4,4,4,444,Champions
C001888,2025-12-14,1.0,3418.32,697.84,17,4,2,3,423,Potential Loyalists
C001889,2025-12-18,5.0,14034.07,2245.01,13,5,4,4,544,Champions
C001890,,0.0,0.0,0.0,665,2,1,1,211,Hibernating
C001891,,0.0,0.0,0.0,1056,2,1,1,211,Hibernating
C001892,2025-11-12,14.0,39334.41,10548.61,49,3,5,5,355,Loyal Customers
C001893,,0.0,0.0,0.0,403,2,1,1,211,Hibernating
C001894,2025-11-25,3.0,5953.33,1492.33,36,4,3,3,433,Potential Loyalists
C001895,2025-08-16,1.0,933.09,68.28,137,3,2,2,322,Promising
C001896,,0.0,0.0,0.0,933,2,1,1,211,Hibernating
C001897,2025-12-23,3.0,11710.25,2378.81,8,5,3,4,534,Potential Loyalists
C001898,2025-10-03,4.0,10930.07,2616.89,89,3,4,4,344,Loyal Customers
C001899,,0.0,0.0,0.0,1588,1,1,1,111,Hibernating
C001900,2025-11-26,1.0,3110.68,278.16,35,4,2,3,423,Potential Loyalists
C001901,2025-12-26,5.0,11377.470000000001,2540.5,5,5,4,4,544,Champions
C001902,2025-12-21,20.0,45637.92,11275.67,10,5,5,5,555,Champions
C001903,2025-09-07,2.0,12404.24,2953.72,115,3,3,4,334,Need Attention
C001904,2025-11-27,2.0,2679.05,-38.69,34,4,3,3,433,Potential Loyalists
C001905,2025-09-06,2.0,4305.57,498.71000000000004,116,3,3,3,333,Need Attention
C001906,2025-05-19,1.0,2969.85,399.76,226,2,2,3,223,At Risk
C001907,,0.0,0.0,0.0,436,2,1,1,211,Hibernating
C001908,2025-12-06,2.0,3484.08,965.3199999999999,25,4,3,3,433,Potential Loyalists
C001909,2025-04-17,1.0,3368.34,269.58,258,2,2,3,223,At Risk
C001910,,0.0,0.0,0.0,476,2,1,1,211,Hibernating
C001911,2025-11-23,4.0,8756.22,2345.2799999999997,38,4,4,4,444,Champions
C001912,,0.0,0.0,0.0,877,2,1,1,211,Hibernating
C001913,2025-12-19,12.0,32349.68,4641.25,12,5,5,5,555,Champions
C001914,2025-12-13,6.0,15705.59,2397.13,18,4,4,4,444,Champions
C001915,2025-12-19,1.0,2089.8,63.12,12,5,2,2,522,Potential Loyalists
C001916,2025-04-23,2.0,8297.44,1447.98,252,2,3,4,234,Need Attention
C001917,,0.0,0.0,0.0,627,2,1,1,211,Hibernating
C001918,,0.0,0.0,0.0,1040,2,1,1,211,Hibernating
C001919,2025-12-21,13.0,39424.97,9854.04,10,5,5,5,555,Champions
C001920,2025-11-18,17.0,43547.98,10447.82,43,3,5,5,355,Loyal Customers
C001921,,0.0,0.0,0.0,1800,1,1,1,111,Hibernating
C001922,2025-10-05,11.0,19396.82,3996.09,87,3,5,5,355,Loyal Customers
C001923,2025-12-16,18.0,58755.11,13094.07,15,5,5,5,555,Champions
C001924,2025-11-20,5.0,10501.55,2138.19,41,4,4,4,444,Champions
C001925,2025-09-18,1.0,592.61,216.4,104,3,2,2,322,Promising
C001926,2025-11-24,6.0,25189.83,4857.96,37,4,4,5,445,Champions
C001927,2025-11-16,3.0,3207.42,703.88,45,3,3,3,333,Need Attention
C001928,2025-07-06,7.0,16763.16,4163.94,178,3,5,5,355,Loyal Customers
C001929,2025-10-09,5.0,12197.240000000002,3260.3500000000004,83,3,4,4,344,Loyal Customers
C001930,2025-10-08,6.0,12825.26,3428.34,84,3,4,4,344,Loyal Customers
C001931,,0.0,0.0,0.0,1443,1,1,1,111,Hibernating
C001932,,0.0,0.0,0.0,1367,1,1,1,111,Hibernating
C001933,2025-12-18,2.0,7300.9,506.98,13,5,3,3,533,Potential Loyalists
C001934,,0.0,0.0,0.0,718,2,1,1,211,Hibernating
C001935,2025-10-26,1.0,8465.21,1081.89,66,3,2,4,324,Promising
C001936,2025-12-23,18.0,49372.59,10737.13,8,5,5,5,555,Champions
C001937,,0.0,0.0,0.0,445,2,1,1,211,Hibernating
C001938,2025-11-27,1.0,395.19,86.05,34,4,2,2,422,Potential Loyalists
C001939,2025-11-16,8.0,18733.71,5513.110000000001,45,3,5,5,355,Loyal Customers
C001940,2025-12-06,3.0,4823.94,-108.30000000000001,25,4,3,3,433,Potential Loyalists
C001941,,0.0,0.0,0.0,639,2,1,1,211,Hibernating
C001942,2025-12-21,6.0,11300.59,2445.11,10,5,4,4,544,Champions
C001943,,0.0,0.0,0.0,1769,1,1,1,111,Hibernating
C001944,,0.0,0.0,0.0,826,2,1,1,211,Hibernating
C001945,,0.0,0.0,0.0,1308,1,1,1,111,Hibernating
C001946,2025-10-02,4.0,12385.43,2502.45,90,3,4,4,344,Loyal Customers
C001947,2025-11-22,7.0,15531.9,1476.5,39,4,5,4,454,Champions
C001948,,0.0,0.0,0.0,1077,2,1,1,211,Hibernating
C001949,2025-12-18,9.0,22312.04,4915.860000000001,13,5,5,5,555,Champions
C001950,,0.0,0.0,0.0,1472,1,1,1,111,Hibernating
C001951,,0.0,0.0,0.0,1440,1,1,1,111,Hibernating
C001952,2025-08-09,1.0,672.47,-64.81,144,3,2,2,322,Promising
C001953,2025-12-04,9.0,17230.31,4841.64,27,4,5,5,455,Champions
C001954,2025-12-11,2.0,4716.6,1110.84,20,4,3,3,433,Potential Loyalists
C001955,2025-11-05,15.0,41676.81,9482.45,56,3,5,5,355,Loyal Customers
C001956,2025-11-09,5.0,11882.26,1846.55,52,3,4,4,344,Loyal Customers
C001957,,0.0,0.0,0.0,1345,1,1,1,111,Hibernating
C001958,2025-12-20,16.0,41330.93,8139.620000000001,11,5,5,5,555,Champions
C001959,2025-12-19,8.0,11709.42,2165.46,12,5,5,4,554,Champions
C001960,,0.0,0.0,0.0,1486,1,1,1,111,Hibernating
C001961,2025-12-15,6.0,25055.100000000002,3838.92,16,4,4,5,445,Champions
C001962,2025-11-16,7.0,18577.46,5325.07,45,3,5,5,355,Loyal Customers
C001963,,0.0,0.0,0.0,380,2,1,1,211,Hibernating
C001964,,0.0,0.0,0.0,1110,1,1,1,111,Hibernating
C001965,2025-08-09,1.0,372.22,82.24,144,3,2,2,322,Promising
C001966,2025-05-26,1.0,3843.59,663.8,219,2,2,3,223,At Risk
C001967,,0.0,0.0,0.0,1336,1,1,1,111,Hibernating
C001968,2025-12-12,5.0,10303.71,1352.2,19,4,4,4,444,Champions
C001969,2025-09-16,3.0,5096.38,1769.5299999999997,106,3,3,3,333,Need Attention
C001970,2025-12-24,3.0,7541.95,2611.79,7,5,3,4,534,Potential Loyalists
C001971,2025-05-27,3.0,9253.49,1314.96,218,2,3,4,234,Need Attention
C001972,,0.0,0.0,0.0,1284,1,1,1,111,Hibernating
C001973,,0.0,0.0,0.0,1489,1,1,1,111,Hibernating
C001974,,0.0,0.0,0.0,1016,2,1,1,211,Hibernating
C001975,2025-12-02,15.0,56241.229999999996,17141.59,29,4,5,5,455,Champions
C001976,2025-06-16,3.0,3507.33,603.04,198,3,3,3,333,Need Attention
C001977,2025-02-07,2.0,2446.56,330.11,327,2,3,3,233,Need Attention
C001978,2025-12-14,4.0,11027.77,2628.92,17,4,4,4,444,Champions
C001979,,0.0,0.0,0.0,1498,1,1,1,111,Hibernating
C001980,2025-12-14,6.0,13095.17,2379.21,17,4,4,4,444,Champions
C001981,,0.0,0.0,0.0,956,2,1,1,211,Hibernating
C001982,2025-05-10,2.0,591.07,242.05,235,2,3,2,232,Need Attention
C001983,2025-01-09,1.0,310.74,112.99,356,2,2,2,222,At Risk
C001984,2025-12-15,4.0,7849.98,922.46,16,4,4,4,444,Champions
C001985,2025-12-25,14.0,42966.0,10389.16,6,5,5,5,555,Champions
C001986,,0.0,0.0,0.0,1277,1,1,1,111,Hibernating
C001987,2025-11-27,1.0,307.91,49.92,34,4,2,2,422,Potential Loyalists
C001988,2025-11-18,9.0,20154.519999999997,5966.7,43,3,5,5,355,Loyal Customers
C001989,,0.0,0.0,0.0,1101,2,1,1,211,Hibernating
C001990,,0.0,0.0,0.0,1820,1,1,1,111,Hibernating
C001991,,0.0,0.0,0.0,1060,2,1,1,211,Hibernating
C001992,2025-12-05,7.0,17286.17,1000.29,26,4,5,5,455,Champions
C001993,2025-11-09,5.0,7945.0,1828.51,52,3,4,4,344,Loyal Customers
C001994,2025-12-18,1.0,2278.1,158.24,13,5,2,3,523,Potential Loyalists
C001995,2025-12-14,7.0,15574.17,2243.15,17,4,5,4,454,Champions
C001996,2025-12-08,6.0,12011.79,2918.9,23,4,4,4,444,Champions
C001997,2025-11-10,3.0,2517.1400000000003,132.93,51,3,3,3,333,Need Attention
C001998,2025-12-18,13.0,39805.85,9202.9,13,5,5,5,555,Champions
C001999,2025-12-24,14.0,47625.95,10464.37,7,5,5,5,555,Champions
C002000,,0.0,0.0,0.0,1598,1,1,1,111,Hibernating
C002001,,0.0,0.0,0.0,1714,1,1,1,111,Hibernating
C002002,,0.0,0.0,0.0,412,2,1,1,211,Hibernating
C002003,2025-12-15,2.0,6024.99,380.1,16,4,3,3,433,Potential Loyalists
C002004,2025-10-13,6.0,8301.75,1565.46,79,3,4,4,344,Loyal Customers
C002005,2025-11-27,8.0,15983.65,1440.94,34,4,5,4,454,Champions
C002006,,0.0,0.0,0.0,392,2,1,1,211,Hibernating
C002007,2025-09-17,2.0,6465.57,931.4300000000001,105,3,3,3,333,Need Attention
C002008,2025-06-04,4.0,12305.38,709.48,210,2,4,4,244,Need Attention
C002009,2025-07-12,3.0,14751.869999999999,3825.41,172,3,3,4,334,Need Attention
C002010,,0.0,0.0,0.0,840,2,1,1,211,Hibernating
C002011,2025-10-21,6.0,9529.470000000001,1846.94,71,3,4,4,344,Loyal Customers
C002012,2025-11-20,11.0,23291.97,3211.17,41,4,5,5,455,Champions
C002013,2025-12-24,14.0,34930.56,9563.880000000001,7,5,5,5,555,Champions
C002014,2025-12-12,3.0,13856.279999999999,3366.1800000000003,19,4,3,4,434,Potential Loyalists
C002015,,0.0,0.0,0.0,1745,1,1,1,111,Hibernating
C002016,2025-10-12,2.0,4039.07,888.8299999999999,80,3,3,3,333,Need Attention
C002017,,0.0,0.0,0.0,407,2,1,1,211,Hibernating
C002018,2025-09-13,4.0,13033.6,3234.64,109,3,4,4,344,Loyal Customers
C002019,,0.0,0.0,0.0,1824,1,1,1,111,Hibernating
C002020,2025-08-13,7.0,14480.1,3991.75,140,3,5,4,354,Loyal Customers
C002021,2025-12-26,1.0,2845.25,685.67,5,5,2,3,523,Potential Loyalists
C002022,,0.0,0.0,0.0,1755,1,1,1,111,Hibernating
C002023,2025-08-05,1.0,0.0,0.0,148,3,2,1,321,Promising
C002024,2025-02-24,2.0,3310.41,625.24,310,2,3,3,233,Need Attention
C002025,,0.0,0.0,0.0,746,2,1,1,211,Hibernating
C002026,2025-12-14,9.0,7264.96,751.2099999999999,17,4,5,3,453,Loyal Customers
C002027,2025-09-19,4.0,9614.83,3028.76,103,3,4,4,344,Loyal Customers
C002028,2025-12-12,19.0,29000.58,7547.46,19,4,5,5,455,Champions
C002029,2025-09-11,3.0,4423.83,655.75,111,3,3,3,333,Need Attention
C002030,2025-12-13,7.0,17046.03,3867.71,18,4,5,5,455,Champions
C002031,2025-12-17,3.0,4547.0,667.5,14,5,3,3,533,Potential Loyalists
C002032,2025-12-18,2.0,3853.0299999999997,1328.3,13,5,3,3,533,Potential Loyalists
C002033,2025-12-07,7.0,20150.95,2547.3,24,4,5,5,455,Champions
C002034,2025-12-08,9.0,22592.44,3449.83,23,4,5,5,455,Champions
C002035,,0.0,0.0,0.0,911,2,1,1,211,Hibernating
C002036,2025-12-16,9.0,18884.72,3906.41,15,5,5,5,555,Champions
C002037,2025-12-07,7.0,13889.64,1287.26,24,4,5,4,454,Champions
C002038,2025-11-15,2.0,4314.429999999999,884.35,46,3,3,3,333,Need Attention
C002039,2025-03-16,3.0,7559.35,2589.94,290,2,3,4,234,Need Attention
C002040,2025-12-15,7.0,22247.64,3115.09,16,4,5,5,455,Champions
C002041,2025-09-12,4.0,9189.220000000001,1526.61,110,3,4,4,344,Loyal Customers
C002042,,0.0,0.0,0.0,392,2,1,1,211,Hibernating
C002043,,0.0,0.0,0.0,447,2,1,1,211,Hibernating
C002044,2025-12-15,5.0,11648.42,2803.64,16,4,4,4,444,Champions
C002045,2025-12-10,13.0,30656.88,7151.47,21,4,5,5,455,Champions
C002046,,0.0,0.0,0.0,775,2,1,1,211,Hibernating
C002047,2025-10-13,3.0,5508.98,1917.12,79,3,3,3,333,Need Attention
C002048,,0.0,0.0,0.0,893,2,1,1,211,Hibernating
C002049,,0.0,0.0,0.0,1726,1,1,1,111,Hibernating
C002050,2025-09-24,3.0,4161.219999999999,1218.39,98,3,3,3,333,Need Attention
C002051,,0.0,0.0,0.0,1613,1,1,1,111,Hibernating
C002052,2025-12-10,1.0,488.05,86.5,21,4,2,2,422,Potential Loyalists
C002053,,0.0,0.0,0.0,1499,1,1,1,111,Hibernating
C002054,2025-12-18,3.0,10021.34,2525.8599999999997,13,5,3,4,534,Potential Loyalists
C002055,2025-12-24,6.0,15484.77,5232.459999999999,7,5,4,4,544,Champions
C002056,2025-08-26,8.0,16853.989999999998,2850.1800000000003,127,3,5,5,355,Loyal Customers
C002057,,0.0,0.0,0.0,1354,1,1,1,111,Hibernating
C002058,2025-12-14,14.0,32503.85,7816.16,17,4,5,5,455,Champions
C002059,2025-01-18,1.0,550.77,259.81,347,2,2,2,222,At Risk
C002060,2025-12-02,8.0,13497.17,2616.94,29,4,5,4,454,Champions
C002061,2025-12-02,5.0,9470.93,1723.86,29,4,4,4,444,Champions
C002062,2025-03-19,1.0,2552.95,552.76,287,2,2,3,223,At Risk
C002063,,0.0,0.0,0.0,528,2,1,1,211,Hibernating
C002064,2025-11-08,7.0,19025.79,3643.4700000000003,53,3,5,5,355,Loyal Customers
C002065,2025-12-08,3.0,3822.09,585.97,23,4,3,3,433,Potential Loyalists
C002066,2025-12-01,3.0,5189.24,783.74,30,4,3,3,433,Potential Loyalists
C002067,,0.0,0.0,0.0,1482,1,1,1,111,Hibernating
C002068,,0.0,0.0,0.0,1575,1,1,1,111,Hibernating
C002069,2025-10-18,3.0,5255.030000000001,946.54,74,3,3,3,333,Need Attention
C002070,,0.0,0.0,0.0,1346,1,1,1,111,Hibernating
C002071,2025-11-17,5.0,10127.56,2753.62,44,3,4,4,344,Loyal Customers
C002072,,0.0,0.0,0.0,1345,1,1,1,111,Hibernating
C002073,2025-12-20,3.0,6724.29,1926.1499999999999,11,5,3,3,533,Potential Loyalists
C002074,2025-12-20,2.0,6244.21,464.31,11,5,3,3,533,Potential Loyalists
C002075,2025-12-21,16.0,48476.99,11513.07,10,5,5,5,555,Champions
C002076,,0.0,0.0,0.0,422,2,1,1,211,Hibernating
C002077,2025-03-13,2.0,994.6199999999999,62.42999999999999,293,2,3,2,232,Need Attention
C002078,,0.0,0.0,0.0,1489,1,1,1,111,Hibernating
C002079,,0.0,0.0,0.0,1170,1,1,1,111,Hibernating
C002080,2025-12-14,1.0,3127.53,802.64,17,4,2,3,423,Potential Loyalists
C002081,2025-10-15,2.0,1011.6500000000001,128.18,77,3,3,2,332,Need Attention
C002082,,0.0,0.0,0.0,1762,1,1,1,111,Hibernating
C002083,2025-12-24,6.0,14965.83,2720.46,7,5,4,4,544,Champions
C002084,2025-12-10,4.0,16061.509999999998,4347.83,21,4,4,4,444,Champions
C002085,,0.0,0.0,0.0,1563,1,1,1,111,Hibernating
C002086,2025-12-20,7.0,14820.2,3528.67,11,5,5,4,554,Champions
C002087,,0.0,0.0,0.0,1700,1,1,1,111,Hibernating
C002088,2025-08-14,3.0,5845.42,1064.9,139,3,3,3,333,Need Attention
C002089,,0.0,0.0,0.0,1266,1,1,1,111,Hibernating
C002090,,0.0,0.0,0.0,1122,1,1,1,111,Hibernating
C002091,,0.0,0.0,0.0,1148,1,1,1,111,Hibernating
C002092,2025-10-19,3.0,7163.76,2017.5900000000001,73,3,3,3,333,Need Attention
C002093,,0.0,0.0,0.0,798,2,1,1,211,Hibernating
C002094,2025-12-26,15.0,44285.049999999996,7793.5199999999995,5,5,5,5,555,Champions
C002095,,0.0,0.0,0.0,1444,1,1,1,111,Hibernating
C002096,2025-12-06,9.0,25257.98,3624.52,25,4,5,5,455,Champions
C002097,2025-10-11,7.0,14673.4,2138.26,81,3,5,4,354,Loyal Customers
C002098,2025-12-16,4.0,12388.83,1243.19,15,5,4,4,544,Champions
C002099,2025-12-05,2.0,4699.91,743.8299999999999,26,4,3,3,433,Potential Loyalists
C002100,,0.0,0.0,0.0,1669,1,1,1,111,Hibernating
C002101,2025-10-18,6.0,19093.46,2313.5499999999997,74,3,4,5,345,Loyal Customers
C002102,2025-12-17,5.0,7670.1,2442.81,14,5,4,4,544,Champions
C002103,,0.0,0.0,0.0,1393,1,1,1,111,Hibernating
C002104,2025-12-16,2.0,2334.01,374.07,15,5,3,3,533,Potential Loyalists
C002105,2025-12-20,1.0,603.37,-123.25,11,5,2,2,522,Potential Loyalists
C002106,2025-12-13,11.0,23408.46,5549.73,18,4,5,5,455,Champions
C002107,,0.0,0.0,0.0,935,2,1,1,211,Hibernating
C002108,2025-12-04,6.0,11951.7,3664.9300000000003,27,4,4,4,444,Champions
C002109,2025-06-14,1.0,3245.71,458.54,200,3,2,3,323,Promising
C002110,2025-08-11,1.0,543.25,141.7,142,3,2,2,322,Promising
C002111,2025-11-19,2.0,2927.54,478.28,42,4,3,3,433,Potential Loyalists
C002112,2025-08-21,3.0,13060.47,2773.2999999999997,132,3,3,4,334,Need Attention
C002113,,0.0,0.0,0.0,1505,1,1,1,111,Hibernating
C002114,2025-11-16,10.0,27464.88,6312.48,45,3,5,5,355,Loyal Customers
C002115,,0.0,0.0,0.0,1265,1,1,1,111,Hibernating
C002116,,0.0,0.0,0.0,1467,1,1,1,111,Hibernating
C002117,2025-12-03,8.0,16250.76,4697.44,28,4,5,4,454,Champions
C002118,2025-12-20,6.0,19072.22,3701.3599999999997,11,5,4,5,545,Champions
C002119,2025-12-18,14.0,29950.82,4467.67,13,5,5,5,555,Champions
C002120,2025-07-25,5.0,9375.59,2425.5299999999997,159,3,4,4,344,Loyal Customers
C002121,2025-12-27,19.0,48126.79,8385.58,4,5,5,5,555,Champions
C002122,,0.0,0.0,0.0,673,2,1,1,211,Hibernating
C002123,2025-11-02,5.0,7835.96,1554.69,59,3,4,4,344,Loyal Customers
C002124,2025-12-11,3.0,3931.23,865.3199999999999,20,4,3,3,433,Potential Loyalists
C002125,2025-12-18,4.0,4303.25,323.2,13,5,4,3,543,Loyal Customers
C002126,2025-11-03,8.0,20100.7,3617.11,58,3,5,5,355,Loyal Customers
C002127,2025-12-15,9.0,20249.920000000002,4571.43,16,4,5,5,455,Champions
C002128,2025-12-10,6.0,6979.12,1011.1899999999999,21,4,4,3,443,Loyal Customers
C002129,,0.0,0.0,0.0,449,2,1,1,211,Hibernating
C002130,2025-09-10,3.0,5598.92,1625.4099999999999,112,3,3,3,333,Need Attention
C002131,2025-12-24,6.0,5184.77,339.38,7,5,4,3,543,Loyal Customers
C002132,,0.0,0.0,0.0,1330,1,1,1,111,Hibernating
C002133,,0.0,0.0,0.0,619,2,1,1,211,Hibernating
C002134,,0.0,0.0,0.0,1629,1,1,1,111,Hibernating
C002135,2025-02-05,1.0,3758.62,1052.43,329,2,2,3,223,At Risk
C002136,2025-10-23,2.0,7877.12,1647.07,69,3,3,4,334,Need Attention
C002137,2025-04-15,1.0,5271.29,714.82,260,2,2,3,223,At Risk
C002138,,0.0,0.0,0.0,1016,2,1,1,211,Hibernating
C002139,,0.0,0.0,0.0,1382,1,1,1,111,Hibernating
C002140,,0.0,0.0,0.0,932,2,1,1,211,Hibernating
C002141,2025-12-26,2.0,5407.57,644.4399999999999,5,5,3,3,533,Potential Loyalists
C002142,2025-09-07,7.0,14171.26,3418.79,115,3,5,4,354,Loyal Customers
C002143,,0.0,0.0,0.0,1111,1,1,1,111,Hibernating
C002144,2025-12-20,7.0,21088.9,2946.71,11,5,5,5,555,Champions
C002145,2025-11-25,6.0,9390.35,2073.48,36,4,4,4,444,Champions
C002146,2025-11-26,1.0,0.0,0.0,35,4,2,1,421,Potential Loyalists
C002147,2025-12-23,3.0,4311.46,919.99,8,5,3,3,533,Potential Loyalists
C002148,2025-12-03,17.0,44665.67,11047.97,28,4,5,5,455,Champions
C002149,2025-08-04,1.0,1865.94,601.9,149,3,2,2,322,Promising
C002150,2025-11-26,10.0,16050.08,3542.54,35,4,5,4,454,Champions
C002151,,0.0,0.0,0.0,1629,1,1,1,111,Hibernating
C002152,2025-06-12,2.0,9383.5,1575.95,202,2,3,4,234,Need Attention
C002153,2025-12-25,5.0,12637.939999999999,2410.7400000000002,6,5,4,4,544,Champions
C002154,2025-11-23,3.0,5319.16,628.12,38,4,3,3,433,Potential Loyalists
C002155,,0.0,0.0,0.0,1567,1,1,1,111,Hibernating
C002156,2025-11-24,7.0,11748.029999999999,2922.1,37,4,5,4,454,Champions
C002157,,0.0,0.0,0.0,1152,1,1,1,111,Hibernating
C002158,2025-12-27,8.0,18672.76,2493.16,4,5,5,5,555,Champions
C002159,2025-12-26,21.0,63396.03,13060.51,5,5,5,5,555,Champions
C002160,,0.0,0.0,0.0,990,2,1,1,211,Hibernating
C002161,2025-11-16,6.0,16531.46,3379.48,45,3,4,5,345,Loyal Customers
C002162,,0.0,0.0,0.0,390,2,1,1,211,Hibernating
C002163,2025-11-07,8.0,17313.8,2118.93,54,3,5,5,355,Loyal Customers
C002164,,0.0,0.0,0.0,1117,1,1,1,111,Hibernating
C002165,2025-11-24,3.0,5346.04,1652.1599999999999,37,4,3,3,433,Potential Loyalists
C002166,,0.0,0.0,0.0,1376,1,1,1,111,Hibernating
C002167,2025-12-04,15.0,29428.59,6556.17,27,4,5,5,455,Champions
C002168,,0.0,0.0,0.0,1482,1,1,1,111,Hibernating
C002169,2025-11-12,4.0,13225.61,1514.63,49,3,4,4,344,Loyal Customers
C002170,2025-04-11,1.0,1710.74,211.61,264,2,2,2,222,At Risk
C002171,2025-12-13,2.0,3684.57,290.88,18,4,3,3,433,Potential Loyalists
C002172,2025-09-12,5.0,8193.43,967.14,110,3,4,4,344,Loyal Customers
C002173,2025-12-24,6.0,11541.17,2762.93,7,5,4,4,544,Champions
C002174,,0.0,0.0,0.0,755,2,1,1,211,Hibernating
C002175,2025-12-24,20.0,67953.84,20494.760000000002,7,5,5,5,555,Champions
C002176,2025-12-23,1.0,1310.63,253.57,8,5,2,2,522,Potential Loyalists
C002177,,0.0,0.0,0.0,1507,1,1,1,111,Hibernating
C002178,2025-07-23,2.0,2928.98,792.8599999999999,161,3,3,3,333,Need Attention
C002179,2025-12-23,1.0,3350.91,819.24,8,5,2,3,523,Potential Loyalists
C002180,,0.0,0.0,0.0,419,2,1,1,211,Hibernating
C002181,,0.0,0.0,0.0,477,2,1,1,211,Hibernating
C002182,2025-05-01,4.0,20042.39,4341.4400000000005,244,2,4,5,245,Need Attention
C002183,2025-11-23,3.0,6144.24,725.4399999999999,38,4,3,3,433,Potential Loyalists
C002184,2025-06-19,3.0,7606.68,1029.08,195,3,3,4,334,Need Attention
C002185,,0.0,0.0,0.0,389,2,1,1,211,Hibernating
C002186,2025-12-27,21.0,45763.06,9777.4,4,5,5,5,555,Champions
C002187,2025-12-25,6.0,21992.44,5100.29,6,5,4,5,545,Champions
C002188,2025-12-27,6.0,12378.09,3339.11,4,5,4,4,544,Champions
C002189,,0.0,0.0,0.0,759,2,1,1,211,Hibernating
C002190,2025-12-12,6.0,9849.66,988.89,19,4,4,4,444,Champions
C002191,2025-12-25,4.0,14768.07,1502.3,6,5,4,4,544,Champions
C002192,2025-12-17,10.0,24342.15,4974.82,14,5,5,5,555,Champions
C002193,,0.0,0.0,0.0,1119,1,1,1,111,Hibernating
C002194,,0.0,0.0,0.0,1470,1,1,1,111,Hibernating
C002195,2025-12-22,10.0,22773.42,6345.13,9,5,5,5,555,Champions
C002196,2025-11-27,14.0,37509.03,10046.59,34,4,5,5,455,Champions
C002197,,0.0,0.0,0.0,663,2,1,1,211,Hibernating
C002198,,0.0,0.0,0.0,1649,1,1,1,111,Hibernating
C002199,,0.0,0.0,0.0,779,2,1,1,211,Hibernating
C002200,2025-10-21,4.0,15706.0,3901.67,71,3,4,4,344,Loyal Customers
C002201,2025-12-06,20.0,43501.99,12435.26,25,4,5,5,455,Champions
C002202,,0.0,0.0,0.0,1633,1,1,1,111,Hibernating
C002203,,0.0,0.0,0.0,1457,1,1,1,111,Hibernating
C002204,,0.0,0.0,0.0,1640,1,1,1,111,Hibernating
C002205,2025-12-07,10.0,21409.99,5829.6900000000005,24,4,5,5,455,Champions
C002206,2025-11-10,2.0,7148.9400000000005,145.48000000000002,51,3,3,3,333,Need Attention
C002207,2025-12-27,4.0,12012.75,2855.89,4,5,4,4,544,Champions
C002208,2025-12-22,8.0,9446.17,1936.71,9,5,5,4,554,Champions
C002209,2025-12-26,6.0,14496.89,1705.1399999999999,5,5,4,4,544,Champions
C002210,2025-12-01,4.0,4360.33,1048.48,30,4,4,3,443,Loyal Customers
C002211,2025-12-25,4.0,6997.75,-176.33999999999997,6,5,4,3,543,Loyal Customers
C002212,2025-11-16,2.0,915.52,272.38,45,3,3,2,332,Need Attention
C002213,2025-12-08,19.0,56921.56,14480.75,23,4,5,5,455,Champions
C002214,2025-12-19,7.0,11619.84,2649.5,12,5,5,4,554,Champions
C002215,2025-08-07,1.0,5921.46,1785.1,146,3,2,3,323,Promising
C002216,2025-11-10,9.0,32667.56,7181.88,51,3,5,5,355,Loyal Customers
C002217,2025-12-20,3.0,6236.45,-144.42000000000002,11,5,3,3,533,Potential Loyalists
C002218,2025-11-12,6.0,11126.22,1775.72,49,3,4,4,344,Loyal Customers
C002219,,0.0,0.0,0.0,1529,1,1,1,111,Hibernating
C002220,2025-11-24,5.0,18155.29,4744.21,37,4,4,5,445,Champions
C002221,2025-11-11,9.0,39498.36,10494.36,50,3,5,5,355,Loyal Customers
C002222,2025-12-07,9.0,21196.66,6014.85,24,4,5,5,455,Champions
C002223,2025-10-04,6.0,11290.65,1583.12,88,3,4,4,344,Loyal Customers
C002224,2025-12-13,3.0,2515.25,391.46000000000004,18,4,3,3,433,Potential Loyalists
C002225,2025-11-03,2.0,787.6800000000001,46.53,58,3,3,2,332,Need Attention
C002226,2025-04-02,1.0,4846.41,1442.05,273,2,2,3,223,At Risk
C002227,2025-04-18,1.0,804.75,17.59,257,2,2,2,222,At Risk
C002228,2025-11-01,9.0,22729.94,5919.89,60,3,5,5,355,Loyal Customers
C002229,,0.0,0.0,0.0,393,2,1,1,211,Hibernating
C002230,2025-12-12,13.0,28265.92,8024.78,19,4,5,5,455,Champions
C002231,,0.0,0.0,0.0,1142,1,1,1,111,Hibernating
C002232,2025-12-26,7.0,18741.88,3544.8199999999997,5,5,5,5,555,Champions
C002233,,0.0,0.0,0.0,1242,1,1,1,111,Hibernating
C002234,2025-12-12,5.0,14473.55,4918.12,19,4,4,4,444,Champions
C002235,2025-08-19,4.0,6434.55,1796.3,134,3,4,3,343,Loyal Customers
C002236,2025-04-05,3.0,7524.77,1224.58,270,2,3,3,233,Need Attention
C002237,2025-11-27,6.0,9455.49,2017.5700000000002,34,4,4,4,444,Champions
C002238,,0.0,0.0,0.0,454,2,1,1,211,Hibernating
C002239,2025-10-09,5.0,26878.730000000003,7068.48,83,3,4,5,345,Loyal Customers
C002240,2025-10-03,4.0,15481.67,14.340000000000032,89,3,4,4,344,Loyal Customers
C002241,2025-12-18,6.0,7262.09,957.12,13,5,4,3,543,Loyal Customers
C002242,2025-11-02,2.0,4160.35,886.25,59,3,3,3,333,Need Attention
C002243,2025-12-15,15.0,45058.9,9785.11,16,4,5,5,455,Champions
C002244,2025-12-19,11.0,33967.17,11274.2,12,5,5,5,555,Champions
C002245,,0.0,0.0,0.0,1018,2,1,1,211,Hibernating
C002246,2025-12-17,3.0,5867.98,308.69,14,5,3,3,533,Potential Loyalists
C002247,,0.0,0.0,0.0,1694,1,1,1,111,Hibernating
C002248,,0.0,0.0,0.0,1666,1,1,1,111,Hibernating
C002249,2025-12-23,5.0,7231.450000000001,2089.6099999999997,8,5,4,3,543,Loyal Customers
C002250,2025-02-03,1.0,2857.37,533.32,331,2,2,3,223,At Risk
C002251,,0.0,0.0,0.0,463,2,1,1,211,Hibernating
C002252,2025-12-03,8.0,12166.56,2137.5499999999997,28,4,5,4,454,Champions
C002253,,0.0,0.0,0.0,1309,1,1,1,111,Hibernating
C002254,2025-12-15,2.0,3730.51,1081.03,16,4,3,3,433,Potential Loyalists
C002255,2025-12-13,18.0,62376.53,16949.100000000002,18,4,5,5,455,Champions
C002256,,0.0,0.0,0.0,1296,1,1,1,111,Hibernating
C002257,2025-10-25,6.0,22150.77,3701.58,67,3,4,5,345,Loyal Customers
C002258,2025-11-13,2.0,6818.1,742.45,48,3,3,3,333,Need Attention
C002259,2025-11-14,2.0,2155.94,589.93,47,3,3,3,333,Need Attention
C002260,,0.0,0.0,0.0,858,2,1,1,211,Hibernating
C002261,,0.0,0.0,0.0,830,2,1,1,211,Hibernating
C002262,,0.0,0.0,0.0,1661,1,1,1,111,Hibernating
C002263,2025-11-08,12.0,31154.45,5951.69,53,3,5,5,355,Loyal Customers
C002264,2025-12-19,7.0,8602.98,2062.74,12,5,5,4,554,Champions
C002265,2025-12-24,5.0,9092.31,498.59999999999997,7,5,4,4,544,Champions
C002266,2025-12-08,3.0,5275.81,989.89,23,4,3,3,433,Potential Loyalists
C002267,2025-12-24,6.0,8555.31,1692.09,7,5,4,4,544,Champions
C002268,,0.0,0.0,0.0,1424,1,1,1,111,Hibernating
C002269,,0.0,0.0,0.0,834,2,1,1,211,Hibernating
C002270,2025-04-17,1.0,2800.69,880.89,258,2,2,3,223,At Risk
C002271,2025-11-17,5.0,6634.53,1590.5900000000001,44,3,4,3,343,Loyal Customers
C002272,2025-12-17,9.0,15764.539999999999,2158.83,14,5,5,4,554,Champions
C002273,,0.0,0.0,0.0,993,2,1,1,211,Hibernating
C002274,,0.0,0.0,0.0,1017,2,1,1,211,Hibernating
C002275,2025-12-24,11.0,15560.76,2842.36,7,5,5,4,554,Champions
C002276,,0.0,0.0,0.0,1477,1,1,1,111,Hibernating
C002277,2025-12-09,2.0,2005.1999999999998,472.15,22,4,3,2,432,Potential Loyalists
C002278,,0.0,0.0,0.0,928,2,1,1,211,Hibernating
C002279,2025-12-21,14.0,27011.2,4173.08,10,5,5,5,555,Champions
C002280,,0.0,0.0,0.0,1143,1,1,1,111,Hibernating
C002281,2025-11-02,6.0,11447.83,2159.38,59,3,4,4,344,Loyal Customers
C002282,2025-03-25,1.0,8802.65,-853.51,281,2,2,4,224,At Risk
C002283,2025-11-13,5.0,7395.61,927.85,48,3,4,3,343,Loyal Customers
C002284,2025-10-14,8.0,14614.57,1617.3600000000001,78,3,5,4,354,Loyal Customers
C002285,2025-10-14,5.0,5722.01,602.14,78,3,4,3,343,Loyal Customers
C002286,2025-12-16,4.0,6002.99,1298.6,15,5,4,3,543,Loyal Customers
C002287,2025-12-09,6.0,19146.21,5723.54,22,4,4,5,445,Champions
C002288,2025-12-25,7.0,15267.11,1894.0300000000002,6,5,5,4,554,Champions
C002289,,0.0,0.0,0.0,370,2,1,1,211,Hibernating
C002290,2025-07-13,2.0,3331.38,382.01,171,3,3,3,333,Need Attention
C002291,2025-04-24,1.0,1052.97,188.16,251,2,2,2,222,At Risk
C002292,,0.0,0.0,0.0,413,2,1,1,211,Hibernating
C002293,,0.0,0.0,0.0,835,2,1,1,211,Hibernating
C002294,,0.0,0.0,0.0,386,2,1,1,211,Hibernating
C002295,2025-10-23,3.0,7583.42,2133.71,69,3,3,4,334,Need Attention
C002296,2025-12-17,7.0,11493.289999999999,715.4300000000001,14,5,5,4,554,Champions
C002297,2025-12-18,5.0,6311.07,480.5,13,5,4,3,543,Loyal Customers
C002298,,0.0,0.0,0.0,1025,2,1,1,211,Hibernating
C002299,2025-12-19,8.0,26398.92,5707.87,12,5,5,5,555,Champions
C002300,2025-07-09,2.0,456.39,146.58,175,3,3,2,332,Need Attention
C002301,2025-05-20,2.0,7468.82,2365.74,225,2,3,3,233,Need Attention
C002302,2025-12-21,13.0,31886.92,7645.04,10,5,5,5,555,Champions
C002303,,0.0,0.0,0.0,1322,1,1,1,111,Hibernating
C002304,,0.0,0.0,0.0,1324,1,1,1,111,Hibernating
C002305,2025-10-21,9.0,25490.97,6026.81,71,3,5,5,355,Loyal Customers
C002306,2025-12-27,8.0,14319.8,3782.15,4,5,5,4,554,Champions
C002307,,0.0,0.0,0.0,377,2,1,1,211,Hibernating
C002308,,0.0,0.0,0.0,378,2,1,1,211,Hibernating
C002309,2025-11-13,4.0,8802.619999999999,1994.2399999999998,48,3,4,4,344,Loyal Customers
C002310,,0.0,0.0,0.0,1208,1,1,1,111,Hibernating
C002311,2025-12-06,5.0,10885.29,1865.05,25,4,4,4,444,Champions
C002312,2025-12-09,1.0,606.24,-120.38,22,4,2,2,422,Potential Loyalists
C002313,,0.0,0.0,0.0,1479,1,1,1,111,Hibernating
C002314,2025-11-23,3.0,5780.51,1488.1599999999999,38,4,3,3,433,Potential Loyalists
C002315,2025-12-17,1.0,141.89,7.54,14,5,2,2,522,Potential Loyalists
C002316,,0.0,0.0,0.0,1307,1,1,1,111,Hibernating
C002317,2025-12-16,4.0,1590.81,299.75,15,5,4,2,542,Loyal Customers
C002318,,0.0,0.0,0.0,1202,1,1,1,111,Hibernating
C002319,2025-11-24,8.0,15062.689999999999,1484.06,37,4,5,4,454,Champions
C002320,,0.0,0.0,0.0,990,2,1,1,211,Hibernating
C002321,2025-09-24,4.0,8436.74,2224.23,98,3,4,4,344,Loyal Customers
C002322,2025-10-10,11.0,25701.35,5730.09,82,3,5,5,355,Loyal Customers
C002323,2025-12-05,5.0,9029.26,2018.84,26,4,4,4,444,Champions
C002324,2025-12-12,7.0,29980.5,7751.110000000001,19,4,5,5,455,Champions
C002325,2025-11-16,1.0,1132.22,-143.87,45,3,2,2,322,Promising
C002326,2025-11-03,5.0,10639.03,2946.21,58,3,4,4,344,Loyal Customers
C002327,,0.0,0.0,0.0,378,2,1,1,211,Hibernating
C002328,2025-06-26,4.0,12713.619999999999,2201.55,188,3,4,4,344,Loyal Customers
C002329,2025-12-23,7.0,12539.3,2626.6,8,5,5,4,554,Champions
C002330,2025-11-15,1.0,2986.09,50.78,46,3,2,3,323,Promising
C002331,,0.0,0.0,0.0,1210,1,1,1,111,Hibernating
C002332,2025-10-02,1.0,0.0,0.0,90,3,2,1,321,Promising
C002333,2025-12-16,3.0,4520.0,744.47,15,5,3,3,533,Potential Loyalists
C002334,2025-12-08,7.0,15970.44,3074.75,23,4,5,4,454,Champions
C002335,2025-11-10,4.0,10920.02,1294.51,51,3,4,4,344,Loyal Customers
C002336,2025-12-12,4.0,8241.1,2065.62,19,4,4,4,444,Champions
C002337,2025-12-15,3.0,10785.14,2575.01,16,4,3,4,434,Potential Loyalists
C002338,,0.0,0.0,0.0,867,2,1,1,211,Hibernating
C002339,2025-12-27,8.0,17230.600000000002,1048.59,4,5,5,5,555,Champions
C002340,2025-12-25,2.0,8440.79,1105.66,6,5,3,4,534,Potential Loyalists
C002341,2025-03-25,2.0,2564.81,695.48,281,2,3,3,233,Need Attention
C002342,2025-12-27,12.0,42539.23,9745.53,4,5,5,5,555,Champions
C002343,2025-12-14,18.0,59702.76,16401.09,17,4,5,5,455,Champions
C002344,2025-11-08,8.0,16345.029999999999,3641.05,53,3,5,4,354,Loyal Customers
C002345,2025-12-11,5.0,13236.580000000002,2835.21,20,4,4,4,444,Champions
C002346,,0.0,0.0,0.0,381,2,1,1,211,Hibernating
C002347,2025-12-25,7.0,15412.79,2654.56,6,5,5,4,554,Champions
C002348,,0.0,0.0,0.0,404,2,1,1,211,Hibernating
C002349,,0.0,0.0,0.0,928,2,1,1,211,Hibernating
C002350,2025-12-21,1.0,406.01,41.07,10,5,2,2,522,Potential Loyalists
C002351,,0.0,0.0,0.0,973,2,1,1,211,Hibernating
C002352,2025-06-03,1.0,2588.97,474.45,211,2,2,3,223,At Risk
C002353,2025-11-11,3.0,5244.85,357.49,50,3,3,3,333,Need Attention
C002354,,0.0,0.0,0.0,1511,1,1,1,111,Hibernating
C002355,,0.0,0.0,0.0,1071,2,1,1,211,Hibernating
C002356,2025-11-02,2.0,2457.53,617.77,59,3,3,3,333,Need Attention
C002357,,0.0,0.0,0.0,1582,1,1,1,111,Hibernating
C002358,,0.0,0.0,0.0,1348,1,1,1,111,Hibernating
C002359,2025-11-03,1.0,1709.41,92.02,58,3,2,2,322,Promising
C002360,,0.0,0.0,0.0,382,2,1,1,211,Hibernating
C002361,,0.0,0.0,0.0,380,2,1,1,211,Hibernating
C002362,,0.0,0.0,0.0,635,2,1,1,211,Hibernating
C002363,,0.0,0.0,0.0,1256,1,1,1,111,Hibernating
C002364,2025-12-01,3.0,3932.79,597.83,30,4,3,3,433,Potential Loyalists
C002365,,0.0,0.0,0.0,1181,1,1,1,111,Hibernating
C002366,2025-12-21,4.0,3052.5299999999997,635.16,10,5,4,3,543,Loyal Customers
C002367,2025-12-14,2.0,4660.26,52.92999999999999,17,4,3,3,433,Potential Loyalists
C002368,2025-12-21,6.0,13613.35,2382.56,10,5,4,4,544,Champions
C002369,2025-12-20,4.0,18562.67,6193.41,11,5,4,5,545,Champions
C002370,2025-12-15,12.0,24790.89,2169.08,16,4,5,5,455,Champions
C002371,,0.0,0.0,0.0,860,2,1,1,211,Hibernating
C002372,2025-11-21,5.0,20480.22,3908.45,40,4,4,5,445,Champions
C002373,2025-06-06,1.0,2300.36,735.36,208,2,2,3,223,At Risk
C002374,2025-12-19,2.0,4682.88,1104.63,12,5,3,3,533,Potential Loyalists
C002375,,0.0,0.0,0.0,1763,1,1,1,111,Hibernating
C002376,2025-12-21,6.0,11099.86,1227.25,10,5,4,4,544,Champions
C002377,2025-05-04,6.0,20832.84,4613.4,241,2,4,5,245,Need Attention
C002378,,0.0,0.0,0.0,1531,1,1,1,111,Hibernating
C002379,2025-08-15,2.0,5366.67,104.37000000000006,138,3,3,3,333,Need Attention
C002380,2025-04-21,3.0,3451.66,596.72,254,2,3,3,233,Need Attention
C002381,2025-04-11,4.0,4978.379999999999,1124.98,264,2,4,3,243,Need Attention
C002382,2025-12-05,3.0,8810.970000000001,1819.3700000000001,26,4,3,4,434,Potential Loyalists
C002383,2025-11-13,4.0,19122.370000000003,3276.75,48,3,4,5,345,Loyal Customers
C002384,2025-11-15,1.0,741.44,-45.96,46,3,2,2,322,Promising
C002385,,0.0,0.0,0.0,1602,1,1,1,111,Hibernating
C002386,2025-04-18,1.0,1419.85,223.47,257,2,2,2,222,At Risk
C002387,2025-11-01,6.0,7141.33,1501.93,60,3,4,3,343,Loyal Customers
C002388,2025-12-06,4.0,17056.27,4696.21,25,4,4,5,445,Champions
C002389,2025-06-11,5.0,9373.01,1729.02,203,2,4,4,244,Need Attention
C002390,2025-11-23,5.0,11333.18,2042.44,38,4,4,4,444,Champions
C002391,2025-11-20,12.0,33224.18,7930.8099999999995,41,4,5,5,455,Champions
C002392,,0.0,0.0,0.0,1695,1,1,1,111,Hibernating
C002393,,0.0,0.0,0.0,1071,2,1,1,211,Hibernating
C002394,,0.0,0.0,0.0,1117,1,1,1,111,Hibernating
C002395,2025-12-01,7.0,12583.29,1456.21,30,4,5,4,454,Champions
C002396,2025-12-23,3.0,8550.84,1406.87,8,5,3,4,534,Potential Loyalists
C002397,,0.0,0.0,0.0,1199,1,1,1,111,Hibernating
C002398,2025-11-03,7.0,13173.740000000002,3532.76,58,3,5,4,354,Loyal Customers
C002399,,0.0,0.0,0.0,970,2,1,1,211,Hibernating
C002400,,0.0,0.0,0.0,756,2,1,1,211,Hibernating
C002401,2025-12-23,1.0,1207.48,-85.86,8,5,2,2,522,Potential Loyalists
C002402,2025-12-21,7.0,10207.02,1672.16,10,5,5,4,554,Champions
C002403,2025-12-14,1.0,2492.68,821.57,17,4,2,3,423,Potential Loyalists
C002404,,0.0,0.0,0.0,375,2,1,1,211,Hibernating
C002405,2025-11-22,10.0,18412.17,4805.45,39,4,5,5,455,Champions
C002406,2025-12-13,4.0,17484.57,-1118.13,18,4,4,5,445,Champions
C002407,2025-12-17,3.0,8364.09,2298.29,14,5,3,4,534,Potential Loyalists
C002408,2025-12-20,8.0,14219.08,1610.9299999999998,11,5,5,4,554,Champions
C002409,,0.0,0.0,0.0,1821,1,1,1,111,Hibernating
C002410,2025-07-12,1.0,820.68,83.81,172,3,2,2,322,Promising
C002411,2025-01-20,1.0,11274.82,804.65,345,2,2,4,224,At Risk
C002412,,0.0,0.0,0.0,1558,1,1,1,111,Hibernating
C002413,2025-12-02,4.0,7597.84,1879.4,29,4,4,4,444,Champions
C002414,2025-12-21,11.0,30000.2,5728.42,10,5,5,5,555,Champions
C002415,2025-11-23,6.0,12061.15,2785.1499999999996,38,4,4,4,444,Champions
C002416,,0.0,0.0,0.0,777,2,1,1,211,Hibernating
C002417,2025-08-16,1.0,1118.79,162.98,137,3,2,2,322,Promising
C002418,2025-12-14,2.0,4180.09,466.29999999999995,17,4,3,3,433,Potential Loyalists
C002419,2025-12-25,1.0,1940.62,100.86,6,5,2,2,522,Potential Loyalists
C002420,,0.0,0.0,0.0,409,2,1,1,211,Hibernating
C002421,,0.0,0.0,0.0,1333,1,1,1,111,Hibernating
C002422,2025-08-16,1.0,5896.02,913.01,137,3,2,3,323,Promising
C002423,,0.0,0.0,0.0,682,2,1,1,211,Hibernating
C002424,2025-12-20,1.0,2039.76,101.98,11,5,2,2,522,Potential Loyalists
C002425,2025-01-21,1.0,2011.11,267.12,344,2,2,2,222,At Risk
C002426,2025-12-24,6.0,15455.7,2466.77,7,5,4,4,544,Champions
C002427,2025-12-09,3.0,11556.98,2470.21,22,4,3,4,434,Potential Loyalists
C002428,2025-06-16,2.0,5760.879999999999,1100.62,198,3,3,3,333,Need Attention
C002429,,0.0,0.0,0.0,1380,1,1,1,111,Hibernating
C002430,2025-12-27,5.0,13715.3,1626.99,4,5,4,4,544,Champions
C002431,,0.0,0.0,0.0,1213,1,1,1,111,Hibernating
C002432,2025-11-11,1.0,1817.07,45.0,50,3,2,2,322,Promising
C002433,2025-10-23,2.0,3137.73,1419.6499999999999,69,3,3,3,333,Need Attention
C002434,,0.0,0.0,0.0,1694,1,1,1,111,Hibernating
C002435,,0.0,0.0,0.0,1757,1,1,1,111,Hibernating
C002436,,0.0,0.0,0.0,1817,1,1,1,111,Hibernating
C002437,,0.0,0.0,0.0,928,2,1,1,211,Hibernating
C002438,2025-12-13,2.0,2711.06,235.61,18,4,3,3,433,Potential Loyalists
C002439,,0.0,0.0,0.0,417,2,1,1,211,Hibernating
C002440,2025-12-26,2.0,1352.0500000000002,262.02,5,5,3,2,532,Potential Loyalists
C002441,2025-11-24,11.0,31308.52,6494.27,37,4,5,5,455,Champions
C002442,,0.0,0.0,0.0,1140,1,1,1,111,Hibernating
C002443,2025-11-21,6.0,16988.71,3271.56,40,4,4,5,445,Champions
C002444,2025-12-26,6.0,10990.54,2411.42,5,5,4,4,544,Champions
C002445,2025-10-21,4.0,11473.33,2141.84,71,3,4,4,344,Loyal Customers
C002446,2025-02-03,1.0,1429.61,652.01,331,2,2,2,222,At Risk
C002447,2025-11-22,2.0,1027.3000000000002,171.61,39,4,3,2,432,Potential Loyalists
C002448,2025-12-25,5.0,17227.52,2861.45,6,5,4,5,545,Champions
C002449,2025-12-12,3.0,4236.12,818.44,19,4,3,3,433,Potential Loyalists
C002450,2025-12-05,21.0,53548.81,13024.95,26,4,5,5,455,Champions
C002451,2025-10-22,2.0,3468.87,640.36,70,3,3,3,333,Need Attention
C002452,,0.0,0.0,0.0,1306,1,1,1,111,Hibernating
C002453,2025-12-17,7.0,18015.68,5070.65,14,5,5,5,555,Champions
C002454,,0.0,0.0,0.0,1335,1,1,1,111,Hibernating
C002455,2025-08-21,1.0,413.05,122.09,132,3,2,2,322,Promising
C002456,2025-07-09,3.0,10914.5,4312.24,175,3,3,4,334,Need Attention
C002457,,0.0,0.0,0.0,906,2,1,1,211,Hibernating
C002458,2025-12-22,7.0,17051.76,4534.76,9,5,5,5,555,Champions
C002459,2025-12-27,4.0,22832.42,6659.200000000001,4,5,4,5,545,Champions
C002460,2025-12-16,17.0,39033.4,8346.18,15,5,5,5,555,Champions
C002461,,0.0,0.0,0.0,1277,1,1,1,111,Hibernating
C002462,2025-12-23,24.0,71570.38,17301.27,8,5,5,5,555,Champions
C002463,2025-12-14,12.0,22335.54,3572.3,17,4,5,5,455,Champions
C002464,2025-12-18,6.0,10664.28,2434.63,13,5,4,4,544,Champions
C002465,2025-12-15,2.0,3044.75,437.4,16,4,3,3,433,Potential Loyalists
C002466,2025-12-16,4.0,13505.990000000002,1756.06,15,5,4,4,544,Champions
C002467,2025-12-19,6.0,16189.35,826.43,12,5,4,4,544,Champions
C002468,2025-12-21,1.0,125.0,21.73,10,5,2,2,522,Potential Loyalists
C002469,,0.0,0.0,0.0,1412,1,1,1,111,Hibernating
C002470,2025-11-19,4.0,5455.46,2313.34,42,4,4,3,443,Loyal Customers
C002471,2025-09-20,1.0,3551.4,269.41,102,3,2,3,323,Promising
C002472,,0.0,0.0,0.0,1275,1,1,1,111,Hibernating
C002473,2025-12-09,2.0,1289.24,73.91,22,4,3,2,432,Potential Loyalists
C002474,2025-12-12,1.0,1633.25,208.59,19,4,2,2,422,Potential Loyalists
C002475,2025-12-21,5.0,16763.489999999998,4055.4700000000003,10,5,4,5,545,Champions
C002476,2025-12-16,2.0,8100.0,39.1099999999999,15,5,3,4,534,Potential Loyalists
C002477,2025-12-10,2.0,6167.41,524.54,21,4,3,3,433,Potential Loyalists
C002478,,0.0,0.0,0.0,1794,1,1,1,111,Hibernating
C002479,2025-12-07,14.0,28490.38,7962.1900000000005,24,4,5,5,455,Champions
C002480,,0.0,0.0,0.0,1636,1,1,1,111,Hibernating
C002481,2025-08-18,4.0,19134.25,2965.45,135,3,4,5,345,Loyal Customers
C002482,,0.0,0.0,0.0,928,2,1,1,211,Hibernating
C002483,2025-12-20,12.0,34302.78,7538.19,11,5,5,5,555,Champions
C002484,2025-11-16,2.0,2173.69,427.21000000000004,45,3,3,3,333,Need Attention
C002485,,0.0,0.0,0.0,777,2,1,1,211,Hibernating
C002486,2025-12-16,5.0,7657.19,1789.55,15,5,4,4,544,Champions
C002487,2025-12-18,5.0,12681.03,3322.2,13,5,4,4,544,Champions
C002488,2025-12-23,4.0,4724.61,660.36,8,5,4,3,543,Loyal Customers
C002489,,0.0,0.0,0.0,1114,1,1,1,111,Hibernating
C002490,,0.0,0.0,0.0,1324,1,1,1,111,Hibernating
C002491,2025-11-20,2.0,3233.68,1142.3500000000001,41,4,3,3,433,Potential Loyalists
C002492,2025-12-18,5.0,32222.35,5475.93,13,5,4,5,545,Champions
C002493,,0.0,0.0,0.0,965,2,1,1,211,Hibernating
C002494,2025-12-02,11.0,37522.34,11181.51,29,4,5,5,455,Champions
C002495,2025-09-17,1.0,1322.83,-73.78,105,3,2,2,322,Promising
C002496,2025-11-14,9.0,35806.090000000004,6256.7,47,3,5,5,355,Loyal Customers
C002497,2025-12-14,19.0,51946.979999999996,13393.880000000001,17,4,5,5,455,Champions
C002498,2025-12-24,5.0,12922.66,5471.12,7,5,4,4,544,Champions
C002499,2025-12-21,1.0,439.33,74.39,10,5,2,2,522,Potential Loyalists
C002500,2025-12-26,4.0,13445.33,2180.06,5,5,4,4,544,Champions
C002501,2025-12-20,10.0,35181.96,11127.14,11,5,5,5,555,Champions
C002502,,0.0,0.0,0.0,1203,1,1,1,111,Hibernating
C002503,2025-12-25,12.0,26860.739999999998,4572.62,6,5,5,5,555,Champions
C002504,,0.0,0.0,0.0,1673,1,1,1,111,Hibernating
C002505,,0.0,0.0,0.0,1604,1,1,1,111,Hibernating
C002506,,0.0,0.0,0.0,675,2,1,1,211,Hibernating
C002507,2025-11-20,3.0,8107.31,206.45,41,4,3,4,434,Potential Loyalists
C002508,2025-11-05,6.0,12866.92,1791.47,56,3,4,4,344,Loyal Customers
C002509,2025-11-16,8.0,19384.97,3568.8,45,3,5,5,355,Loyal Customers
C002510,2025-11-24,7.0,16972.83,3110.1,37,4,5,5,455,Champions
C002511,2025-12-25,6.0,24775.15,6916.51,6,5,4,5,545,Champions
C002512,2025-12-14,6.0,15619.279999999999,1027.0300000000002,17,4,4,4,444,Champions
C002513,2025-12-24,7.0,9161.4,1914.33,7,5,5,4,554,Champions
C002514,2025-12-16,18.0,49962.55,12958.52,15,5,5,5,555,Champions
C002515,,0.0,0.0,0.0,1115,1,1,1,111,Hibernating
C002516,2025-03-09,1.0,2913.76,721.88,297,2,2,3,223,At Risk
C002517,2025-12-27,5.0,17421.32,2796.42,4,5,4,5,545,Champions
C002518,2025-11-21,4.0,13151.55,935.88,40,4,4,4,444,Champions
C002519,2025-11-26,12.0,34006.07,6989.23,35,4,5,5,455,Champions
C002520,2025-10-10,5.0,14398.16,1576.13,82,3,4,4,344,Loyal Customers
C002521,2025-12-22,16.0,61601.62,11087.1,9,5,5,5,555,Champions
C002522,2025-12-26,11.0,29647.980000000003,7444.76,5,5,5,5,555,Champions
C002523,2025-05-22,5.0,15132.56,2889.85,223,2,4,4,244,Need Attention
C002524,2025-12-19,4.0,12919.619999999999,2784.8,12,5,4,4,544,Champions
C002525,2025-12-06,1.0,9406.17,1101.05,25,4,2,4,424,Potential Loyalists
C002526,2025-06-22,3.0,12664.61,1186.48,192,3,3,4,334,Need Attention
C002527,2025-11-22,10.0,15067.61,2749.23,39,4,5,4,454,Champions
C002528,2025-08-22,2.0,10836.77,3353.7799999999997,131,3,3,4,334,Need Attention
C002529,2025-12-10,4.0,21953.84,5110.28,21,4,4,5,445,Champions
C002530,2025-10-06,1.0,5126.62,984.17,86,3,2,3,323,Promising
C002531,2025-02-07,1.0,1726.08,618.74,327,2,2,2,222,At Risk
C002532,2025-12-24,7.0,14064.380000000001,4012.03,7,5,5,4,554,Champions
C002533,,0.0,0.0,0.0,1502,1,1,1,111,Hibernating
C002534,,0.0,0.0,0.0,1607,1,1,1,111,Hibernating
C002535,,0.0,0.0,0.0,1209,1,1,1,111,Hibernating
C002536,2025-10-21,3.0,8949.52,2230.1,71,3,3,4,334,Need Attention
C002537,2025-12-20,3.0,6464.61,1073.64,11,5,3,3,533,Potential Loyalists
C002538,2025-12-02,12.0,40784.95,7661.42,29,4,5,5,455,Champions
C002539,,0.0,0.0,0.0,1370,1,1,1,111,Hibernating
C002540,2025-12-01,2.0,7544.620000000001,-627.55,30,4,3,4,434,Potential Loyalists
C002541,2025-11-02,3.0,2905.74,342.72,59,3,3,3,333,Need Attention
C002542,2025-12-12,3.0,3429.9900000000002,332.6,19,4,3,3,433,Potential Loyalists
C002543,2025-11-01,3.0,6923.0599999999995,2031.31,60,3,3,3,333,Need Attention
C002544,,0.0,0.0,0.0,1123,1,1,1,111,Hibernating
C002545,2025-12-16,7.0,14870.16,1926.42,15,5,5,4,554,Champions
C002546,2025-12-14,5.0,8578.89,3156.9,17,4,4,4,444,Champions
C002547,2025-11-25,1.0,1805.14,-134.87,36,4,2,2,422,Potential Loyalists
C002548,2025-12-16,9.0,34853.12,9064.5,15,5,5,5,555,Champions
C002549,2025-12-19,7.0,25429.239999999998,3443.09,12,5,5,5,555,Champions
C002550,2025-10-21,6.0,10574.23,2587.54,71,3,4,4,344,Loyal Customers
C002551,2025-11-26,13.0,29898.12,7765.3,35,4,5,5,455,Champions
C002552,2025-08-18,2.0,2153.69,513.77,135,3,3,3,333,Need Attention
C002553,2025-11-16,4.0,7309.59,1795.81,45,3,4,3,343,Loyal Customers
C002554,2025-06-26,1.0,7617.9,2528.49,188,3,2,4,324,Promising
C002555,,0.0,0.0,0.0,923,2,1,1,211,Hibernating
C002556,2025-11-23,2.0,1853.93,587.57,38,4,3,2,432,Potential Loyalists
C002557,2025-12-22,8.0,36643.52,6260.84,9,5,5,5,555,Champions
C002558,,0.0,0.0,0.0,1148,1,1,1,111,Hibernating
C002559,2025-12-22,2.0,2378.68,499.51,9,5,3,3,533,Potential Loyalists
C002560,,0.0,0.0,0.0,1243,1,1,1,111,Hibernating
C002561,,0.0,0.0,0.0,1591,1,1,1,111,Hibernating
C002562,2025-11-26,12.0,27022.76,5569.37,35,4,5,5,455,Champions
C002563,,0.0,0.0,0.0,1690,1,1,1,111,Hibernating
C002564,2025-05-24,1.0,312.07,54.08,221,2,2,2,222,At Risk
C002565,2025-11-27,4.0,11182.220000000001,3194.38,34,4,4,4,444,Champions
C002566,,0.0,0.0,0.0,1053,2,1,1,211,Hibernating
C002567,2025-12-27,8.0,18328.5,3814.46,4,5,5,5,555,Champions
C002568,2025-12-23,15.0,29810.100000000002,7391.39,8,5,5,5,555,Champions
C002569,2025-09-07,7.0,17415.4,4275.85,115,3,5,5,355,Loyal Customers
C002570,2025-12-27,11.0,19168.44,3222.67,4,5,5,5,555,Champions
C002571,2025-12-22,8.0,23530.96,4022.69,9,5,5,5,555,Champions
C002572,,0.0,0.0,0.0,873,2,1,1,211,Hibernating
C002573,,0.0,0.0,0.0,849,2,1,1,211,Hibernating
C002574,2025-12-01,6.0,13579.37,3051.06,30,4,4,4,444,Champions
C002575,2025-11-16,2.0,4211.75,1196.0500000000002,45,3,3,3,333,Need Attention
C002576,2025-08-10,2.0,3722.0199999999995,47.349999999999994,143,3,3,3,333,Need Attention
C002577,2025-12-07,8.0,33397.07,5836.280000000001,24,4,5,5,455,Champions
C002578,2025-12-04,16.0,58942.590000000004,14816.14,27,4,5,5,455,Champions
C002579,2025-12-26,14.0,40624.52,10831.779999999999,5,5,5,5,555,Champions
C002580,2025-10-16,2.0,4130.84,1405.47,76,3,3,3,333,Need Attention
C002581,2025-02-07,1.0,0.0,0.0,327,2,2,1,221,At Risk
C002582,2025-12-22,2.0,6775.49,1120.31,9,5,3,3,533,Potential Loyalists
C002583,2025-12-19,3.0,8224.61,1380.6299999999999,12,5,3,4,534,Potential Loyalists
C002584,,0.0,0.0,0.0,1732,1,1,1,111,Hibernating
C002585,2025-12-26,4.0,12763.43,1290.61,5,5,4,4,544,Champions
C002586,2025-12-26,11.0,33056.29,6486.96,5,5,5,5,555,Champions
C002587,,0.0,0.0,0.0,1498,1,1,1,111,Hibernating
C002588,2025-12-16,18.0,33976.31,7580.8,15,5,5,5,555,Champions
C002589,2025-12-26,6.0,10800.12,1041.8300000000002,5,5,4,4,544,Champions
C002590,2025-12-12,14.0,36402.16,11001.81,19,4,5,5,455,Champions
C002591,2025-11-26,2.0,3211.55,1053.79,35,4,3,3,433,Potential Loyalists
C002592,2025-06-21,7.0,20997.949999999997,2989.1,193,3,5,5,355,Loyal Customers
C002593,2025-02-20,3.0,1164.08,334.8,314,2,3,2,232,Need Attention
C002594,,0.0,0.0,0.0,1514,1,1,1,111,Hibernating
C002595,2025-12-27,7.0,16768.96,2436.74,4,5,5,5,555,Champions
C002596,2025-12-24,4.0,4332.57,884.1600000000001,7,5,4,3,543,Loyal Customers
C002597,2025-04-12,2.0,2294.48,617.0999999999999,263,2,3,3,233,Need Attention
C002598,2025-10-25,3.0,12235.31,3511.8500000000004,67,3,3,4,334,Need Attention
C002599,,0.0,0.0,0.0,1299,1,1,1,111,Hibernating
C002600,2025-12-07,1.0,534.38,-15.09,24,4,2,2,422,Potential Loyalists
C002601,,0.0,0.0,0.0,1725,1,1,1,111,Hibernating
C002602,2025-02-19,1.0,4203.31,843.05,315,2,2,3,223,At Risk
C002603,2025-12-06,1.0,1008.74,150.13,25,4,2,2,422,Potential Loyalists
C002604,2025-12-18,6.0,6656.55,916.41,13,5,4,3,543,Loyal Customers
C002605,,0.0,0.0,0.0,1324,1,1,1,111,Hibernating
C002606,2025-11-22,2.0,4282.82,623.42,39,4,3,3,433,Potential Loyalists
C002607,,0.0,0.0,0.0,479,2,1,1,211,Hibernating
C002608,2025-11-25,7.0,11780.48,2759.14,36,4,5,4,454,Champions
C002609,,0.0,0.0,0.0,453,2,1,1,211,Hibernating
C002610,2025-12-20,9.0,13667.25,3147.54,11,5,5,4,554,Champions
C002611,,0.0,0.0,0.0,1702,1,1,1,111,Hibernating
C002612,2025-09-03,5.0,18287.68,3911.66,119,3,4,5,345,Loyal Customers
C002613,2025-01-18,2.0,1649.74,481.21999999999997,347,2,3,2,232,Need Attention
C002614,2025-09-07,11.0,26426.510000000002,4300.4800000000005,115,3,5,5,355,Loyal Customers
C002615,2025-12-11,13.0,33348.04,4549.19,20,4,5,5,455,Champions
C002616,2025-12-18,13.0,41364.84,9553.35,13,5,5,5,555,Champions
C002617,,0.0,0.0,0.0,1413,1,1,1,111,Hibernating
C002618,2025-01-04,1.0,742.7,96.03,361,2,2,2,222,At Risk
C002619,2025-12-18,4.0,5684.18,1040.3899999999999,13,5,4,3,543,Loyal Customers
C002620,,0.0,0.0,0.0,1016,2,1,1,211,Hibernating
C002621,2025-12-03,1.0,1904.48,432.35,28,4,2,2,422,Potential Loyalists
C002622,2025-11-19,11.0,23504.7,4501.82,42,4,5,5,455,Champions
C002623,,0.0,0.0,0.0,1390,1,1,1,111,Hibernating
C002624,2025-12-14,7.0,18220.760000000002,3827.15,17,4,5,5,455,Champions
C002625,2025-08-27,5.0,26232.16,4751.02,126,3,4,5,345,Loyal Customers
C002626,2025-08-20,1.0,1143.9,-142.53,133,3,2,2,322,Promising
C002627,,0.0,0.0,0.0,1612,1,1,1,111,Hibernating
C002628,2025-12-14,10.0,21134.88,5727.16,17,4,5,5,455,Champions
C002629,2025-11-24,8.0,18029.77,3550.75,37,4,5,5,455,Champions
C002630,2025-12-24,12.0,22606.89,3205.07,7,5,5,5,555,Champions
C002631,2025-12-11,6.0,17137.38,3290.19,20,4,4,5,445,Champions
C002632,2025-11-22,11.0,33588.729999999996,8029.78,39,4,5,5,455,Champions
C002633,2025-12-13,1.0,941.7,243.66,18,4,2,2,422,Potential Loyalists
C002634,,0.0,0.0,0.0,1512,1,1,1,111,Hibernating
C002635,2025-11-17,1.0,3169.07,544.38,44,3,2,3,323,Promising
C002636,2025-09-07,1.0,4597.91,1300.5,115,3,2,3,323,Promising
C002637,,0.0,0.0,0.0,1061,2,1,1,211,Hibernating
C002638,,0.0,0.0,0.0,483,2,1,1,211,Hibernating
C002639,,0.0,0.0,0.0,1728,1,1,1,111,Hibernating
C002640,,0.0,0.0,0.0,1512,1,1,1,111,Hibernating
C002641,,0.0,0.0,0.0,797,2,1,1,211,Hibernating
C002642,2025-12-13,1.0,3934.76,280.57,18,4,2,3,423,Potential Loyalists
C002643,2025-08-10,11.0,32597.52,10480.1,143,3,5,5,355,Loyal Customers
C002644,,0.0,0.0,0.0,370,2,1,1,211,Hibernating
C002645,2025-05-03,3.0,6903.07,1095.96,242,2,3,3,233,Need Attention
C002646,,0.0,0.0,0.0,1691,1,1,1,111,Hibernating
C002647,2025-12-07,4.0,9562.06,2407.46,24,4,4,4,444,Champions
C002648,2025-08-19,3.0,13386.279999999999,2214.99,134,3,3,4,334,Need Attention
C002649,2025-12-05,9.0,23343.56,4474.34,26,4,5,5,455,Champions
C002650,2025-12-09,6.0,20863.45,5814.18,22,4,4,5,445,Champions
C002651,,0.0,0.0,0.0,1694,1,1,1,111,Hibernating
C002652,2025-12-11,9.0,22564.18,6408.99,20,4,5,5,455,Champions
C002653,2025-12-26,10.0,16145.119999999999,2932.13,5,5,5,4,554,Champions
C002654,,0.0,0.0,0.0,724,2,1,1,211,Hibernating
C002655,2025-12-17,2.0,3945.25,304.88,14,5,3,3,533,Potential Loyalists
C002656,,0.0,0.0,0.0,1727,1,1,1,111,Hibernating
C002657,2025-11-19,8.0,14627.64,2808.16,42,4,5,4,454,Champions
C002658,,0.0,0.0,0.0,1319,1,1,1,111,Hibernating
C002659,2025-10-20,5.0,13727.2,2822.95,72,3,4,4,344,Loyal Customers
C002660,2025-05-25,2.0,2324.9,246.42000000000002,220,2,3,3,233,Need Attention
C002661,2025-12-23,3.0,7416.92,1462.68,8,5,3,3,533,Potential Loyalists
C002662,2025-04-15,1.0,3044.86,822.91,260,2,2,3,223,At Risk
C002663,2025-12-27,2.0,7571.72,1114.44,4,5,3,4,534,Potential Loyalists
C002664,2025-12-12,3.0,6346.369999999999,1286.5700000000002,19,4,3,3,433,Potential Loyalists
C002665,2025-12-20,1.0,744.69,50.16,11,5,2,2,522,Potential Loyalists
C002666,,0.0,0.0,0.0,1454,1,1,1,111,Hibernating
C002667,2025-02-19,1.0,0.0,0.0,315,2,2,1,221,At Risk
C002668,2025-12-05,4.0,4257.6900000000005,736.66,26,4,4,3,443,Loyal Customers
C002669,2025-11-06,11.0,31942.200000000004,6835.33,55,3,5,5,355,Loyal Customers
C002670,2025-11-04,4.0,7265.47,1088.33,57,3,4,3,343,Loyal Customers
C002671,2025-12-23,5.0,16570.68,5156.650000000001,8,5,4,5,545,Champions
C002672,,0.0,0.0,0.0,1226,1,1,1,111,Hibernating
C002673,,0.0,0.0,0.0,1702,1,1,1,111,Hibernating
C002674,,0.0,0.0,0.0,1484,1,1,1,111,Hibernating
C002675,2025-11-24,4.0,5087.44,994.49,37,4,4,3,443,Loyal Customers
C002676,2025-08-14,1.0,0.0,0.0,139,3,2,1,321,Promising
C002677,,0.0,0.0,0.0,1357,1,1,1,111,Hibernating
C002678,2025-12-23,7.0,17506.46,4204.31,8,5,5,5,555,Champions
C002679,2025-12-27,12.0,28038.83,6111.08,4,5,5,5,555,Champions
C002680,2025-11-25,7.0,18980.67,4330.25,36,4,5,5,455,Champions
C002681,2025-12-20,4.0,11177.529999999999,2446.32,11,5,4,4,544,Champions
C002682,,0.0,0.0,0.0,767,2,1,1,211,Hibernating
C002683,2025-12-26,3.0,11913.31,576.44,5,5,3,4,534,Potential Loyalists
C002684,2025-12-10,4.0,12798.25,4429.96,21,4,4,4,444,Champions
C002685,2025-12-26,8.0,24397.63,3462.61,5,5,5,5,555,Champions
C002686,2025-12-17,1.0,1741.55,211.17,14,5,2,2,522,Potential Loyalists
C002687,2025-09-24,2.0,2534.5299999999997,475.33000000000004,98,3,3,3,333,Need Attention
C002688,2025-11-01,1.0,2447.08,-11.48,60,3,2,3,323,Promising
C002689,,0.0,0.0,0.0,1198,1,1,1,111,Hibernating
C002690,2025-11-23,4.0,9428.62,2459.1499999999996,38,4,4,4,444,Champions
C002691,,0.0,0.0,0.0,1366,1,1,1,111,Hibernating
C002692,2025-11-20,2.0,5941.74,1025.99,41,4,3,3,433,Potential Loyalists
C002693,,0.0,0.0,0.0,1674,1,1,1,111,Hibernating
C002694,2025-12-24,6.0,8136.56,451.67,7,5,4,4,544,Champions
C002695,2025-08-11,2.0,1253.69,539.05,142,3,3,2,332,Need Attention
C002696,,0.0,0.0,0.0,1705,1,1,1,111,Hibernating
C002697,2025-11-14,3.0,1285.35,362.37,47,3,3,2,332,Need Attention
C002698,,0.0,0.0,0.0,1298,1,1,1,111,Hibernating
C002699,2025-12-10,16.0,40357.14,9870.98,21,4,5,5,455,Champions
C002700,,0.0,0.0,0.0,789,2,1,1,211,Hibernating
C002701,,0.0,0.0,0.0,547,2,1,1,211,Hibernating
C002702,2025-04-17,4.0,4826.35,1621.78,258,2,4,3,243,Need Attention
C002703,2025-12-05,1.0,0.0,0.0,26,4,2,1,421,Potential Loyalists
C002704,2025-11-23,6.0,19247.68,2720.83,38,4,4,5,445,Champions
C002705,2025-12-11,14.0,42763.229999999996,12343.59,20,4,5,5,455,Champions
C002706,2025-12-22,1.0,1436.24,142.9,9,5,2,2,522,Potential Loyalists
C002707,2025-10-01,3.0,8136.12,1976.47,91,3,3,4,334,Need Attention
C002708,2025-12-19,5.0,19906.35,3201.2599999999998,12,5,4,5,545,Champions
C002709,2025-09-08,1.0,5789.08,1862.23,114,3,2,3,323,Promising
C002710,,0.0,0.0,0.0,1279,1,1,1,111,Hibernating
C002711,2025-12-11,1.0,3026.51,116.69,20,4,2,3,423,Potential Loyalists
C002712,2025-11-26,10.0,31580.14,7489.78,35,4,5,5,455,Champions
C002713,,0.0,0.0,0.0,1391,1,1,1,111,Hibernating
C002714,2025-12-16,5.0,11185.29,3311.4700000000003,15,5,4,4,544,Champions
C002715,2025-09-26,7.0,18591.16,4277.13,96,3,5,5,355,Loyal Customers
C002716,2025-12-03,5.0,13930.01,3404.02,28,4,4,4,444,Champions
C002717,2025-12-23,10.0,31109.8,6177.549999999999,8,5,5,5,555,Champions
C002718,2025-11-25,1.0,4866.7,533.94,36,4,2,3,423,Potential Loyalists
C002719,,0.0,0.0,0.0,1121,1,1,1,111,Hibernating
C002720,,0.0,0.0,0.0,1171,1,1,1,111,Hibernating
C002721,2025-12-16,3.0,9441.5,1127.47,15,5,3,4,534,Potential Loyalists
C002722,2025-11-14,2.0,3514.21,265.57,47,3,3,3,333,Need Attention
C002723,,0.0,0.0,0.0,1017,2,1,1,211,Hibernating
C002724,2025-12-26,2.0,4752.56,1552.67,5,5,3,3,533,Potential Loyalists
C002725,2025-04-23,7.0,20745.56,4689.15,252,2,5,5,255,Need Attention
C002726,2025-06-18,4.0,4634.57,1756.61,196,3,4,3,343,Loyal Customers
C002727,2025-10-20,10.0,40785.57,9891.5,72,3,5,5,355,Loyal Customers
C002728,2025-04-11,3.0,9719.98,1687.7800000000002,264,2,3,4,234,Need Attention
C002729,,0.0,0.0,0.0,1715,1,1,1,111,Hibernating
C002730,,0.0,0.0,0.0,1728,1,1,1,111,Hibernating
C002731,2025-07-03,2.0,5177.4,1390.74,181,3,3,3,333,Need Attention
C002732,2025-07-21,2.0,4199.96,312.77,163,3,3,3,333,Need Attention
C002733,2025-03-27,1.0,1176.3,-17.98,279,2,2,2,222,At Risk
C002734,2025-12-24,3.0,4044.2799999999997,644.81,7,5,3,3,533,Potential Loyalists
C002735,2025-04-24,3.0,3883.1400000000003,1240.1,251,2,3,3,233,Need Attention
C002736,2025-11-04,5.0,17179.97,4324.33,57,3,4,5,345,Loyal Customers
C002737,,0.0,0.0,0.0,1503,1,1,1,111,Hibernating
C002738,,0.0,0.0,0.0,1466,1,1,1,111,Hibernating
C002739,,0.0,0.0,0.0,1620,1,1,1,111,Hibernating
C002740,2025-12-14,12.0,33181.35,8773.75,17,4,5,5,455,Champions
C002741,2025-10-06,9.0,23977.08,6946.77,86,3,5,5,355,Loyal Customers
C002742,2025-11-12,2.0,3741.7300000000005,446.75,49,3,3,3,333,Need Attention
C002743,2025-12-19,7.0,22654.510000000002,5475.59,12,5,5,5,555,Champions
C002744,,0.0,0.0,0.0,1411,1,1,1,111,Hibernating
C002745,2025-12-21,10.0,30346.18,4903.24,10,5,5,5,555,Champions
C002746,2025-09-19,1.0,856.09,209.42,103,3,2,2,322,Promising
C002747,2025-11-25,6.0,16918.81,3452.72,36,4,4,5,445,Champions
C002748,,0.0,0.0,0.0,1489,1,1,1,111,Hibernating
C002749,,0.0,0.0,0.0,646,2,1,1,211,Hibernating
C002750,2025-12-13,17.0,39654.78,9323.5,18,4,5,5,455,Champions
C002751,2025-06-25,6.0,24535.73,6097.9400000000005,189,3,4,5,345,Loyal Customers
C002752,,0.0,0.0,0.0,1382,1,1,1,111,Hibernating
C002753,2025-12-15,15.0,49644.28,11838.66,16,4,5,5,455,Champions
C002754,2025-11-27,9.0,31771.93,7756.03,34,4,5,5,455,Champions
C002755,2025-10-02,5.0,15562.529999999999,2462.15,90,3,4,4,344,Loyal Customers
C002756,,0.0,0.0,0.0,1154,1,1,1,111,Hibernating
C002757,,0.0,0.0,0.0,1301,1,1,1,111,Hibernating
C002758,2025-06-18,1.0,5349.91,839.93,196,3,2,3,323,Promising
C002759,,0.0,0.0,0.0,1134,1,1,1,111,Hibernating
C002760,,0.0,0.0,0.0,1122,1,1,1,111,Hibernating
C002761,,0.0,0.0,0.0,386,2,1,1,211,Hibernating
C002762,2025-12-24,10.0,29324.92,6002.17,7,5,5,5,555,Champions
C002763,2025-12-25,17.0,38601.91,7824.21,6,5,5,5,555,Champions
C002764,,0.0,0.0,0.0,963,2,1,1,211,Hibernating
C002765,2025-12-19,10.0,34040.05,8029.02,12,5,5,5,555,Champions
C002766,2025-12-16,5.0,14362.4,721.54,15,5,4,4,544,Champions
C002767,,0.0,0.0,0.0,1477,1,1,1,111,Hibernating
C002768,2025-12-24,10.0,42630.57,7794.820000000001,7,5,5,5,555,Champions
C002769,2025-11-18,3.0,4741.85,1207.75,43,3,3,3,333,Need Attention
C002770,2025-12-27,6.0,8896.43,1285.8400000000001,4,5,4,4,544,Champions
C002771,2025-11-03,5.0,6693.72,1271.17,58,3,4,3,343,Loyal Customers
C002772,2025-05-25,1.0,2110.95,800.06,220,2,2,3,223,At Risk
C002773,2025-12-24,1.0,739.23,1.95,7,5,2,2,522,Potential Loyalists
C002774,2025-05-27,5.0,12049.22,2534.64,218,2,4,4,244,Need Attention
C002775,,0.0,0.0,0.0,527,2,1,1,211,Hibernating
C002776,,0.0,0.0,0.0,379,2,1,1,211,Hibernating
C002777,,0.0,0.0,0.0,1294,1,1,1,111,Hibernating
C002778,2025-04-03,1.0,2481.46,637.43,272,2,2,3,223,At Risk
C002779,2025-12-03,3.0,6920.77,1269.62,28,4,3,3,433,Potential Loyalists
C002780,2025-11-18,3.0,10117.28,1610.56,43,3,3,4,334,Need Attention
C002781,2025-12-08,1.0,5762.97,553.13,23,4,2,3,423,Potential Loyalists
C002782,,0.0,0.0,0.0,1316,1,1,1,111,Hibernating
C002783,2025-08-21,4.0,10439.1,2644.68,132,3,4,4,344,Loyal Customers
C002784,2025-03-16,1.0,3244.31,629.18,290,2,2,3,223,At Risk
C002785,2025-02-02,2.0,4144.34,1090.43,332,2,3,3,233,Need Attention
C002786,,0.0,0.0,0.0,1050,2,1,1,211,Hibernating
C002787,2025-05-19,1.0,2694.05,486.09,226,2,2,3,223,At Risk
C002788,2025-12-16,6.0,15935.57,1274.86,15,5,4,4,544,Champions
C002789,,0.0,0.0,0.0,1517,1,1,1,111,Hibernating
C002790,2025-12-14,7.0,21314.71,5763.14,17,4,5,5,455,Champions
C002791,2025-12-19,5.0,7610.219999999999,1169.2,12,5,4,4,544,Champions
C002792,,0.0,0.0,0.0,1186,1,1,1,111,Hibernating
C002793,2025-04-25,1.0,2725.53,587.77,250,2,2,3,223,At Risk
C002794,,0.0,0.0,0.0,1199,1,1,1,111,Hibernating
C002795,2025-06-07,1.0,6783.76,1471.49,207,2,2,3,223,At Risk
C002796,,0.0,0.0,0.0,1077,2,1,1,211,Hibernating
C002797,2025-11-10,5.0,9401.689999999999,1057.37,51,3,4,4,344,Loyal Customers
C002798,2025-12-22,10.0,18947.190000000002,3986.33,9,5,5,5,555,Champions
C002799,,0.0,0.0,0.0,1366,1,1,1,111,Hibernating
C002800,,0.0,0.0,0.0,512,2,1,1,211,Hibernating
C002801,2025-12-10,4.0,9472.25,718.12,21,4,4,4,444,Champions
C002802,,0.0,0.0,0.0,1595,1,1,1,111,Hibernating
C002803,2025-04-08,1.0,601.27,199.72,267,2,2,2,222,At Risk
C002804,2025-12-12,12.0,34006.38,6697.2,19,4,5,5,455,Champions
C002805,2025-09-08,1.0,4161.64,838.84,114,3,2,3,323,Promising
C002806,2025-12-14,1.0,978.3,236.91,17,4,2,2,422,Potential Loyalists
C002807,,0.0,0.0,0.0,1622,1,1,1,111,Hibernating
C002808,2025-02-27,1.0,2794.63,1047.86,307,2,2,3,223,At Risk
C002809,2025-09-24,4.0,8968.82,2413.14,98,3,4,4,344,Loyal Customers
C002810,2025-12-19,18.0,60549.64,17907.76,12,5,5,5,555,Champions
C002811,,0.0,0.0,0.0,1812,1,1,1,111,Hibernating
C002812,,0.0,0.0,0.0,991,2,1,1,211,Hibernating
C002813,2025-02-26,2.0,1484.02,300.05,308,2,3,2,232,Need Attention
C002814,,0.0,0.0,0.0,1353,1,1,1,111,Hibernating
C002815,2025-10-27,1.0,902.69,251.33,65,3,2,2,322,Promising
C002816,,0.0,0.0,0.0,1448,1,1,1,111,Hibernating
C002817,2025-11-13,3.0,6869.31,1561.1799999999998,48,3,3,3,333,Need Attention
C002818,2025-12-24,6.0,14312.61,1089.36,7,5,4,4,544,Champions
C002819,2025-09-25,2.0,3110.19,603.12,97,3,3,3,333,Need Attention
C002820,,0.0,0.0,0.0,798,2,1,1,211,Hibernating
C002821,2025-12-21,8.0,11688.31,2759.18,10,5,5,4,554,Champions
C002822,2025-12-21,14.0,53020.81,10298.73,10,5,5,5,555,Champions
C002823,2025-11-26,13.0,23620.95,4634.96,35,4,5,5,455,Champions
C002824,,0.0,0.0,0.0,1482,1,1,1,111,Hibernating
C002825,2025-12-16,4.0,4990.83,125.6,15,5,4,3,543,Loyal Customers
C002826,2025-12-11,3.0,9089.130000000001,2329.44,20,4,3,4,434,Potential Loyalists
C002827,2025-12-21,1.0,3207.98,-483.68,10,5,2,3,523,Potential Loyalists
C002828,2025-05-02,1.0,1754.31,282.04,243,2,2,2,222,At Risk
C002829,2025-10-10,6.0,12654.769999999999,3792.83,82,3,4,4,344,Loyal Customers
C002830,2025-10-17,3.0,13614.5,3427.93,75,3,3,4,334,Need Attention
C002831,,0.0,0.0,0.0,1530,1,1,1,111,Hibernating
C002832,2025-09-11,1.0,3170.07,737.22,111,3,2,3,323,Promising
C002833,,0.0,0.0,0.0,1790,1,1,1,111,Hibernating
C002834,2025-11-12,3.0,17268.72,3791.02,49,3,3,5,335,Need Attention
C002835,2025-11-01,6.0,9691.369999999999,2191.98,60,3,4,4,344,Loyal Customers
C002836,,0.0,0.0,0.0,1195,1,1,1,111,Hibernating
C002837,2025-11-10,14.0,27835.73,6619.09,51,3,5,5,355,Loyal Customers
C002838,2025-12-06,1.0,742.22,91.53,25,4,2,2,422,Potential Loyalists
C002839,,0.0,0.0,0.0,1705,1,1,1,111,Hibernating
C002840,,0.0,0.0,0.0,617,2,1,1,211,Hibernating
C002841,,0.0,0.0,0.0,1070,2,1,1,211,Hibernating
C002842,,0.0,0.0,0.0,1530,1,1,1,111,Hibernating
C002843,2025-09-18,3.0,6379.93,1233.76,104,3,3,3,333,Need Attention
C002844,,0.0,0.0,0.0,1715,1,1,1,111,Hibernating
C002845,,0.0,0.0,0.0,1345,1,1,1,111,Hibernating
C002846,,0.0,0.0,0.0,1071,2,1,1,211,Hibernating
C002847,2025-08-17,4.0,17229.07,4285.66,136,3,4,5,345,Loyal Customers
C002848,2025-07-26,2.0,2328.93,403.5,158,3,3,3,333,Need Attention
C002849,2025-12-07,5.0,8353.3,1101.8600000000001,24,4,4,4,444,Champions
C002850,2025-12-26,3.0,8998.61,1205.12,5,5,3,4,534,Potential Loyalists
C002851,2025-06-13,1.0,1933.23,331.55,201,3,2,2,322,Promising
C002852,2025-12-24,3.0,10762.509999999998,2340.04,7,5,3,4,534,Potential Loyalists
C002853,2025-12-25,4.0,10250.529999999999,1391.04,6,5,4,4,544,Champions
C002854,2025-12-24,8.0,21060.7,2550.42,7,5,5,5,555,Champions
C002855,,0.0,0.0,0.0,1783,1,1,1,111,Hibernating
C002856,2025-12-10,5.0,10770.310000000001,2169.12,21,4,4,4,444,Champions
C002857,,0.0,0.0,0.0,1367,1,1,1,111,Hibernating
C002858,2025-12-19,16.0,38513.7,11504.9,12,5,5,5,555,Champions
C002859,,0.0,0.0,0.0,1327,1,1,1,111,Hibernating
C002860,2025-11-25,12.0,45012.87,9705.83,36,4,5,5,455,Champions
C002861,2025-11-22,5.0,13189.01,3234.57,39,4,4,4,444,Champions
C002862,,0.0,0.0,0.0,1780,1,1,1,111,Hibernating
C002863,2025-12-27,2.0,8609.79,2453.82,4,5,3,4,534,Potential Loyalists
C002864,,0.0,0.0,0.0,1512,1,1,1,111,Hibernating
C002865,2025-11-26,2.0,3015.8,611.4100000000001,35,4,3,3,433,Potential Loyalists
C002866,2025-11-20,2.0,7859.32,151.01,41,4,3,4,434,Potential Loyalists
C002867,2025-02-02,1.0,906.02,164.63,332,2,2,2,222,At Risk
C002868,,0.0,0.0,0.0,1348,1,1,1,111,Hibernating
C002869,,0.0,0.0,0.0,1337,1,1,1,111,Hibernating
C002870,2025-12-08,10.0,21423.28,5390.98,23,4,5,5,455,Champions
C002871,2025-12-10,8.0,9819.16,953.6800000000001,21,4,5,4,454,Champions
C002872,,0.0,0.0,0.0,1116,1,1,1,111,Hibernating
C002873,2025-11-07,11.0,22686.16,4911.12,54,3,5,5,355,Loyal Customers
C002874,,0.0,0.0,0.0,377,2,1,1,211,Hibernating
C002875,2025-11-11,1.0,1022.69,281.3,50,3,2,2,322,Promising
C002876,,0.0,0.0,0.0,1347,1,1,1,111,Hibernating
C002877,2025-12-13,15.0,38697.5,10720.06,18,4,5,5,455,Champions
C002878,2025-12-05,9.0,19084.559999999998,5165.47,26,4,5,5,455,Champions
C002879,2025-12-12,4.0,6445.139999999999,1620.17,19,4,4,3,443,Loyal Customers
C002880,,0.0,0.0,0.0,979,2,1,1,211,Hibernating
C002881,,0.0,0.0,0.0,1610,1,1,1,111,Hibernating
C002882,2025-01-04,1.0,839.48,116.06,361,2,2,2,222,At Risk
C002883,,0.0,0.0,0.0,1533,1,1,1,111,Hibernating
C002884,2025-08-03,6.0,10485.79,1563.89,150,3,4,4,344,Loyal Customers
C002885,,0.0,0.0,0.0,1670,1,1,1,111,Hibernating
C002886,2025-12-08,6.0,5718.43,1061.4,23,4,4,3,443,Loyal Customers
C002887,,0.0,0.0,0.0,1672,1,1,1,111,Hibernating
C002888,2025-12-09,4.0,4271.37,714.58,22,4,4,3,443,Loyal Customers
C002889,2025-02-22,2.0,9155.45,1091.19,312,2,3,4,234,Need Attention
C002890,,0.0,0.0,0.0,956,2,1,1,211,Hibernating
C002891,2025-12-03,4.0,8678.3,927.01,28,4,4,4,444,Champions
C002892,2025-11-05,4.0,7704.589999999999,2378.05,56,3,4,4,344,Loyal Customers
C002893,2025-11-21,5.0,14974.33,1329.79,40,4,4,4,444,Champions
C002894,2025-11-23,2.0,2166.41,-99.62,38,4,3,3,433,Potential Loyalists
C002895,2025-11-20,8.0,17620.28,3389.15,41,4,5,5,455,Champions
C002896,2025-12-17,3.0,7532.33,1600.23,14,5,3,3,533,Potential Loyalists
C002897,2025-12-22,3.0,8446.869999999999,1038.5,9,5,3,4,534,Potential Loyalists
C002898,2025-12-11,2.0,3280.08,319.97,20,4,3,3,433,Potential Loyalists
C002899,,0.0,0.0,0.0,1510,1,1,1,111,Hibernating
C002900,2025-07-09,3.0,5969.91,364.05,175,3,3,3,333,Need Attention
C002901,2025-12-14,10.0,27153.39,5187.4800000000005,17,4,5,5,455,Champions
C002902,2025-02-22,1.0,4798.98,293.93,312,2,2,3,223,At Risk
C002903,2025-08-12,2.0,6383.87,1635.88,141,3,3,3,333,Need Attention
C002904,2025-12-22,12.0,27755.300000000003,4744.56,9,5,5,5,555,Champions
C002905,2025-10-04,6.0,24299.53,6482.58,88,3,4,5,345,Loyal Customers
C002906,2025-07-27,3.0,2313.58,437.82,157,3,3,3,333,Need Attention
C002907,,0.0,0.0,0.0,1297,1,1,1,111,Hibernating
C002908,2025-11-21,6.0,17240.65,3168.39,40,4,4,5,445,Champions
C002909,2025-12-08,5.0,21024.04,5492.32,23,4,4,5,445,Champions
C002910,,0.0,0.0,0.0,1479,1,1,1,111,Hibernating
C002911,2025-12-23,3.0,11924.85,-657.4100000000001,8,5,3,4,534,Potential Loyalists
C002912,2025-12-16,12.0,22927.48,4089.57,15,5,5,5,555,Champions
C002913,2025-12-24,9.0,28244.510000000002,4838.65,7,5,5,5,555,Champions
C002914,2025-12-19,4.0,7241.83,2311.65,12,5,4,3,543,Loyal Customers
C002915,2025-10-04,4.0,14729.23,2436.27,88,3,4,4,344,Loyal Customers
C002916,2025-12-27,8.0,17829.5,2838.1800000000003,4,5,5,5,555,Champions
C002917,2025-12-18,12.0,35805.07,8937.99,13,5,5,5,555,Champions
C002918,2025-12-22,4.0,13473.580000000002,2172.84,9,5,4,4,544,Champions
C002919,2025-12-23,6.0,12779.14,2230.54,8,5,4,4,544,Champions
C002920,2025-10-01,4.0,13279.529999999999,3354.75,91,3,4,4,344,Loyal Customers
C002921,2025-11-18,5.0,11915.65,2317.28,43,3,4,4,344,Loyal Customers
C002922,2025-12-22,2.0,2600.23,291.71000000000004,9,5,3,3,533,Potential Loyalists
C002923,2025-12-02,2.0,8197.1,1925.9899999999998,29,4,3,4,434,Potential Loyalists
C002924,2025-12-23,6.0,11865.09,1861.16,8,5,4,4,544,Champions
C002925,2025-09-27,10.0,20614.98,3309.21,95,3,5,5,355,Loyal Customers
C002926,2025-02-09,2.0,9474.17,2090.85,325,2,3,4,234,Need Attention
C002927,2025-10-07,6.0,14232.169999999998,3327.36,85,3,4,4,344,Loyal Customers
C002928,,0.0,0.0,0.0,716,2,1,1,211,Hibernating
C002929,2025-11-22,2.0,3771.31,1162.79,39,4,3,3,433,Potential Loyalists
C002930,2025-11-24,7.0,11903.99,2863.68,37,4,5,4,454,Champions
C002931,,0.0,0.0,0.0,1162,1,1,1,111,Hibernating
C002932,2025-06-13,4.0,8211.59,1153.2,201,3,4,4,344,Loyal Customers
C002933,2025-12-04,4.0,4138.76,818.14,27,4,4,3,443,Loyal Customers
C002934,,0.0,0.0,0.0,415,2,1,1,211,Hibernating
C002935,2025-10-17,8.0,29147.03,8765.03,75,3,5,5,355,Loyal Customers
C002936,2025-09-21,1.0,0.0,0.0,101,3,2,1,321,Promising
C002937,2025-12-27,7.0,10986.94,1536.29,4,5,5,4,554,Champions
C002938,2025-12-27,1.0,2722.62,580.37,4,5,2,3,523,Potential Loyalists
C002939,2025-12-22,16.0,51385.47,11686.29,9,5,5,5,555,Champions
C002940,2025-12-14,5.0,6121.889999999999,1277.93,17,4,4,3,443,Loyal Customers
C002941,,0.0,0.0,0.0,1147,1,1,1,111,Hibernating
C002942,2025-12-26,12.0,39941.36,8612.11,5,5,5,5,555,Champions
C002943,2025-12-09,2.0,4124.860000000001,632.51,22,4,3,3,433,Potential Loyalists
C002944,2025-10-25,3.0,4653.67,1001.58,67,3,3,3,333,Need Attention
C002945,,0.0,0.0,0.0,1544,1,1,1,111,Hibernating
C002946,,0.0,0.0,0.0,1303,1,1,1,111,Hibernating
C002947,,0.0,0.0,0.0,1118,1,1,1,111,Hibernating
C002948,,0.0,0.0,0.0,1416,1,1,1,111,Hibernating
C002949,,0.0,0.0,0.0,1759,1,1,1,111,Hibernating
C002950,,0.0,0.0,0.0,1118,1,1,1,111,Hibernating
C002951,2025-11-26,14.0,40939.78,11526.27,35,4,5,5,455,Champions
C002952,2025-11-20,7.0,19080.64,4115.2699999999995,41,4,5,5,455,Champions
C002953,2025-10-02,4.0,9008.630000000001,2165.2,90,3,4,4,344,Loyal Customers
C002954,,0.0,0.0,0.0,837,2,1,1,211,Hibernating
C002955,2025-11-23,9.0,26339.11,6995.95,38,4,5,5,455,Champions
C002956,,0.0,0.0,0.0,1624,1,1,1,111,Hibernating
C002957,2025-12-25,18.0,44037.78,8372.92,6,5,5,5,555,Champions
C002958,2025-10-26,1.0,1781.27,592.56,66,3,2,2,322,Promising
C002959,2025-12-18,2.0,3410.7799999999997,925.4300000000001,13,5,3,3,533,Potential Loyalists
C002960,,0.0,0.0,0.0,1635,1,1,1,111,Hibernating
C002961,2025-12-05,9.0,18144.48,3993.6800000000003,26,4,5,5,455,Champions
C002962,,0.0,0.0,0.0,454,2,1,1,211,Hibernating
C002963,2025-07-20,4.0,5473.67,1300.49,164,3,4,3,343,Loyal Customers
C002964,,0.0,0.0,0.0,857,2,1,1,211,Hibernating
C002965,2025-10-26,2.0,7673.7300000000005,1477.22,66,3,3,4,334,Need Attention
C002966,2025-12-26,15.0,41685.55,4231.57,5,5,5,5,555,Champions
C002967,,0.0,0.0,0.0,864,2,1,1,211,Hibernating
C002968,,0.0,0.0,0.0,892,2,1,1,211,Hibernating
C002969,2025-10-22,4.0,13233.7,2886.51,70,3,4,4,344,Loyal Customers
C002970,2025-12-20,9.0,20018.69,3755.9100000000003,11,5,5,5,555,Champions
C002971,2025-12-03,6.0,8942.06,1806.92,28,4,4,4,444,Champions
C002972,2025-12-21,6.0,21049.420000000002,5158.5,10,5,4,5,545,Champions
C002973,2025-08-17,1.0,654.95,9.19,136,3,2,2,322,Promising
C002974,2025-10-08,4.0,7099.27,1261.4099999999999,84,3,4,3,343,Loyal Customers
C002975,2025-12-11,19.0,62349.15,17201.66,20,4,5,5,455,Champions
C002976,2025-12-25,2.0,9698.48,3549.31,6,5,3,4,534,Potential Loyalists
C002977,2025-12-11,3.0,3297.47,780.64,20,4,3,3,433,Potential Loyalists
C002978,2025-12-17,3.0,3211.17,1197.32,14,5,3,3,533,Potential Loyalists
C002979,2025-05-08,1.0,1242.57,457.53,237,2,2,2,222,At Risk
C002980,2025-01-27,1.0,4610.48,958.2,338,2,2,3,223,At Risk
C002981,2025-12-09,5.0,11315.32,1118.65,22,4,4,4,444,Champions
C002982,2025-10-07,4.0,7345.96,1330.45,85,3,4,3,343,Loyal Customers
C002983,2025-12-26,7.0,6684.74,625.1,5,5,5,3,553,Loyal Customers
C002984,2025-12-16,3.0,6437.790000000001,1141.56,15,5,3,3,533,Potential Loyalists
C002985,,0.0,0.0,0.0,383,2,1,1,211,Hibernating
C002986,2025-12-11,13.0,26615.4,7085.16,20,4,5,5,455,Champions
C002987,2025-12-09,13.0,20696.280000000002,5682.6,22,4,5,5,455,Champions
C002988,,0.0,0.0,0.0,1114,1,1,1,111,Hibernating
C002989,2025-10-18,7.0,17158.6,1501.78,74,3,5,5,355,Loyal Customers
C002990,,0.0,0.0,0.0,1387,1,1,1,111,Hibernating
C002991,2025-11-15,5.0,16328.14,3050.85,46,3,4,4,344,Loyal Customers
C002992,2025-10-18,5.0,16272.900000000001,4804.3099999999995,74,3,4,4,344,Loyal Customers
C002993,2025-11-25,4.0,5953.09,1004.55,36,4,4,3,443,Loyal Customers
C002994,,0.0,0.0,0.0,1634,1,1,1,111,Hibernating
C002995,2025-12-18,6.0,14449.48,3161.85,13,5,4,4,544,Champions
C002996,,0.0,0.0,0.0,796,2,1,1,211,Hibernating
C002997,,0.0,0.0,0.0,1452,1,1,1,111,Hibernating
C002998,2025-12-24,6.0,11787.74,1995.46,7,5,4,4,544,Champions
C002999,2025-12-23,9.0,13024.66,3508.37,8,5,5,4,554,Champions
C003000,2025-11-24,3.0,6871.48,2143.69,37,4,3,3,433,Potential Loyalists
C003001,2025-12-17,6.0,12174.46,1808.04,14,5,4,4,544,Champions
C003002,2025-12-14,5.0,8125.93,1844.96,17,4,4,4,444,Champions
C003003,2025-11-05,1.0,2444.34,261.1,56,3,2,3,323,Promising
C003004,2025-08-25,4.0,11216.2,2518.64,128,3,4,4,344,Loyal Customers
C003005,2025-08-17,7.0,19284.71,5211.47,136,3,5,5,355,Loyal Customers
C003006,,0.0,0.0,0.0,1138,1,1,1,111,Hibernating
C003007,2025-10-22,2.0,4442.84,1131.28,70,3,3,3,333,Need Attention
C003008,,0.0,0.0,0.0,1040,2,1,1,211,Hibernating
C003009,2025-09-04,4.0,7627.110000000001,696.53,118,3,4,4,344,Loyal Customers
C003010,2025-11-24,4.0,9049.630000000001,1963.0,37,4,4,4,444,Champions
C003011,2025-07-16,1.0,1226.97,-64.55,168,3,2,2,322,Promising
C003012,2025-12-19,4.0,7201.320000000001,1085.77,12,5,4,3,543,Loyal Customers
C003013,,0.0,0.0,0.0,1527,1,1,1,111,Hibernating
C003014,2025-12-26,2.0,5210.92,1276.15,5,5,3,3,533,Potential Loyalists
C003015,,0.0,0.0,0.0,1537,1,1,1,111,Hibernating
C003016,2025-12-16,9.0,18564.68,5343.4800000000005,15,5,5,5,555,Champions
C003017,2025-12-20,5.0,4643.87,1234.3899999999999,11,5,4,3,543,Loyal Customers
C003018,,0.0,0.0,0.0,1192,1,1,1,111,Hibernating
C003019,2025-02-01,1.0,2045.4,666.08,333,2,2,2,222,At Risk
C003020,,0.0,0.0,0.0,1468,1,1,1,111,Hibernating
C003021,,0.0,0.0,0.0,817,2,1,1,211,Hibernating
C003022,2025-09-02,2.0,3712.5299999999997,137.68,120,3,3,3,333,Need Attention
C003023,,0.0,0.0,0.0,1210,1,1,1,111,Hibernating
C003024,,0.0,0.0,0.0,1517,1,1,1,111,Hibernating
C003025,2025-06-12,4.0,13487.92,3618.59,202,2,4,4,244,Need Attention
C003026,2025-12-09,6.0,16534.18,2621.49,22,4,4,5,445,Champions
C003027,2025-12-10,8.0,15821.75,3574.6900000000005,21,4,5,4,454,Champions
C003028,2025-12-02,5.0,15963.73,3420.7,29,4,4,4,444,Champions
C003029,2025-10-07,12.0,40583.51,10385.94,85,3,5,5,355,Loyal Customers
C003030,2025-08-22,3.0,14350.26,1781.24,131,3,3,4,334,Need Attention
C003031,,0.0,0.0,0.0,1448,1,1,1,111,Hibernating
C003032,,0.0,0.0,0.0,1715,1,1,1,111,Hibernating
C003033,2025-09-23,1.0,5935.15,256.24,99,3,2,3,323,Promising
C003034,2025-12-21,6.0,22704.65,3866.09,10,5,4,5,545,Champions
C003035,2025-12-18,6.0,16866.87,3467.04,13,5,4,5,545,Champions
C003036,,0.0,0.0,0.0,740,2,1,1,211,Hibernating
C003037,2025-12-23,5.0,11255.77,2679.69,8,5,4,4,544,Champions
C003038,2025-02-02,1.0,2080.51,615.23,332,2,2,2,222,At Risk
C003039,,0.0,0.0,0.0,1506,1,1,1,111,Hibernating
C003040,,0.0,0.0,0.0,418,2,1,1,211,Hibernating
C003041,,0.0,0.0,0.0,1172,1,1,1,111,Hibernating
C003042,,0.0,0.0,0.0,1667,1,1,1,111,Hibernating
C003043,2025-07-14,5.0,10555.8,2082.19,170,3,4,4,344,Loyal Customers
C003044,2025-12-09,10.0,32362.77,9106.970000000001,22,4,5,5,455,Champions
C003045,2025-12-25,20.0,60818.56,15657.45,6,5,5,5,555,Champions
C003046,2025-12-10,9.0,15498.85,4393.62,21,4,5,4,454,Champions
C003047,2025-12-23,6.0,9141.51,857.89,8,5,4,4,544,Champions
C003048,,0.0,0.0,0.0,1267,1,1,1,111,Hibernating
C003049,2025-11-11,1.0,2594.79,97.6,50,3,2,3,323,Promising
C003050,2025-12-09,2.0,11292.26,425.25,22,4,3,4,434,Potential Loyalists
C003051,,0.0,0.0,0.0,1764,1,1,1,111,Hibernating
C003052,,0.0,0.0,0.0,1727,1,1,1,111,Hibernating
C003053,2025-12-11,7.0,17181.54,3824.34,20,4,5,5,455,Champions
C003054,2025-07-20,4.0,14254.01,3419.2200000000003,164,3,4,4,344,Loyal Customers
C003055,2025-12-22,17.0,42313.82,10963.95,9,5,5,5,555,Champions
C003056,2025-12-20,1.0,2436.44,1039.88,11,5,2,3,523,Potential Loyalists
C003057,2025-09-17,3.0,8191.92,2125.86,105,3,3,4,334,Need Attention
C003058,2025-12-21,2.0,3532.05,500.5,10,5,3,3,533,Potential Loyalists
C003059,,0.0,0.0,0.0,787,2,1,1,211,Hibernating
C003060,2025-12-16,10.0,33974.2,7858.02,15,5,5,5,555,Champions
C003061,2025-09-27,6.0,16621.43,3854.83,95,3,4,5,345,Loyal Customers
C003062,2025-08-04,1.0,5515.98,1253.03,149,3,2,3,323,Promising
C003063,,0.0,0.0,0.0,1472,1,1,1,111,Hibernating
C003064,2025-09-09,3.0,11226.529999999999,3453.81,113,3,3,4,334,Need Attention
C003065,2025-10-11,2.0,3004.57,807.9399999999999,81,3,3,3,333,Need Attention
C003066,,0.0,0.0,0.0,1458,1,1,1,111,Hibernating
C003067,2025-12-24,3.0,8237.17,1644.55,7,5,3,4,534,Potential Loyalists
C003068,,0.0,0.0,0.0,1687,1,1,1,111,Hibernating
C003069,,0.0,0.0,0.0,387,2,1,1,211,Hibernating
C003070,2025-11-01,6.0,8805.13,2919.33,60,3,4,4,344,Loyal Customers
C003071,2025-12-16,12.0,37313.02,9462.75,15,5,5,5,555,Champions
C003072,,0.0,0.0,0.0,1202,1,1,1,111,Hibernating
C003073,2025-12-02,11.0,30661.170000000002,7307.5,29,4,5,5,455,Champions
C003074,2025-05-19,2.0,6709.5599999999995,892.09,226,2,3,3,233,Need Attention
C003075,2025-12-18,1.0,2579.44,484.53,13,5,2,3,523,Potential Loyalists
C003076,2025-12-25,5.0,13462.73,3312.1899999999996,6,5,4,4,544,Champions
C003077,,0.0,0.0,0.0,1441,1,1,1,111,Hibernating
C003078,2025-12-04,1.0,10265.86,779.98,27,4,2,4,424,Potential Loyalists
C003079,2025-11-08,4.0,8011.780000000001,868.53,53,3,4,4,344,Loyal Customers
C003080,2025-06-27,5.0,11317.35,3048.55,187,3,4,4,344,Loyal Customers
C003081,2025-08-26,2.0,7319.22,2496.3599999999997,127,3,3,3,333,Need Attention
C003082,2025-12-27,3.0,6443.79,1374.5800000000002,4,5,3,3,533,Potential Loyalists
C003083,,0.0,0.0,0.0,1148,1,1,1,111,Hibernating
C003084,,0.0,0.0,0.0,1016,2,1,1,211,Hibernating
C003085,2025-12-01,7.0,9151.93,1990.13,30,4,5,4,454,Champions
C003086,2025-12-09,12.0,32867.82,6930.66,22,4,5,5,455,Champions
C003087,2025-12-06,10.0,22582.809999999998,5252.95,25,4,5,5,455,Champions
C003088,2025-12-23,17.0,43973.54,12341.02,8,5,5,5,555,Champions
C003089,,0.0,0.0,0.0,1238,1,1,1,111,Hibernating
C003090,,0.0,0.0,0.0,1603,1,1,1,111,Hibernating
C003091,2025-11-16,6.0,11424.18,1673.93,45,3,4,4,344,Loyal Customers
C003092,2025-12-03,9.0,17657.52,3005.84,28,4,5,5,455,Champions
C003093,,0.0,0.0,0.0,402,2,1,1,211,Hibernating
C003094,,0.0,0.0,0.0,1456,1,1,1,111,Hibernating
C003095,,0.0,0.0,0.0,1162,1,1,1,111,Hibernating
C003096,2025-12-02,3.0,2831.01,794.21,29,4,3,3,433,Potential Loyalists
C003097,2025-12-23,4.0,17941.07,1252.55,8,5,4,5,545,Champions
C003098,2025-10-02,2.0,1838.8899999999999,635.76,90,3,3,2,332,Need Attention
C003099,,0.0,0.0,0.0,422,2,1,1,211,Hibernating
C003100,,0.0,0.0,0.0,424,2,1,1,211,Hibernating
C003101,2025-12-22,14.0,55265.62,9559.54,9,5,5,5,555,Champions
C003102,,0.0,0.0,0.0,1529,1,1,1,111,Hibernating
C003103,2025-12-06,9.0,23231.55,4334.03,25,4,5,5,455,Champions
C003104,2025-09-26,4.0,10375.630000000001,1370.64,96,3,4,4,344,Loyal Customers
C003105,2025-12-04,8.0,22275.79,3399.91,27,4,5,5,455,Champions
C003106,2025-05-24,1.0,3641.32,1045.67,221,2,2,3,223,At Risk
C003107,,0.0,0.0,0.0,1055,2,1,1,211,Hibernating
C003108,2025-05-10,2.0,5150.18,1155.83,235,2,3,3,233,Need Attention
C003109,2025-11-07,3.0,8136.48,1665.91,54,3,3,4,334,Need Attention
C003110,2025-12-11,2.0,7320.58,2635.08,20,4,3,3,433,Potential Loyalists
C003111,2025-11-04,1.0,4548.8,932.3,57,3,2,3,323,Promising
C003112,,0.0,0.0,0.0,1759,1,1,1,111,Hibernating
C003113,2025-11-11,5.0,14795.150000000001,2543.04,50,3,4,4,344,Loyal Customers
C003114,2025-11-23,2.0,12804.05,1129.95,38,4,3,4,434,Potential Loyalists
C003115,,0.0,0.0,0.0,999,2,1,1,211,Hibernating
C003116,2025-10-08,1.0,1049.73,113.35,84,3,2,2,322,Promising
C003117,,0.0,0.0,0.0,402,2,1,1,211,Hibernating
C003118,2025-12-08,7.0,32753.86,10105.25,23,4,5,5,455,Champions
C003119,2025-11-16,5.0,18936.03,4866.1900000000005,45,3,4,5,345,Loyal Customers
C003120,2025-12-07,8.0,19439.760000000002,2897.5,24,4,5,5,455,Champions
C003121,2025-12-24,21.0,46507.83,12455.210000000001,7,5,5,5,555,Champions
C003122,2025-12-06,1.0,8431.98,467.96,25,4,2,4,424,Potential Loyalists
C003123,2025-11-07,6.0,8619.95,2420.46,54,3,4,4,344,Loyal Customers
C003124,,0.0,0.0,0.0,525,2,1,1,211,Hibernating
C003125,2025-12-16,11.0,30548.85,6053.0599999999995,15,5,5,5,555,Champions
C003126,,0.0,0.0,0.0,1238,1,1,1,111,Hibernating
C003127,,0.0,0.0,0.0,1272,1,1,1,111,Hibernating
C003128,,0.0,0.0,0.0,1821,1,1,1,111,Hibernating
C003129,2025-12-19,11.0,23682.87,5013.41,12,5,5,5,555,Champions
C003130,2025-11-26,6.0,18804.24,5957.0199999999995,35,4,4,5,445,Champions
C003131,2025-07-26,2.0,6386.18,1673.63,158,3,3,3,333,Need Attention
C003132,2025-07-04,5.0,9441.029999999999,1460.8100000000002,180,3,4,4,344,Loyal Customers
C003133,2025-08-06,1.0,3213.37,758.52,147,3,2,3,323,Promising
C003134,2025-11-21,5.0,11608.55,2346.0,40,4,4,4,444,Champions
C003135,,0.0,0.0,0.0,1439,1,1,1,111,Hibernating
C003136,2025-12-08,14.0,43441.84,12396.94,23,4,5,5,455,Champions
C003137,2025-03-25,2.0,7477.179999999999,1299.33,281,2,3,3,233,Need Attention
C003138,2025-06-05,4.0,8894.99,836.11,209,2,4,4,244,Need Attention
C003139,2025-12-14,3.0,7816.95,1693.2,17,4,3,4,434,Potential Loyalists
C003140,,0.0,0.0,0.0,379,2,1,1,211,Hibernating
C003141,2025-12-12,8.0,9493.18,1564.69,19,4,5,4,454,Champions
C003142,2025-12-23,8.0,11634.52,2761.2200000000003,8,5,5,4,554,Champions
C003143,2025-11-22,1.0,1996.49,69.96,39,4,2,2,422,Potential Loyalists
C003144,2025-11-16,3.0,4133.280000000001,364.41999999999996,45,3,3,3,333,Need Attention
C003145,2025-11-07,2.0,4769.22,972.07,54,3,3,3,333,Need Attention
C003146,2025-12-25,8.0,9792.14,2136.56,6,5,5,4,554,Champions
C003147,,0.0,0.0,0.0,403,2,1,1,211,Hibernating
C003148,2025-12-06,6.0,34591.47,9018.99,25,4,4,5,445,Champions
C003149,2025-05-19,2.0,1117.83,107.13,226,2,3,2,232,Need Attention
C003150,2025-12-03,1.0,4625.88,272.51,28,4,2,3,423,Potential Loyalists
C003151,2025-12-27,1.0,1139.14,42.2,4,5,2,2,522,Potential Loyalists
C003152,2025-11-07,1.0,463.1,129.1,54,3,2,2,322,Promising
C003153,2025-05-16,3.0,9038.699999999999,2086.91,229,2,3,4,234,Need Attention
C003154,2025-12-11,13.0,58761.96,16072.15,20,4,5,5,455,Champions
C003155,2025-12-26,3.0,5587.400000000001,774.32,5,5,3,3,533,Potential Loyalists
C003156,2025-12-22,5.0,7260.549999999999,1107.7,9,5,4,3,543,Loyal Customers
C003157,2025-11-13,6.0,9997.53,1693.18,48,3,4,4,344,Loyal Customers
C003158,,0.0,0.0,0.0,1512,1,1,1,111,Hibernating
C003159,2025-12-12,7.0,13500.470000000001,3420.79,19,4,5,4,454,Champions
C003160,2025-11-23,8.0,16805.1,3780.0,38,4,5,5,455,Champions
C003161,2025-12-11,2.0,2753.93,405.4,20,4,3,3,433,Potential Loyalists
C003162,2025-11-19,5.0,7226.23,639.4,42,4,4,3,443,Loyal Customers
C003163,,0.0,0.0,0.0,1200,1,1,1,111,Hibernating
C003164,,0.0,0.0,0.0,1544,1,1,1,111,Hibernating
C003165,2025-12-11,9.0,24295.49,6350.12,20,4,5,5,455,Champions
C003166,2025-12-11,5.0,8518.66,1440.99,20,4,4,4,444,Champions
C003167,2025-12-12,1.0,1533.49,-83.9,19,4,2,2,422,Potential Loyalists
C003168,2025-11-23,5.0,26371.91,5872.76,38,4,4,5,445,Champions
C003169,2025-10-27,4.0,16236.88,3212.52,65,3,4,4,344,Loyal Customers
C003170,,0.0,0.0,0.0,1513,1,1,1,111,Hibernating
C003171,,0.0,0.0,0.0,1715,1,1,1,111,Hibernating
C003172,,0.0,0.0,0.0,1030,2,1,1,211,Hibernating
C003173,,0.0,0.0,0.0,595,2,1,1,211,Hibernating
C003174,2025-12-11,2.0,2630.62,141.14,20,4,3,3,433,Potential Loyalists
C003175,,0.0,0.0,0.0,1258,1,1,1,111,Hibernating
C003176,2025-12-21,9.0,22911.01,4229.3,10,5,5,5,555,Champions
C003177,,0.0,0.0,0.0,1346,1,1,1,111,Hibernating
C003178,2025-12-10,7.0,9945.789999999999,2071.05,21,4,5,4,454,Champions
C003179,2025-09-02,2.0,7080.849999999999,1970.0,120,3,3,3,333,Need Attention
C003180,2025-12-17,4.0,5776.31,1450.83,14,5,4,3,543,Loyal Customers
C003181,,0.0,0.0,0.0,1485,1,1,1,111,Hibernating
C003182,2025-12-19,10.0,25919.87,7055.0599999999995,12,5,5,5,555,Champions
C003183,,0.0,0.0,0.0,1146,1,1,1,111,Hibernating
C003184,2025-06-20,3.0,6618.81,1520.71,194,3,3,3,333,Need Attention
C003185,,0.0,0.0,0.0,1477,1,1,1,111,Hibernating
C003186,2025-12-17,5.0,12481.59,329.43,14,5,4,4,544,Champions
C003187,2025-12-21,13.0,27398.92,6121.65,10,5,5,5,555,Champions
C003188,,0.0,0.0,0.0,1014,2,1,1,211,Hibernating
C003189,2025-12-15,3.0,4829.05,1130.67,16,4,3,3,433,Potential Loyalists
C003190,2025-12-07,13.0,37683.51,9544.64,24,4,5,5,455,Champions
C003191,2025-12-23,4.0,10591.78,778.81,8,5,4,4,544,Champions
C003192,2025-12-17,22.0,61750.85,15008.46,14,5,5,5,555,Champions
C003193,2025-12-12,6.0,15781.9,2640.36,19,4,4,4,444,Champions
C003194,,0.0,0.0,0.0,974,2,1,1,211,Hibernating
C003195,,0.0,0.0,0.0,372,2,1,1,211,Hibernating
C003196,,0.0,0.0,0.0,1641,1,1,1,111,Hibernating
C003197,2025-11-19,4.0,11794.26,1884.29,42,4,4,4,444,Champions
C003198,2025-11-01,2.0,987.42,-48.33999999999999,60,3,3,2,332,Need Attention
C003199,2025-07-15,4.0,13109.22,2625.58,169,3,4,4,344,Loyal Customers
C003200,2025-12-19,11.0,32299.03,7840.42,12,5,5,5,555,Champions
C003201,2025-12-04,4.0,10789.810000000001,1873.2,27,4,4,4,444,Champions
C003202,2025-12-25,8.0,14760.88,3715.06,6,5,5,4,554,Champions
C003203,2025-04-09,2.0,3891.69,864.4,266,2,3,3,233,Need Attention
C003204,2025-12-19,17.0,64607.4,14479.54,12,5,5,5,555,Champions
C003205,2025-08-11,4.0,6750.73,982.26,142,3,4,3,343,Loyal Customers
C003206,2025-07-18,1.0,1618.88,404.86,166,3,2,2,322,Promising
C003207,,0.0,0.0,0.0,1287,1,1,1,111,Hibernating
C003208,2025-10-08,3.0,9588.64,1751.0300000000002,84,3,3,4,334,Need Attention
C003209,2025-12-04,3.0,7486.030000000001,1775.5700000000002,27,4,3,3,433,Potential Loyalists
C003210,,0.0,0.0,0.0,1634,1,1,1,111,Hibernating
C003211,2025-12-08,9.0,12450.480000000001,1841.53,23,4,5,4,454,Champions
C003212,,0.0,0.0,0.0,1729,1,1,1,111,Hibernating
C003213,,0.0,0.0,0.0,1505,1,1,1,111,Hibernating
C003214,2025-11-24,7.0,20783.190000000002,4010.7400000000002,37,4,5,5,455,Champions
C003215,2025-08-26,3.0,6267.24,1031.79,127,3,3,3,333,Need Attention
C003216,2025-12-05,8.0,31938.37,6620.93,26,4,5,5,455,Champions
C003217,2025-08-14,3.0,5146.8099999999995,1355.02,139,3,3,3,333,Need Attention
C003218,,0.0,0.0,0.0,494,2,1,1,211,Hibernating
C003219,2025-05-24,2.0,3627.46,711.5,221,2,3,3,233,Need Attention
C003220,2025-11-05,4.0,18852.02,4633.78,56,3,4,5,345,Loyal Customers
C003221,2025-12-18,8.0,19701.41,3011.02,13,5,5,5,555,Champions
C003222,,0.0,0.0,0.0,1505,1,1,1,111,Hibernating
C003223,2025-12-23,4.0,6625.13,2276.94,8,5,4,3,543,Loyal Customers
C003224,,0.0,0.0,0.0,1111,1,1,1,111,Hibernating
C003225,2025-03-14,2.0,2648.52,792.22,292,2,3,3,233,Need Attention
C003226,,0.0,0.0,0.0,1187,1,1,1,111,Hibernating
C003227,2025-12-22,2.0,1423.48,157.67000000000002,9,5,3,2,532,Potential Loyalists
C003228,2025-05-06,3.0,5105.61,1382.66,239,2,3,3,233,Need Attention
C003229,2025-12-16,7.0,9152.07,1943.58,15,5,5,4,554,Champions
C003230,2025-12-20,7.0,16981.46,4253.58,11,5,5,5,555,Champions
C003231,2025-12-24,14.0,31222.85,6176.42,7,5,5,5,555,Champions
C003232,2025-12-25,4.0,12431.67,3036.99,6,5,4,4,544,Champions
C003233,,0.0,0.0,0.0,1326,1,1,1,111,Hibernating
C003234,2025-07-24,1.0,4203.84,1205.84,160,3,2,3,323,Promising
C003235,2025-09-01,3.0,4768.18,1182.6100000000001,121,3,3,3,333,Need Attention
C003236,2025-05-19,2.0,8422.4,1569.53,226,2,3,4,234,Need Attention
C003237,2025-07-18,10.0,14081.869999999999,2402.21,166,3,5,4,354,Loyal Customers
C003238,2025-12-23,18.0,40644.61,9021.55,8,5,5,5,555,Champions
C003239,,0.0,0.0,0.0,1057,2,1,1,211,Hibernating
C003240,2025-12-16,1.0,223.43,25.68,15,5,2,2,522,Potential Loyalists
C003241,2025-12-17,7.0,5851.7,504.73,14,5,5,3,553,Loyal Customers
C003242,,0.0,0.0,0.0,419,2,1,1,211,Hibernating
C003243,2025-12-01,7.0,15403.91,2118.4900000000002,30,4,5,4,454,Champions
C003244,,0.0,0.0,0.0,615,2,1,1,211,Hibernating
C003245,,0.0,0.0,0.0,1481,1,1,1,111,Hibernating
C003246,2025-02-17,1.0,1992.23,-238.61,317,2,2,2,222,At Risk
C003247,,0.0,0.0,0.0,375,2,1,1,211,Hibernating
C003248,,0.0,0.0,0.0,850,2,1,1,211,Hibernating
C003249,,0.0,0.0,0.0,1756,1,1,1,111,Hibernating
C003250,,0.0,0.0,0.0,1666,1,1,1,111,Hibernating
C003251,2025-12-19,5.0,7574.84,885.47,12,5,4,4,544,Champions
C003252,2025-11-22,5.0,8386.33,1585.8700000000001,39,4,4,4,444,Champions
C003253,,0.0,0.0,0.0,1622,1,1,1,111,Hibernating
C003254,,0.0,0.0,0.0,1144,1,1,1,111,Hibernating
C003255,2025-12-13,3.0,11299.720000000001,3091.3,18,4,3,4,434,Potential Loyalists
C003256,2025-12-27,8.0,15978.41,2346.27,4,5,5,4,554,Champions
C003257,,0.0,0.0,0.0,597,2,1,1,211,Hibernating
C003258,2025-09-10,1.0,859.59,132.97,112,3,2,2,322,Promising
C003259,2025-11-22,1.0,4357.12,1106.77,39,4,2,3,423,Potential Loyalists
C003260,2025-12-25,2.0,7964.719999999999,1355.37,6,5,3,4,534,Potential Loyalists
C003261,,0.0,0.0,0.0,1021,2,1,1,211,Hibernating
C003262,2025-12-03,4.0,9014.470000000001,1820.79,28,4,4,4,444,Champions
C003263,2025-12-15,2.0,2551.67,905.56,16,4,3,3,433,Potential Loyalists
C003264,2025-10-14,3.0,3785.73,681.9,78,3,3,3,333,Need Attention
C003265,2025-11-26,6.0,17580.32,3109.94,35,4,4,5,445,Champions
C003266,2025-12-17,7.0,23083.2,4117.39,14,5,5,5,555,Champions
C003267,2025-12-08,12.0,29646.5,9334.22,23,4,5,5,455,Champions
C003268,2025-11-13,2.0,2037.6999999999998,354.42,48,3,3,2,332,Need Attention
C003269,2025-11-17,6.0,10183.019999999999,2673.38,44,3,4,4,344,Loyal Customers
C003270,2025-12-15,5.0,14625.18,2747.63,16,4,4,4,444,Champions
C003271,2025-10-13,6.0,20635.92,2972.12,79,3,4,5,345,Loyal Customers
C003272,2025-11-15,2.0,7302.389999999999,-478.88000000000005,46,3,3,3,333,Need Attention
C003273,2025-11-07,3.0,8623.61,2027.4099999999999,54,3,3,4,334,Need Attention
C003274,2025-06-25,1.0,2850.19,-78.13,189,3,2,3,323,Promising
C003275,,0.0,0.0,0.0,1656,1,1,1,111,Hibernating
C003276,2025-12-22,1.0,622.9,24.71,9,5,2,2,522,Potential Loyalists
C003277,2025-11-19,2.0,2948.94,201.71,42,4,3,3,433,Potential Loyalists
C003278,2025-06-17,4.0,9208.95,2041.73,197,3,4,4,344,Loyal Customers
C003279,2025-12-26,1.0,5306.5,988.88,5,5,2,3,523,Potential Loyalists
C003280,2025-12-05,5.0,11999.45,2829.25,26,4,4,4,444,Champions
C003281,2025-10-06,2.0,3889.08,1166.8400000000001,86,3,3,3,333,Need Attention
C003282,2025-11-26,1.0,17923.34,1601.5,35,4,2,5,425,Potential Loyalists
C003283,2025-11-23,10.0,18144.01,2485.75,38,4,5,5,455,Champions
C003284,2025-12-18,8.0,15526.83,3231.61,13,5,5,4,554,Champions
C003285,2025-12-19,7.0,21660.36,3248.45,12,5,5,5,555,Champions
C003286,2025-11-19,4.0,14288.64,2519.76,42,4,4,4,444,Champions
C003287,2025-02-02,1.0,5178.8,1244.38,332,2,2,3,223,At Risk
C003288,,0.0,0.0,0.0,1546,1,1,1,111,Hibernating
C003289,2025-12-12,3.0,5513.110000000001,812.42,19,4,3,3,433,Potential Loyalists
C003290,2025-12-19,13.0,45138.56,11749.64,12,5,5,5,555,Champions
C003291,2025-12-27,19.0,57564.94,12389.37,4,5,5,5,555,Champions
C003292,2025-09-13,4.0,4030.4399999999996,625.35,109,3,4,3,343,Loyal Customers
C003293,2025-12-11,4.0,5425.03,954.94,20,4,4,3,443,Loyal Customers
C003294,2025-12-04,2.0,3230.69,365.71,27,4,3,3,433,Potential Loyalists
C003295,,0.0,0.0,0.0,1384,1,1,1,111,Hibernating
C003296,2025-09-20,2.0,6550.12,1646.4,102,3,3,3,333,Need Attention
C003297,2025-12-22,4.0,9477.56,1307.0,9,5,4,4,544,Champions
C003298,,0.0,0.0,0.0,1490,1,1,1,111,Hibernating
C003299,2025-11-27,8.0,26965.68,6659.46,34,4,5,5,455,Champions
C003300,,0.0,0.0,0.0,380,2,1,1,211,Hibernating
C003301,2025-12-07,6.0,16127.74,4068.92,24,4,4,4,444,Champions
C003302,2025-11-25,5.0,17421.42,2590.28,36,4,4,5,445,Champions
C003303,2025-03-18,1.0,2758.85,-283.79,288,2,2,3,223,At Risk
C003304,,0.0,0.0,0.0,589,2,1,1,211,Hibernating
C003305,2025-12-16,3.0,2717.83,452.64,15,5,3,3,533,Potential Loyalists
C003306,,0.0,0.0,0.0,1480,1,1,1,111,Hibernating
C003307,2025-12-13,9.0,28054.01,3158.1400000000003,18,4,5,5,455,Champions
C003308,2025-12-21,12.0,36511.81,9243.439999999999,10,5,5,5,555,Champions
C003309,2025-12-19,1.0,3850.51,14.79,12,5,2,3,523,Potential Loyalists
C003310,,0.0,0.0,0.0,1194,1,1,1,111,Hibernating
C003311,,0.0,0.0,0.0,1047,2,1,1,211,Hibernating
C003312,,0.0,0.0,0.0,1750,1,1,1,111,Hibernating
C003313,2025-06-25,3.0,10529.22,1655.6,189,3,3,4,334,Need Attention
C003314,2025-10-22,6.0,18807.059999999998,4906.6,70,3,4,5,345,Loyal Customers
C003315,,0.0,0.0,0.0,438,2,1,1,211,Hibernating
C003316,,0.0,0.0,0.0,1769,1,1,1,111,Hibernating
C003317,,0.0,0.0,0.0,973,2,1,1,211,Hibernating
C003318,2025-09-27,4.0,3949.36,1190.6999999999998,95,3,4,3,343,Loyal Customers
C003319,2025-08-26,2.0,2143.39,157.42000000000002,127,3,3,3,333,Need Attention
C003320,2025-12-25,5.0,11009.15,2182.44,6,5,4,4,544,Champions
C003321,2025-11-14,6.0,18883.07,2051.76,47,3,4,5,345,Loyal Customers
C003322,2025-09-24,4.0,7811.42,1172.37,98,3,4,4,344,Loyal Customers
C003323,2025-08-17,2.0,2288.0,336.11,136,3,3,3,333,Need Attention
C003324,,0.0,0.0,0.0,1473,1,1,1,111,Hibernating
C003325,2025-12-25,3.0,7732.35,-130.72000000000003,6,5,3,4,534,Potential Loyalists
C003326,,0.0,0.0,0.0,1238,1,1,1,111,Hibernating
C003327,2025-12-08,10.0,25886.690000000002,6981.570000000001,23,4,5,5,455,Champions
C003328,2025-11-27,2.0,2794.6000000000004,213.7,34,4,3,3,433,Potential Loyalists
C003329,2025-12-27,6.0,23922.05,7813.42,4,5,4,5,545,Champions
C003330,2025-11-21,4.0,12797.92,1344.76,40,4,4,4,444,Champions
C003331,2025-12-21,3.0,6571.8,1713.18,10,5,3,3,533,Potential Loyalists
C003332,2025-12-16,10.0,37439.33,7953.34,15,5,5,5,555,Champions
C003333,2025-12-06,4.0,11268.43,2752.44,25,4,4,4,444,Champions
C003334,,0.0,0.0,0.0,1254,1,1,1,111,Hibernating
C003335,2025-11-13,7.0,13114.25,3147.57,48,3,5,4,354,Loyal Customers
C003336,2025-12-20,8.0,18142.97,2631.29,11,5,5,5,555,Champions
C003337,2025-10-14,7.0,7581.45,1859.82,78,3,5,4,354,Loyal Customers
C003338,,0.0,0.0,0.0,1654,1,1,1,111,Hibernating
C003339,2025-09-11,6.0,19613.739999999998,4871.41,111,3,4,5,345,Loyal Customers
C003340,2025-12-19,5.0,13588.73,26.369999999999948,12,5,4,4,544,Champions
C003341,2025-12-07,8.0,14581.75,3703.71,24,4,5,4,454,Champions
C003342,2025-09-15,1.0,607.72,258.7,107,3,2,2,322,Promising
C003343,2025-12-22,1.0,1819.46,294.78,9,5,2,2,522,Potential Loyalists
C003344,2025-11-04,2.0,4011.88,653.98,57,3,3,3,333,Need Attention
C003345,2025-12-24,1.0,1247.18,353.19,7,5,2,2,522,Potential Loyalists
C003346,2025-12-22,7.0,26587.879999999997,5420.7,9,5,5,5,555,Champions
C003347,,0.0,0.0,0.0,1501,1,1,1,111,Hibernating
C003348,,0.0,0.0,0.0,566,2,1,1,211,Hibernating
C003349,2025-08-17,1.0,1370.8,300.06,136,3,2,2,322,Promising
C003350,2025-11-01,4.0,9520.79,1073.61,60,3,4,4,344,Loyal Customers
C003351,,0.0,0.0,0.0,1650,1,1,1,111,Hibernating
C003352,2025-12-10,8.0,12589.710000000001,2562.6,21,4,5,4,454,Champions
C003353,2025-12-09,7.0,14928.48,2940.56,22,4,5,4,454,Champions
C003354,2025-11-23,4.0,8734.33,1099.8799999999999,38,4,4,4,444,Champions
C003355,2025-11-20,4.0,10805.36,3430.8100000000004,41,4,4,4,444,Champions
C003356,2025-10-06,2.0,6429.9,462.45,86,3,3,3,333,Need Attention
C003357,,0.0,0.0,0.0,639,2,1,1,211,Hibernating
C003358,,0.0,0.0,0.0,1316,1,1,1,111,Hibernating
C003359,,0.0,0.0,0.0,1508,1,1,1,111,Hibernating
C003360,2025-12-24,13.0,27229.59,5420.57,7,5,5,5,555,Champions
C003361,,0.0,0.0,0.0,602,2,1,1,211,Hibernating
C003362,2025-12-26,8.0,22333.94,1410.79,5,5,5,5,555,Champions
C003363,2025-12-24,3.0,5913.7300000000005,490.67,7,5,3,3,533,Potential Loyalists
C003364,,0.0,0.0,0.0,1177,1,1,1,111,Hibernating
C003365,,0.0,0.0,0.0,1579,1,1,1,111,Hibernating
C003366,,0.0,0.0,0.0,953,2,1,1,211,Hibernating
C003367,2025-11-15,6.0,12356.73,2415.0,46,3,4,4,344,Loyal Customers
C003368,,0.0,0.0,0.0,1227,1,1,1,111,Hibernating
C003369,2025-12-12,3.0,12424.48,-93.44,19,4,3,4,434,Potential Loyalists
C003370,2025-12-27,10.0,33134.27,6136.5599999999995,4,5,5,5,555,Champions
C003371,,0.0,0.0,0.0,1324,1,1,1,111,Hibernating
C003372,,0.0,0.0,0.0,1108,1,1,1,111,Hibernating
C003373,2025-11-21,8.0,21237.8,3390.96,40,4,5,5,455,Champions
C003374,,0.0,0.0,0.0,1285,1,1,1,111,Hibernating
C003375,2025-04-25,2.0,2701.5299999999997,727.55,250,2,3,3,233,Need Attention
C003376,2025-01-16,1.0,710.63,42.63,349,2,2,2,222,At Risk
C003377,2025-11-09,1.0,1625.5,-37.83,52,3,2,2,322,Promising
C003378,2025-12-12,8.0,13433.71,3944.65,19,4,5,4,454,Champions
C003379,2025-12-26,3.0,7687.29,1373.71,5,5,3,4,534,Potential Loyalists
C003380,2025-12-14,14.0,32558.81,5611.39,17,4,5,5,455,Champions
C003381,2025-02-20,1.0,1413.38,112.0,314,2,2,2,222,At Risk
C003382,,0.0,0.0,0.0,1702,1,1,1,111,Hibernating
C003383,2025-12-14,9.0,17277.75,3021.2599999999998,17,4,5,5,455,Champions
C003384,2025-12-06,5.0,18087.86,2940.24,25,4,4,5,445,Champions
C003385,2025-07-21,4.0,5666.81,763.91,163,3,4,3,343,Loyal Customers
C003386,2025-10-04,2.0,2210.64,399.05999999999995,88,3,3,3,333,Need Attention
C003387,,0.0,0.0,0.0,639,2,1,1,211,Hibernating
C003388,2025-07-26,3.0,11452.19,2921.29,158,3,3,4,334,Need Attention
C003389,2025-11-26,3.0,8134.9800000000005,2448.67,35,4,3,4,434,Potential Loyalists
C003390,,0.0,0.0,0.0,1322,1,1,1,111,Hibernating
C003391,2025-12-14,6.0,18600.75,3508.08,17,4,4,5,445,Champions
C003392,,0.0,0.0,0.0,1339,1,1,1,111,Hibernating
C003393,2025-11-25,7.0,26994.49,8077.139999999999,36,4,5,5,455,Champions
C003394,,0.0,0.0,0.0,1405,1,1,1,111,Hibernating
C003395,2025-12-05,1.0,2859.94,213.08,26,4,2,3,423,Potential Loyalists
C003396,2025-08-15,1.0,1715.69,-221.59,138,3,2,2,322,Promising
C003397,,0.0,0.0,0.0,1469,1,1,1,111,Hibernating
C003398,2025-07-11,6.0,11627.65,2519.69,173,3,4,4,344,Loyal Customers
C003399,,0.0,0.0,0.0,1520,1,1,1,111,Hibernating
C003400,,0.0,0.0,0.0,417,2,1,1,211,Hibernating
C003401,2025-12-11,6.0,26706.35,5516.29,20,4,4,5,445,Champions
C003402,2025-11-22,14.0,30264.04,5562.39,39,4,5,5,455,Champions
C003403,2025-11-25,3.0,8851.09,995.73,36,4,3,4,434,Potential Loyalists
C003404,2025-11-16,1.0,987.49,289.45,45,3,2,2,322,Promising
C003405,,0.0,0.0,0.0,413,2,1,1,211,Hibernating
C003406,2025-07-13,5.0,6759.88,1354.3799999999999,171,3,4,3,343,Loyal Customers
C003407,2025-09-27,1.0,6222.69,2445.99,95,3,2,3,323,Promising
C003408,2025-10-21,4.0,8777.16,1099.93,71,3,4,4,344,Loyal Customers
C003409,,0.0,0.0,0.0,1508,1,1,1,111,Hibernating
C003410,2025-12-12,5.0,13947.050000000001,2486.43,19,4,4,4,444,Champions
C003411,2025-12-24,9.0,23281.29,5296.99,7,5,5,5,555,Champions
C003412,,0.0,0.0,0.0,1512,1,1,1,111,Hibernating
C003413,,0.0,0.0,0.0,1360,1,1,1,111,Hibernating
C003414,2025-02-16,2.0,4316.71,988.0799999999999,318,2,3,3,233,Need Attention
C003415,,0.0,0.0,0.0,400,2,1,1,211,Hibernating
C003416,,0.0,0.0,0.0,1429,1,1,1,111,Hibernating
C003417,,0.0,0.0,0.0,1468,1,1,1,111,Hibernating
C003418,2025-11-11,3.0,4789.1,1393.95,50,3,3,3,333,Need Attention
C003419,2025-12-20,14.0,45945.47,11002.85,11,5,5,5,555,Champions
C003420,,0.0,0.0,0.0,403,2,1,1,211,Hibernating
C003421,2025-12-21,11.0,43642.95,11272.83,10,5,5,5,555,Champions
C003422,,0.0,0.0,0.0,1787,1,1,1,111,Hibernating
C003423,,0.0,0.0,0.0,1821,1,1,1,111,Hibernating
C003424,2025-08-01,2.0,3196.95,159.39000000000001,152,3,3,3,333,Need Attention
C003425,,0.0,0.0,0.0,1131,1,1,1,111,Hibernating
C003426,2025-12-19,2.0,8041.43,2341.55,12,5,3,4,534,Potential Loyalists
C003427,2025-09-13,3.0,2081.45,701.73,109,3,3,2,332,Need Attention
C003428,,0.0,0.0,0.0,926,2,1,1,211,Hibernating
C003429,2025-12-26,15.0,43171.3,10166.11,5,5,5,5,555,Champions
C003430,2025-08-16,1.0,1813.59,-74.73,137,3,2,2,322,Promising
C003431,2025-12-26,2.0,1667.41,290.1,5,5,3,2,532,Potential Loyalists
C003432,2025-11-06,1.0,1114.16,336.4,55,3,2,2,322,Promising
C003433,2025-12-15,6.0,28929.120000000003,8160.63,16,4,4,5,445,Champions
C003434,2025-12-11,1.0,1691.29,187.74,20,4,2,2,422,Potential Loyalists
C003435,,0.0,0.0,0.0,1560,1,1,1,111,Hibernating
C003436,2025-12-18,9.0,19019.8,3912.26,13,5,5,5,555,Champions
C003437,2025-12-13,13.0,30221.22,7600.24,18,4,5,5,455,Champions
C003438,2025-12-19,2.0,5410.320000000001,1119.88,12,5,3,3,533,Potential Loyalists
C003439,,0.0,0.0,0.0,1090,2,1,1,211,Hibernating
C003440,2025-12-05,6.0,15451.91,3498.9,26,4,4,4,444,Champions
C003441,,0.0,0.0,0.0,1633,1,1,1,111,Hibernating
C003442,2025-12-24,11.0,41001.99,10169.16,7,5,5,5,555,Champions
C003443,2025-12-16,5.0,8232.45,1492.46,15,5,4,4,544,Champions
C003444,2025-12-05,3.0,3452.51,405.56999999999994,26,4,3,3,433,Potential Loyalists
C003445,2025-11-21,5.0,8098.6900000000005,624.3,40,4,4,4,444,Champions
C003446,2025-01-23,1.0,1623.75,563.82,342,2,2,2,222,At Risk
C003447,,0.0,0.0,0.0,1278,1,1,1,111,Hibernating
C003448,2025-11-27,4.0,5927.97,1224.12,34,4,4,3,443,Loyal Customers
C003449,2025-04-11,1.0,997.91,220.31,264,2,2,2,222,At Risk
C003450,2025-09-27,7.0,12305.810000000001,3102.96,95,3,5,4,354,Loyal Customers
C003451,,0.0,0.0,0.0,1536,1,1,1,111,Hibernating
C003452,2025-11-20,8.0,16191.11,4083.2200000000003,41,4,5,4,454,Champions
C003453,,0.0,0.0,0.0,1518,1,1,1,111,Hibernating
C003454,,0.0,0.0,0.0,479,2,1,1,211,Hibernating
C003455,,0.0,0.0,0.0,1150,1,1,1,111,Hibernating
C003456,2025-12-09,11.0,25976.170000000002,6155.48,22,4,5,5,455,Champions
C003457,2025-12-23,10.0,21829.97,4683.76,8,5,5,5,555,Champions
C003458,,0.0,0.0,0.0,594,2,1,1,211,Hibernating
C003459,2025-01-09,1.0,5278.07,1929.51,356,2,2,3,223,At Risk
C003460,,0.0,0.0,0.0,1782,1,1,1,111,Hibernating
C003461,2025-11-12,3.0,5140.36,524.97,49,3,3,3,333,Need Attention
C003462,2025-11-19,2.0,2257.95,383.40999999999997,42,4,3,3,433,Potential Loyalists
C003463,,0.0,0.0,0.0,690,2,1,1,211,Hibernating
C003464,,0.0,0.0,0.0,1574,1,1,1,111,Hibernating
C003465,2025-12-19,10.0,25012.67,6983.35,12,5,5,5,555,Champions
C003466,2025-12-15,13.0,28699.39,6581.69,16,4,5,5,455,Champions
C003467,,0.0,0.0,0.0,1073,2,1,1,211,Hibernating
C003468,2025-12-09,1.0,3372.17,540.95,22,4,2,3,423,Potential Loyalists
C003469,2025-11-01,2.0,2750.85,450.16999999999996,60,3,3,3,333,Need Attention
C003470,,0.0,0.0,0.0,1261,1,1,1,111,Hibernating
C003471,2025-09-15,2.0,13777.54,3683.23,107,3,3,4,334,Need Attention
C003472,2025-12-27,6.0,10349.0,1679.67,4,5,4,4,544,Champions
C003473,,0.0,0.0,0.0,1449,1,1,1,111,Hibernating
C003474,2025-11-18,2.0,4612.6,520.48,43,3,3,3,333,Need Attention
C003475,,0.0,0.0,0.0,1536,1,1,1,111,Hibernating
C003476,2025-12-24,2.0,1665.1599999999999,186.89999999999998,7,5,3,2,532,Potential Loyalists
C003477,,0.0,0.0,0.0,778,2,1,1,211,Hibernating
C003478,2025-10-17,4.0,5146.8,763.86,75,3,4,3,343,Loyal Customers
C003479,2025-03-27,3.0,6288.61,1153.97,279,2,3,3,233,Need Attention
C003480,,0.0,0.0,0.0,1174,1,1,1,111,Hibernating
C003481,,0.0,0.0,0.0,1020,2,1,1,211,Hibernating
C003482,,0.0,0.0,0.0,872,2,1,1,211,Hibernating
C003483,2025-12-08,10.0,22967.33,5035.29,23,4,5,5,455,Champions
C003484,2025-12-20,7.0,10584.960000000001,1457.8300000000002,11,5,5,4,554,Champions
C003485,,0.0,0.0,0.0,1681,1,1,1,111,Hibernating
C003486,2025-11-16,7.0,15576.32,2982.24,45,3,5,4,354,Loyal Customers
C003487,2025-04-11,1.0,1247.17,356.11,264,2,2,2,222,At Risk
C003488,2025-09-07,2.0,11249.44,979.79,115,3,3,4,334,Need Attention
C003489,,0.0,0.0,0.0,523,2,1,1,211,Hibernating
C003490,,0.0,0.0,0.0,1772,1,1,1,111,Hibernating
C003491,2025-01-27,2.0,15890.9,2720.1099999999997,338,2,3,4,234,Need Attention
C003492,2025-12-25,13.0,45354.42,8843.71,6,5,5,5,555,Champions
C003493,,0.0,0.0,0.0,1595,1,1,1,111,Hibernating
C003494,2025-12-26,4.0,8793.5,1605.5700000000002,5,5,4,4,544,Champions
C003495,2025-11-09,5.0,11273.89,2176.68,52,3,4,4,344,Loyal Customers
C003496,,0.0,0.0,0.0,1419,1,1,1,111,Hibernating
C003497,,0.0,0.0,0.0,1485,1,1,1,111,Hibernating
C003498,2025-10-19,3.0,10719.2,1876.9099999999999,73,3,3,4,334,Need Attention
C003499,2025-05-17,3.0,12214.25,1064.15,228,2,3,4,234,Need Attention
C003500,2025-11-22,10.0,18842.96,5268.51,39,4,5,5,455,Champions
C003501,2025-11-04,4.0,10623.82,1844.98,57,3,4,4,344,Loyal Customers
C003502,,0.0,0.0,0.0,1761,1,1,1,111,Hibernating
C003503,2025-12-17,13.0,43660.89,11666.67,14,5,5,5,555,Champions
C003504,2025-11-26,21.0,41633.41,10205.71,35,4,5,5,455,Champions
C003505,2025-11-17,5.0,18611.02,5553.91,44,3,4,5,345,Loyal Customers
C003506,,0.0,0.0,0.0,1428,1,1,1,111,Hibernating
C003507,2025-11-06,9.0,30029.03,5824.5,55,3,5,5,355,Loyal Customers
C003508,2025-11-13,7.0,16122.47,4320.19,48,3,5,4,354,Loyal Customers
C003509,2025-03-25,3.0,4780.28,836.5999999999999,281,2,3,3,233,Need Attention
C003510,2025-12-23,4.0,5013.68,1036.0,8,5,4,3,543,Loyal Customers
C003511,,0.0,0.0,0.0,1533,1,1,1,111,Hibernating
C003512,2025-12-18,12.0,38614.62,9742.99,13,5,5,5,555,Champions
C003513,2025-12-26,10.0,21466.41,4547.9800000000005,5,5,5,5,555,Champions
C003514,2025-12-12,8.0,31964.639999999996,2745.8199999999997,19,4,5,5,455,Champions
C003515,,0.0,0.0,0.0,684,2,1,1,211,Hibernating
C003516,,0.0,0.0,0.0,1469,1,1,1,111,Hibernating
C003517,,0.0,0.0,0.0,1696,1,1,1,111,Hibernating
C003518,2025-12-26,24.0,77103.4,18801.16,5,5,5,5,555,Champions
C003519,,0.0,0.0,0.0,1301,1,1,1,111,Hibernating
C003520,,0.0,0.0,0.0,1791,1,1,1,111,Hibernating
C003521,,0.0,0.0,0.0,385,2,1,1,211,Hibernating
C003522,2025-09-15,1.0,1108.89,321.73,107,3,2,2,322,Promising
C003523,2025-12-26,9.0,24808.6,5783.47,5,5,5,5,555,Champions
C003524,,0.0,0.0,0.0,1051,2,1,1,211,Hibernating
C003525,,0.0,0.0,0.0,1719,1,1,1,111,Hibernating
C003526,2025-10-08,7.0,16560.07,4316.49,84,3,5,5,355,Loyal Customers
C003527,,0.0,0.0,0.0,1435,1,1,1,111,Hibernating
C003528,2025-12-12,4.0,5696.900000000001,2101.63,19,4,4,3,443,Loyal Customers
C003529,2025-04-04,2.0,1910.57,378.28,271,2,3,2,232,Need Attention
C003530,2025-11-18,1.0,2623.62,620.94,43,3,2,3,323,Promising
C003531,2025-12-15,6.0,11039.97,2824.88,16,4,4,4,444,Champions
C003532,,0.0,0.0,0.0,1458,1,1,1,111,Hibernating
C003533,,0.0,0.0,0.0,1244,1,1,1,111,Hibernating
C003534,2025-12-25,18.0,45597.61,11953.720000000001,6,5,5,5,555,Champions
C003535,2025-11-21,3.0,9324.52,1545.48,40,4,3,4,434,Potential Loyalists
C003536,2025-09-09,5.0,13960.33,2608.76,113,3,4,4,344,Loyal Customers
C003537,2025-09-02,2.0,3754.1,902.19,120,3,3,3,333,Need Attention
C003538,,0.0,0.0,0.0,1747,1,1,1,111,Hibernating
C003539,,0.0,0.0,0.0,1600,1,1,1,111,Hibernating
C003540,2025-10-06,7.0,41241.93,11379.32,86,3,5,5,355,Loyal Customers
C003541,2025-01-18,1.0,3880.45,1394.11,347,2,2,3,223,At Risk
C003542,2025-12-17,3.0,4158.19,797.02,14,5,3,3,533,Potential Loyalists
C003543,2025-10-10,5.0,29673.7,10365.060000000001,82,3,4,5,345,Loyal Customers
C003544,2025-12-06,3.0,10781.08,1437.94,25,4,3,4,434,Potential Loyalists
C003545,2025-11-14,4.0,6962.67,1435.07,47,3,4,3,343,Loyal Customers
C003546,2025-12-17,8.0,18439.8,3236.96,14,5,5,5,555,Champions
C003547,,0.0,0.0,0.0,1395,1,1,1,111,Hibernating
C003548,2025-12-21,3.0,3844.1500000000005,338.73,10,5,3,3,533,Potential Loyalists
C003549,,0.0,0.0,0.0,1564,1,1,1,111,Hibernating
C003550,2025-01-14,1.0,8104.4,1774.16,351,2,2,4,224,At Risk
C003551,2025-12-26,4.0,7296.34,987.1899999999999,5,5,4,3,543,Loyal Customers
C003552,,0.0,0.0,0.0,403,2,1,1,211,Hibernating
C003553,,0.0,0.0,0.0,446,2,1,1,211,Hibernating
C003554,2025-08-19,8.0,18810.51,4906.04,134,3,5,5,355,Loyal Customers
C003555,,0.0,0.0,0.0,592,2,1,1,211,Hibernating
C003556,2025-12-27,7.0,26476.47,3643.32,4,5,5,5,555,Champions
C003557,2025-08-12,3.0,3181.64,271.53,141,3,3,3,333,Need Attention
C003558,2025-08-16,1.0,9689.71,1943.09,137,3,2,4,324,Promising
C003559,,0.0,0.0,0.0,1124,1,1,1,111,Hibernating
C003560,,0.0,0.0,0.0,449,2,1,1,211,Hibernating
C003561,2025-11-03,5.0,10472.13,2366.0099999999998,58,3,4,4,344,Loyal Customers
C003562,2025-11-11,6.0,7209.33,1208.38,50,3,4,3,343,Loyal Customers
C003563,,0.0,0.0,0.0,1444,1,1,1,111,Hibernating
C003564,2025-05-25,5.0,11296.51,2934.98,220,2,4,4,244,Need Attention
C003565,2025-12-18,2.0,787.03,219.9,13,5,3,2,532,Potential Loyalists
C003566,2025-10-25,5.0,12964.4,3006.88,67,3,4,4,344,Loyal Customers
C003567,2025-11-10,4.0,7880.45,1181.85,51,3,4,4,344,Loyal Customers
C003568,,0.0,0.0,0.0,425,2,1,1,211,Hibernating
C003569,,0.0,0.0,0.0,1437,1,1,1,111,Hibernating
C003570,2025-12-01,5.0,10256.0,1823.76,30,4,4,4,444,Champions
C003571,2025-11-07,2.0,3062.58,-351.99,54,3,3,3,333,Need Attention
C003572,,0.0,0.0,0.0,1657,1,1,1,111,Hibernating
C003573,,0.0,0.0,0.0,1194,1,1,1,111,Hibernating
C003574,,0.0,0.0,0.0,1080,2,1,1,211,Hibernating
C003575,2025-11-26,2.0,7818.37,1903.3,35,4,3,4,434,Potential Loyalists
C003576,2025-12-18,17.0,42102.12,10128.0,13,5,5,5,555,Champions
C003577,2025-01-03,1.0,2623.92,780.13,362,2,2,3,223,At Risk
C003578,2025-08-11,2.0,1593.0500000000002,419.1,142,3,3,2,332,Need Attention
C003579,2025-11-23,12.0,24803.61,6779.37,38,4,5,5,455,Champions
C003580,2025-11-20,3.0,3520.7,985.33,41,4,3,3,433,Potential Loyalists
C003581,2025-12-13,5.0,8216.0,2317.48,18,4,4,4,444,Champions
C003582,2025-05-11,3.0,3417.7400000000002,274.85,234,2,3,3,233,Need Attention
C003583,2025-11-26,1.0,2031.4,520.92,35,4,2,2,422,Potential Loyalists
C003584,,0.0,0.0,0.0,1327,1,1,1,111,Hibernating
C003585,2025-11-02,2.0,1405.56,80.75,59,3,3,2,332,Need Attention
C003586,2025-12-24,7.0,12809.51,2666.32,7,5,5,4,554,Champions
C003587,2025-12-17,14.0,53173.869999999995,10477.2,14,5,5,5,555,Champions
C003588,,0.0,0.0,0.0,1623,1,1,1,111,Hibernating
C003589,,0.0,0.0,0.0,1406,1,1,1,111,Hibernating
C003590,,0.0,0.0,0.0,629,2,1,1,211,Hibernating
C003591,,0.0,0.0,0.0,1294,1,1,1,111,Hibernating
C003592,,0.0,0.0,0.0,1316,1,1,1,111,Hibernating
C003593,2025-12-22,2.0,924.51,133.86,9,5,3,2,532,Potential Loyalists
C003594,2025-09-25,4.0,7725.91,817.76,97,3,4,4,344,Loyal Customers
C003595,2025-12-17,5.0,7580.879999999999,2038.83,14,5,4,4,544,Champions
C003596,2025-12-02,13.0,33680.11,10619.16,29,4,5,5,455,Champions
C003597,2025-12-14,13.0,28241.55,8244.68,17,4,5,5,455,Champions
C003598,,0.0,0.0,0.0,432,2,1,1,211,Hibernating
C003599,,0.0,0.0,0.0,1258,1,1,1,111,Hibernating
C003600,,0.0,0.0,0.0,474,2,1,1,211,Hibernating
C003601,2025-11-15,6.0,11643.12,2280.5299999999997,46,3,4,4,344,Loyal Customers
C003602,,0.0,0.0,0.0,907,2,1,1,211,Hibernating
C003603,,0.0,0.0,0.0,1627,1,1,1,111,Hibernating
C003604,2025-10-14,1.0,2026.44,417.04,78,3,2,2,322,Promising
C003605,2025-12-26,4.0,6198.7300000000005,456.02,5,5,4,3,543,Loyal Customers
C003606,2025-11-09,2.0,5182.13,1255.78,52,3,3,3,333,Need Attention
C003607,2025-04-19,1.0,2101.54,780.79,256,2,2,3,223,At Risk
C003608,,0.0,0.0,0.0,448,2,1,1,211,Hibernating
C003609,2025-07-24,3.0,5297.4400000000005,1477.0099999999998,160,3,3,3,333,Need Attention
C003610,2025-12-23,6.0,12929.68,2928.81,8,5,4,4,544,Champions
C003611,,0.0,0.0,0.0,1148,1,1,1,111,Hibernating
C003612,2025-12-19,5.0,11052.369999999999,2306.09,12,5,4,4,544,Champions
C003613,2025-09-10,1.0,777.31,131.55,112,3,2,2,322,Promising
C003614,2025-11-24,7.0,19139.43,3910.36,37,4,5,5,455,Champions
C003615,2025-12-16,8.0,20455.8,4056.04,15,5,5,5,555,Champions
C003616,2025-12-12,12.0,21851.36,4066.84,19,4,5,5,455,Champions
C003617,2025-03-18,1.0,836.06,347.35,288,2,2,2,222,At Risk
C003618,2025-12-15,7.0,14218.51,1857.5199999999998,16,4,5,4,454,Champions
C003619,,0.0,0.0,0.0,1353,1,1,1,111,Hibernating
C003620,2025-12-20,21.0,68127.65,15866.83,11,5,5,5,555,Champions
C003621,,0.0,0.0,0.0,1284,1,1,1,111,Hibernating
C003622,2025-03-07,1.0,2084.37,445.34,299,2,2,2,222,At Risk
C003623,2025-04-19,2.0,12829.560000000001,4263.09,256,2,3,4,234,Need Attention
C003624,2025-07-12,5.0,10851.63,1931.8600000000001,172,3,4,4,344,Loyal Customers
C003625,,0.0,0.0,0.0,1498,1,1,1,111,Hibernating
C003626,2025-12-08,1.0,893.67,28.86,23,4,2,2,422,Potential Loyalists
C003627,2025-11-02,3.0,1993.35,112.31,59,3,3,2,332,Need Attention
C003628,,0.0,0.0,0.0,1224,1,1,1,111,Hibernating
C003629,2025-12-27,5.0,8982.55,1764.89,4,5,4,4,544,Champions
C003630,2025-12-15,2.0,2141.56,649.38,16,4,3,3,433,Potential Loyalists
C003631,2025-09-24,3.0,3635.36,857.97,98,3,3,3,333,Need Attention
C003632,,0.0,0.0,0.0,1332,1,1,1,111,Hibernating
C003633,2025-12-20,3.0,1182.6399999999999,247.61,11,5,3,2,532,Potential Loyalists
C003634,2025-12-26,4.0,7483.5,1714.42,5,5,4,3,543,Loyal Customers
C003635,,0.0,0.0,0.0,829,2,1,1,211,Hibernating
C003636,2025-02-18,1.0,3267.21,259.06,316,2,2,3,223,At Risk
C003637,,0.0,0.0,0.0,869,2,1,1,211,Hibernating
C003638,2025-12-26,5.0,12716.67,3159.23,5,5,4,4,544,Champions
C003639,2025-07-19,3.0,4429.3,897.47,165,3,3,3,333,Need Attention
C003640,,0.0,0.0,0.0,425,2,1,1,211,Hibernating
C003641,2025-11-07,4.0,2729.2400000000002,466.0,54,3,4,3,343,Loyal Customers
C003642,2025-09-19,3.0,5384.08,94.98000000000002,103,3,3,3,333,Need Attention
C003643,,0.0,0.0,0.0,1398,1,1,1,111,Hibernating
C003644,2025-12-04,4.0,5084.469999999999,506.84000000000003,27,4,4,3,443,Loyal Customers
C003645,2025-05-20,1.0,3712.04,154.86,225,2,2,3,223,At Risk
C003646,,0.0,0.0,0.0,1151,1,1,1,111,Hibernating
C003647,,0.0,0.0,0.0,1481,1,1,1,111,Hibernating
C003648,2025-12-24,20.0,48004.45,11346.64,7,5,5,5,555,Champions
C003649,2025-12-15,12.0,34272.53,8216.89,16,4,5,5,455,Champions
C003650,2025-12-19,16.0,45884.05,11007.65,12,5,5,5,555,Champions
C003651,2025-09-24,5.0,5986.900000000001,841.0899999999999,98,3,4,3,343,Loyal Customers
C003652,,0.0,0.0,0.0,1247,1,1,1,111,Hibernating
C003653,2025-10-22,5.0,7501.43,1567.81,70,3,4,3,343,Loyal Customers
C003654,2025-11-02,6.0,8776.39,2800.27,59,3,4,4,344,Loyal Customers
C003655,2025-11-25,3.0,2989.15,404.11,36,4,3,3,433,Potential Loyalists
C003656,2025-10-19,1.0,6046.62,487.52,73,3,2,3,323,Promising
C003657,,0.0,0.0,0.0,1514,1,1,1,111,Hibernating
C003658,2025-12-11,2.0,4806.32,1866.74,20,4,3,3,433,Potential Loyalists
C003659,2025-12-13,8.0,14825.169999999998,3175.4300000000003,18,4,5,4,454,Champions
C003660,2025-10-07,6.0,11021.119999999999,1168.05,85,3,4,4,344,Loyal Customers
C003661,2025-08-05,1.0,4501.83,1191.56,148,3,2,3,323,Promising
C003662,,0.0,0.0,0.0,456,2,1,1,211,Hibernating
C003663,2025-11-04,1.0,1233.89,70.69,57,3,2,2,322,Promising
C003664,,0.0,0.0,0.0,431,2,1,1,211,Hibernating
C003665,2025-12-17,13.0,36271.67,10185.92,14,5,5,5,555,Champions
C003666,2025-12-05,4.0,12797.26,2022.69,26,4,4,4,444,Champions
C003667,2025-08-20,1.0,495.7,94.15,133,3,2,2,322,Promising
C003668,2025-12-25,4.0,4217.91,479.56999999999994,6,5,4,3,543,Loyal Customers
C003669,2025-10-09,3.0,6875.16,1819.1899999999998,83,3,3,3,333,Need Attention
C003670,,0.0,0.0,0.0,1172,1,1,1,111,Hibernating
C003671,,0.0,0.0,0.0,1182,1,1,1,111,Hibernating
C003672,2025-11-11,2.0,2640.13,219.79000000000002,50,3,3,3,333,Need Attention
C003673,2025-11-12,13.0,26607.63,5967.84,49,3,5,5,355,Loyal Customers
C003674,,0.0,0.0,0.0,673,2,1,1,211,Hibernating
C003675,,0.0,0.0,0.0,382,2,1,1,211,Hibernating
C003676,2025-12-23,10.0,32508.27,7746.82,8,5,5,5,555,Champions
C003677,,0.0,0.0,0.0,1821,1,1,1,111,Hibernating
C003678,,0.0,0.0,0.0,1638,1,1,1,111,Hibernating
C003679,2025-11-13,2.0,1955.5499999999997,689.1899999999999,48,3,3,2,332,Need Attention
C003680,,0.0,0.0,0.0,766,2,1,1,211,Hibernating
C003681,2025-10-06,4.0,13629.83,3708.2799999999997,86,3,4,4,344,Loyal Customers
C003682,2025-12-11,1.0,1874.85,282.51,20,4,2,2,422,Potential Loyalists
C003683,,0.0,0.0,0.0,955,2,1,1,211,Hibernating
C003684,,0.0,0.0,0.0,556,2,1,1,211,Hibernating
C003685,2025-10-15,4.0,9564.65,1388.16,77,3,4,4,344,Loyal Customers
C003686,2025-12-12,5.0,8359.83,1650.45,19,4,4,4,444,Champions
C003687,,0.0,0.0,0.0,1694,1,1,1,111,Hibernating
C003688,2025-11-09,6.0,10300.71,1820.4099999999999,52,3,4,4,344,Loyal Customers
C003689,,0.0,0.0,0.0,1761,1,1,1,111,Hibernating
C003690,2025-10-10,1.0,2100.12,69.91,82,3,2,3,323,Promising
C003691,,0.0,0.0,0.0,1092,2,1,1,211,Hibernating
C003692,2025-12-22,19.0,48099.729999999996,11950.94,9,5,5,5,555,Champions
C003693,2025-09-04,6.0,14935.49,3945.41,118,3,4,4,344,Loyal Customers
C003694,,0.0,0.0,0.0,1425,1,1,1,111,Hibernating
C003695,,0.0,0.0,0.0,1138,1,1,1,111,Hibernating
C003696,2025-12-03,10.0,24187.45,4745.23,28,4,5,5,455,Champions
C003697,,0.0,0.0,0.0,1345,1,1,1,111,Hibernating
C003698,2025-12-08,8.0,18126.25,2310.2400000000002,23,4,5,5,455,Champions
C003699,2025-12-20,9.0,19100.57,3430.49,11,5,5,5,555,Champions
C003700,2025-09-01,2.0,7170.08,733.49,121,3,3,3,333,Need Attention
C003701,,0.0,0.0,0.0,1361,1,1,1,111,Hibernating
C003702,,0.0,0.0,0.0,1691,1,1,1,111,Hibernating
C003703,2025-12-03,1.0,1618.92,452.95,28,4,2,2,422,Potential Loyalists
C003704,,0.0,0.0,0.0,927,2,1,1,211,Hibernating
C003705,,0.0,0.0,0.0,1701,1,1,1,111,Hibernating
C003706,2025-02-02,1.0,6870.46,2317.2,332,2,2,3,223,At Risk
C003707,2025-12-03,12.0,22013.98,3768.9300000000003,28,4,5,5,455,Champions
C003708,2025-11-13,2.0,1211.09,99.49000000000001,48,3,3,2,332,Need Attention
C003709,2025-12-22,3.0,9207.81,1572.51,9,5,3,4,534,Potential Loyalists
C003710,,0.0,0.0,0.0,1088,2,1,1,211,Hibernating
C003711,2025-07-05,3.0,7195.93,1665.94,179,3,3,3,333,Need Attention
C003712,2025-11-16,1.0,713.81,63.12,45,3,2,2,322,Promising
C003713,2025-10-05,1.0,3633.15,-64.38,87,3,2,3,323,Promising
C003714,2025-12-17,10.0,16604.78,2278.5,14,5,5,5,555,Champions
C003715,,0.0,0.0,0.0,1424,1,1,1,111,Hibernating
C003716,,0.0,0.0,0.0,1716,1,1,1,111,Hibernating
C003717,2025-12-27,2.0,4646.15,312.81,4,5,3,3,533,Potential Loyalists
C003718,2025-12-24,1.0,2394.4,-10.39,7,5,2,3,523,Potential Loyalists
C003719,2025-12-13,12.0,33878.13,7983.83,18,4,5,5,455,Champions
C003720,2025-06-14,3.0,3734.39,937.23,200,3,3,3,333,Need Attention
C003721,,0.0,0.0,0.0,571,2,1,1,211,Hibernating
C003722,2025-02-02,1.0,6824.34,2840.33,332,2,2,3,223,At Risk
C003723,2025-11-09,5.0,5323.62,1592.31,52,3,4,3,343,Loyal Customers
C003724,2025-11-07,6.0,17324.0,2869.53,54,3,4,5,345,Loyal Customers
C003725,,0.0,0.0,0.0,833,2,1,1,211,Hibernating
C003726,2025-04-15,2.0,3465.83,457.68,260,2,3,3,233,Need Attention
C003727,2025-11-20,10.0,36536.77,7364.490000000001,41,4,5,5,455,Champions
C003728,2025-11-10,9.0,21791.82,4174.7699999999995,51,3,5,5,355,Loyal Customers
C003729,2025-12-18,6.0,8066.68,1430.79,13,5,4,4,544,Champions
C003730,2025-12-22,1.0,3525.69,675.36,9,5,2,3,523,Potential Loyalists
C003731,,0.0,0.0,0.0,1557,1,1,1,111,Hibernating
C003732,2025-08-08,1.0,1998.96,443.76,145,3,2,2,322,Promising
C003733,2025-06-12,1.0,1812.98,781.36,202,2,2,2,222,At Risk
C003734,2025-11-01,1.0,296.18,98.43,60,3,2,2,322,Promising
C003735,2025-12-26,7.0,18910.95,3305.4900000000002,5,5,5,5,555,Champions
C003736,2025-12-23,1.0,613.87,157.22,8,5,2,2,522,Potential Loyalists
C003737,,0.0,0.0,0.0,1199,1,1,1,111,Hibernating
C003738,2025-11-23,5.0,17444.03,2107.73,38,4,4,5,445,Champions
C003739,,0.0,0.0,0.0,1224,1,1,1,111,Hibernating
C003740,2025-10-20,4.0,13079.13,3235.62,72,3,4,4,344,Loyal Customers
C003741,,0.0,0.0,0.0,962,2,1,1,211,Hibernating
C003742,2025-11-21,4.0,5571.82,1499.56,40,4,4,3,443,Loyal Customers
C003743,,0.0,0.0,0.0,1284,1,1,1,111,Hibernating
C003744,,0.0,0.0,0.0,1270,1,1,1,111,Hibernating
C003745,2025-11-24,3.0,11344.91,2925.17,37,4,3,4,434,Potential Loyalists
C003746,2025-05-13,2.0,2990.3700000000003,723.0899999999999,232,2,3,3,233,Need Attention
C003747,2025-12-13,2.0,2267.34,337.86,18,4,3,3,433,Potential Loyalists
C003748,2025-01-14,1.0,7468.5,2783.28,351,2,2,3,223,At Risk
C003749,2025-12-25,11.0,42759.17,10546.09,6,5,5,5,555,Champions
C003750,2025-12-17,4.0,4774.32,654.88,14,5,4,3,543,Loyal Customers
C003751,2025-11-17,7.0,13965.810000000001,3357.49,44,3,5,4,354,Loyal Customers
C003752,2025-08-14,4.0,4591.75,918.75,139,3,4,3,343,Loyal Customers
C003753,2025-03-19,1.0,1642.54,274.2,287,2,2,2,222,At Risk
C003754,2025-12-05,3.0,11407.72,1792.78,26,4,3,4,434,Potential Loyalists
C003755,2025-12-26,10.0,20437.65,5505.97,5,5,5,5,555,Champions
C003756,,0.0,0.0,0.0,388,2,1,1,211,Hibernating
C003757,2025-12-08,1.0,3628.95,847.21,23,4,2,3,423,Potential Loyalists
C003758,2025-12-25,7.0,17626.920000000002,6105.83,6,5,5,5,555,Champions
C003759,,0.0,0.0,0.0,1327,1,1,1,111,Hibernating
C003760,,0.0,0.0,0.0,1540,1,1,1,111,Hibernating
C003761,2025-12-19,11.0,23434.16,3987.69,12,5,5,5,555,Champions
C003762,2025-12-25,9.0,18746.97,3414.57,6,5,5,5,555,Champions
C003763,,0.0,0.0,0.0,1602,1,1,1,111,Hibernating
C003764,2025-11-07,8.0,20152.16,2676.44,54,3,5,5,355,Loyal Customers
C003765,,0.0,0.0,0.0,665,2,1,1,211,Hibernating
C003766,2025-11-05,5.0,11072.01,1934.83,56,3,4,4,344,Loyal Customers
C003767,2025-12-27,2.0,2243.84,633.29,4,5,3,3,533,Potential Loyalists
C003768,2025-09-17,1.0,1330.9,-52.14,105,3,2,2,322,Promising
C003769,2025-12-10,5.0,9860.95,1519.91,21,4,4,4,444,Champions
C003770,,0.0,0.0,0.0,1811,1,1,1,111,Hibernating
C003771,2025-06-24,1.0,817.94,91.32,190,3,2,2,322,Promising
C003772,2025-12-09,2.0,3360.29,282.71999999999997,22,4,3,3,433,Potential Loyalists
C003773,,0.0,0.0,0.0,1416,1,1,1,111,Hibernating
C003774,,0.0,0.0,0.0,412,2,1,1,211,Hibernating
C003775,,0.0,0.0,0.0,1578,1,1,1,111,Hibernating
C003776,,0.0,0.0,0.0,1546,1,1,1,111,Hibernating
C003777,2025-11-18,4.0,11348.49,2622.01,43,3,4,4,344,Loyal Customers
C003778,2025-12-26,11.0,30712.47,8966.69,5,5,5,5,555,Champions
C003779,2025-12-24,4.0,10080.55,2589.0,7,5,4,4,544,Champions
C003780,2025-11-15,2.0,10615.54,674.0,46,3,3,4,334,Need Attention
C003781,2025-12-27,10.0,23416.88,4213.12,4,5,5,5,555,Champions
C003782,2025-12-27,4.0,8685.46,2257.95,4,5,4,4,544,Champions
C003783,2025-12-18,6.0,12898.46,2871.44,13,5,4,4,544,Champions
C003784,2025-12-26,1.0,3146.08,618.53,5,5,2,3,523,Potential Loyalists
C003785,2025-10-24,10.0,24756.51,4971.88,68,3,5,5,355,Loyal Customers
C003786,2025-09-22,6.0,16335.72,3592.34,100,3,4,4,344,Loyal Customers
C003787,,0.0,0.0,0.0,1328,1,1,1,111,Hibernating
C003788,,0.0,0.0,0.0,926,2,1,1,211,Hibernating
C003789,,0.0,0.0,0.0,1018,2,1,1,211,Hibernating
C003790,,0.0,0.0,0.0,1183,1,1,1,111,Hibernating
C003791,2025-12-17,8.0,22954.22,5442.44,14,5,5,5,555,Champions
C003792,2025-12-06,1.0,2555.47,635.53,25,4,2,3,423,Potential Loyalists
C003793,2025-12-12,5.0,7300.53,1374.9,19,4,4,3,443,Loyal Customers
C003794,2025-04-05,1.0,3299.43,371.11,270,2,2,3,223,At Risk
C003795,2025-08-13,2.0,3268.6800000000003,62.489999999999995,140,3,3,3,333,Need Attention
C003796,2025-12-26,20.0,57571.21,11509.91,5,5,5,5,555,Champions
C003797,2025-12-20,4.0,9879.710000000001,2164.84,11,5,4,4,544,Champions
C003798,2025-12-18,4.0,8928.04,1445.02,13,5,4,4,544,Champions
C003799,,0.0,0.0,0.0,1672,1,1,1,111,Hibernating
C003800,2025-12-23,4.0,7669.18,2032.0,8,5,4,4,544,Champions
C003801,2025-12-04,5.0,8169.83,1028.73,27,4,4,4,444,Champions
C003802,2025-12-01,6.0,15329.16,2592.7200000000003,30,4,4,4,444,Champions
C003803,2025-12-19,3.0,6974.49,1603.34,12,5,3,3,533,Potential Loyalists
C003804,2025-05-20,2.0,1191.3600000000001,151.36999999999998,225,2,3,2,232,Need Attention
C003805,2025-12-24,5.0,15464.56,3625.77,7,5,4,4,544,Champions
C003806,,0.0,0.0,0.0,1650,1,1,1,111,Hibernating
C003807,2025-04-19,8.0,25006.23,3526.23,256,2,5,5,255,Need Attention
C003808,,0.0,0.0,0.0,891,2,1,1,211,Hibernating
C003809,,0.0,0.0,0.0,412,2,1,1,211,Hibernating
C003810,2025-09-12,11.0,42003.5,10854.52,110,3,5,5,355,Loyal Customers
C003811,2025-12-18,7.0,10956.76,1287.96,13,5,5,4,554,Champions
C003812,2025-12-08,10.0,25164.489999999998,4531.9,23,4,5,5,455,Champions
C003813,,0.0,0.0,0.0,1722,1,1,1,111,Hibernating
C003814,,0.0,0.0,0.0,1600,1,1,1,111,Hibernating
C003815,2025-11-16,8.0,25452.76,2846.37,45,3,5,5,355,Loyal Customers
C003816,,0.0,0.0,0.0,603,2,1,1,211,Hibernating
C003817,,0.0,0.0,0.0,993,2,1,1,211,Hibernating
C003818,2025-12-08,1.0,317.02,119.27,23,4,2,2,422,Potential Loyalists
C003819,2025-12-03,3.0,5609.13,440.73,28,4,3,3,433,Potential Loyalists
C003820,2025-11-03,9.0,32557.75,5565.74,58,3,5,5,355,Loyal Customers
C003821,2025-12-12,8.0,15339.33,3154.25,19,4,5,4,454,Champions
C003822,,0.0,0.0,0.0,422,2,1,1,211,Hibernating
C003823,2025-12-18,5.0,14683.199999999999,3327.3399999999997,13,5,4,4,544,Champions
C003824,2025-11-23,4.0,7929.3099999999995,1923.08,38,4,4,4,444,Champions
C003825,,0.0,0.0,0.0,405,2,1,1,211,Hibernating
C003826,2025-09-26,10.0,28150.75,9360.310000000001,96,3,5,5,355,Loyal Customers
C003827,2025-12-07,6.0,18195.54,3889.0699999999997,24,4,4,5,445,Champions
C003828,,0.0,0.0,0.0,1395,1,1,1,111,Hibernating
C003829,2025-12-08,6.0,15258.07,3904.0699999999997,23,4,4,4,444,Champions
C003830,2025-12-10,12.0,43505.5,5918.17,21,4,5,5,455,Champions
C003831,2025-12-18,3.0,7082.030000000001,184.90000000000003,13,5,3,3,533,Potential Loyalists
C003832,2025-12-15,13.0,39339.770000000004,9187.65,16,4,5,5,455,Champions
C003833,2025-11-16,5.0,17376.2,5225.46,45,3,4,5,345,Loyal Customers
C003834,2025-12-10,3.0,2635.03,847.24,21,4,3,3,433,Potential Loyalists
C003835,2025-12-17,8.0,27097.5,7026.37,14,5,5,5,555,Champions
C003836,2025-12-10,11.0,30759.89,5173.69,21,4,5,5,455,Champions
C003837,,0.0,0.0,0.0,1609,1,1,1,111,Hibernating
C003838,2025-11-08,1.0,581.32,179.77,53,3,2,2,322,Promising
C003839,,0.0,0.0,0.0,456,2,1,1,211,Hibernating
C003840,2025-12-02,4.0,11219.59,2516.88,29,4,4,4,444,Champions
C003841,,0.0,0.0,0.0,1725,1,1,1,111,Hibernating
C003842,2025-01-19,1.0,2289.61,404.99,346,2,2,3,223,At Risk
C003843,2025-12-09,2.0,2381.99,534.66,22,4,3,3,433,Potential Loyalists
C003844,2025-10-15,1.0,1309.24,367.26,77,3,2,2,322,Promising
C003845,2025-06-11,4.0,4744.09,1179.0300000000002,203,2,4,3,243,Need Attention
C003846,2025-06-15,3.0,4259.75,1423.32,199,3,3,3,333,Need Attention
C003847,2025-12-20,4.0,11081.27,1720.72,11,5,4,4,544,Champions
C003848,2025-10-25,1.0,2098.04,693.49,67,3,2,2,322,Promising
C003849,2025-12-24,1.0,1705.57,57.16,7,5,2,2,522,Potential Loyalists
C003850,2025-11-18,7.0,19893.59,3742.83,43,3,5,5,355,Loyal Customers
C003851,2025-01-18,1.0,1338.29,291.87,347,2,2,2,222,At Risk
C003852,2025-12-02,4.0,5250.27,1486.8899999999999,29,4,4,3,443,Loyal Customers
C003853,2025-12-27,4.0,13586.56,1051.17,4,5,4,4,544,Champions
C003854,2025-09-22,10.0,22812.52,5661.25,100,3,5,5,355,Loyal Customers
C003855,,0.0,0.0,0.0,1478,1,1,1,111,Hibernating
C003856,2025-12-26,22.0,52479.1,12122.75,5,5,5,5,555,Champions
C003857,2025-11-01,1.0,1897.48,-92.06,60,3,2,2,322,Promising
C003858,2025-04-16,2.0,5051.41,1145.8799999999999,259,2,3,3,233,Need Attention
C003859,,0.0,0.0,0.0,1215,1,1,1,111,Hibernating
C003860,,0.0,0.0,0.0,1517,1,1,1,111,Hibernating
C003861,,0.0,0.0,0.0,1306,1,1,1,111,Hibernating
C003862,,0.0,0.0,0.0,1047,2,1,1,211,Hibernating
C003863,2025-11-03,5.0,14190.37,3149.93,58,3,4,4,344,Loyal Customers
C003864,,0.0,0.0,0.0,1753,1,1,1,111,Hibernating
C003865,,0.0,0.0,0.0,1520,1,1,1,111,Hibernating
C003866,2025-12-24,8.0,18253.37,1977.8799999999999,7,5,5,5,555,Champions
C003867,,0.0,0.0,0.0,1163,1,1,1,111,Hibernating
C003868,,0.0,0.0,0.0,1628,1,1,1,111,Hibernating
C003869,2025-12-16,4.0,12755.83,2301.7799999999997,15,5,4,4,544,Champions
C003870,,0.0,0.0,0.0,602,2,1,1,211,Hibernating
C003871,,0.0,0.0,0.0,1446,1,1,1,111,Hibernating
C003872,2025-10-13,18.0,74985.52,21218.71,79,3,5,5,355,Loyal Customers
C003873,,0.0,0.0,0.0,1609,1,1,1,111,Hibernating
C003874,,0.0,0.0,0.0,1714,1,1,1,111,Hibernating
C003875,2025-12-08,2.0,4584.45,243.82999999999998,23,4,3,3,433,Potential Loyalists
C003876,,0.0,0.0,0.0,797,2,1,1,211,Hibernating
C003877,,0.0,0.0,0.0,1501,1,1,1,111,Hibernating
C003878,2025-05-23,1.0,7437.53,911.88,222,2,2,3,223,At Risk
C003879,2025-11-16,10.0,23974.25,5880.08,45,3,5,5,355,Loyal Customers
C003880,2025-12-02,2.0,2772.91,338.82,29,4,3,3,433,Potential Loyalists
C003881,2025-11-05,5.0,15299.2,2541.43,56,3,4,4,344,Loyal Customers
C003882,2025-12-05,8.0,22635.98,3890.6,26,4,5,5,455,Champions
C003883,2025-12-26,4.0,4917.08,970.76,5,5,4,3,543,Loyal Customers
C003884,2025-10-06,4.0,11254.82,3039.24,86,3,4,4,344,Loyal Customers
C003885,,0.0,0.0,0.0,1613,1,1,1,111,Hibernating
C003886,2025-12-23,3.0,5497.42,670.91,8,5,3,3,533,Potential Loyalists
C003887,,0.0,0.0,0.0,481,2,1,1,211,Hibernating
C003888,,0.0,0.0,0.0,876,2,1,1,211,Hibernating
C003889,2025-09-10,3.0,6497.2,1962.3400000000001,112,3,3,3,333,Need Attention
C003890,,0.0,0.0,0.0,1552,1,1,1,111,Hibernating
C003891,2025-10-26,2.0,3368.58,1171.0700000000002,66,3,3,3,333,Need Attention
C003892,,0.0,0.0,0.0,371,2,1,1,211,Hibernating
C003893,2025-11-22,1.0,2063.28,256.14,39,4,2,2,422,Potential Loyalists
C003894,2025-12-25,4.0,10745.98,289.16,6,5,4,4,544,Champions
C003895,2025-10-09,4.0,11009.01,2548.92,83,3,4,4,344,Loyal Customers
C003896,2025-12-20,2.0,1638.95,265.65999999999997,11,5,3,2,532,Potential Loyalists
C003897,,0.0,0.0,0.0,1017,2,1,1,211,Hibernating
C003898,,0.0,0.0,0.0,1108,1,1,1,111,Hibernating
C003899,2025-12-07,9.0,26383.0,4761.49,24,4,5,5,455,Champions
C003900,2025-12-27,4.0,9619.47,932.27,4,5,4,4,544,Champions
C003901,,0.0,0.0,0.0,1688,1,1,1,111,Hibernating
C003902,,0.0,0.0,0.0,1474,1,1,1,111,Hibernating
C003903,2025-02-13,1.0,1551.7,77.55,321,2,2,2,222,At Risk
C003904,2025-12-27,6.0,16502.71,5304.87,4,5,4,5,545,Champions
C003905,2025-12-17,1.0,477.2,81.7,14,5,2,2,522,Potential Loyalists
C003906,2025-05-16,2.0,10385.21,-43.78999999999999,229,2,3,4,234,Need Attention
C003907,2025-12-09,7.0,11319.46,1413.4099999999999,22,4,5,4,454,Champions
C003908,,0.0,0.0,0.0,1082,2,1,1,211,Hibernating
C003909,,0.0,0.0,0.0,1520,1,1,1,111,Hibernating
C003910,2025-12-18,15.0,41670.77,11372.51,13,5,5,5,555,Champions
C003911,2025-12-04,5.0,13597.22,3562.93,27,4,4,4,444,Champions
C003912,2025-12-07,3.0,4507.62,773.5899999999999,24,4,3,3,433,Potential Loyalists
C003913,,0.0,0.0,0.0,988,2,1,1,211,Hibernating
C003914,2025-12-12,3.0,7033.29,-403.49,19,4,3,3,433,Potential Loyalists
C003915,2025-12-23,9.0,19515.17,3084.3399999999997,8,5,5,5,555,Champions
C003916,2025-04-09,1.0,1113.51,250.98,266,2,2,2,222,At Risk
C003917,,0.0,0.0,0.0,912,2,1,1,211,Hibernating
C003918,2025-03-01,1.0,1448.33,325.53,305,2,2,2,222,At Risk
C003919,2025-12-18,4.0,4708.47,1037.54,13,5,4,3,543,Loyal Customers
C003920,,0.0,0.0,0.0,1809,1,1,1,111,Hibernating
C003921,,0.0,0.0,0.0,1182,1,1,1,111,Hibernating
C003922,,0.0,0.0,0.0,952,2,1,1,211,Hibernating
C003923,2025-11-18,2.0,6233.24,1141.1,43,3,3,3,333,Need Attention
C003924,,0.0,0.0,0.0,1476,1,1,1,111,Hibernating
C003925,2025-11-01,7.0,20371.28,3506.77,60,3,5,5,355,Loyal Customers
C003926,,0.0,0.0,0.0,1693,1,1,1,111,Hibernating
C003927,,0.0,0.0,0.0,516,2,1,1,211,Hibernating
C003928,,0.0,0.0,0.0,1692,1,1,1,111,Hibernating
C003929,2025-12-23,6.0,19316.62,5200.1900000000005,8,5,4,5,545,Champions
C003930,2025-04-18,5.0,11393.85,2423.17,257,2,4,4,244,Need Attention
C003931,2025-06-08,2.0,4398.91,489.40999999999997,206,2,3,3,233,Need Attention
C003932,2025-08-13,4.0,17341.350000000002,5559.87,140,3,4,5,345,Loyal Customers
C003933,2025-12-17,11.0,27829.34,5888.259999999999,14,5,5,5,555,Champions
C003934,2025-12-24,7.0,17925.19,3651.17,7,5,5,5,555,Champions
C003935,2025-12-23,1.0,694.29,123.0,8,5,2,2,522,Potential Loyalists
C003936,2025-12-03,3.0,5676.05,1133.53,28,4,3,3,433,Potential Loyalists
C003937,,0.0,0.0,0.0,1701,1,1,1,111,Hibernating
C003938,,0.0,0.0,0.0,801,2,1,1,211,Hibernating
C003939,2025-10-22,3.0,4975.08,-57.79999999999999,70,3,3,3,333,Need Attention
C003940,2025-06-23,1.0,0.0,0.0,191,3,2,1,321,Promising
C003941,,0.0,0.0,0.0,1177,1,1,1,111,Hibernating
C003942,,0.0,0.0,0.0,1764,1,1,1,111,Hibernating
C003943,2025-07-12,4.0,3146.18,237.58,172,3,4,3,343,Loyal Customers
C003944,2025-12-20,4.0,15706.57,2081.16,11,5,4,4,544,Champions
C003945,2025-12-16,2.0,5329.81,2.729999999999997,15,5,3,3,533,Potential Loyalists
C003946,2025-07-21,4.0,4865.27,993.8799999999999,163,3,4,3,343,Loyal Customers
C003947,,0.0,0.0,0.0,468,2,1,1,211,Hibernating
C003948,2025-12-19,12.0,26839.48,4273.39,12,5,5,5,555,Champions
C003949,2025-06-16,1.0,1145.27,189.46,198,3,2,2,322,Promising
C003950,,0.0,0.0,0.0,1490,1,1,1,111,Hibernating
C003951,2025-10-25,5.0,11817.92,2476.93,67,3,4,4,344,Loyal Customers
C003952,2025-12-17,11.0,27927.98,5880.57,14,5,5,5,555,Champions
C003953,,0.0,0.0,0.0,513,2,1,1,211,Hibernating
C003954,2025-09-07,5.0,14701.009999999998,4164.8,115,3,4,4,344,Loyal Customers
C003955,2025-12-23,6.0,7279.360000000001,1059.97,8,5,4,3,543,Loyal Customers
C003956,2025-12-02,2.0,5792.13,1266.12,29,4,3,3,433,Potential Loyalists
C003957,2025-12-04,2.0,6389.06,1565.34,27,4,3,3,433,Potential Loyalists
C003958,2025-11-24,11.0,32943.229999999996,7843.07,37,4,5,5,455,Champions
C003959,2025-12-27,6.0,10503.98,1448.71,4,5,4,4,544,Champions
C003960,2025-11-14,4.0,9742.4,1858.0900000000001,47,3,4,4,344,Loyal Customers
C003961,2025-12-25,1.0,627.51,-109.36,6,5,2,2,522,Potential Loyalists
C003962,2025-11-03,1.0,1437.61,334.29,58,3,2,2,322,Promising
C003963,2025-12-23,20.0,41396.68,12858.0,8,5,5,5,555,Champions
C003964,,0.0,0.0,0.0,787,2,1,1,211,Hibernating
C003965,2025-12-07,6.0,11736.25,3235.74,24,4,4,4,444,Champions
C003966,,0.0,0.0,0.0,415,2,1,1,211,Hibernating
C003967,2025-12-19,3.0,5038.52,784.67,12,5,3,3,533,Potential Loyalists
C003968,2025-11-13,7.0,17115.12,4095.61,48,3,5,5,355,Loyal Customers
C003969,2025-12-23,3.0,7887.96,2167.25,8,5,3,4,534,Potential Loyalists
C003970,2025-12-16,1.0,840.77,384.12,15,5,2,2,522,Potential Loyalists
C003971,,0.0,0.0,0.0,632,2,1,1,211,Hibernating
C003972,,0.0,0.0,0.0,1486,1,1,1,111,Hibernating
C003973,2025-12-03,5.0,16258.05,2419.32,28,4,4,4,444,Champions
C003974,,0.0,0.0,0.0,960,2,1,1,211,Hibernating
C003975,2025-12-22,5.0,15364.74,2829.6,9,5,4,4,544,Champions
C003976,,0.0,0.0,0.0,654,2,1,1,211,Hibernating
C003977,,0.0,0.0,0.0,1794,1,1,1,111,Hibernating
C003978,2025-12-23,1.0,1463.61,406.55,8,5,2,2,522,Potential Loyalists
C003979,2025-12-13,15.0,30010.75,6645.21,18,4,5,5,455,Champions
C003980,2025-07-25,6.0,11034.970000000001,3004.16,159,3,4,4,344,Loyal Customers
C003981,,0.0,0.0,0.0,1491,1,1,1,111,Hibernating
C003982,2025-11-06,7.0,15087.58,4295.7699999999995,55,3,5,4,354,Loyal Customers
C003983,,0.0,0.0,0.0,1279,1,1,1,111,Hibernating
C003984,,0.0,0.0,0.0,1331,1,1,1,111,Hibernating
C003985,2025-12-18,3.0,2680.94,233.36,13,5,3,3,533,Potential Loyalists
C003986,2025-12-11,4.0,11554.42,2527.33,20,4,4,4,444,Champions
C003987,,0.0,0.0,0.0,997,2,1,1,211,Hibernating
C003988,2025-10-22,3.0,2076.79,474.08000000000004,70,3,3,2,332,Need Attention
C003989,2025-11-20,3.0,6909.16,1065.23,41,4,3,3,433,Potential Loyalists
C003990,2025-12-26,5.0,13356.85,1182.15,5,5,4,4,544,Champions
C003991,,0.0,0.0,0.0,1322,1,1,1,111,Hibernating
C003992,2025-12-10,2.0,5814.21,-310.87999999999994,21,4,3,3,433,Potential Loyalists
C003993,2025-12-24,2.0,5137.55,1110.76,7,5,3,3,533,Potential Loyalists
C003994,,0.0,0.0,0.0,809,2,1,1,211,Hibernating
C003995,2025-12-08,3.0,6974.1900000000005,1404.63,23,4,3,3,433,Potential Loyalists
C003996,2025-12-15,9.0,27474.969999999998,7149.33,16,4,5,5,455,Champions
C003997,2025-12-25,2.0,6506.92,1402.7,6,5,3,3,533,Potential Loyalists
C003998,,0.0,0.0,0.0,1205,1,1,1,111,Hibernating
C003999,2025-12-26,6.0,20998.940000000002,6407.36,5,5,4,5,545,Champions
C004000,,0.0,0.0,0.0,834,2,1,1,211,Hibernating
C004001,,0.0,0.0,0.0,950,2,1,1,211,Hibernating
C004002,,0.0,0.0,0.0,1516,1,1,1,111,Hibernating
C004003,2025-10-26,13.0,21358.86,3857.5099999999998,66,3,5,5,355,Loyal Customers
C004004,2025-12-11,18.0,50271.49,10589.23,20,4,5,5,455,Champions
C004005,2025-12-12,1.0,659.78,88.49,19,4,2,2,422,Potential Loyalists
C004006,2025-12-22,9.0,23266.47,3736.19,9,5,5,5,555,Champions
C004007,2025-05-08,2.0,7821.849999999999,2563.8599999999997,237,2,3,4,234,Need Attention
C004008,,0.0,0.0,0.0,1557,1,1,1,111,Hibernating
C004009,2025-11-16,2.0,2327.38,-91.47,45,3,3,3,333,Need Attention
C004010,,0.0,0.0,0.0,403,2,1,1,211,Hibernating
C004011,2025-09-27,2.0,6254.799999999999,1423.51,95,3,3,3,333,Need Attention
C004012,,0.0,0.0,0.0,1327,1,1,1,111,Hibernating
C004013,2025-12-20,7.0,8642.79,1050.5,11,5,5,4,554,Champions
C004014,2025-01-06,1.0,1653.12,269.58,359,2,2,2,222,At Risk
C004015,2025-12-26,8.0,21472.48,4226.9400000000005,5,5,5,5,555,Champions
C004016,2025-11-23,3.0,4246.06,1129.78,38,4,3,3,433,Potential Loyalists
C004017,,0.0,0.0,0.0,1410,1,1,1,111,Hibernating
C004018,,0.0,0.0,0.0,1168,1,1,1,111,Hibernating
C004019,2025-12-06,9.0,27154.73,6542.9,25,4,5,5,455,Champions
C004020,,0.0,0.0,0.0,972,2,1,1,211,Hibernating
C004021,2025-12-24,4.0,10171.460000000001,3189.77,7,5,4,4,544,Champions
C004022,,0.0,0.0,0.0,1263,1,1,1,111,Hibernating
C004023,2025-11-18,4.0,10960.14,261.2,43,3,4,4,344,Loyal Customers
C004024,,0.0,0.0,0.0,384,2,1,1,211,Hibernating
C004025,2025-12-11,1.0,1551.86,253.95,20,4,2,2,422,Potential Loyalists
C004026,2025-11-21,4.0,5148.98,988.4200000000001,40,4,4,3,443,Loyal Customers
C004027,,0.0,0.0,0.0,386,2,1,1,211,Hibernating
C004028,2025-10-09,5.0,5777.32,598.13,83,3,4,3,343,Loyal Customers
C004029,,0.0,0.0,0.0,1783,1,1,1,111,Hibernating
C004030,2025-12-17,9.0,63848.74,15763.58,14,5,5,5,555,Champions
C004031,,0.0,0.0,0.0,1764,1,1,1,111,Hibernating
C004032,2025-12-08,19.0,48346.78,4985.400000000001,23,4,5,5,455,Champions
C004033,2025-12-27,6.0,8942.68,1619.31,4,5,4,4,544,Champions
C004034,2025-11-19,1.0,3606.5,928.8,42,4,2,3,423,Potential Loyalists
C004035,2025-01-19,1.0,2046.59,933.45,346,2,2,2,222,At Risk
C004036,2025-09-07,2.0,6116.99,1188.42,115,3,3,3,333,Need Attention
C004037,,0.0,0.0,0.0,1540,1,1,1,111,Hibernating
C004038,2025-10-11,4.0,7217.969999999999,398.86,81,3,4,3,343,Loyal Customers
C004039,2025-12-13,9.0,28782.85,4624.43,18,4,5,5,455,Champions
C004040,2025-12-03,10.0,28161.35,7596.37,28,4,5,5,455,Champions
C004041,2025-12-23,14.0,49754.17,12097.279999999999,8,5,5,5,555,Champions
C004042,2025-12-20,8.0,16980.29,2803.92,11,5,5,5,555,Champions
C004043,2025-09-20,5.0,7770.67,1696.8000000000002,102,3,4,4,344,Loyal Customers
C004044,,0.0,0.0,0.0,403,2,1,1,211,Hibernating
C004045,2025-01-23,2.0,4717.72,1207.42,342,2,3,3,233,Need Attention
C004046,2025-07-22,2.0,2656.34,501.74,162,3,3,3,333,Need Attention
C004047,2025-11-20,3.0,5769.379999999999,1694.48,41,4,3,3,433,Potential Loyalists
C004048,,0.0,0.0,0.0,1153,1,1,1,111,Hibernating
C004049,2025-12-16,3.0,7346.95,1756.2,15,5,3,3,533,Potential Loyalists
C004050,2025-12-27,1.0,2046.86,5.08,4,5,2,2,522,Potential Loyalists
C004051,2025-11-26,11.0,30910.25,8439.84,35,4,5,5,455,Champions
C004052,2025-12-04,4.0,7023.66,684.3900000000001,27,4,4,3,443,Loyal Customers
C004053,2025-10-02,4.0,7920.92,2105.83,90,3,4,4,344,Loyal Customers
C004054,,0.0,0.0,0.0,1231,1,1,1,111,Hibernating
C004055,2025-12-20,10.0,26829.45,5147.02,11,5,5,5,555,Champions
C004056,,0.0,0.0,0.0,1047,2,1,1,211,Hibernating
C004057,2025-12-18,2.0,2962.79,584.07,13,5,3,3,533,Potential Loyalists
C004058,2025-12-25,16.0,52857.34,13084.55,6,5,5,5,555,Champions
C004059,,0.0,0.0,0.0,1125,1,1,1,111,Hibernating
C004060,,0.0,0.0,0.0,1353,1,1,1,111,Hibernating
C004061,2025-04-14,2.0,3045.08,-9.11,261,2,3,3,233,Need Attention
C004062,,0.0,0.0,0.0,937,2,1,1,211,Hibernating
C004063,2025-08-19,1.0,1264.59,399.78,134,3,2,2,322,Promising
C004064,2025-12-04,5.0,13873.63,2733.52,27,4,4,4,444,Champions
C004065,2025-03-25,1.0,810.6,282.07,281,2,2,2,222,At Risk
C004066,,0.0,0.0,0.0,1682,1,1,1,111,Hibernating
C004067,2025-12-17,4.0,7796.28,2132.05,14,5,4,4,544,Champions
C004068,2025-09-10,3.0,2530.67,505.09000000000003,112,3,3,3,333,Need Attention
C004069,2025-12-04,5.0,17297.1,4654.22,27,4,4,5,445,Champions
C004070,,0.0,0.0,0.0,413,2,1,1,211,Hibernating
C004071,2025-09-27,4.0,8575.12,1364.12,95,3,4,4,344,Loyal Customers
C004072,,0.0,0.0,0.0,1051,2,1,1,211,Hibernating
C004073,2025-11-01,3.0,9191.54,640.0600000000001,60,3,3,4,334,Need Attention
C004074,2025-12-05,7.0,30318.26,5944.33,26,4,5,5,455,Champions
C004075,2025-12-26,2.0,4297.139999999999,838.49,5,5,3,3,533,Potential Loyalists
C004076,2025-12-11,1.0,3413.61,1002.79,20,4,2,3,423,Potential Loyalists
C004077,2025-10-18,9.0,21460.030000000002,3822.5,74,3,5,5,355,Loyal Customers
C004078,,0.0,0.0,0.0,905,2,1,1,211,Hibernating
C004079,2025-12-25,16.0,38837.14,8990.49,6,5,5,5,555,Champions
C004080,,0.0,0.0,0.0,1601,1,1,1,111,Hibernating
C004081,2025-12-23,8.0,12593.279999999999,855.06,8,5,5,4,554,Champions
C004082,2025-12-22,28.0,80551.75,18288.97,9,5,5,5,555,Champions
C004083,2025-06-20,1.0,750.27,103.6,194,3,2,2,322,Promising
C004084,2025-08-20,1.0,2273.57,643.76,133,3,2,3,323,Promising
C004085,2025-12-22,11.0,31420.66,6683.32,9,5,5,5,555,Champions
C004086,2025-11-10,2.0,5958.530000000001,1269.69,51,3,3,3,333,Need Attention
C004087,2025-12-12,5.0,10141.04,2294.4,19,4,4,4,444,Champions
C004088,2025-02-17,2.0,5101.66,2028.29,317,2,3,3,233,Need Attention
C004089,,0.0,0.0,0.0,523,2,1,1,211,Hibernating
C004090,2025-11-18,1.0,2378.83,702.89,43,3,2,3,323,Promising
C004091,,0.0,0.0,0.0,379,2,1,1,211,Hibernating
C004092,,0.0,0.0,0.0,1193,1,1,1,111,Hibernating
C004093,2025-12-20,7.0,26779.25,6277.21,11,5,5,5,555,Champions
C004094,,0.0,0.0,0.0,991,2,1,1,211,Hibernating
C004095,,0.0,0.0,0.0,1814,1,1,1,111,Hibernating
C004096,2025-10-26,20.0,66864.19,18611.67,66,3,5,5,355,Loyal Customers
C004097,2025-12-17,9.0,25678.03,6581.68,14,5,5,5,555,Champions
C004098,2025-12-26,6.0,8858.72,2079.89,5,5,4,4,544,Champions
C004099,,0.0,0.0,0.0,517,2,1,1,211,Hibernating
C004100,2025-11-10,7.0,34196.68,5620.2,51,3,5,5,355,Loyal Customers
C004101,2025-11-23,5.0,5357.76,983.01,38,4,4,3,443,Loyal Customers
C004102,2025-10-15,1.0,5955.69,2185.85,77,3,2,3,323,Promising
C004103,,0.0,0.0,0.0,1576,1,1,1,111,Hibernating
C004104,2025-11-02,3.0,2318.96,505.40000000000003,59,3,3,3,333,Need Attention
C004105,,0.0,0.0,0.0,1479,1,1,1,111,Hibernating
C004106,2025-06-11,1.0,3962.96,271.3,203,2,2,3,223,At Risk
C004107,,0.0,0.0,0.0,797,2,1,1,211,Hibernating
C004108,,0.0,0.0,0.0,404,2,1,1,211,Hibernating
C004109,2025-12-09,7.0,16248.509999999998,2686.4099999999994,22,4,5,4,454,Champions
C004110,2025-12-05,5.0,3172.87,732.0,26,4,4,3,443,Loyal Customers
C004111,2025-11-21,6.0,8030.45,1582.0500000000002,40,4,4,4,444,Champions
C004112,2025-12-08,5.0,14009.789999999999,3088.85,23,4,4,4,444,Champions
C004113,,0.0,0.0,0.0,391,2,1,1,211,Hibernating
C004114,2025-12-25,6.0,16578.33,3350.93,6,5,4,5,545,Champions
C004115,2025-10-27,7.0,11857.47,1806.3000000000002,65,3,5,4,354,Loyal Customers
C004116,,0.0,0.0,0.0,1288,1,1,1,111,Hibernating
C004117,2025-04-25,3.0,8630.97,1658.68,250,2,3,4,234,Need Attention
C004118,2025-09-26,3.0,4094.44,904.8499999999999,96,3,3,3,333,Need Attention
C004119,,0.0,0.0,0.0,1044,2,1,1,211,Hibernating
C004120,2025-04-22,6.0,25380.17,7363.48,253,2,4,5,245,Need Attention
C004121,,0.0,0.0,0.0,1141,1,1,1,111,Hibernating
C004122,,0.0,0.0,0.0,1147,1,1,1,111,Hibernating
C004123,2025-11-12,3.0,5857.94,840.21,49,3,3,3,333,Need Attention
C004124,,0.0,0.0,0.0,1322,1,1,1,111,Hibernating
C004125,2025-11-21,2.0,3553.8599999999997,961.48,40,4,3,3,433,Potential Loyalists
C004126,2025-12-06,6.0,11485.449999999999,2420.2,25,4,4,4,444,Champions
C004127,,0.0,0.0,0.0,394,2,1,1,211,Hibernating
C004128,2025-12-08,3.0,7205.9,1205.96,23,4,3,3,433,Potential Loyalists
C004129,2025-12-23,6.0,15898.060000000001,1665.6799999999998,8,5,4,4,544,Champions
C004130,2025-12-25,4.0,10716.32,1516.75,6,5,4,4,544,Champions
C004131,2025-09-27,1.0,3212.6,1178.27,95,3,2,3,323,Promising
C004132,2025-04-18,4.0,6416.8,902.46,257,2,4,3,243,Need Attention
C004133,,0.0,0.0,0.0,406,2,1,1,211,Hibernating
C004134,,0.0,0.0,0.0,1439,1,1,1,111,Hibernating
C004135,,0.0,0.0,0.0,1731,1,1,1,111,Hibernating
C004136,2025-09-23,5.0,5847.33,2285.84,99,3,4,3,343,Loyal Customers
C004137,,0.0,0.0,0.0,798,2,1,1,211,Hibernating
C004138,,0.0,0.0,0.0,1195,1,1,1,111,Hibernating
C004139,2025-12-18,5.0,9999.22,1556.0,13,5,4,4,544,Champions
C004140,,0.0,0.0,0.0,969,2,1,1,211,Hibernating
C004141,2025-10-11,4.0,5175.62,1026.08,81,3,4,3,343,Loyal Customers
C004142,,0.0,0.0,0.0,1478,1,1,1,111,Hibernating
C004143,,0.0,0.0,0.0,1816,1,1,1,111,Hibernating
C004144,,0.0,0.0,0.0,1110,1,1,1,111,Hibernating
C004145,,0.0,0.0,0.0,565,2,1,1,211,Hibernating
C004146,2025-10-03,5.0,9876.869999999999,2407.4900000000002,89,3,4,4,344,Loyal Customers
C004147,,0.0,0.0,0.0,1226,1,1,1,111,Hibernating
C004148,2025-06-10,4.0,5575.62,1196.31,204,2,4,3,243,Need Attention
C004149,,0.0,0.0,0.0,402,2,1,1,211,Hibernating
C004150,2025-10-27,5.0,4998.29,1260.02,65,3,4,3,343,Loyal Customers
C004151,2025-10-20,7.0,13444.2,2876.09,72,3,5,4,354,Loyal Customers
C004152,,0.0,0.0,0.0,1294,1,1,1,111,Hibernating
C004153,2025-12-26,8.0,19030.36,2454.19,5,5,5,5,555,Champions
C004154,2025-12-02,3.0,8514.59,1595.0,29,4,3,4,434,Potential Loyalists
C004155,,0.0,0.0,0.0,473,2,1,1,211,Hibernating
C004156,,0.0,0.0,0.0,1460,1,1,1,111,Hibernating
C004157,2025-11-03,12.0,45017.100000000006,8677.02,58,3,5,5,355,Loyal Customers
C004158,2025-12-20,5.0,12588.77,2523.4799999999996,11,5,4,4,544,Champions
C004159,2025-12-26,11.0,33402.47,4938.72,5,5,5,5,555,Champions
C004160,,0.0,0.0,0.0,1746,1,1,1,111,Hibernating
C004161,2025-11-01,3.0,9343.91,2756.64,60,3,3,4,334,Need Attention
C004162,,0.0,0.0,0.0,636,2,1,1,211,Hibernating
C004163,2025-04-15,3.0,2453.4700000000003,895.1,260,2,3,3,233,Need Attention
C004164,2025-12-07,10.0,26487.670000000002,5649.77,24,4,5,5,455,Champions
C004165,2025-12-26,9.0,24904.739999999998,4998.51,5,5,5,5,555,Champions
C004166,,0.0,0.0,0.0,1533,1,1,1,111,Hibernating
C004167,2025-12-25,10.0,16716.97,3731.31,6,5,5,5,555,Champions
C004168,2025-11-08,3.0,2566.19,302.1,53,3,3,3,333,Need Attention
C004169,2025-12-16,7.0,24239.440000000002,5887.400000000001,15,5,5,5,555,Champions
C004170,2025-10-26,4.0,9417.49,1946.05,66,3,4,4,344,Loyal Customers
C004171,2025-11-17,7.0,20197.93,3759.4900000000002,44,3,5,5,355,Loyal Customers
C004172,,0.0,0.0,0.0,1262,1,1,1,111,Hibernating
C004173,2025-12-02,4.0,10225.86,1396.27,29,4,4,4,444,Champions
C004174,2025-12-06,4.0,10315.970000000001,2301.35,25,4,4,4,444,Champions
C004175,2025-12-22,1.0,760.3,113.63,9,5,2,2,522,Potential Loyalists
C004176,,0.0,0.0,0.0,1713,1,1,1,111,Hibernating
C004177,,0.0,0.0,0.0,1485,1,1,1,111,Hibernating
C004178,,0.0,0.0,0.0,1003,2,1,1,211,Hibernating
C004179,,0.0,0.0,0.0,1337,1,1,1,111,Hibernating
C004180,2025-12-16,4.0,9914.369999999999,3039.38,15,5,4,4,544,Champions
C004181,2025-12-09,9.0,18706.629999999997,2961.84,22,4,5,5,455,Champions
C004182,2025-12-11,6.0,8620.94,1827.37,20,4,4,4,444,Champions
C004183,2025-08-13,10.0,29154.52,7825.799999999999,140,3,5,5,355,Loyal Customers
C004184,2025-04-25,3.0,4548.4,563.8399999999999,250,2,3,3,233,Need Attention
C004185,2025-12-27,17.0,30718.05,8850.15,4,5,5,5,555,Champions
C004186,2025-12-13,2.0,2689.4900000000002,324.94,18,4,3,3,433,Potential Loyalists
C004187,2025-12-13,2.0,2479.8199999999997,373.88,18,4,3,3,433,Potential Loyalists
C004188,2025-12-07,11.0,30973.26,8878.789999999999,24,4,5,5,455,Champions
C004189,,0.0,0.0,0.0,1606,1,1,1,111,Hibernating
C004190,2025-12-07,5.0,5321.67,710.36,24,4,4,3,443,Loyal Customers
C004191,2025-12-03,11.0,40678.37,9691.76,28,4,5,5,455,Champions
C004192,2025-08-04,5.0,14144.45,3682.57,149,3,4,4,344,Loyal Customers
C004193,2025-11-20,3.0,5213.86,1060.23,41,4,3,3,433,Potential Loyalists
C004194,,0.0,0.0,0.0,1749,1,1,1,111,Hibernating
C004195,,0.0,0.0,0.0,1288,1,1,1,111,Hibernating
C004196,2025-12-10,3.0,1435.92,147.02,21,4,3,2,432,Potential Loyalists
C004197,,0.0,0.0,0.0,1508,1,1,1,111,Hibernating
C004198,2025-12-01,5.0,10971.07,2526.53,30,4,4,4,444,Champions
C004199,2025-08-10,2.0,2870.62,818.8299999999999,143,3,3,3,333,Need Attention
C004200,,0.0,0.0,0.0,390,2,1,1,211,Hibernating
C004201,,0.0,0.0,0.0,808,2,1,1,211,Hibernating
C004202,2025-11-20,6.0,11755.3,3015.55,41,4,4,4,444,Champions
C004203,2025-10-07,3.0,8499.8,2410.29,85,3,3,4,334,Need Attention
C004204,2025-12-27,20.0,72667.22,18429.96,4,5,5,5,555,Champions
C004205,,0.0,0.0,0.0,1758,1,1,1,111,Hibernating
C004206,2025-11-06,6.0,14152.19,4337.32,55,3,4,4,344,Loyal Customers
C004207,,0.0,0.0,0.0,1362,1,1,1,111,Hibernating
C004208,,0.0,0.0,0.0,936,2,1,1,211,Hibernating
C004209,2025-06-25,2.0,3879.2799999999997,159.63,189,3,3,3,333,Need Attention
C004210,2025-12-06,16.0,44115.71,11307.68,25,4,5,5,455,Champions
C004211,2025-09-25,3.0,5154.75,265.32000000000005,97,3,3,3,333,Need Attention
C004212,,0.0,0.0,0.0,1019,2,1,1,211,Hibernating
C004213,2025-12-22,8.0,20889.24,4872.52,9,5,5,5,555,Champions
C004214,2025-12-24,7.0,24359.239999999998,3943.7299999999996,7,5,5,5,555,Champions
C004215,2025-12-18,14.0,47508.38,11885.36,13,5,5,5,555,Champions
C004216,,0.0,0.0,0.0,421,2,1,1,211,Hibernating
C004217,,0.0,0.0,0.0,1443,1,1,1,111,Hibernating
C004218,2025-12-24,6.0,18327.34,5637.22,7,5,4,5,545,Champions
C004219,2025-04-03,1.0,2298.06,506.59,272,2,2,3,223,At Risk
C004220,,0.0,0.0,0.0,523,2,1,1,211,Hibernating
C004221,2025-12-19,6.0,9023.25,1308.06,12,5,4,4,544,Champions
C004222,2025-12-16,7.0,16895.45,1906.45,15,5,5,5,555,Champions
C004223,,0.0,0.0,0.0,1734,1,1,1,111,Hibernating
C004224,2025-12-15,4.0,4951.02,798.31,16,4,4,3,443,Loyal Customers
C004225,2025-12-26,13.0,34687.63,7012.45,5,5,5,5,555,Champions
C004226,,0.0,0.0,0.0,833,2,1,1,211,Hibernating
C004227,,0.0,0.0,0.0,435,2,1,1,211,Hibernating
C004228,2025-08-22,3.0,9907.939999999999,1226.5900000000001,131,3,3,4,334,Need Attention
C004229,2025-12-18,8.0,16418.24,4606.04,13,5,5,4,554,Champions
C004230,2025-11-26,9.0,20209.5,4524.25,35,4,5,5,455,Champions
C004231,2025-12-21,6.0,9996.900000000001,2804.24,10,5,4,4,544,Champions
C004232,2025-04-08,1.0,1085.18,348.31,267,2,2,2,222,At Risk
C004233,2025-12-22,3.0,12418.34,524.63,9,5,3,4,534,Potential Loyalists
C004234,2025-12-15,8.0,28784.5,5468.1900000000005,16,4,5,5,455,Champions
C004235,2025-12-04,3.0,4075.09,782.4300000000001,27,4,3,3,433,Potential Loyalists
C004236,2025-12-03,3.0,7005.889999999999,1649.5900000000001,28,4,3,3,433,Potential Loyalists
C004237,,0.0,0.0,0.0,1670,1,1,1,111,Hibernating
C004238,2025-12-23,1.0,1944.32,-129.51,8,5,2,2,522,Potential Loyalists
C004239,2025-11-25,2.0,3129.19,549.7700000000001,36,4,3,3,433,Potential Loyalists
C004240,,0.0,0.0,0.0,1503,1,1,1,111,Hibernating
C004241,,0.0,0.0,0.0,1422,1,1,1,111,Hibernating
C004242,,0.0,0.0,0.0,905,2,1,1,211,Hibernating
C004243,2025-10-11,1.0,7976.0,1997.47,81,3,2,4,324,Promising
C004244,,0.0,0.0,0.0,1437,1,1,1,111,Hibernating
C004245,2025-12-15,3.0,4609.0,1251.48,16,4,3,3,433,Potential Loyalists
C004246,2025-12-16,4.0,4596.17,365.75,15,5,4,3,543,Loyal Customers
C004247,2025-12-04,4.0,10150.54,1091.26,27,4,4,4,444,Champions
C004248,,0.0,0.0,0.0,379,2,1,1,211,Hibernating
C004249,2025-12-03,10.0,24344.36,4109.91,28,4,5,5,455,Champions
C004250,2025-04-15,1.0,4964.5,1350.66,260,2,2,3,223,At Risk
C004251,2025-12-24,7.0,27122.510000000002,4419.52,7,5,5,5,555,Champions
C004252,2025-05-25,4.0,8007.51,1323.03,220,2,4,4,244,Need Attention
C004253,,0.0,0.0,0.0,1475,1,1,1,111,Hibernating
C004254,,0.0,0.0,0.0,1779,1,1,1,111,Hibernating
C004255,2025-12-01,8.0,12022.79,1650.52,30,4,5,4,454,Champions
C004256,2025-01-09,1.0,3352.5,444.85,356,2,2,3,223,At Risk
C004257,2025-12-19,9.0,35388.34,12498.13,12,5,5,5,555,Champions
C004258,2025-04-11,1.0,2256.23,681.43,264,2,2,3,223,At Risk
C004259,,0.0,0.0,0.0,1545,1,1,1,111,Hibernating
C004260,2025-11-19,3.0,13812.53,4158.17,42,4,3,4,434,Potential Loyalists
C004261,2025-12-22,1.0,2496.5,113.13,9,5,2,3,523,Potential Loyalists
C004262,2025-12-09,2.0,1728.51,175.41,22,4,3,2,432,Potential Loyalists
C004263,2025-08-21,2.0,5027.08,2184.34,132,3,3,3,333,Need Attention
C004264,2025-12-25,6.0,15471.94,2749.3,6,5,4,4,544,Champions
C004265,2025-07-08,6.0,27295.61,7787.13,176,3,4,5,345,Loyal Customers
C004266,2025-12-12,5.0,7640.459999999999,927.17,19,4,4,4,444,Champions
C004267,,0.0,0.0,0.0,811,2,1,1,211,Hibernating
C004268,2025-12-21,17.0,47005.340000000004,9871.49,10,5,5,5,555,Champions
C004269,2025-11-06,1.0,1585.82,75.36,55,3,2,2,322,Promising
C004270,,0.0,0.0,0.0,603,2,1,1,211,Hibernating
C004271,2025-12-05,7.0,11107.58,1498.8500000000001,26,4,5,4,454,Champions
C004272,2025-12-23,6.0,11495.26,837.09,8,5,4,4,544,Champions
C004273,2025-11-03,11.0,26789.63,6855.48,58,3,5,5,355,Loyal Customers
C004274,2025-12-09,2.0,10501.699999999999,-154.48000000000002,22,4,3,4,434,Potential Loyalists
C004275,2025-12-14,15.0,42997.63,11388.55,17,4,5,5,455,Champions
C004276,2025-12-15,3.0,12234.029999999999,2617.16,16,4,3,4,434,Potential Loyalists
C004277,,0.0,0.0,0.0,1705,1,1,1,111,Hibernating
C004278,2025-02-11,2.0,2719.21,488.14,323,2,3,3,233,Need Attention
C004279,2025-04-26,1.0,1705.79,-23.83,249,2,2,2,222,At Risk
C004280,2025-12-20,11.0,34044.909999999996,6405.7,11,5,5,5,555,Champions
C004281,,0.0,0.0,0.0,1654,1,1,1,111,Hibernating
C004282,2025-08-22,3.0,3980.33,365.62,131,3,3,3,333,Need Attention
C004283,,0.0,0.0,0.0,711,2,1,1,211,Hibernating
C004284,2025-09-10,4.0,10026.81,2465.09,112,3,4,4,344,Loyal Customers
C004285,2025-12-22,10.0,17750.510000000002,4013.6,9,5,5,5,555,Champions
C004286,2025-03-08,3.0,8636.5,3262.44,298,2,3,4,234,Need Attention
C004287,2025-12-18,14.0,27408.85,4172.92,13,5,5,5,555,Champions
C004288,2025-12-10,7.0,13873.76,2631.8,21,4,5,4,454,Champions
C004289,2025-12-20,3.0,7991.66,321.61,11,5,3,4,534,Potential Loyalists
C004290,2025-12-16,2.0,2171.99,499.14,15,5,3,3,533,Potential Loyalists
C004291,2025-12-09,3.0,6994.9,1612.03,22,4,3,3,433,Potential Loyalists
C004292,2025-12-19,3.0,3287.99,772.32,12,5,3,3,533,Potential Loyalists
C004293,2025-09-07,4.0,5537.9400000000005,785.5799999999999,115,3,4,3,343,Loyal Customers
C004294,2025-08-14,2.0,7934.95,623.17,139,3,3,4,334,Need Attention
C004295,2025-12-11,4.0,11081.91,1754.0,20,4,4,4,444,Champions
C004296,,0.0,0.0,0.0,1753,1,1,1,111,Hibernating
C004297,2025-01-06,1.0,2864.63,522.25,359,2,2,3,223,At Risk
C004298,2025-10-18,4.0,12376.02,3586.34,74,3,4,4,344,Loyal Customers
C004299,2025-02-12,1.0,2669.55,695.57,322,2,2,3,223,At Risk
C004300,2025-11-07,10.0,35393.66,9911.72,54,3,5,5,355,Loyal Customers
C004301,,0.0,0.0,0.0,1235,1,1,1,111,Hibernating
C004302,2025-10-05,5.0,10858.279999999999,3007.7599999999998,87,3,4,4,344,Loyal Customers
C004303,,0.0,0.0,0.0,709,2,1,1,211,Hibernating
C004304,2025-05-07,2.0,1092.52,460.72,238,2,3,2,232,Need Attention
C004305,,0.0,0.0,0.0,1529,1,1,1,111,Hibernating
C004306,,0.0,0.0,0.0,1472,1,1,1,111,Hibernating
C004307,2025-05-10,1.0,1755.79,506.32,235,2,2,2,222,At Risk
C004308,2025-09-27,4.0,8592.92,1315.65,95,3,4,4,344,Loyal Customers
C004309,,0.0,0.0,0.0,1684,1,1,1,111,Hibernating
C004310,2025-12-13,12.0,40520.68,11516.07,18,4,5,5,455,Champions
C004311,,0.0,0.0,0.0,1667,1,1,1,111,Hibernating
C004312,2025-12-09,4.0,5991.24,627.15,22,4,4,3,443,Loyal Customers
C004313,,0.0,0.0,0.0,1562,1,1,1,111,Hibernating
C004314,,0.0,0.0,0.0,765,2,1,1,211,Hibernating
C004315,,0.0,0.0,0.0,569,2,1,1,211,Hibernating
C004316,2025-09-05,6.0,9310.89,1473.8300000000002,117,3,4,4,344,Loyal Customers
C004317,2025-12-25,12.0,36445.57,7580.63,6,5,5,5,555,Champions
C004318,,0.0,0.0,0.0,376,2,1,1,211,Hibernating
C004319,2025-09-10,7.0,22483.12,6604.61,112,3,5,5,355,Loyal Customers
C004320,2025-12-27,5.0,11498.880000000001,125.87999999999994,4,5,4,4,544,Champions
C004321,,0.0,0.0,0.0,906,2,1,1,211,Hibernating
C004322,,0.0,0.0,0.0,1416,1,1,1,111,Hibernating
C004323,2025-12-20,9.0,23882.1,4634.5199999999995,11,5,5,5,555,Champions
C004324,2025-12-14,4.0,6843.389999999999,1138.1499999999999,17,4,4,3,443,Loyal Customers
C004325,,0.0,0.0,0.0,436,2,1,1,211,Hibernating
C004326,2025-12-13,5.0,19937.469999999998,2850.8,18,4,4,5,445,Champions
C004327,2025-12-16,2.0,6060.62,81.53999999999999,15,5,3,3,533,Potential Loyalists
C004328,2025-12-18,10.0,28220.41,7711.86,13,5,5,5,555,Champions
C004329,2025-12-19,4.0,6596.29,322.06,12,5,4,3,543,Loyal Customers
C004330,2025-12-18,15.0,56093.86,12852.98,13,5,5,5,555,Champions
C004331,,0.0,0.0,0.0,1455,1,1,1,111,Hibernating
C004332,,0.0,0.0,0.0,402,2,1,1,211,Hibernating
C004333,,0.0,0.0,0.0,1718,1,1,1,111,Hibernating
C004334,2025-12-20,15.0,40776.01,9262.95,11,5,5,5,555,Champions
C004335,2025-12-18,6.0,17254.87,433.90000000000003,13,5,4,5,545,Champions
C004336,,0.0,0.0,0.0,446,2,1,1,211,Hibernating
C004337,2025-12-20,7.0,15171.880000000001,2144.31,11,5,5,4,554,Champions
C004338,2025-07-12,1.0,661.31,15.55,172,3,2,2,322,Promising
C004339,2025-11-15,3.0,5086.35,869.21,46,3,3,3,333,Need Attention
C004340,2025-11-15,7.0,35773.46,11466.78,46,3,5,5,355,Loyal Customers
C004341,2025-12-14,8.0,22605.92,5229.93,17,4,5,5,455,Champions
C004342,,0.0,0.0,0.0,407,2,1,1,211,Hibernating
C004343,2025-11-12,14.0,41195.53,8618.91,49,3,5,5,355,Loyal Customers
C004344,2025-11-15,9.0,20039.09,3267.04,46,3,5,5,355,Loyal Customers
C004345,2025-11-27,4.0,11870.29,1630.4999999999998,34,4,4,4,444,Champions
C004346,2025-11-15,2.0,5933.99,1843.33,46,3,3,3,333,Need Attention
C004347,2025-01-08,1.0,981.25,251.37,357,2,2,2,222,At Risk
C004348,2025-09-17,3.0,12095.95,2278.15,105,3,3,4,334,Need Attention
C004349,2025-06-20,4.0,4184.02,873.6700000000001,194,3,4,3,343,Loyal Customers
C004350,2025-12-06,4.0,6813.86,490.4,25,4,4,3,443,Loyal Customers
C004351,2025-12-19,1.0,898.48,27.4,12,5,2,2,522,Potential Loyalists
C004352,2025-10-19,4.0,4953.43,1304.23,73,3,4,3,343,Loyal Customers
C004353,2025-12-11,5.0,13280.0,1335.59,20,4,4,4,444,Champions
C004354,2025-05-23,2.0,7146.349999999999,1808.01,222,2,3,3,233,Need Attention
C004355,,0.0,0.0,0.0,605,2,1,1,211,Hibernating
C004356,2025-12-21,5.0,18644.14,4066.11,10,5,4,5,545,Champions
C004357,2025-07-13,8.0,18058.1,3389.18,171,3,5,5,355,Loyal Customers
C004358,2025-12-25,7.0,16938.2,1800.84,6,5,5,5,555,Champions
C004359,2025-11-09,4.0,10973.51,2055.3500000000004,52,3,4,4,344,Loyal Customers
C004360,2025-12-10,5.0,12286.48,1989.3400000000001,21,4,4,4,444,Champions
C004361,,0.0,0.0,0.0,1544,1,1,1,111,Hibernating
C004362,2025-12-20,20.0,64204.01,17738.27,11,5,5,5,555,Champions
C004363,2025-09-18,1.0,3147.8,599.62,104,3,2,3,323,Promising
C004364,2025-12-27,2.0,5694.58,700.91,4,5,3,3,533,Potential Loyalists
C004365,2025-07-10,4.0,10593.3,2404.31,174,3,4,4,344,Loyal Customers
C004366,2025-12-12,12.0,38454.46,9776.43,19,4,5,5,455,Champions
C004367,,0.0,0.0,0.0,1176,1,1,1,111,Hibernating
C004368,2025-11-09,4.0,7515.08,1602.33,52,3,4,3,343,Loyal Customers
C004369,2025-09-07,2.0,3808.5200000000004,880.97,115,3,3,3,333,Need Attention
C004370,2025-12-21,10.0,21496.350000000002,3200.85,10,5,5,5,555,Champions
C004371,,0.0,0.0,0.0,485,2,1,1,211,Hibernating
C004372,2025-10-25,5.0,9265.17,1727.3600000000001,67,3,4,4,344,Loyal Customers
C004373,2025-12-19,14.0,26303.0,6815.39,12,5,5,5,555,Champions
C004374,2025-12-21,10.0,37736.77,9020.97,10,5,5,5,555,Champions
C004375,,0.0,0.0,0.0,1324,1,1,1,111,Hibernating
C004376,,0.0,0.0,0.0,1238,1,1,1,111,Hibernating
C004377,,0.0,0.0,0.0,1135,1,1,1,111,Hibernating
C004378,2025-10-26,3.0,12490.449999999999,1940.2399999999998,66,3,3,4,334,Need Attention
C004379,,0.0,0.0,0.0,1568,1,1,1,111,Hibernating
C004380,2025-11-06,6.0,28662.309999999998,6697.18,55,3,4,5,345,Loyal Customers
C004381,2025-12-19,3.0,4297.82,503.01,12,5,3,3,533,Potential Loyalists
C004382,,0.0,0.0,0.0,1724,1,1,1,111,Hibernating
C004383,2025-09-18,5.0,12410.86,2897.21,104,3,4,4,344,Loyal Customers
C004384,2025-12-13,5.0,7974.34,1577.35,18,4,4,4,444,Champions
C004385,2025-04-25,1.0,5952.26,1344.24,250,2,2,3,223,At Risk
C004386,,0.0,0.0,0.0,1398,1,1,1,111,Hibernating
C004387,,0.0,0.0,0.0,1216,1,1,1,111,Hibernating
C004388,,0.0,0.0,0.0,1711,1,1,1,111,Hibernating
C004389,2025-12-16,2.0,3568.7200000000003,646.84,15,5,3,3,533,Potential Loyalists
C004390,,0.0,0.0,0.0,1622,1,1,1,111,Hibernating
C004391,,0.0,0.0,0.0,877,2,1,1,211,Hibernating
C004392,,0.0,0.0,0.0,1538,1,1,1,111,Hibernating
C004393,,0.0,0.0,0.0,1271,1,1,1,111,Hibernating
C004394,2025-09-23,2.0,7754.58,2116.06,99,3,3,4,334,Need Attention
C004395,,0.0,0.0,0.0,1487,1,1,1,111,Hibernating
C004396,2025-10-19,5.0,8133.75,1472.06,73,3,4,4,344,Loyal Customers
C004397,2025-08-12,4.0,2176.7799999999997,688.51,141,3,4,3,343,Loyal Customers
C004398,2025-12-09,9.0,24495.38,5608.16,22,4,5,5,455,Champions
C004399,,0.0,0.0,0.0,499,2,1,1,211,Hibernating
C004400,,0.0,0.0,0.0,1017,2,1,1,211,Hibernating
C004401,2025-12-16,17.0,40722.99,10315.55,15,5,5,5,555,Champions
C004402,2025-08-03,4.0,10975.94,2794.1000000000004,150,3,4,4,344,Loyal Customers
C004403,,0.0,0.0,0.0,1203,1,1,1,111,Hibernating
C004404,,0.0,0.0,0.0,1670,1,1,1,111,Hibernating
C004405,,0.0,0.0,0.0,1132,1,1,1,111,Hibernating
C004406,2025-05-26,2.0,2916.41,1072.27,219,2,3,3,233,Need Attention
C004407,,0.0,0.0,0.0,1818,1,1,1,111,Hibernating
C004408,2025-11-08,2.0,2575.54,494.32,53,3,3,3,333,Need Attention
C004409,,0.0,0.0,0.0,1657,1,1,1,111,Hibernating
C004410,2025-05-21,2.0,5105.25,1179.32,224,2,3,3,233,Need Attention
C004411,,0.0,0.0,0.0,858,2,1,1,211,Hibernating
C004412,2025-09-13,4.0,5897.0,2216.33,109,3,4,3,343,Loyal Customers
C004413,,0.0,0.0,0.0,1499,1,1,1,111,Hibernating
C004414,2025-12-18,2.0,3199.54,702.19,13,5,3,3,533,Potential Loyalists
C004415,,0.0,0.0,0.0,1243,1,1,1,111,Hibernating
C004416,2025-12-25,3.0,7337.58,1340.7800000000002,6,5,3,3,533,Potential Loyalists
C004417,,0.0,0.0,0.0,1521,1,1,1,111,Hibernating
C004418,2025-12-01,4.0,14434.74,2690.63,30,4,4,4,444,Champions
C004419,,0.0,0.0,0.0,1062,2,1,1,211,Hibernating
C004420,2025-12-06,4.0,4332.97,579.15,25,4,4,3,443,Loyal Customers
C004421,2025-03-02,1.0,9252.77,2689.06,304,2,2,4,224,At Risk
C004422,2025-11-03,3.0,9987.84,1983.98,58,3,3,4,334,Need Attention
C004423,,0.0,0.0,0.0,503,2,1,1,211,Hibernating
C004424,2025-01-06,1.0,6228.16,2794.51,359,2,2,3,223,At Risk
C004425,,0.0,0.0,0.0,510,2,1,1,211,Hibernating
C004426,2025-03-16,1.0,1790.45,74.01,290,2,2,2,222,At Risk
C004427,2025-12-19,1.0,1379.46,140.72,12,5,2,2,522,Potential Loyalists
C004428,,0.0,0.0,0.0,1488,1,1,1,111,Hibernating
C004429,2025-12-14,9.0,22459.21,3047.6800000000003,17,4,5,5,455,Champions
C004430,,0.0,0.0,0.0,1672,1,1,1,111,Hibernating
C004431,2025-11-03,5.0,8629.65,2002.9299999999998,58,3,4,4,344,Loyal Customers
C004432,2025-12-27,19.0,57921.22,16120.23,4,5,5,5,555,Champions
C004433,2025-05-14,4.0,2835.8,235.89000000000001,231,2,4,3,243,Need Attention
C004434,2025-12-07,12.0,25639.09,7876.88,24,4,5,5,455,Champions
C004435,2025-11-14,2.0,4855.85,1306.4399999999998,47,3,3,3,333,Need Attention
C004436,2025-10-09,4.0,10215.19,3505.62,83,3,4,4,344,Loyal Customers
C004437,,0.0,0.0,0.0,1150,1,1,1,111,Hibernating
C004438,2025-08-16,8.0,19159.82,4438.5,137,3,5,5,355,Loyal Customers
C004439,2025-11-20,15.0,50822.84,11456.029999999999,41,4,5,5,455,Champions
C004440,,0.0,0.0,0.0,1482,1,1,1,111,Hibernating
C004441,2025-12-13,2.0,2523.08,303.34000000000003,18,4,3,3,433,Potential Loyalists
C004442,,0.0,0.0,0.0,1803,1,1,1,111,Hibernating
C004443,,0.0,0.0,0.0,833,2,1,1,211,Hibernating
C004444,2025-03-24,2.0,6702.29,1056.44,282,2,3,3,233,Need Attention
C004445,2025-11-24,2.0,1868.31,366.27,37,4,3,2,432,Potential Loyalists
C004446,2025-11-19,6.0,7993.02,1854.3899999999999,42,4,4,4,444,Champions
C004447,2025-11-13,9.0,17397.04,4649.89,48,3,5,5,355,Loyal Customers
C004448,2025-10-06,5.0,10205.98,1386.08,86,3,4,4,344,Loyal Customers
C004449,2025-12-24,4.0,12567.45,1979.3,7,5,4,4,544,Champions
C004450,2025-03-19,3.0,4294.950000000001,681.83,287,2,3,3,233,Need Attention
C004451,,0.0,0.0,0.0,408,2,1,1,211,Hibernating
C004452,2025-02-14,1.0,387.77,129.78,320,2,2,2,222,At Risk
C004453,,0.0,0.0,0.0,1242,1,1,1,111,Hibernating
C004454,2025-10-16,2.0,5982.75,1623.92,76,3,3,3,333,Need Attention
C004455,2025-11-25,5.0,16960.45,3610.15,36,4,4,5,445,Champions
C004456,2025-10-27,4.0,7058.77,1202.99,65,3,4,3,343,Loyal Customers
C004457,2025-12-03,3.0,5736.39,1123.99,28,4,3,3,433,Potential Loyalists
C004458,2025-12-03,7.0,22531.27,5707.18,28,4,5,5,455,Champions
C004459,,0.0,0.0,0.0,1113,1,1,1,111,Hibernating
C004460,,0.0,0.0,0.0,1424,1,1,1,111,Hibernating
C004461,2025-12-25,6.0,14242.75,2782.31,6,5,4,4,544,Champions
C004462,2025-12-17,9.0,33382.19,4791.33,14,5,5,5,555,Champions
C004463,2025-12-19,3.0,11684.2,1072.26,12,5,3,4,534,Potential Loyalists
C004464,2025-11-10,8.0,19710.719999999998,4403.66,51,3,5,5,355,Loyal Customers
C004465,2025-11-17,2.0,3195.76,361.73,44,3,3,3,333,Need Attention
C004466,2025-10-22,6.0,11338.04,2793.23,70,3,4,4,344,Loyal Customers
C004467,2025-12-04,6.0,20486.06,5865.179999999999,27,4,4,5,445,Champions
C004468,,0.0,0.0,0.0,1668,1,1,1,111,Hibernating
C004469,,0.0,0.0,0.0,1635,1,1,1,111,Hibernating
C004470,2025-11-21,8.0,21771.16,962.1299999999999,40,4,5,5,455,Champions
C004471,,0.0,0.0,0.0,1789,1,1,1,111,Hibernating
C004472,,0.0,0.0,0.0,1111,1,1,1,111,Hibernating
C004473,2025-12-27,16.0,44267.35,8519.01,4,5,5,5,555,Champions
C004474,2025-12-18,7.0,12885.650000000001,2982.0499999999997,13,5,5,4,554,Champions
C004475,2025-12-10,5.0,15514.49,3631.52,21,4,4,4,444,Champions
C004476,2025-09-17,4.0,8850.94,1339.33,105,3,4,4,344,Loyal Customers
C004477,,0.0,0.0,0.0,949,2,1,1,211,Hibernating
C004478,,0.0,0.0,0.0,472,2,1,1,211,Hibernating
C004479,2025-11-25,6.0,15063.36,3484.51,36,4,4,4,444,Champions
C004480,2025-08-18,3.0,6871.650000000001,145.53999999999996,135,3,3,3,333,Need Attention
C004481,,0.0,0.0,0.0,1682,1,1,1,111,Hibernating
C004482,2025-11-17,5.0,7504.8099999999995,1449.44,44,3,4,3,343,Loyal Customers
C004483,2025-11-04,7.0,15499.599999999999,4276.6,57,3,5,4,354,Loyal Customers
C004484,2025-04-25,5.0,12360.98,2029.76,250,2,4,4,244,Need Attention
C004485,2025-12-12,2.0,3482.05,501.82,19,4,3,3,433,Potential Loyalists
C004486,2025-12-16,5.0,16101.04,2650.1099999999997,15,5,4,4,544,Champions
C004487,2025-12-26,6.0,26563.77,5710.86,5,5,4,5,545,Champions
C004488,,0.0,0.0,0.0,1395,1,1,1,111,Hibernating
C004489,2025-12-14,3.0,4704.17,810.3900000000001,17,4,3,3,433,Potential Loyalists
C004490,2025-12-24,22.0,66402.3,19055.31,7,5,5,5,555,Champions
C004491,2025-12-18,4.0,13530.35,3286.85,13,5,4,4,544,Champions
C004492,2025-12-19,1.0,2300.43,456.4,12,5,2,3,523,Potential Loyalists
C004493,,0.0,0.0,0.0,1690,1,1,1,111,Hibernating
C004494,2025-12-09,6.0,8044.92,969.1899999999999,22,4,4,4,444,Champions
C004495,2025-07-14,2.0,2277.34,809.66,170,3,3,3,333,Need Attention
C004496,,0.0,0.0,0.0,1264,1,1,1,111,Hibernating
C004497,2025-11-08,2.0,2989.0,436.35,53,3,3,3,333,Need Attention
C004498,2025-12-12,2.0,8333.33,-763.24,19,4,3,4,434,Potential Loyalists
C004499,2025-11-12,1.0,1334.5,198.32,49,3,2,2,322,Promising
C004500,2025-10-27,14.0,58939.71,11703.4,65,3,5,5,355,Loyal Customers
C004501,2025-12-07,4.0,8839.73,1985.48,24,4,4,4,444,Champions
C004502,2025-04-11,1.0,3952.57,1108.76,264,2,2,3,223,At Risk
C004503,2025-12-27,3.0,11202.96,1362.76,4,5,3,4,534,Potential Loyalists
C004504,,0.0,0.0,0.0,1262,1,1,1,111,Hibernating
C004505,2025-10-13,3.0,3955.4700000000003,966.73,79,3,3,3,333,Need Attention
C004506,2025-12-08,1.0,754.29,30.87,23,4,2,2,422,Potential Loyalists
C004507,,0.0,0.0,0.0,1236,1,1,1,111,Hibernating
C004508,,0.0,0.0,0.0,893,2,1,1,211,Hibernating
C004509,,0.0,0.0,0.0,1185,1,1,1,111,Hibernating
C004510,,0.0,0.0,0.0,390,2,1,1,211,Hibernating
C004511,2025-11-26,7.0,11443.42,604.54,35,4,5,4,454,Champions
C004512,2025-12-26,19.0,38297.79,8530.18,5,5,5,5,555,Champions
C004513,,0.0,0.0,0.0,1346,1,1,1,111,Hibernating
C004514,2025-12-27,7.0,10156.64,531.63,4,5,5,4,554,Champions
C004515,2025-04-14,4.0,6467.74,770.09,261,2,4,3,243,Need Attention
C004516,2025-11-23,2.0,4786.18,809.12,38,4,3,3,433,Potential Loyalists
C004517,2025-12-24,9.0,16057.71,2147.46,7,5,5,4,554,Champions
C004518,2025-12-22,4.0,7623.37,492.34999999999997,9,5,4,4,544,Champions
C004519,2025-05-23,1.0,993.88,422.59,222,2,2,2,222,At Risk
C004520,2025-12-11,17.0,46715.6,13891.369999999999,20,4,5,5,455,Champions
C004521,2025-12-22,3.0,9815.53,377.29999999999995,9,5,3,4,534,Potential Loyalists
C004522,,0.0,0.0,0.0,1331,1,1,1,111,Hibernating
C004523,2025-09-27,4.0,7689.11,1395.5200000000002,95,3,4,4,344,Loyal Customers
C004524,,0.0,0.0,0.0,1582,1,1,1,111,Hibernating
C004525,2025-10-18,10.0,14596.630000000001,4041.81,74,3,5,4,354,Loyal Customers
C004526,,0.0,0.0,0.0,420,2,1,1,211,Hibernating
C004527,,0.0,0.0,0.0,1480,1,1,1,111,Hibernating
C004528,2025-12-01,5.0,12996.75,1150.47,30,4,4,4,444,Champions
C004529,2025-12-08,8.0,18896.04,3868.4900000000002,23,4,5,5,455,Champions
C004530,2025-10-25,6.0,15683.25,3789.0,67,3,4,4,344,Loyal Customers
C004531,,0.0,0.0,0.0,1712,1,1,1,111,Hibernating
C004532,2025-12-14,9.0,14186.14,2934.83,17,4,5,4,454,Champions
C004533,2025-12-14,3.0,6295.88,972.83,17,4,3,3,433,Potential Loyalists
C004534,,0.0,0.0,0.0,1118,1,1,1,111,Hibernating
C004535,2025-12-24,10.0,19524.18,5196.67,7,5,5,5,555,Champions
C004536,2025-12-02,18.0,30830.07,8827.76,29,4,5,5,455,Champions
C004537,,0.0,0.0,0.0,385,2,1,1,211,Hibernating
C004538,2025-11-13,1.0,8549.83,1342.99,48,3,2,4,324,Promising
C004539,2025-08-25,3.0,24955.89,2818.56,128,3,3,5,335,Need Attention
C004540,2025-12-18,7.0,14299.62,2007.8799999999999,13,5,5,4,554,Champions
C004541,2025-06-11,5.0,11255.0,3904.8199999999997,203,2,4,4,244,Need Attention
C004542,2025-12-19,11.0,18778.06,5202.96,12,5,5,5,555,Champions
C004543,2025-03-25,4.0,9252.560000000001,3627.55,281,2,4,4,244,Need Attention
C004544,2025-11-10,4.0,6373.62,1357.0900000000001,51,3,4,3,343,Loyal Customers
C004545,2025-12-05,5.0,7850.0,797.2099999999999,26,4,4,4,444,Champions
C004546,2025-07-07,2.0,16430.59,1589.9499999999998,177,3,3,4,334,Need Attention
C004547,,0.0,0.0,0.0,1213,1,1,1,111,Hibernating
C004548,2025-12-17,7.0,17665.49,3168.07,14,5,5,5,555,Champions
C004549,2025-03-21,2.0,5060.05,591.8199999999999,285,2,3,3,233,Need Attention
C004550,,0.0,0.0,0.0,577,2,1,1,211,Hibernating
C004551,2025-11-20,2.0,4695.01,953.83,41,4,3,3,433,Potential Loyalists
C004552,,0.0,0.0,0.0,1337,1,1,1,111,Hibernating
C004553,2025-12-25,15.0,45091.04,13630.689999999999,6,5,5,5,555,Champions
C004554,2025-06-16,3.0,3689.6099999999997,1059.98,198,3,3,3,333,Need Attention
C004555,,0.0,0.0,0.0,1111,1,1,1,111,Hibernating
C004556,2025-12-16,8.0,18410.98,5183.759999999999,15,5,5,5,555,Champions
C004557,2025-07-08,2.0,3739.92,721.39,176,3,3,3,333,Need Attention
C004558,2025-03-16,1.0,2152.84,438.97,290,2,2,3,223,At Risk
C004559,2025-12-08,19.0,48432.64,10205.39,23,4,5,5,455,Champions
C004560,2025-11-27,4.0,10755.5,2931.41,34,4,4,4,444,Champions
C004561,,0.0,0.0,0.0,1169,1,1,1,111,Hibernating
C004562,,0.0,0.0,0.0,1261,1,1,1,111,Hibernating
C004563,2025-12-16,8.0,20724.66,3573.35,15,5,5,5,555,Champions
C004564,2025-12-21,7.0,14780.199999999999,4007.99,10,5,5,4,554,Champions
C004565,2025-10-20,3.0,2950.58,288.37,72,3,3,3,333,Need Attention
C004566,2025-12-15,6.0,10978.38,1252.99,16,4,4,4,444,Champions
C004567,,0.0,0.0,0.0,1566,1,1,1,111,Hibernating
C004568,2025-11-23,8.0,25321.09,5103.01,38,4,5,5,455,Champions
C004569,2025-12-09,9.0,20498.989999999998,2812.44,22,4,5,5,455,Champions
C004570,2025-12-12,13.0,26530.39,7725.79,19,4,5,5,455,Champions
C004571,2025-07-21,3.0,5505.639999999999,1606.28,163,3,3,3,333,Need Attention
C004572,2025-12-19,5.0,14619.170000000002,2309.75,12,5,4,4,544,Champions
C004573,2025-08-20,1.0,7939.99,49.91,133,3,2,4,324,Promising
C004574,2025-12-10,14.0,32863.24,9023.89,21,4,5,5,455,Champions
C004575,2025-12-26,7.0,20621.22,4193.78,5,5,5,5,555,Champions
C004576,,0.0,0.0,0.0,1255,1,1,1,111,Hibernating
C004577,2025-05-21,3.0,13532.35,1808.69,224,2,3,4,234,Need Attention
C004578,2025-11-12,3.0,7897.67,2387.46,49,3,3,4,334,Need Attention
C004579,2025-08-23,3.0,4944.05,1404.7199999999998,130,3,3,3,333,Need Attention
C004580,,0.0,0.0,0.0,1012,2,1,1,211,Hibernating
C004581,2025-12-14,1.0,638.46,88.99,17,4,2,2,422,Potential Loyalists
C004582,2025-03-25,1.0,1188.16,283.5,281,2,2,2,222,At Risk
C004583,2025-11-21,10.0,33450.659999999996,6614.3,40,4,5,5,455,Champions
C004584,,0.0,0.0,0.0,1033,2,1,1,211,Hibernating
C004585,2025-12-20,24.0,61365.96,19499.079999999998,11,5,5,5,555,Champions
C004586,,0.0,0.0,0.0,1444,1,1,1,111,Hibernating
C004587,,0.0,0.0,0.0,1816,1,1,1,111,Hibernating
C004588,2025-03-17,3.0,9815.93,3093.67,289,2,3,4,234,Need Attention
C004589,2025-12-18,10.0,22533.35,4367.05,13,5,5,5,555,Champions
C004590,,0.0,0.0,0.0,1815,1,1,1,111,Hibernating
C004591,2025-10-01,5.0,13123.82,1839.88,91,3,4,4,344,Loyal Customers
C004592,2025-04-13,2.0,4582.96,469.4,262,2,3,3,233,Need Attention
C004593,2025-12-27,5.0,9600.6,963.75,4,5,4,4,544,Champions
C004594,2025-08-20,3.0,8879.3,1055.5,133,3,3,4,334,Need Attention
C004595,2025-04-01,4.0,8581.67,2497.21,274,2,4,4,244,Need Attention
C004596,2025-12-19,7.0,21897.91,3105.77,12,5,5,5,555,Champions
C004597,2025-10-11,7.0,23030.47,4687.29,81,3,5,5,355,Loyal Customers
C004598,2025-10-15,7.0,11043.35,1056.9399999999998,77,3,5,4,354,Loyal Customers
C004599,2025-11-09,3.0,9382.76,925.8499999999999,52,3,3,4,334,Need Attention
C004600,,0.0,0.0,0.0,1569,1,1,1,111,Hibernating
C004601,2025-12-26,12.0,31725.11,3880.33,5,5,5,5,555,Champions
C004602,2025-12-24,5.0,20613.64,4749.08,7,5,4,5,545,Champions
C004603,2025-12-08,8.0,22092.36,4117.64,23,4,5,5,455,Champions
C004604,2025-08-17,1.0,4485.73,513.67,136,3,2,3,323,Promising
C004605,,0.0,0.0,0.0,1256,1,1,1,111,Hibernating
C004606,2025-06-03,3.0,3437.66,754.05,211,2,3,3,233,Need Attention
C004607,,0.0,0.0,0.0,374,2,1,1,211,Hibernating
C004608,2025-05-22,3.0,6830.59,2046.68,223,2,3,3,233,Need Attention
C004609,2025-12-13,7.0,17875.17,2911.92,18,4,5,5,455,Champions
C004610,,0.0,0.0,0.0,1172,1,1,1,111,Hibernating
C004611,2025-08-10,3.0,7387.49,1805.02,143,3,3,3,333,Need Attention
C004612,2025-12-23,8.0,23450.92,5798.26,8,5,5,5,555,Champions
C004613,2025-11-11,6.0,10699.41,1887.74,50,3,4,4,344,Loyal Customers
C004614,2025-12-24,2.0,3454.23,845.8000000000001,7,5,3,3,533,Potential Loyalists
C004615,2025-11-25,15.0,33483.09,6853.22,36,4,5,5,455,Champions
C004616,2025-12-15,5.0,14787.890000000001,4785.76,16,4,4,4,444,Champions
C004617,,0.0,0.0,0.0,811,2,1,1,211,Hibernating
C004618,,0.0,0.0,0.0,1195,1,1,1,111,Hibernating
C004619,2025-03-08,1.0,1009.02,221.86,298,2,2,2,222,At Risk
C004620,2025-12-06,5.0,16222.57,3666.46,25,4,4,4,444,Champions
C004621,2025-12-14,11.0,28020.02,8130.650000000001,17,4,5,5,455,Champions
C004622,2025-12-17,8.0,38286.09,7431.31,14,5,5,5,555,Champions
C004623,2025-09-26,5.0,9584.79,1931.22,96,3,4,4,344,Loyal Customers
C004624,,0.0,0.0,0.0,1504,1,1,1,111,Hibernating
C004625,2025-12-18,8.0,12339.039999999999,1078.28,13,5,5,4,554,Champions
C004626,2025-05-24,3.0,4135.39,924.5699999999999,221,2,3,3,233,Need Attention
C004627,,0.0,0.0,0.0,1472,1,1,1,111,Hibernating
C004628,2025-12-12,2.0,300.2,102.45,19,4,3,2,432,Potential Loyalists
C004629,2025-12-08,1.0,1456.91,101.98,23,4,2,2,422,Potential Loyalists
C004630,,0.0,0.0,0.0,1351,1,1,1,111,Hibernating
C004631,2025-04-24,3.0,2941.17,690.87,251,2,3,3,233,Need Attention
C004632,,0.0,0.0,0.0,1144,1,1,1,111,Hibernating
C004633,,0.0,0.0,0.0,1483,1,1,1,111,Hibernating
C004634,,0.0,0.0,0.0,1422,1,1,1,111,Hibernating
C004635,2025-02-22,2.0,3842.69,994.64,312,2,3,3,233,Need Attention
C004636,2025-12-16,7.0,19859.65,1341.95,15,5,5,5,555,Champions
C004637,2025-09-23,2.0,3278.0,1232.89,99,3,3,3,333,Need Attention
C004638,,0.0,0.0,0.0,1000,2,1,1,211,Hibernating
C004639,2025-05-25,1.0,707.56,115.57,220,2,2,2,222,At Risk
C004640,2025-12-15,7.0,11672.82,1788.0700000000002,16,4,5,4,454,Champions
C004641,2025-12-17,1.0,5748.79,1169.62,14,5,2,3,523,Potential Loyalists
C004642,2025-12-09,14.0,44997.16,4659.0,22,4,5,5,455,Champions
C004643,2025-10-18,1.0,1905.75,472.59,74,3,2,2,322,Promising
C004644,2025-06-25,1.0,3639.73,889.5,189,3,2,3,323,Promising
C004645,2025-10-17,6.0,14349.779999999999,3700.78,75,3,4,4,344,Loyal Customers
C004646,2025-12-09,2.0,2439.45,373.58,22,4,3,3,433,Potential Loyalists
C004647,,0.0,0.0,0.0,1821,1,1,1,111,Hibernating
C004648,2025-12-24,9.0,11307.7,1376.73,7,5,5,4,554,Champions
C004649,2025-11-25,3.0,8527.05,1360.21,36,4,3,4,434,Potential Loyalists
C004650,,0.0,0.0,0.0,957,2,1,1,211,Hibernating
C004651,2025-11-24,7.0,15806.23,4050.3199999999997,37,4,5,4,454,Champions
C004652,,0.0,0.0,0.0,907,2,1,1,211,Hibernating
C004653,2025-12-01,5.0,18552.91,3477.98,30,4,4,5,445,Champions
C004654,2025-09-19,5.0,7548.870000000001,1707.7600000000002,103,3,4,4,344,Loyal Customers
C004655,2025-07-06,2.0,5207.94,878.03,178,3,3,3,333,Need Attention
C004656,,0.0,0.0,0.0,1484,1,1,1,111,Hibernating
C004657,,0.0,0.0,0.0,1468,1,1,1,111,Hibernating
C004658,2025-12-22,8.0,20187.92,3693.86,9,5,5,5,555,Champions
C004659,2025-12-11,7.0,13078.83,3260.5899999999997,20,4,5,4,454,Champions
C004660,2025-12-21,11.0,21144.22,6498.95,10,5,5,5,555,Champions
C004661,2025-12-07,4.0,13754.94,2997.98,24,4,4,4,444,Champions
C004662,2025-07-26,4.0,5629.110000000001,1243.53,158,3,4,3,343,Loyal Customers
C004663,,0.0,0.0,0.0,1558,1,1,1,111,Hibernating
C004664,2025-11-12,10.0,27845.0,3457.7200000000003,49,3,5,5,355,Loyal Customers
C004665,,0.0,0.0,0.0,782,2,1,1,211,Hibernating
C004666,2025-12-18,12.0,30284.15,7297.2,13,5,5,5,555,Champions
C004667,2025-11-05,4.0,6196.18,1781.6100000000001,56,3,4,3,343,Loyal Customers
C004668,2025-12-24,5.0,7967.09,2168.66,7,5,4,4,544,Champions
C004669,2025-12-23,4.0,11005.84,1639.51,8,5,4,4,544,Champions
C004670,,0.0,0.0,0.0,1418,1,1,1,111,Hibernating
C004671,2025-12-17,2.0,5091.509999999999,1181.4599999999998,14,5,3,3,533,Potential Loyalists
C004672,2025-12-16,14.0,43446.45,10026.39,15,5,5,5,555,Champions
C004673,2025-02-10,1.0,2189.09,380.84,324,2,2,3,223,At Risk
C004674,2025-10-21,8.0,17256.3,3854.58,71,3,5,5,355,Loyal Customers
C004675,2025-10-25,6.0,11785.9,3209.93,67,3,4,4,344,Loyal Customers
C004676,,0.0,0.0,0.0,1381,1,1,1,111,Hibernating
C004677,2025-12-11,11.0,27516.92,6261.67,20,4,5,5,455,Champions
C004678,2025-11-25,8.0,18708.38,3377.45,36,4,5,5,455,Champions
C004679,,0.0,0.0,0.0,1787,1,1,1,111,Hibernating
C004680,2025-12-13,10.0,11657.99,1606.91,18,4,5,4,454,Champions
C004681,2025-10-27,1.0,1219.92,442.32,65,3,2,2,322,Promising
C004682,2025-10-03,1.0,1628.52,342.09,89,3,2,2,322,Promising
C004683,,0.0,0.0,0.0,835,2,1,1,211,Hibernating
C004684,2025-10-26,7.0,14490.08,1948.5800000000002,66,3,5,4,354,Loyal Customers
C004685,2025-12-17,4.0,8511.91,713.75,14,5,4,4,544,Champions
C004686,,0.0,0.0,0.0,1504,1,1,1,111,Hibernating
C004687,,0.0,0.0,0.0,1579,1,1,1,111,Hibernating
C004688,2025-09-08,1.0,944.98,81.19,114,3,2,2,322,Promising
C004689,,0.0,0.0,0.0,960,2,1,1,211,Hibernating
C004690,2025-11-10,6.0,9464.16,2224.17,51,3,4,4,344,Loyal Customers
C004691,2025-12-03,3.0,5604.18,850.5600000000001,28,4,3,3,433,Potential Loyalists
C004692,2025-12-25,3.0,2743.28,548.28,6,5,3,3,533,Potential Loyalists
C004693,,0.0,0.0,0.0,1597,1,1,1,111,Hibernating
C004694,,0.0,0.0,0.0,1481,1,1,1,111,Hibernating
C004695,,0.0,0.0,0.0,775,2,1,1,211,Hibernating
C004696,2025-12-17,11.0,30770.83,5252.08,14,5,5,5,555,Champions
C004697,2025-10-24,4.0,4207.04,1291.8899999999999,68,3,4,3,343,Loyal Customers
C004698,2025-05-27,2.0,5961.469999999999,930.1800000000001,218,2,3,3,233,Need Attention
C004699,,0.0,0.0,0.0,1137,1,1,1,111,Hibernating
C004700,2025-06-04,3.0,5481.16,1041.69,210,2,3,3,233,Need Attention
C004701,,0.0,0.0,0.0,378,2,1,1,211,Hibernating
C004702,,0.0,0.0,0.0,782,2,1,1,211,Hibernating
C004703,2025-09-06,1.0,449.96,148.94,116,3,2,2,322,Promising
C004704,2025-10-08,4.0,4676.96,646.13,84,3,4,3,343,Loyal Customers
C004705,2025-04-11,2.0,6094.929999999999,1573.99,264,2,3,3,233,Need Attention
C004706,,0.0,0.0,0.0,997,2,1,1,211,Hibernating
C004707,2025-04-03,3.0,6201.179999999999,1761.82,272,2,3,3,233,Need Attention
C004708,,0.0,0.0,0.0,1163,1,1,1,111,Hibernating
C004709,2025-12-23,13.0,33574.04,7422.78,8,5,5,5,555,Champions
C004710,2025-11-15,9.0,29235.34,7001.03,46,3,5,5,355,Loyal Customers
C004711,2025-11-25,6.0,14874.49,2679.95,36,4,4,4,444,Champions
C004712,2025-07-05,2.0,4704.92,1195.8,179,3,3,3,333,Need Attention
C004713,2025-11-06,2.0,3855.8100000000004,362.91,55,3,3,3,333,Need Attention
C004714,,0.0,0.0,0.0,1444,1,1,1,111,Hibernating
C004715,,0.0,0.0,0.0,1815,1,1,1,111,Hibernating
C004716,2025-09-17,3.0,4239.29,1105.3200000000002,105,3,3,3,333,Need Attention
C004717,2025-08-20,3.0,6271.46,789.39,133,3,3,3,333,Need Attention
C004718,,0.0,0.0,0.0,1491,1,1,1,111,Hibernating
C004719,2025-12-25,1.0,1284.89,237.58,6,5,2,2,522,Potential Loyalists
C004720,2025-11-12,5.0,11010.859999999999,2123.6800000000003,49,3,4,4,344,Loyal Customers
C004721,2025-12-16,8.0,16313.650000000001,3395.43,15,5,5,4,554,Champions
C004722,2025-12-17,1.0,410.81,119.85,14,5,2,2,522,Potential Loyalists
C004723,,0.0,0.0,0.0,1154,1,1,1,111,Hibernating
C004724,2025-10-23,5.0,12715.89,3554.51,69,3,4,4,344,Loyal Customers
C004725,,0.0,0.0,0.0,1261,1,1,1,111,Hibernating
C004726,,0.0,0.0,0.0,1455,1,1,1,111,Hibernating
C004727,2025-10-08,1.0,160.26,25.91,84,3,2,2,322,Promising
C004728,,0.0,0.0,0.0,524,2,1,1,211,Hibernating
C004729,2025-11-20,2.0,4965.59,1268.42,41,4,3,3,433,Potential Loyalists
C004730,2025-12-11,11.0,32841.67,8477.35,20,4,5,5,455,Champions
C004731,2025-12-27,17.0,31616.97,7932.92,4,5,5,5,555,Champions
C004732,2025-12-19,4.0,8184.47,949.4,12,5,4,4,544,Champions
C004733,2025-07-20,2.0,4623.18,1324.02,164,3,3,3,333,Need Attention
C004734,2025-12-21,3.0,7838.75,2384.8399999999997,10,5,3,4,534,Potential Loyalists
C004735,,0.0,0.0,0.0,1440,1,1,1,111,Hibernating
C004736,2025-12-14,4.0,14273.36,2915.05,17,4,4,4,444,Champions
C004737,2025-12-18,3.0,7942.95,1740.8500000000001,13,5,3,4,534,Potential Loyalists
C004738,2025-05-15,1.0,529.61,220.47,230,2,2,2,222,At Risk
C004739,2025-11-21,7.0,11864.74,3716.0200000000004,40,4,5,4,454,Champions
C004740,2025-12-25,12.0,23395.16,5383.28,6,5,5,5,555,Champions
C004741,2025-11-20,1.0,815.32,88.7,41,4,2,2,422,Potential Loyalists
C004742,2025-09-03,5.0,15720.900000000001,2979.7799999999997,119,3,4,4,344,Loyal Customers
C004743,2025-12-25,3.0,6149.25,1105.26,6,5,3,3,533,Potential Loyalists
C004744,,0.0,0.0,0.0,1629,1,1,1,111,Hibernating
C004745,2025-12-18,8.0,35874.88,3451.21,13,5,5,5,555,Champions
C004746,,0.0,0.0,0.0,1519,1,1,1,111,Hibernating
C004747,2025-12-13,4.0,12595.01,2468.2200000000003,18,4,4,4,444,Champions
C004748,2025-12-26,18.0,47579.16,13303.58,5,5,5,5,555,Champions
C004749,,0.0,0.0,0.0,1639,1,1,1,111,Hibernating
C004750,,0.0,0.0,0.0,1721,1,1,1,111,Hibernating
C004751,2025-12-16,9.0,18100.079999999998,4851.95,15,5,5,5,555,Champions
C004752,2025-09-27,2.0,3308.21,37.4,95,3,3,3,333,Need Attention
C004753,2025-05-24,2.0,5245.18,1546.56,221,2,3,3,233,Need Attention
C004754,2025-12-16,5.0,16879.19,2936.5800000000004,15,5,4,5,545,Champions
C004755,2025-12-22,11.0,16731.47,3909.35,9,5,5,5,555,Champions
C004756,2025-12-23,11.0,28014.04,6925.87,8,5,5,5,555,Champions
C004757,2025-03-25,4.0,6019.3099999999995,923.15,281,2,4,3,243,Need Attention
C004758,2025-06-12,3.0,8832.16,1734.6100000000001,202,2,3,4,234,Need Attention
C004759,,0.0,0.0,0.0,1774,1,1,1,111,Hibernating
C004760,2025-12-25,3.0,7815.5599999999995,1952.93,6,5,3,4,534,Potential Loyalists
C004761,,0.0,0.0,0.0,1800,1,1,1,111,Hibernating
C004762,2025-12-03,5.0,5999.6900000000005,699.26,28,4,4,3,443,Loyal Customers
C004763,2025-12-20,4.0,6784.17,1488.27,11,5,4,3,543,Loyal Customers
C004764,2025-11-26,2.0,2860.63,168.12,35,4,3,3,433,Potential Loyalists
C004765,2025-12-10,5.0,30114.93,6508.12,21,4,4,5,445,Champions
C004766,,0.0,0.0,0.0,800,2,1,1,211,Hibernating
C004767,,0.0,0.0,0.0,1535,1,1,1,111,Hibernating
C004768,2025-12-13,4.0,9898.170000000002,1543.7,18,4,4,4,444,Champions
C004769,2025-04-09,2.0,2328.74,682.97,266,2,3,3,233,Need Attention
C004770,2025-12-05,5.0,7145.29,1078.15,26,4,4,3,443,Loyal Customers
C004771,,0.0,0.0,0.0,1764,1,1,1,111,Hibernating
C004772,,0.0,0.0,0.0,386,2,1,1,211,Hibernating
C004773,,0.0,0.0,0.0,1656,1,1,1,111,Hibernating
C004774,2025-06-24,3.0,3453.2200000000003,590.22,190,3,3,3,333,Need Attention
C004775,2025-03-18,2.0,4562.63,662.12,288,2,3,3,233,Need Attention
C004776,2025-12-24,2.0,6138.1900000000005,1245.57,7,5,3,3,533,Potential Loyalists
C004777,2025-05-19,1.0,2598.2,513.44,226,2,2,3,223,At Risk
C004778,2025-11-01,3.0,2015.83,230.33,60,3,3,2,332,Need Attention
C004779,2025-12-19,5.0,13616.01,2059.42,12,5,4,4,544,Champions
C004780,2025-12-04,8.0,17376.55,4335.12,27,4,5,5,455,Champions
C004781,,0.0,0.0,0.0,417,2,1,1,211,Hibernating
C004782,2025-12-24,5.0,14509.869999999999,2274.72,7,5,4,4,544,Champions
C004783,2025-12-02,6.0,8683.9,2119.09,29,4,4,4,444,Champions
C004784,2025-12-19,3.0,10138.97,1133.33,12,5,3,4,534,Potential Loyalists
C004785,2025-09-10,1.0,5179.72,1007.18,112,3,2,3,323,Promising
C004786,2025-12-12,3.0,2556.5099999999998,-221.95,19,4,3,3,433,Potential Loyalists
C004787,2025-06-01,1.0,686.66,230.01,213,2,2,2,222,At Risk
C004788,,0.0,0.0,0.0,1443,1,1,1,111,Hibernating
C004789,2025-01-17,1.0,1107.18,-93.03,348,2,2,2,222,At Risk
C004790,2025-12-27,12.0,26178.18,3928.23,4,5,5,5,555,Champions
C004791,2025-03-12,2.0,2362.84,822.81,294,2,3,3,233,Need Attention
C004792,,0.0,0.0,0.0,395,2,1,1,211,Hibernating
C004793,2025-11-26,7.0,32072.43,6522.29,35,4,5,5,455,Champions
C004794,,0.0,0.0,0.0,1573,1,1,1,111,Hibernating
C004795,2025-12-10,5.0,11997.210000000001,-344.87000000000006,21,4,4,4,444,Champions
C004796,,0.0,0.0,0.0,546,2,1,1,211,Hibernating
C004797,2025-09-03,2.0,4190.28,634.12,119,3,3,3,333,Need Attention
C004798,,0.0,0.0,0.0,1541,1,1,1,111,Hibernating
C004799,,0.0,0.0,0.0,1355,1,1,1,111,Hibernating
C004800,,0.0,0.0,0.0,1119,1,1,1,111,Hibernating
C004801,2025-12-25,4.0,25605.239999999998,7581.969999999999,6,5,4,5,545,Champions
C004802,,0.0,0.0,0.0,1445,1,1,1,111,Hibernating
C004803,,0.0,0.0,0.0,1301,1,1,1,111,Hibernating
C004804,2025-12-20,3.0,3726.02,253.83999999999997,11,5,3,3,533,Potential Loyalists
C004805,2025-11-21,3.0,7231.719999999999,719.73,40,4,3,3,433,Potential Loyalists
C004806,2025-12-16,2.0,8306.15,1777.52,15,5,3,4,534,Potential Loyalists
C004807,,0.0,0.0,0.0,1365,1,1,1,111,Hibernating
C004808,2025-12-02,2.0,5471.15,605.77,29,4,3,3,433,Potential Loyalists
C004809,2025-12-17,6.0,14789.07,2460.49,14,5,4,4,544,Champions
C004810,2025-12-13,5.0,4970.64,408.46999999999997,18,4,4,3,443,Loyal Customers
C004811,2025-12-20,19.0,44834.51,13127.73,11,5,5,5,555,Champions
C004812,,0.0,0.0,0.0,1106,2,1,1,211,Hibernating
C004813,,0.0,0.0,0.0,1801,1,1,1,111,Hibernating
C004814,,0.0,0.0,0.0,1076,2,1,1,211,Hibernating
C004815,2025-12-18,1.0,5553.77,875.94,13,5,2,3,523,Potential Loyalists
C004816,2025-02-18,1.0,1975.06,400.26,316,2,2,2,222,At Risk
C004817,,0.0,0.0,0.0,380,2,1,1,211,Hibernating
C004818,2025-08-07,2.0,4474.8099999999995,1412.58,146,3,3,3,333,Need Attention
C004819,2025-01-01,1.0,2955.92,883.53,364,2,2,3,223,At Risk
C004820,2025-12-18,6.0,9773.59,2031.7,13,5,4,4,544,Champions
C004821,2025-03-09,2.0,3200.23,782.37,297,2,3,3,233,Need Attention
C004822,2025-08-22,4.0,4628.77,1573.76,131,3,4,3,343,Loyal Customers
C004823,2025-12-06,3.0,6328.24,455.99,25,4,3,3,433,Potential Loyalists
C004824,,0.0,0.0,0.0,1457,1,1,1,111,Hibernating
C004825,2025-12-22,7.0,16915.98,4179.38,9,5,5,5,555,Champions
C004826,2025-08-05,1.0,871.47,355.49,148,3,2,2,322,Promising
C004827,,0.0,0.0,0.0,472,2,1,1,211,Hibernating
C004828,2025-11-20,1.0,3149.64,558.84,41,4,2,3,423,Potential Loyalists
C004829,,0.0,0.0,0.0,1667,1,1,1,111,Hibernating
C004830,2025-11-21,5.0,6048.83,1357.0700000000002,40,4,4,3,443,Loyal Customers
C004831,2025-12-20,2.0,1658.96,-42.06,11,5,3,2,532,Potential Loyalists
C004832,2025-12-26,10.0,24195.09,3153.67,5,5,5,5,555,Champions
C004833,2025-01-20,1.0,3066.76,904.58,345,2,2,3,223,At Risk
C004834,2025-12-19,8.0,27234.28,7723.25,12,5,5,5,555,Champions
C004835,,0.0,0.0,0.0,697,2,1,1,211,Hibernating
C004836,,0.0,0.0,0.0,1393,1,1,1,111,Hibernating
C004837,,0.0,0.0,0.0,1574,1,1,1,111,Hibernating
C004838,2025-12-10,3.0,4278.34,699.28,21,4,3,3,433,Potential Loyalists
C004839,2025-12-03,9.0,22547.09,5790.780000000001,28,4,5,5,455,Champions
C004840,2025-06-18,4.0,6458.9,368.37,196,3,4,3,343,Loyal Customers
C004841,2025-12-16,2.0,4204.71,48.18,15,5,3,3,533,Potential Loyalists
C004842,2025-12-24,7.0,10585.14,1280.18,7,5,5,4,554,Champions
C004843,2025-11-16,4.0,13445.390000000001,4389.29,45,3,4,4,344,Loyal Customers
C004844,,0.0,0.0,0.0,1279,1,1,1,111,Hibernating
C004845,2025-07-27,2.0,3453.5,606.1800000000001,157,3,3,3,333,Need Attention
C004846,2025-12-09,2.0,5614.49,1126.4299999999998,22,4,3,3,433,Potential Loyalists
C004847,,0.0,0.0,0.0,1654,1,1,1,111,Hibernating
C004848,2025-09-09,1.0,3486.34,1077.98,113,3,2,3,323,Promising
C004849,2025-02-25,1.0,0.0,0.0,309,2,2,1,221,At Risk
C004850,2025-11-25,4.0,8172.179999999999,1850.75,36,4,4,4,444,Champions
C004851,,0.0,0.0,0.0,632,2,1,1,211,Hibernating
C004852,,0.0,0.0,0.0,1573,1,1,1,111,Hibernating
C004853,2025-12-11,2.0,2777.15,179.09,20,4,3,3,433,Potential Loyalists
C004854,2025-11-16,3.0,4218.12,864.29,45,3,3,3,333,Need Attention
C004855,2025-12-23,13.0,35940.01,10409.44,8,5,5,5,555,Champions
C004856,,0.0,0.0,0.0,1642,1,1,1,111,Hibernating
C004857,2025-11-24,8.0,11786.84,1738.24,37,4,5,4,454,Champions
C004858,,0.0,0.0,0.0,1750,1,1,1,111,Hibernating
C004859,2025-02-23,1.0,1170.67,386.81,311,2,2,2,222,At Risk
C004860,,0.0,0.0,0.0,1579,1,1,1,111,Hibernating
C004861,2025-11-17,7.0,11708.52,2214.72,44,3,5,4,354,Loyal Customers
C004862,2025-03-07,1.0,1000.98,223.38,299,2,2,2,222,At Risk
C004863,2025-11-20,2.0,4192.469999999999,381.41,41,4,3,3,433,Potential Loyalists
C004864,2025-12-07,4.0,7510.56,1162.35,24,4,4,3,443,Loyal Customers
C004865,,0.0,0.0,0.0,1559,1,1,1,111,Hibernating
C004866,2025-06-09,1.0,892.7,294.51,205,2,2,2,222,At Risk
C004867,,0.0,0.0,0.0,1508,1,1,1,111,Hibernating
C004868,,0.0,0.0,0.0,1421,1,1,1,111,Hibernating
C004869,2025-12-23,9.0,20547.29,5101.73,8,5,5,5,555,Champions
C004870,,0.0,0.0,0.0,819,2,1,1,211,Hibernating
C004871,2025-12-10,1.0,3550.79,596.85,21,4,2,3,423,Potential Loyalists
C004872,2025-12-15,1.0,2927.17,-307.61,16,4,2,3,423,Potential Loyalists
C004873,2025-12-22,18.0,64382.29,16047.25,9,5,5,5,555,Champions
C004874,,0.0,0.0,0.0,767,2,1,1,211,Hibernating
C004875,2025-12-15,9.0,18484.16,5166.35,16,4,5,5,455,Champions
C004876,2025-05-21,2.0,7537.22,2047.79,224,2,3,4,234,Need Attention
C004877,2025-12-18,6.0,10540.5,1970.22,13,5,4,4,544,Champions
C004878,2025-12-18,22.0,58372.98,14011.15,13,5,5,5,555,Champions
C004879,,0.0,0.0,0.0,1418,1,1,1,111,Hibernating
C004880,2025-12-15,13.0,32548.53,6301.88,16,4,5,5,455,Champions
C004881,2025-12-14,8.0,7519.64,960.6,17,4,5,3,453,Loyal Customers
C004882,2025-11-23,3.0,3726.52,753.89,38,4,3,3,433,Potential Loyalists
C004883,2025-12-12,10.0,21928.85,6449.89,19,4,5,5,455,Champions
C004884,2025-12-22,9.0,13405.17,2800.81,9,5,5,4,554,Champions
C004885,,0.0,0.0,0.0,1426,1,1,1,111,Hibernating
C004886,2025-12-17,13.0,43201.15,11227.27,14,5,5,5,555,Champions
C004887,,0.0,0.0,0.0,445,2,1,1,211,Hibernating
C004888,,0.0,0.0,0.0,1166,1,1,1,111,Hibernating
C004889,2025-03-19,1.0,3312.68,718.13,287,2,2,3,223,At Risk
C004890,,0.0,0.0,0.0,1515,1,1,1,111,Hibernating
C004891,2025-08-04,2.0,0.0,0.0,149,3,3,1,331,Need Attention
C004892,,0.0,0.0,0.0,740,2,1,1,211,Hibernating
C004893,2025-12-16,3.0,4601.24,877.87,15,5,3,3,533,Potential Loyalists
C004894,,0.0,0.0,0.0,1774,1,1,1,111,Hibernating
C004895,2025-12-08,7.0,13635.81,3765.95,23,4,5,4,454,Champions
C004896,,0.0,0.0,0.0,1501,1,1,1,111,Hibernating
C004897,2025-12-15,2.0,5655.610000000001,1548.08,16,4,3,3,433,Potential Loyalists
C004898,,0.0,0.0,0.0,394,2,1,1,211,Hibernating
C004899,2025-05-09,2.0,4635.91,1184.59,236,2,3,3,233,Need Attention
C004900,2025-11-27,5.0,12568.130000000001,2908.63,34,4,4,4,444,Champions
C004901,2025-10-15,3.0,13462.83,2967.21,77,3,3,4,334,Need Attention
C004902,2025-11-21,5.0,12250.449999999999,1456.08,40,4,4,4,444,Champions
C004903,2025-08-24,3.0,2934.87,162.19,129,3,3,3,333,Need Attention
C004904,,0.0,0.0,0.0,1153,1,1,1,111,Hibernating
C004905,2025-12-27,4.0,12471.79,4136.32,4,5,4,4,544,Champions
C004906,,0.0,0.0,0.0,1486,1,1,1,111,Hibernating
C004907,2025-12-21,6.0,19056.99,5558.2,10,5,4,5,545,Champions
C004908,2025-07-21,1.0,930.09,311.81,163,3,2,2,322,Promising
C004909,2025-08-25,4.0,3684.8599999999997,850.24,128,3,4,3,343,Loyal Customers
C004910,,0.0,0.0,0.0,1457,1,1,1,111,Hibernating
C004911,,0.0,0.0,0.0,1186,1,1,1,111,Hibernating
C004912,2025-08-22,5.0,12445.019999999999,3038.75,131,3,4,4,344,Loyal Customers
C004913,2025-08-18,2.0,5920.82,1123.76,135,3,3,3,333,Need Attention
C004914,2025-12-13,13.0,33958.06,8022.51,18,4,5,5,455,Champions
C004915,,0.0,0.0,0.0,492,2,1,1,211,Hibernating
C004916,,0.0,0.0,0.0,870,2,1,1,211,Hibernating
C004917,2025-12-23,2.0,1830.99,321.69,8,5,3,2,532,Potential Loyalists
C004918,2025-11-04,2.0,1658.6399999999999,605.85,57,3,3,2,332,Need Attention
C004919,2025-12-03,7.0,22427.71,6291.66,28,4,5,5,455,Champions
C004920,,0.0,0.0,0.0,1754,1,1,1,111,Hibernating
C004921,,0.0,0.0,0.0,954,2,1,1,211,Hibernating
C004922,2025-12-25,14.0,29127.98,7923.59,6,5,5,5,555,Champions
C004923,,0.0,0.0,0.0,606,2,1,1,211,Hibernating
C004924,2025-02-04,1.0,2309.3,87.83,330,2,2,3,223,At Risk
C004925,2025-12-06,5.0,10512.9,3454.28,25,4,4,4,444,Champions
C004926,2025-12-26,5.0,9190.619999999999,1499.74,5,5,4,4,544,Champions
C004927,2025-09-24,8.0,28322.53,9232.95,98,3,5,5,355,Loyal Customers
C004928,2025-12-05,3.0,5279.24,1527.75,26,4,3,3,433,Potential Loyalists
C004929,,0.0,0.0,0.0,1302,1,1,1,111,Hibernating
C004930,2025-12-26,5.0,18332.22,2512.89,5,5,4,5,545,Champions
C004931,,0.0,0.0,0.0,1324,1,1,1,111,Hibernating
C004932,2025-12-23,4.0,20112.09,4636.7,8,5,4,5,545,Champions
C004933,2025-12-27,11.0,36896.4,10082.52,4,5,5,5,555,Champions
C004934,2025-12-05,8.0,11983.83,1169.67,26,4,5,4,454,Champions
C004935,,0.0,0.0,0.0,729,2,1,1,211,Hibernating
C004936,2025-11-20,7.0,10197.67,1350.03,41,4,5,4,454,Champions
C004937,2025-12-19,8.0,31958.9,5436.39,12,5,5,5,555,Champions
C004938,,0.0,0.0,0.0,1323,1,1,1,111,Hibernating
C004939,2025-12-24,9.0,21993.2,1255.91,7,5,5,5,555,Champions
C004940,2025-12-12,8.0,19803.45,4476.63,19,4,5,5,455,Champions
C004941,2025-06-11,2.0,4969.87,966.05,203,2,3,3,233,Need Attention
C004942,2025-12-14,3.0,6967.61,907.11,17,4,3,3,433,Potential Loyalists
C004943,2025-12-27,3.0,5413.76,590.96,4,5,3,3,533,Potential Loyalists
C004944,,0.0,0.0,0.0,1471,1,1,1,111,Hibernating
C004945,2025-06-09,6.0,12993.789999999999,3943.62,205,2,4,4,244,Need Attention
C004946,2025-12-24,14.0,38315.44,10857.24,7,5,5,5,555,Champions
C004947,2025-12-20,5.0,10586.61,2311.25,11,5,4,4,544,Champions
C004948,,0.0,0.0,0.0,996,2,1,1,211,Hibernating
C004949,,0.0,0.0,0.0,1407,1,1,1,111,Hibernating
C004950,2025-11-04,9.0,29098.23,8360.07,57,3,5,5,355,Loyal Customers
C004951,2025-12-06,14.0,25716.71,6581.5,25,4,5,5,455,Champions
C004952,2025-12-11,9.0,19245.5,3802.04,20,4,5,5,455,Champions
C004953,2025-12-11,13.0,34849.39,8243.51,20,4,5,5,455,Champions
C004954,,0.0,0.0,0.0,648,2,1,1,211,Hibernating
C004955,2025-12-26,2.0,3403.31,842.43,5,5,3,3,533,Potential Loyalists
C004956,2025-03-08,1.0,2738.1,792.59,298,2,2,3,223,At Risk
C004957,2025-12-16,5.0,6380.299999999999,1295.71,15,5,4,3,543,Loyal Customers
C004958,2025-12-13,8.0,20224.300000000003,4931.2,18,4,5,5,455,Champions
C004959,,0.0,0.0,0.0,1132,1,1,1,111,Hibernating
C004960,2025-04-19,5.0,15504.930000000002,3577.6899999999996,256,2,4,4,244,Need Attention
C004961,,0.0,0.0,0.0,578,2,1,1,211,Hibernating
C004962,2025-12-06,9.0,20874.19,4769.53,25,4,5,5,455,Champions
C004963,2025-12-04,8.0,23112.21,3593.54,27,4,5,5,455,Champions
C004964,2025-07-19,3.0,8859.119999999999,1943.65,165,3,3,4,334,Need Attention
C004965,2025-01-06,1.0,0.0,0.0,359,2,2,1,221,At Risk
C004966,2025-08-11,2.0,2449.02,509.84999999999997,142,3,3,3,333,Need Attention
C004967,2025-10-09,4.0,13208.900000000001,2954.49,83,3,4,4,344,Loyal Customers
C004968,2025-10-21,1.0,1144.01,202.03,71,3,2,2,322,Promising
C004969,,0.0,0.0,0.0,1104,2,1,1,211,Hibernating
C004970,2025-11-22,17.0,59401.159999999996,12372.54,39,4,5,5,455,Champions
C004971,2025-04-17,1.0,307.17,109.42,258,2,2,2,222,At Risk
C004972,2025-11-10,3.0,10589.61,549.64,51,3,3,4,334,Need Attention
C004973,2025-08-04,2.0,2613.95,770.15,149,3,3,3,333,Need Attention
C004974,2025-11-25,4.0,4899.860000000001,1088.83,36,4,4,3,443,Loyal Customers
C004975,2025-11-16,5.0,21058.96,2462.19,45,3,4,5,345,Loyal Customers
C004976,,0.0,0.0,0.0,1704,1,1,1,111,Hibernating
C004977,,0.0,0.0,0.0,1269,1,1,1,111,Hibernating
C004978,2025-12-26,13.0,38963.81,8009.34,5,5,5,5,555,Champions
C004979,2025-11-18,5.0,3952.07,547.74,43,3,4,3,343,Loyal Customers
C004980,2025-12-04,5.0,16968.11,3102.9700000000003,27,4,4,5,445,Champions
C004981,2025-12-24,8.0,20263.96,3994.89,7,5,5,5,555,Champions
C004982,2025-12-15,1.0,1078.95,238.52,16,4,2,2,422,Potential Loyalists
C004983,2025-12-27,9.0,20467.96,3959.0,4,5,5,5,555,Champions
C004984,2025-09-07,5.0,10627.16,2269.84,115,3,4,4,344,Loyal Customers
C004985,,0.0,0.0,0.0,1543,1,1,1,111,Hibernating
C004986,,0.0,0.0,0.0,1365,1,1,1,111,Hibernating
C004987,2025-04-11,2.0,2602.08,561.5699999999999,264,2,3,3,233,Need Attention
C004988,2025-03-09,1.0,435.05,70.11,297,2,2,2,222,At Risk
C004989,2025-11-25,5.0,21325.67,4907.37,36,4,4,5,445,Champions
C004990,2025-12-17,13.0,31741.86,7740.15,14,5,5,5,555,Champions
C004991,,0.0,0.0,0.0,653,2,1,1,211,Hibernating
C004992,2025-07-24,1.0,3899.48,1272.56,160,3,2,3,323,Promising
C004993,,0.0,0.0,0.0,1021,2,1,1,211,Hibernating
C004994,2025-12-09,7.0,17863.82,3855.42,22,4,5,5,455,Champions
C004995,2025-12-04,3.0,3553.54,491.1,27,4,3,3,433,Potential Loyalists
C004996,2025-10-25,3.0,8618.939999999999,1381.04,67,3,3,4,334,Need Attention
C004997,2025-12-22,6.0,11955.86,1807.21,9,5,4,4,544,Champions
C004998,2025-05-18,3.0,6562.92,1891.1799999999998,227,2,3,3,233,Need Attention
C004999,2025-12-13,20.0,34085.47,9332.289999999999,18,4,5,5,455,Champions
C005000,2025-01-08,1.0,3073.91,881.75,357,2,2,3,223,At Risk
C005001,,0.0,0.0,0.0,1095,2,1,1,211,Hibernating
C005002,2025-09-02,5.0,16017.710000000001,4070.2599999999998,120,3,4,4,344,Loyal Customers
C005003,,0.0,0.0,0.0,878,2,1,1,211,Hibernating
C005004,2025-11-26,13.0,41153.25,10296.38,35,4,5,5,455,Champions
C005005,2025-10-20,5.0,7910.71,2339.2,72,3,4,4,344,Loyal Customers
C005006,2025-12-15,10.0,29189.969999999998,6001.18,16,4,5,5,455,Champions
C005007,2025-06-10,1.0,3072.53,1195.67,204,2,2,3,223,At Risk
C005008,2025-12-11,1.0,1863.66,570.32,20,4,2,2,422,Potential Loyalists
C005009,2025-11-25,12.0,30444.02,5959.07,36,4,5,5,455,Champions
C005010,,0.0,0.0,0.0,986,2,1,1,211,Hibernating
C005011,2025-11-16,1.0,4056.82,1083.57,45,3,2,3,323,Promising
C005012,,0.0,0.0,0.0,1301,1,1,1,111,Hibernating
C005013,2025-10-22,2.0,2318.45,760.9000000000001,70,3,3,3,333,Need Attention
C005014,2025-11-25,4.0,14159.060000000001,1918.66,36,4,4,4,444,Champions
C005015,,0.0,0.0,0.0,1000,2,1,1,211,Hibernating
C005016,2025-10-04,15.0,36674.12,10162.54,88,3,5,5,355,Loyal Customers
C005017,2025-08-20,2.0,4042.86,1034.22,133,3,3,3,333,Need Attention
C005018,2025-12-19,10.0,28109.54,8346.95,12,5,5,5,555,Champions
C005019,2025-11-26,1.0,3545.62,-70.88,35,4,2,3,423,Potential Loyalists
C005020,,0.0,0.0,0.0,1612,1,1,1,111,Hibernating
C005021,2025-12-23,12.0,34521.25,7714.19,8,5,5,5,555,Champions
C005022,2025-06-19,1.0,4811.58,1119.92,195,3,2,3,323,Promising
C005023,2025-09-18,9.0,28419.32,5359.54,104,3,5,5,355,Loyal Customers
C005024,2025-12-21,15.0,31710.61,5211.96,10,5,5,5,555,Champions
C005025,2025-02-20,1.0,3848.8,887.48,314,2,2,3,223,At Risk
C005026,2025-12-23,2.0,5109.29,934.41,8,5,3,3,533,Potential Loyalists
C005027,2025-07-11,2.0,3918.8199999999997,21.160000000000004,173,3,3,3,333,Need Attention
C005028,,0.0,0.0,0.0,1205,1,1,1,111,Hibernating
C005029,,0.0,0.0,0.0,388,2,1,1,211,Hibernating
C005030,,0.0,0.0,0.0,1213,1,1,1,111,Hibernating
C005031,,0.0,0.0,0.0,387,2,1,1,211,Hibernating
C005032,2025-12-10,13.0,31315.68,9311.98,21,4,5,5,455,Champions
C005033,2025-12-08,14.0,27741.56,4958.55,23,4,5,5,455,Champions
C005034,2025-11-09,11.0,24981.86,7343.91,52,3,5,5,355,Loyal Customers
C005035,,0.0,0.0,0.0,495,2,1,1,211,Hibernating
C005036,2025-04-12,1.0,2001.6,650.02,263,2,2,2,222,At Risk
C005037,,0.0,0.0,0.0,1458,1,1,1,111,Hibernating
C005038,,0.0,0.0,0.0,370,2,1,1,211,Hibernating
C005039,,0.0,0.0,0.0,1628,1,1,1,111,Hibernating
C005040,,0.0,0.0,0.0,1630,1,1,1,111,Hibernating
C005041,2025-11-20,1.0,922.13,77.71,41,4,2,2,422,Potential Loyalists
C005042,2025-12-24,4.0,9809.61,1144.52,7,5,4,4,544,Champions
C005043,2025-11-01,8.0,26690.61,5970.57,60,3,5,5,355,Loyal Customers
C005044,2025-07-05,1.0,1508.82,514.33,179,3,2,2,322,Promising
C005045,,0.0,0.0,0.0,1559,1,1,1,111,Hibernating
C005046,2025-12-06,1.0,1194.79,410.93,25,4,2,2,422,Potential Loyalists
C005047,2025-12-27,2.0,3750.72,328.26,4,5,3,3,533,Potential Loyalists
C005048,2025-10-10,4.0,15112.82,2474.5699999999997,82,3,4,4,344,Loyal Customers
C005049,2025-12-24,5.0,6553.92,-35.46000000000001,7,5,4,3,543,Loyal Customers
C005050,,0.0,0.0,0.0,925,2,1,1,211,Hibernating
C005051,2025-12-24,3.0,4988.15,429.77,7,5,3,3,533,Potential Loyalists
C005052,2025-11-07,3.0,6916.360000000001,2269.27,54,3,3,3,333,Need Attention
C005053,2025-12-26,11.0,25118.63,6290.46,5,5,5,5,555,Champions
C005054,2025-12-24,2.0,5674.68,1103.3400000000001,7,5,3,3,533,Potential Loyalists
C005055,2025-11-27,3.0,5712.74,1103.3999999999999,34,4,3,3,433,Potential Loyalists
C005056,2025-12-14,9.0,35891.46,5559.719999999999,17,4,5,5,455,Champions
C005057,2025-12-01,1.0,1247.42,292.52,30,4,2,2,422,Potential Loyalists
C005058,2025-12-08,16.0,50344.66,9704.83,23,4,5,5,455,Champions
C005059,,0.0,0.0,0.0,1514,1,1,1,111,Hibernating
C005060,,0.0,0.0,0.0,932,2,1,1,211,Hibernating
C005061,,0.0,0.0,0.0,1012,2,1,1,211,Hibernating
C005062,2025-10-14,1.0,1735.35,107.88,78,3,2,2,322,Promising
C005063,,0.0,0.0,0.0,1034,2,1,1,211,Hibernating
C005064,2025-12-22,4.0,8370.01,1680.94,9,5,4,4,544,Champions
C005065,2025-04-08,2.0,2790.21,794.78,267,2,3,3,233,Need Attention
C005066,,0.0,0.0,0.0,386,2,1,1,211,Hibernating
C005067,,0.0,0.0,0.0,1420,1,1,1,111,Hibernating
C005068,,0.0,0.0,0.0,502,2,1,1,211,Hibernating
C005069,,0.0,0.0,0.0,1154,1,1,1,111,Hibernating
C005070,,0.0,0.0,0.0,1805,1,1,1,111,Hibernating
C005071,,0.0,0.0,0.0,1687,1,1,1,111,Hibernating
C005072,2025-08-24,7.0,6750.45,1241.3,129,3,5,3,353,Loyal Customers
C005073,,0.0,0.0,0.0,800,2,1,1,211,Hibernating
C005074,2025-12-07,14.0,32144.719999999998,6466.45,24,4,5,5,455,Champions
C005075,,0.0,0.0,0.0,473,2,1,1,211,Hibernating
C005076,2025-01-15,1.0,2601.19,843.22,350,2,2,3,223,At Risk
C005077,2025-06-26,4.0,4884.11,153.31,188,3,4,3,343,Loyal Customers
C005078,2025-12-12,4.0,18427.06,4508.25,19,4,4,5,445,Champions
C005079,,0.0,0.0,0.0,1149,1,1,1,111,Hibernating
C005080,2025-10-17,2.0,2173.29,253.14999999999998,75,3,3,3,333,Need Attention
C005081,2025-12-09,7.0,21090.25,5039.17,22,4,5,5,455,Champions
C005082,,0.0,0.0,0.0,1048,2,1,1,211,Hibernating
C005083,,0.0,0.0,0.0,1204,1,1,1,111,Hibernating
C005084,,0.0,0.0,0.0,767,2,1,1,211,Hibernating
C005085,,0.0,0.0,0.0,670,2,1,1,211,Hibernating
C005086,2025-12-22,5.0,9612.21,806.99,9,5,4,4,544,Champions
C005087,2025-11-22,3.0,8190.74,1571.43,39,4,3,4,434,Potential Loyalists
C005088,2025-12-16,3.0,9250.27,1978.2800000000002,15,5,3,4,534,Potential Loyalists
C005089,,0.0,0.0,0.0,571,2,1,1,211,Hibernating
C005090,,0.0,0.0,0.0,1814,1,1,1,111,Hibernating
C005091,2025-12-13,11.0,20196.06,5243.62,18,4,5,5,455,Champions
C005092,2025-11-21,5.0,18049.11,5139.96,40,4,4,5,445,Champions
C005093,,0.0,0.0,0.0,1724,1,1,1,111,Hibernating
C005094,2025-11-20,9.0,24706.6,3651.26,41,4,5,5,455,Champions
C005095,2025-12-23,8.0,24558.58,4255.97,8,5,5,5,555,Champions
C005096,2025-10-25,4.0,7423.620000000001,3165.5199999999995,67,3,4,3,343,Loyal Customers
C005097,2025-11-16,8.0,11348.61,1936.71,45,3,5,4,354,Loyal Customers
C005098,,0.0,0.0,0.0,382,2,1,1,211,Hibernating
C005099,,0.0,0.0,0.0,1122,1,1,1,111,Hibernating
C005100,2025-12-12,4.0,6538.8,1222.05,19,4,4,3,443,Loyal Customers
C005101,2025-12-06,14.0,33471.05,8795.36,25,4,5,5,455,Champions
C005102,2025-12-19,6.0,7241.3,646.72,12,5,4,3,543,Loyal Customers
C005103,2025-12-26,8.0,26717.05,6489.17,5,5,5,5,555,Champions
C005104,2025-02-14,1.0,1852.86,629.8,320,2,2,2,222,At Risk
C005105,2025-04-23,1.0,2729.13,157.72,252,2,2,3,223,At Risk
C005106,,0.0,0.0,0.0,1177,1,1,1,111,Hibernating
C005107,2025-12-20,1.0,1876.4,274.04,11,5,2,2,522,Potential Loyalists
C005108,2025-12-08,12.0,47673.92,8653.289999999999,23,4,5,5,455,Champions
C005109,2025-11-13,4.0,18250.23,4082.57,48,3,4,5,345,Loyal Customers
C005110,2025-12-10,11.0,32863.4,5615.17,21,4,5,5,455,Champions
C005111,,0.0,0.0,0.0,373,2,1,1,211,Hibernating
C005112,2025-06-25,3.0,9699.279999999999,1198.87,189,3,3,4,334,Need Attention
C005113,2025-12-07,4.0,12376.99,3083.29,24,4,4,4,444,Champions
C005114,2025-12-24,23.0,66436.19,16116.12,7,5,5,5,555,Champions
C005115,,0.0,0.0,0.0,1021,2,1,1,211,Hibernating
C005116,,0.0,0.0,0.0,1747,1,1,1,111,Hibernating
C005117,2025-12-27,4.0,8230.8,1670.22,4,5,4,4,544,Champions
C005118,,0.0,0.0,0.0,922,2,1,1,211,Hibernating
C005119,2025-12-26,3.0,4572.71,935.25,5,5,3,3,533,Potential Loyalists
C005120,,0.0,0.0,0.0,1209,1,1,1,111,Hibernating
C005121,2025-11-07,2.0,4219.0,338.96000000000004,54,3,3,3,333,Need Attention
C005122,2025-12-18,13.0,45945.82,9620.16,13,5,5,5,555,Champions
C005123,,0.0,0.0,0.0,1307,1,1,1,111,Hibernating
C005124,2025-12-27,12.0,24390.99,4276.67,4,5,5,5,555,Champions
C005125,2025-12-26,16.0,48825.79,12674.05,5,5,5,5,555,Champions
C005126,,0.0,0.0,0.0,421,2,1,1,211,Hibernating
C005127,,0.0,0.0,0.0,990,2,1,1,211,Hibernating
C005128,2025-12-24,6.0,32074.11,5000.24,7,5,4,5,545,Champions
C005129,2025-10-26,1.0,2375.17,494.73,66,3,2,3,323,Promising
C005130,,0.0,0.0,0.0,1351,1,1,1,111,Hibernating
C005131,2025-03-03,3.0,8710.77,1144.77,303,2,3,4,234,Need Attention
C005132,2025-12-26,10.0,34510.36,3726.0,5,5,5,5,555,Champions
C005133,,0.0,0.0,0.0,911,2,1,1,211,Hibernating
C005134,2025-12-15,6.0,16058.220000000001,1007.28,16,4,4,4,444,Champions
C005135,2025-12-19,1.0,1587.62,123.72,12,5,2,2,522,Potential Loyalists
C005136,2025-12-17,11.0,33411.96,9351.17,14,5,5,5,555,Champions
C005137,2025-12-25,19.0,62037.86,17031.23,6,5,5,5,555,Champions
C005138,2025-05-13,2.0,4359.780000000001,926.3100000000001,232,2,3,3,233,Need Attention
C005139,2025-12-20,5.0,15114.1,2378.2200000000003,11,5,4,4,544,Champions
C005140,2025-12-19,17.0,60210.43,9785.869999999999,12,5,5,5,555,Champions
C005141,2025-02-14,2.0,5339.17,1476.1999999999998,320,2,3,3,233,Need Attention
C005142,2025-01-19,1.0,2992.09,874.7,346,2,2,3,223,At Risk
C005143,2025-04-21,3.0,3527.9300000000003,454.82,254,2,3,3,233,Need Attention
C005144,2025-12-27,4.0,12319.09,3674.42,4,5,4,4,544,Champions
C005145,2025-11-23,2.0,4467.29,1389.99,38,4,3,3,433,Potential Loyalists
C005146,2025-12-09,3.0,2780.1,669.1600000000001,22,4,3,3,433,Potential Loyalists
C005147,2025-06-22,1.0,6154.64,1934.45,192,3,2,3,323,Promising
C005148,2025-12-16,2.0,1521.47,186.64000000000001,15,5,3,2,532,Potential Loyalists
C005149,2025-12-09,8.0,25219.449999999997,6146.52,22,4,5,5,455,Champions
C005150,2025-11-12,1.0,832.07,44.67,49,3,2,2,322,Promising
C005151,,0.0,0.0,0.0,971,2,1,1,211,Hibernating
C005152,2025-10-05,4.0,4695.78,1553.07,87,3,4,3,343,Loyal Customers
C005153,2025-05-01,1.0,1671.57,375.12,244,2,2,2,222,At Risk
C005154,2025-12-21,10.0,27065.31,4855.35,10,5,5,5,555,Champions
C005155,2025-09-26,3.0,4426.32,239.62,96,3,3,3,333,Need Attention
C005156,2025-09-15,5.0,13244.8,4110.349999999999,107,3,4,4,344,Loyal Customers
C005157,,0.0,0.0,0.0,1284,1,1,1,111,Hibernating
C005158,2025-11-24,2.0,11669.91,1868.6299999999999,37,4,3,4,434,Potential Loyalists
C005159,,0.0,0.0,0.0,1351,1,1,1,111,Hibernating
C005160,2025-08-20,4.0,6782.55,1339.17,133,3,4,3,343,Loyal Customers
C005161,,0.0,0.0,0.0,1294,1,1,1,111,Hibernating
C005162,2025-12-16,8.0,21210.079999999998,4797.0599999999995,15,5,5,5,555,Champions
C005163,2025-11-22,6.0,20538.98,3945.4500000000003,39,4,4,5,445,Champions
C005164,,0.0,0.0,0.0,1712,1,1,1,111,Hibernating
C005165,,0.0,0.0,0.0,395,2,1,1,211,Hibernating
C005166,2025-01-08,1.0,909.22,182.6,357,2,2,2,222,At Risk
C005167,,0.0,0.0,0.0,1674,1,1,1,111,Hibernating
C005168,,0.0,0.0,0.0,1330,1,1,1,111,Hibernating
C005169,2025-04-20,1.0,1677.99,678.61,255,2,2,2,222,At Risk
C005170,2025-12-18,9.0,29902.97,6418.929999999999,13,5,5,5,555,Champions
C005171,2025-12-16,7.0,10810.14,1855.09,15,5,5,4,554,Champions
C005172,2025-12-16,4.0,5356.5,1077.46,15,5,4,3,543,Loyal Customers
C005173,,0.0,0.0,0.0,1435,1,1,1,111,Hibernating
C005174,,0.0,0.0,0.0,1691,1,1,1,111,Hibernating
C005175,2025-07-18,3.0,5308.0599999999995,1167.41,166,3,3,3,333,Need Attention
C005176,,0.0,0.0,0.0,1274,1,1,1,111,Hibernating
C005177,2025-05-09,4.0,8533.189999999999,2399.2400000000002,236,2,4,4,244,Need Attention
C005178,2025-12-14,2.0,7168.61,1318.82,17,4,3,3,433,Potential Loyalists
C005179,2025-12-07,2.0,6667.79,-89.48999999999998,24,4,3,3,433,Potential Loyalists
C005180,2025-12-12,3.0,7657.46,843.77,19,4,3,4,434,Potential Loyalists
C005181,2025-12-11,6.0,14856.82,3620.7,20,4,4,4,444,Champions
C005182,2025-09-14,1.0,2439.28,642.48,108,3,2,3,323,Promising
C005183,2025-12-17,10.0,46287.409999999996,11327.32,14,5,5,5,555,Champions
C005184,2025-01-10,1.0,820.22,174.46,355,2,2,2,222,At Risk
C005185,2025-11-23,4.0,18295.920000000002,1412.79,38,4,4,5,445,Champions
C005186,2025-08-06,3.0,3186.45,561.53,147,3,3,3,333,Need Attention
C005187,,0.0,0.0,0.0,412,2,1,1,211,Hibernating
C005188,,0.0,0.0,0.0,1236,1,1,1,111,Hibernating
C005189,,0.0,0.0,0.0,1741,1,1,1,111,Hibernating
C005190,,0.0,0.0,0.0,1802,1,1,1,111,Hibernating
C005191,,0.0,0.0,0.0,1656,1,1,1,111,Hibernating
C005192,2025-02-25,2.0,7070.370000000001,1512.4499999999998,309,2,3,3,233,Need Attention
C005193,2025-11-06,1.0,1031.11,45.96,55,3,2,2,322,Promising
C005194,2025-12-23,7.0,13894.92,1356.2599999999998,8,5,5,4,554,Champions
C005195,2025-12-03,5.0,12310.31,3575.3799999999997,28,4,4,4,444,Champions
C005196,2025-12-02,4.0,4652.14,751.9300000000001,29,4,4,3,443,Loyal Customers
C005197,2025-09-15,4.0,9790.09,3041.05,107,3,4,4,344,Loyal Customers
C005198,2025-09-16,3.0,21428.78,6173.13,106,3,3,5,335,Need Attention
C005199,2025-01-14,2.0,3817.04,1030.36,351,2,3,3,233,Need Attention
C005200,,0.0,0.0,0.0,1176,1,1,1,111,Hibernating
C005201,2025-10-18,4.0,20540.01,3447.65,74,3,4,5,345,Loyal Customers
C005202,2025-11-27,5.0,9610.25,2491.35,34,4,4,4,444,Champions
C005203,,0.0,0.0,0.0,1162,1,1,1,111,Hibernating
C005204,2025-09-06,8.0,14014.13,3333.98,116,3,5,4,354,Loyal Customers
C005205,,0.0,0.0,0.0,1152,1,1,1,111,Hibernating
C005206,2025-12-23,18.0,59583.36,15123.56,8,5,5,5,555,Champions
C005207,2025-01-14,1.0,1445.99,386.06,351,2,2,2,222,At Risk
C005208,2025-12-08,14.0,42423.48,9364.66,23,4,5,5,455,Champions
C005209,2025-12-01,5.0,12377.95,3066.73,30,4,4,4,444,Champions
C005210,2025-12-20,4.0,13605.269999999999,2464.16,11,5,4,4,544,Champions
C005211,,0.0,0.0,0.0,1605,1,1,1,111,Hibernating
C005212,2025-11-13,3.0,3262.4900000000002,833.39,48,3,3,3,333,Need Attention
C005213,,0.0,0.0,0.0,1611,1,1,1,111,Hibernating
C005214,2025-05-14,5.0,10637.46,3058.0299999999997,231,2,4,4,244,Need Attention
C005215,,0.0,0.0,0.0,1519,1,1,1,111,Hibernating
C005216,2025-12-08,13.0,39749.020000000004,9610.6,23,4,5,5,455,Champions
C005217,2025-10-21,2.0,1648.6799999999998,191.89,71,3,3,2,332,Need Attention
C005218,2025-04-19,1.0,2650.08,347.18,256,2,2,3,223,At Risk
C005219,2025-12-13,1.0,1686.62,-42.52,18,4,2,2,422,Potential Loyalists
C005220,,0.0,0.0,0.0,844,2,1,1,211,Hibernating
C005221,2025-05-10,1.0,1190.01,608.09,235,2,2,2,222,At Risk
C005222,2025-12-10,1.0,1185.11,62.31,21,4,2,2,422,Potential Loyalists
C005223,,0.0,0.0,0.0,1349,1,1,1,111,Hibernating
C005224,2025-11-24,9.0,19961.329999999998,5226.32,37,4,5,5,455,Champions
C005225,2025-12-11,4.0,19529.29,3311.51,20,4,4,5,445,Champions
C005226,,0.0,0.0,0.0,1392,1,1,1,111,Hibernating
C005227,2025-11-06,9.0,18756.7,4369.35,55,3,5,5,355,Loyal Customers
C005228,2025-12-24,16.0,61028.99,17151.55,7,5,5,5,555,Champions
C005229,2025-12-26,4.0,9790.34,1812.92,5,5,4,4,544,Champions
C005230,2025-10-25,5.0,13212.349999999999,3417.22,67,3,4,4,344,Loyal Customers
C005231,2025-09-23,2.0,6329.2300000000005,1691.31,99,3,3,3,333,Need Attention
C005232,2025-10-14,3.0,5968.79,232.51,78,3,3,3,333,Need Attention
C005233,2025-12-10,10.0,27319.14,6466.92,21,4,5,5,455,Champions
C005234,2025-09-11,2.0,3413.18,542.37,111,3,3,3,333,Need Attention
C005235,2025-12-21,15.0,33061.28,8940.8,10,5,5,5,555,Champions
C005236,,0.0,0.0,0.0,1181,1,1,1,111,Hibernating
C005237,,0.0,0.0,0.0,537,2,1,1,211,Hibernating
C005238,2025-02-13,1.0,3284.22,798.87,321,2,2,3,223,At Risk
C005239,,0.0,0.0,0.0,1814,1,1,1,111,Hibernating
C005240,2025-10-20,5.0,15471.02,3322.26,72,3,4,4,344,Loyal Customers
C005241,2025-12-10,14.0,27790.79,8227.33,21,4,5,5,455,Champions
C005242,2025-10-06,1.0,2349.31,182.45,86,3,2,3,323,Promising
C005243,,0.0,0.0,0.0,772,2,1,1,211,Hibernating
C005244,2025-12-25,5.0,17411.66,4145.0,6,5,4,5,545,Champions
C005245,2025-09-21,11.0,49224.61,7797.71,101,3,5,5,355,Loyal Customers
C005246,2025-10-18,3.0,4876.33,916.54,74,3,3,3,333,Need Attention
C005247,2025-11-13,5.0,13792.16,2128.4900000000002,48,3,4,4,344,Loyal Customers
C005248,2025-12-26,13.0,35805.840000000004,7074.48,5,5,5,5,555,Champions
C005249,2025-12-16,19.0,42755.46,7421.67,15,5,5,5,555,Champions
C005250,2025-12-05,6.0,10623.539999999999,2265.52,26,4,4,4,444,Champions
C005251,2025-03-07,1.0,327.35,129.6,299,2,2,2,222,At Risk
C005252,,0.0,0.0,0.0,980,2,1,1,211,Hibernating
C005253,2025-12-12,1.0,999.65,305.12,19,4,2,2,422,Potential Loyalists
C005254,2025-05-13,1.0,1543.94,467.61,232,2,2,2,222,At Risk
C005255,2025-11-14,6.0,12484.66,1396.8899999999999,47,3,4,4,344,Loyal Customers
C005256,2025-08-07,5.0,13962.44,3521.92,146,3,4,4,344,Loyal Customers
C005257,,0.0,0.0,0.0,1753,1,1,1,111,Hibernating
C005258,,0.0,0.0,0.0,1108,1,1,1,111,Hibernating
C005259,2025-12-21,4.0,23386.239999999998,819.27,10,5,4,5,545,Champions
C005260,,0.0,0.0,0.0,388,2,1,1,211,Hibernating
C005261,2025-12-13,3.0,5615.35,627.74,18,4,3,3,433,Potential Loyalists
C005262,2025-12-03,6.0,31914.48,8701.26,28,4,4,5,445,Champions
C005263,2025-02-22,1.0,2795.88,669.63,312,2,2,3,223,At Risk
C005264,,0.0,0.0,0.0,440,2,1,1,211,Hibernating
C005265,,0.0,0.0,0.0,1071,2,1,1,211,Hibernating
C005266,2025-12-27,12.0,29872.33,3953.49,4,5,5,5,555,Champions
C005267,2025-02-24,2.0,1726.38,-56.500000000000014,310,2,3,2,232,Need Attention
C005268,2025-11-25,7.0,18707.79,3634.9500000000003,36,4,5,5,455,Champions
C005269,,0.0,0.0,0.0,1151,1,1,1,111,Hibernating
C005270,2025-11-10,3.0,7640.47,2174.96,51,3,3,4,334,Need Attention
C005271,2025-12-04,3.0,10051.94,1987.77,27,4,3,4,434,Potential Loyalists
C005272,,0.0,0.0,0.0,1192,1,1,1,111,Hibernating
C005273,2025-12-23,4.0,8697.44,2018.83,8,5,4,4,544,Champions
C005274,2025-12-20,16.0,27306.63,6308.98,11,5,5,5,555,Champions
C005275,,0.0,0.0,0.0,958,2,1,1,211,Hibernating
C005276,2025-12-12,10.0,26839.81,7389.400000000001,19,4,5,5,455,Champions
C005277,2025-12-18,5.0,10214.109999999999,1585.8799999999999,13,5,4,4,544,Champions
C005278,2025-12-21,13.0,50952.94,11696.13,10,5,5,5,555,Champions
C005279,,0.0,0.0,0.0,1818,1,1,1,111,Hibernating
C005280,2025-08-06,5.0,9479.74,950.5699999999999,147,3,4,4,344,Loyal Customers
C005281,,0.0,0.0,0.0,1125,1,1,1,111,Hibernating
C005282,2025-07-06,2.0,3470.7200000000003,241.02,178,3,3,3,333,Need Attention
C005283,2025-12-26,5.0,20917.59,5150.87,5,5,4,5,545,Champions
C005284,2025-12-07,8.0,11980.13,1649.3600000000001,24,4,5,4,454,Champions
C005285,2025-05-21,3.0,2405.11,443.77,224,2,3,3,233,Need Attention
C005286,2025-12-13,17.0,46657.44,12199.76,18,4,5,5,455,Champions
C005287,2025-12-22,13.0,29258.28,7151.5199999999995,9,5,5,5,555,Champions
C005288,,0.0,0.0,0.0,1603,1,1,1,111,Hibernating
C005289,2025-03-16,1.0,1687.25,-124.3,290,2,2,2,222,At Risk
C005290,2025-12-11,1.0,917.85,191.23,20,4,2,2,422,Potential Loyalists
C005291,,0.0,0.0,0.0,1012,2,1,1,211,Hibernating
C005292,,0.0,0.0,0.0,1383,1,1,1,111,Hibernating
C005293,2025-12-14,11.0,24452.87,6257.67,17,4,5,5,455,Champions
C005294,,0.0,0.0,0.0,1346,1,1,1,111,Hibernating
C005295,,0.0,0.0,0.0,1485,1,1,1,111,Hibernating
C005296,2025-12-21,6.0,19142.289999999997,3400.1400000000003,10,5,4,5,545,Champions
C005297,2025-09-19,2.0,4287.82,1110.29,103,3,3,3,333,Need Attention
C005298,2025-12-23,8.0,25624.32,6755.75,8,5,5,5,555,Champions
C005299,,0.0,0.0,0.0,1445,1,1,1,111,Hibernating
C005300,2025-12-16,1.0,921.84,155.25,15,5,2,2,522,Potential Loyalists
C005301,2025-12-12,9.0,15991.57,297.53000000000003,19,4,5,4,454,Champions
C005302,2025-11-14,11.0,30135.37,6836.15,47,3,5,5,355,Loyal Customers
C005303,,0.0,0.0,0.0,1010,2,1,1,211,Hibernating
C005304,2025-12-19,4.0,9834.33,2354.4900000000002,12,5,4,4,544,Champions
C005305,,0.0,0.0,0.0,370,2,1,1,211,Hibernating
C005306,,0.0,0.0,0.0,1557,1,1,1,111,Hibernating
C005307,2025-12-19,4.0,8070.12,1403.04,12,5,4,4,544,Champions
C005308,2025-12-14,10.0,30387.95,5731.53,17,4,5,5,455,Champions
C005309,2025-12-03,11.0,32937.56,6521.93,28,4,5,5,455,Champions
C005310,,0.0,0.0,0.0,1726,1,1,1,111,Hibernating
C005311,2025-12-27,9.0,27366.690000000002,5115.06,4,5,5,5,555,Champions
C005312,2025-12-17,6.0,13362.99,1127.28,14,5,4,4,544,Champions
C005313,,0.0,0.0,0.0,596,2,1,1,211,Hibernating
C005314,2025-12-16,10.0,34119.75,8612.5,15,5,5,5,555,Champions
C005315,,0.0,0.0,0.0,1366,1,1,1,111,Hibernating
C005316,2025-12-19,8.0,20596.35,3482.4900000000002,12,5,5,5,555,Champions
C005317,,0.0,0.0,0.0,1468,1,1,1,111,Hibernating
C005318,,0.0,0.0,0.0,955,2,1,1,211,Hibernating
C005319,2025-12-22,3.0,4704.56,1098.97,9,5,3,3,533,Potential Loyalists
C005320,2025-12-19,1.0,2755.08,147.66,12,5,2,3,523,Potential Loyalists
C005321,2025-09-14,1.0,1009.1,442.96,108,3,2,2,322,Promising
C005322,,0.0,0.0,0.0,432,2,1,1,211,Hibernating
C005323,2025-12-26,3.0,7803.84,911.8,5,5,3,4,534,Potential Loyalists
C005324,2025-11-10,3.0,3062.46,93.72,51,3,3,3,333,Need Attention
C005325,2025-12-01,2.0,3420.18,964.51,30,4,3,3,433,Potential Loyalists
C005326,2025-07-22,5.0,19154.13,3599.13,162,3,4,5,345,Loyal Customers
C005327,,0.0,0.0,0.0,1504,1,1,1,111,Hibernating
C005328,2025-12-22,14.0,39547.47,13187.54,9,5,5,5,555,Champions
C005329,2025-11-09,9.0,18515.56,3649.42,52,3,5,5,355,Loyal Customers
C005330,2025-10-25,4.0,7699.93,2083.9,67,3,4,4,344,Loyal Customers
C005331,2025-06-17,2.0,12672.04,3131.45,197,3,3,4,334,Need Attention
C005332,2025-12-11,1.0,1218.66,64.85,20,4,2,2,422,Potential Loyalists
C005333,2025-03-25,1.0,3202.47,453.33,281,2,2,3,223,At Risk
C005334,2025-12-08,7.0,14696.630000000001,2522.88,23,4,5,4,454,Champions
C005335,2025-09-06,9.0,33153.51,3551.68,116,3,5,5,355,Loyal Customers
C005336,,0.0,0.0,0.0,1285,1,1,1,111,Hibernating
C005337,2025-11-16,6.0,12055.869999999999,1410.43,45,3,4,4,344,Loyal Customers
C005338,,0.0,0.0,0.0,1384,1,1,1,111,Hibernating
C005339,2025-02-07,1.0,1029.6,431.41,327,2,2,2,222,At Risk
C005340,2025-11-22,6.0,16168.630000000001,3333.96,39,4,4,4,444,Champions
C005341,2025-12-03,7.0,11860.55,1374.6399999999999,28,4,5,4,454,Champions
C005342,2025-12-14,5.0,6355.75,576.2,17,4,4,3,443,Loyal Customers
C005343,2025-12-07,13.0,57551.21,15418.2,24,4,5,5,455,Champions
C005344,2025-12-16,19.0,50191.6,13859.5,15,5,5,5,555,Champions
C005345,2025-09-06,1.0,1630.28,169.99,116,3,2,2,322,Promising
C005346,2025-11-13,7.0,24420.97,6328.6900000000005,48,3,5,5,355,Loyal Customers
C005347,2025-12-15,6.0,21194.44,2574.13,16,4,4,5,445,Champions
C005348,,0.0,0.0,0.0,652,2,1,1,211,Hibernating
C005349,2025-12-05,6.0,19071.899999999998,3754.22,26,4,4,5,445,Champions
C005350,2025-06-26,4.0,9873.03,2242.0,188,3,4,4,344,Loyal Customers
C005351,2025-07-26,5.0,16075.07,5304.95,158,3,4,4,344,Loyal Customers
C005352,,0.0,0.0,0.0,990,2,1,1,211,Hibernating
C005353,,0.0,0.0,0.0,1565,1,1,1,111,Hibernating
C005354,2025-09-25,6.0,20795.02,5260.05,97,3,4,5,345,Loyal Customers
C005355,2025-02-14,1.0,1678.05,571.72,320,2,2,2,222,At Risk
C005356,2025-07-11,5.0,14780.14,1627.35,173,3,4,4,344,Loyal Customers
C005357,2025-11-15,4.0,2044.94,32.959999999999994,46,3,4,2,342,Loyal Customers
C005358,2025-11-12,3.0,15972.880000000001,3061.44,49,3,3,4,334,Need Attention
C005359,2025-12-09,7.0,16446.62,2146.72,22,4,5,5,455,Champions
C005360,,0.0,0.0,0.0,1649,1,1,1,111,Hibernating
C005361,2025-11-24,6.0,7101.639999999999,684.58,37,4,4,3,443,Loyal Customers
C005362,2025-11-14,2.0,6636.42,1523.3000000000002,47,3,3,3,333,Need Attention
C005363,2025-12-23,1.0,909.82,46.03,8,5,2,2,522,Potential Loyalists
C005364,2025-12-23,19.0,43127.29,9079.53,8,5,5,5,555,Champions
C005365,2025-12-22,1.0,2713.03,-25.38,9,5,2,3,523,Potential Loyalists
C005366,2025-12-23,20.0,70709.26,14141.92,8,5,5,5,555,Champions
C005367,2025-12-15,7.0,19653.03,3582.68,16,4,5,5,455,Champions
C005368,,0.0,0.0,0.0,1528,1,1,1,111,Hibernating
C005369,2025-11-21,5.0,7169.469999999999,1125.72,40,4,4,3,443,Loyal Customers
C005370,2025-06-11,4.0,8733.630000000001,1123.27,203,2,4,4,244,Need Attention
C005371,2025-08-18,1.0,6216.93,1874.67,135,3,2,3,323,Promising
C005372,2025-04-19,2.0,7825.139999999999,1345.8899999999999,256,2,3,4,234,Need Attention
C005373,2025-12-18,11.0,20640.48,3869.12,13,5,5,5,555,Champions
C005374,,0.0,0.0,0.0,1509,1,1,1,111,Hibernating
C005375,2025-12-11,8.0,13764.449999999999,2002.4399999999998,20,4,5,4,454,Champions
C005376,2025-05-09,4.0,17122.46,5887.1900000000005,236,2,4,5,245,Need Attention
C005377,2025-10-18,2.0,8645.66,1657.07,74,3,3,4,334,Need Attention
C005378,,0.0,0.0,0.0,1516,1,1,1,111,Hibernating
C005379,2025-08-12,3.0,11145.64,2413.3500000000004,141,3,3,4,334,Need Attention
C005380,2025-12-21,8.0,14865.52,3624.04,10,5,5,4,554,Champions
C005381,,0.0,0.0,0.0,1052,2,1,1,211,Hibernating
C005382,,0.0,0.0,0.0,1327,1,1,1,111,Hibernating
C005383,2025-12-23,7.0,30575.600000000002,6649.280000000001,8,5,5,5,555,Champions
C005384,2025-12-13,7.0,10880.81,1320.38,18,4,5,4,454,Champions
C005385,2025-12-15,5.0,10363.72,1690.63,16,4,4,4,444,Champions
C005386,2025-06-27,6.0,12383.99,3259.66,187,3,4,4,344,Loyal Customers
C005387,,0.0,0.0,0.0,1561,1,1,1,111,Hibernating
C005388,2025-12-08,1.0,1376.33,58.14,23,4,2,2,422,Potential Loyalists
C005389,,0.0,0.0,0.0,1246,1,1,1,111,Hibernating
C005390,2025-12-13,16.0,44169.53,11405.93,18,4,5,5,455,Champions
C005391,,0.0,0.0,0.0,888,2,1,1,211,Hibernating
C005392,2025-10-07,2.0,7108.58,2107.6,85,3,3,3,333,Need Attention
C005393,2025-12-16,10.0,24958.41,4345.53,15,5,5,5,555,Champions
C005394,2025-10-12,2.0,2291.75,804.41,80,3,3,3,333,Need Attention
C005395,2025-11-09,4.0,13992.16,2459.63,52,3,4,4,344,Loyal Customers
C005396,,0.0,0.0,0.0,1529,1,1,1,111,Hibernating
C005397,,0.0,0.0,0.0,1550,1,1,1,111,Hibernating
C005398,2025-11-25,7.0,15767.54,4201.94,36,4,5,4,454,Champions
C005399,2025-11-11,5.0,18976.2,4086.52,50,3,4,5,345,Loyal Customers
C005400,2025-12-26,8.0,28320.76,5630.65,5,5,5,5,555,Champions
C005401,,0.0,0.0,0.0,1594,1,1,1,111,Hibernating
C005402,2025-11-23,2.0,5861.02,751.4,38,4,3,3,433,Potential Loyalists
C005403,2025-11-27,5.0,6608.460000000001,637.1800000000001,34,4,4,3,443,Loyal Customers
C005404,,0.0,0.0,0.0,1123,1,1,1,111,Hibernating
C005405,2025-12-24,15.0,51923.58,12346.43,7,5,5,5,555,Champions
C005406,2025-12-07,13.0,34495.59,8514.69,24,4,5,5,455,Champions
C005407,2025-12-08,3.0,4609.89,1440.83,23,4,3,3,433,Potential Loyalists
C005408,2025-12-23,12.0,39984.83,7681.8,8,5,5,5,555,Champions
C005409,2025-04-10,1.0,4186.7,-76.25,265,2,2,3,223,At Risk
C005410,2025-12-20,4.0,10286.66,1697.17,11,5,4,4,544,Champions
C005411,2025-12-11,4.0,7629.33,453.91999999999996,20,4,4,4,444,Champions
C005412,2025-05-01,3.0,6755.09,2075.66,244,2,3,3,233,Need Attention
C005413,2025-12-14,11.0,30648.16,8130.65,17,4,5,5,455,Champions
C005414,2025-12-14,9.0,25543.43,7087.82,17,4,5,5,455,Champions
C005415,2025-11-11,1.0,948.37,-35.34,50,3,2,2,322,Promising
C005416,2025-12-22,4.0,11044.18,3235.1099999999997,9,5,4,4,544,Champions
C005417,2025-11-20,21.0,66528.11,10956.38,41,4,5,5,455,Champions
C005418,,0.0,0.0,0.0,403,2,1,1,211,Hibernating
C005419,2025-11-07,3.0,6248.75,949.68,54,3,3,3,333,Need Attention
C005420,2025-10-21,6.0,13378.449999999999,2550.92,71,3,4,4,344,Loyal Customers
C005421,,0.0,0.0,0.0,1117,1,1,1,111,Hibernating
C005422,2025-10-19,5.0,12157.9,1887.33,73,3,4,4,344,Loyal Customers
C005423,2025-02-13,3.0,6191.66,992.19,321,2,3,3,233,Need Attention
C005424,2025-11-26,6.0,14977.990000000002,1933.25,35,4,4,4,444,Champions
C005425,2025-12-04,1.0,7906.94,653.96,27,4,2,4,424,Potential Loyalists
C005426,,0.0,0.0,0.0,1053,2,1,1,211,Hibernating
C005427,2025-09-26,5.0,11578.75,170.25,96,3,4,4,344,Loyal Customers
C005428,2025-12-18,4.0,10307.9,1060.79,13,5,4,4,544,Champions
C005429,,0.0,0.0,0.0,1753,1,1,1,111,Hibernating
C005430,2025-12-23,5.0,12615.73,919.3299999999999,8,5,4,4,544,Champions
C005431,2025-12-20,11.0,32453.83,6125.21,11,5,5,5,555,Champions
C005432,2025-11-01,1.0,1173.54,279.55,60,3,2,2,322,Promising
C005433,2025-12-25,4.0,7995.17,1054.94,6,5,4,4,544,Champions
C005434,,0.0,0.0,0.0,1700,1,1,1,111,Hibernating
C005435,,0.0,0.0,0.0,986,2,1,1,211,Hibernating
C005436,,0.0,0.0,0.0,1333,1,1,1,111,Hibernating
C005437,2025-12-09,9.0,24586.72,2943.24,22,4,5,5,455,Champions
C005438,2025-12-17,2.0,7299.59,1309.22,14,5,3,3,533,Potential Loyalists
C005439,2025-12-14,8.0,20963.72,4847.55,17,4,5,5,455,Champions
C005440,,0.0,0.0,0.0,1364,1,1,1,111,Hibernating
C005441,2025-12-12,4.0,17841.54,2864.33,19,4,4,5,445,Champions
C005442,,0.0,0.0,0.0,587,2,1,1,211,Hibernating
C005443,,0.0,0.0,0.0,1735,1,1,1,111,Hibernating
C005444,2025-11-26,4.0,6056.01,1778.23,35,4,4,3,443,Loyal Customers
C005445,,0.0,0.0,0.0,1634,1,1,1,111,Hibernating
C005446,2025-11-22,2.0,3622.15,538.24,39,4,3,3,433,Potential Loyalists
C005447,2025-12-27,3.0,5683.61,87.14000000000001,4,5,3,3,533,Potential Loyalists
C005448,2025-03-09,1.0,2117.42,521.31,297,2,2,3,223,At Risk
C005449,2025-03-17,1.0,3079.84,386.74,289,2,2,3,223,At Risk
C005450,2025-12-26,10.0,27723.38,3990.4900000000002,5,5,5,5,555,Champions
C005451,,0.0,0.0,0.0,1602,1,1,1,111,Hibernating
C005452,2025-12-11,1.0,430.15,28.6,20,4,2,2,422,Potential Loyalists
C005453,2025-06-13,6.0,7423.629999999999,1446.8100000000002,201,3,4,3,343,Loyal Customers
C005454,2025-12-14,9.0,29571.12,5553.75,17,4,5,5,455,Champions
C005455,2025-11-11,2.0,4703.18,419.53,50,3,3,3,333,Need Attention
C005456,2025-12-27,9.0,19455.31,4806.17,4,5,5,5,555,Champions
C005457,2025-12-27,7.0,5270.77,1320.43,4,5,5,3,553,Loyal Customers
C005458,,0.0,0.0,0.0,1060,2,1,1,211,Hibernating
C005459,2025-10-23,1.0,5436.84,2036.61,69,3,2,3,323,Promising
C005460,2025-05-22,2.0,6758.92,1679.67,223,2,3,3,233,Need Attention
C005461,2025-11-26,14.0,32131.96,8411.2,35,4,5,5,455,Champions
C005462,2025-12-23,7.0,12291.41,3324.12,8,5,5,4,554,Champions
C005463,2025-12-12,6.0,15500.8,2383.07,19,4,4,4,444,Champions
C005464,2025-10-05,1.0,4752.31,631.67,87,3,2,3,323,Promising
C005465,,0.0,0.0,0.0,376,2,1,1,211,Hibernating
C005466,,0.0,0.0,0.0,1443,1,1,1,111,Hibernating
C005467,,0.0,0.0,0.0,1181,1,1,1,111,Hibernating
C005468,2025-12-10,3.0,4979.58,1035.23,21,4,3,3,433,Potential Loyalists
C005469,2025-08-27,6.0,19542.73,5354.57,126,3,4,5,345,Loyal Customers
C005470,2025-12-17,4.0,9365.9,1451.31,14,5,4,4,544,Champions
C005471,2025-08-02,7.0,18021.35,4205.72,151,3,5,5,355,Loyal Customers
C005472,2025-12-25,4.0,7242.1,1614.68,6,5,4,3,543,Loyal Customers
C005473,2025-12-18,18.0,54377.86,13427.7,13,5,5,5,555,Champions
C005474,2025-12-21,8.0,18289.43,2194.3599999999997,10,5,5,5,555,Champions
C005475,2025-12-06,14.0,48195.35,12492.98,25,4,5,5,455,Champions
C005476,2025-12-12,3.0,9508.67,2114.73,19,4,3,4,434,Potential Loyalists
C005477,2025-08-23,4.0,5196.93,1317.35,130,3,4,3,343,Loyal Customers
C005478,2025-12-19,13.0,50746.76,13002.71,12,5,5,5,555,Champions
C005479,2025-10-17,4.0,15964.810000000001,2935.3,75,3,4,4,344,Loyal Customers
C005480,2025-12-15,2.0,5947.84,296.85,16,4,3,3,433,Potential Loyalists
C005481,,0.0,0.0,0.0,419,2,1,1,211,Hibernating
C005482,,0.0,0.0,0.0,841,2,1,1,211,Hibernating
C005483,,0.0,0.0,0.0,1197,1,1,1,111,Hibernating
C005484,2025-01-16,1.0,849.89,62.73,349,2,2,2,222,At Risk
C005485,,0.0,0.0,0.0,1131,1,1,1,111,Hibernating
C005486,2025-12-06,7.0,24587.87,4520.78,25,4,5,5,455,Champions
C005487,2025-12-10,5.0,8322.99,2030.31,21,4,4,4,444,Champions
C005488,2025-12-24,10.0,26841.7,5736.11,7,5,5,5,555,Champions
C005489,2025-01-25,1.0,3614.38,164.2,340,2,2,3,223,At Risk
C005490,,0.0,0.0,0.0,1122,1,1,1,111,Hibernating
C005491,,0.0,0.0,0.0,727,2,1,1,211,Hibernating
C005492,2025-11-21,2.0,4517.52,998.78,40,4,3,3,433,Potential Loyalists
C005493,,0.0,0.0,0.0,1073,2,1,1,211,Hibernating
C005494,2025-12-20,1.0,1524.73,382.15,11,5,2,2,522,Potential Loyalists
C005495,2025-10-23,7.0,26801.89,6344.8,69,3,5,5,355,Loyal Customers
C005496,2025-11-25,2.0,2712.48,194.09,36,4,3,3,433,Potential Loyalists
C005497,2025-12-07,19.0,40461.93,9169.18,24,4,5,5,455,Champions
C005498,2025-06-18,1.0,376.27,86.29,196,3,2,2,322,Promising
C005499,2025-12-15,4.0,4705.07,683.81,16,4,4,3,443,Loyal Customers
C005500,,0.0,0.0,0.0,1296,1,1,1,111,Hibernating
C005501,2025-12-10,6.0,7928.4,1874.55,21,4,4,4,444,Champions
C005502,2025-11-02,4.0,4537.599999999999,619.27,59,3,4,3,343,Loyal Customers
C005503,2025-11-19,4.0,6072.88,553.25,42,4,4,3,443,Loyal Customers
C005504,2025-12-20,5.0,7532.63,1602.16,11,5,4,4,544,Champions
C005505,2025-04-20,2.0,1902.7,628.5200000000001,255,2,3,2,232,Need Attention
C005506,2025-12-18,13.0,35576.83,8491.99,13,5,5,5,555,Champions
C005507,2025-12-13,11.0,24005.510000000002,3822.02,18,4,5,5,455,Champions
C005508,,0.0,0.0,0.0,1519,1,1,1,111,Hibernating
C005509,2025-01-26,1.0,8702.6,1319.28,339,2,2,4,224,At Risk
C005510,2025-12-25,17.0,44976.79,11923.880000000001,6,5,5,5,555,Champions
C005511,2025-12-23,4.0,4293.46,838.64,8,5,4,3,543,Loyal Customers
C005512,2025-12-16,8.0,19058.98,5697.52,15,5,5,5,555,Champions
C005513,,0.0,0.0,0.0,1303,1,1,1,111,Hibernating
C005514,2025-05-15,5.0,6808.9400000000005,848.52,230,2,4,3,243,Need Attention
C005515,2025-05-22,4.0,11145.51,1466.07,223,2,4,4,244,Need Attention
C005516,2025-09-23,3.0,12798.17,2904.13,99,3,3,4,334,Need Attention
C005517,,0.0,0.0,0.0,453,2,1,1,211,Hibernating
C005518,2025-12-05,4.0,10750.539999999999,2042.1,26,4,4,4,444,Champions
C005519,2025-12-23,8.0,17657.77,3972.07,8,5,5,5,555,Champions
C005520,,0.0,0.0,0.0,740,2,1,1,211,Hibernating
C005521,2025-12-24,11.0,20454.32,3084.65,7,5,5,5,555,Champions
C005522,2025-11-13,20.0,58999.32,14668.66,48,3,5,5,355,Loyal Customers
C005523,,0.0,0.0,0.0,438,2,1,1,211,Hibernating
C005524,2025-12-22,12.0,34367.16,6042.32,9,5,5,5,555,Champions
C005525,2025-12-21,9.0,16559.28,3493.1,10,5,5,5,555,Champions
C005526,,0.0,0.0,0.0,1428,1,1,1,111,Hibernating
C005527,2025-12-17,3.0,4167.58,992.0200000000001,14,5,3,3,533,Potential Loyalists
C005528,2025-12-26,2.0,4749.1,1074.72,5,5,3,3,533,Potential Loyalists
C005529,,0.0,0.0,0.0,704,2,1,1,211,Hibernating
C005530,2025-12-23,4.0,9964.359999999999,2071.96,8,5,4,4,544,Champions
C005531,2025-12-11,15.0,30177.11,4904.64,20,4,5,5,455,Champions
C005532,,0.0,0.0,0.0,1721,1,1,1,111,Hibernating
C005533,,0.0,0.0,0.0,1516,1,1,1,111,Hibernating
C005534,2025-04-02,1.0,2001.98,384.59,273,2,2,2,222,At Risk
C005535,,0.0,0.0,0.0,1725,1,1,1,111,Hibernating
C005536,2025-11-18,3.0,11465.4,2796.66,43,3,3,4,334,Need Attention
C005537,,0.0,0.0,0.0,1785,1,1,1,111,Hibernating
C005538,,0.0,0.0,0.0,1491,1,1,1,111,Hibernating
C005539,,0.0,0.0,0.0,901,2,1,1,211,Hibernating
C005540,2025-11-18,4.0,14899.57,2711.89,43,3,4,4,344,Loyal Customers
C005541,2025-12-25,5.0,8310.9,995.28,6,5,4,4,544,Champions
C005542,2025-10-25,1.0,2996.0,984.69,67,3,2,3,323,Promising
C005543,2025-11-19,2.0,1378.53,102.88000000000001,42,4,3,2,432,Potential Loyalists
C005544,2025-12-21,6.0,12742.009999999998,1810.93,10,5,4,4,544,Champions
C005545,,0.0,0.0,0.0,1095,2,1,1,211,Hibernating
C005546,2025-12-27,5.0,14228.82,4549.15,4,5,4,4,544,Champions
C005547,,0.0,0.0,0.0,539,2,1,1,211,Hibernating
C005548,2025-03-16,4.0,3544.05,475.58,290,2,4,3,243,Need Attention
C005549,2025-12-16,5.0,17436.11,2521.07,15,5,4,5,545,Champions
C005550,,0.0,0.0,0.0,523,2,1,1,211,Hibernating
C005551,2025-12-12,7.0,16534.71,4162.57,19,4,5,5,455,Champions
C005552,2025-11-04,4.0,12000.54,2443.02,57,3,4,4,344,Loyal Customers
C005553,,0.0,0.0,0.0,465,2,1,1,211,Hibernating
C005554,2025-03-10,3.0,5527.52,1469.28,296,2,3,3,233,Need Attention
C005555,2025-06-14,4.0,17970.64,3539.94,200,3,4,5,345,Loyal Customers
C005556,2025-11-26,16.0,44817.41,10929.78,35,4,5,5,455,Champions
C005557,,0.0,0.0,0.0,1477,1,1,1,111,Hibernating
C005558,,0.0,0.0,0.0,1105,2,1,1,211,Hibernating
C005559,,0.0,0.0,0.0,1268,1,1,1,111,Hibernating
C005560,,0.0,0.0,0.0,1333,1,1,1,111,Hibernating
C005561,2025-11-26,7.0,9993.76,2682.06,35,4,5,4,454,Champions
C005562,,0.0,0.0,0.0,990,2,1,1,211,Hibernating
C005563,2025-12-22,7.0,24897.329999999998,6769.92,9,5,5,5,555,Champions
C005564,,0.0,0.0,0.0,735,2,1,1,211,Hibernating
C005565,2025-12-26,1.0,7056.48,190.24,5,5,2,3,523,Potential Loyalists
C005566,2025-12-23,17.0,61294.51,16833.2,8,5,5,5,555,Champions
C005567,,0.0,0.0,0.0,1044,2,1,1,211,Hibernating
C005568,2025-12-20,5.0,11447.67,3483.3999999999996,11,5,4,4,544,Champions
C005569,,0.0,0.0,0.0,1265,1,1,1,111,Hibernating
C005570,,0.0,0.0,0.0,963,2,1,1,211,Hibernating
C005571,2025-03-09,2.0,4830.87,1499.32,297,2,3,3,233,Need Attention
C005572,2025-09-15,5.0,18574.81,3962.29,107,3,4,5,345,Loyal Customers
C005573,2025-12-17,9.0,49165.229999999996,9509.28,14,5,5,5,555,Champions
C005574,2025-12-27,16.0,39620.4,9461.619999999999,4,5,5,5,555,Champions
C005575,2025-12-08,7.0,17395.53,4024.0299999999997,23,4,5,5,455,Champions
C005576,,0.0,0.0,0.0,833,2,1,1,211,Hibernating
C005577,2025-04-14,2.0,5561.34,1682.73,261,2,3,3,233,Need Attention
C005578,,0.0,0.0,0.0,375,2,1,1,211,Hibernating
C005579,2025-12-22,11.0,28085.780000000002,7106.26,9,5,5,5,555,Champions
C005580,,0.0,0.0,0.0,970,2,1,1,211,Hibernating
C005581,2025-09-13,4.0,7977.219999999999,1673.1599999999999,109,3,4,4,344,Loyal Customers
C005582,,0.0,0.0,0.0,1633,1,1,1,111,Hibernating
C005583,2025-11-08,4.0,8344.64,3107.2200000000003,53,3,4,4,344,Loyal Customers
C005584,2025-05-17,2.0,4009.87,1236.28,228,2,3,3,233,Need Attention
C005585,2025-12-27,3.0,4479.7,733.48,4,5,3,3,533,Potential Loyalists
C005586,2025-12-21,15.0,35402.83,9304.22,10,5,5,5,555,Champions
C005587,2025-12-03,5.0,10206.23,2286.2,28,4,4,4,444,Champions
C005588,2025-12-23,4.0,8481.62,1213.3799999999999,8,5,4,4,544,Champions
C005589,,0.0,0.0,0.0,1718,1,1,1,111,Hibernating
C005590,2025-11-17,6.0,14384.4,3030.47,44,3,4,4,344,Loyal Customers
C005591,,0.0,0.0,0.0,1234,1,1,1,111,Hibernating
C005592,2025-09-09,2.0,1301.54,396.88,113,3,3,2,332,Need Attention
C005593,2025-07-19,1.0,1879.12,879.74,165,3,2,2,322,Promising
C005594,2025-12-10,11.0,24082.09,6659.62,21,4,5,5,455,Champions
C005595,,0.0,0.0,0.0,835,2,1,1,211,Hibernating
C005596,2025-12-25,9.0,11366.5,1256.38,6,5,5,4,554,Champions
C005597,2025-12-20,7.0,8202.44,1638.02,11,5,5,4,554,Champions
C005598,,0.0,0.0,0.0,861,2,1,1,211,Hibernating
C005599,,0.0,0.0,0.0,1425,1,1,1,111,Hibernating
C005600,2025-12-15,9.0,30281.88,7248.599999999999,16,4,5,5,455,Champions
C005601,2025-09-12,4.0,14108.6,2057.0699999999997,110,3,4,4,344,Loyal Customers
C005602,2025-12-05,9.0,20616.0,5890.91,26,4,5,5,455,Champions
C005603,2025-11-23,6.0,22326.09,2899.1000000000004,38,4,4,5,445,Champions
C005604,2025-12-07,4.0,4793.49,93.38000000000001,24,4,4,3,443,Loyal Customers
C005605,2025-12-23,9.0,24696.07,4565.34,8,5,5,5,555,Champions
C005606,2025-01-06,1.0,1583.83,552.21,359,2,2,2,222,At Risk
C005607,2025-05-14,3.0,4326.79,447.03999999999996,231,2,3,3,233,Need Attention
C005608,2025-06-27,3.0,7008.09,1846.69,187,3,3,3,333,Need Attention
C005609,,0.0,0.0,0.0,1633,1,1,1,111,Hibernating
C005610,,0.0,0.0,0.0,1274,1,1,1,111,Hibernating
C005611,2025-12-27,15.0,45915.51,9615.19,4,5,5,5,555,Champions
C005612,2025-12-10,5.0,10603.87,1748.73,21,4,4,4,444,Champions
C005613,2025-10-20,1.0,3840.0,800.58,72,3,2,3,323,Promising
C005614,2025-12-27,4.0,10508.75,1298.5600000000002,4,5,4,4,544,Champions
C005615,,0.0,0.0,0.0,1089,2,1,1,211,Hibernating
C005616,2025-06-19,2.0,3564.7700000000004,506.04999999999995,195,3,3,3,333,Need Attention
C005617,2025-12-22,12.0,35623.01,7308.66,9,5,5,5,555,Champions
C005618,2025-05-21,5.0,18558.239999999998,4950.42,224,2,4,5,245,Need Attention
C005619,2025-12-14,7.0,13834.85,3785.63,17,4,5,4,454,Champions
C005620,2025-11-09,4.0,4742.21,1580.3200000000002,52,3,4,3,343,Loyal Customers
C005621,2025-12-23,5.0,15210.34,3049.29,8,5,4,4,544,Champions
C005622,2025-06-26,1.0,1286.29,81.53,188,3,2,2,322,Promising
C005623,2025-03-12,3.0,9698.05,1239.52,294,2,3,4,234,Need Attention
C005624,,0.0,0.0,0.0,1688,1,1,1,111,Hibernating
C005625,2025-09-01,5.0,15138.1,2357.92,121,3,4,4,344,Loyal Customers
C005626,2025-12-25,12.0,46108.85,11598.41,6,5,5,5,555,Champions
C005627,,0.0,0.0,0.0,1643,1,1,1,111,Hibernating
C005628,2025-01-18,1.0,5668.51,1671.31,347,2,2,3,223,At Risk
C005629,,0.0,0.0,0.0,1559,1,1,1,111,Hibernating
C005630,2025-11-25,3.0,6247.67,1148.13,36,4,3,3,433,Potential Loyalists
C005631,2025-08-27,3.0,5866.96,1208.64,126,3,3,3,333,Need Attention
C005632,,0.0,0.0,0.0,1393,1,1,1,111,Hibernating
C005633,2025-07-14,2.0,2073.26,257.43,170,3,3,2,332,Need Attention
C005634,,0.0,0.0,0.0,1328,1,1,1,111,Hibernating
C005635,2025-08-15,1.0,874.63,227.96,138,3,2,2,322,Promising
C005636,,0.0,0.0,0.0,389,2,1,1,211,Hibernating
C005637,,0.0,0.0,0.0,1446,1,1,1,111,Hibernating
C005638,2025-12-13,13.0,34031.17,6772.61,18,4,5,5,455,Champions
C005639,2025-12-04,7.0,18644.74,3075.79,27,4,5,5,455,Champions
C005640,,0.0,0.0,0.0,1441,1,1,1,111,Hibernating
C005641,2025-04-15,2.0,7934.05,1009.24,260,2,3,4,234,Need Attention
C005642,2025-12-26,4.0,6662.889999999999,-67.45999999999998,5,5,4,3,543,Loyal Customers
C005643,2025-11-08,1.0,317.36,27.38,53,3,2,2,322,Promising
C005644,2025-12-27,9.0,22080.6,4910.25,4,5,5,5,555,Champions
C005645,2025-12-22,14.0,33791.63,9833.98,9,5,5,5,555,Champions
C005646,2025-01-26,1.0,7123.57,2412.56,339,2,2,3,223,At Risk
C005647,,0.0,0.0,0.0,1680,1,1,1,111,Hibernating
C005648,2025-12-15,1.0,1797.16,350.32,16,4,2,2,422,Potential Loyalists
C005649,,0.0,0.0,0.0,464,2,1,1,211,Hibernating
C005650,2025-11-27,4.0,4193.77,982.5,34,4,4,3,443,Loyal Customers
C005651,2025-12-18,4.0,5583.58,1327.44,13,5,4,3,543,Loyal Customers
C005652,2025-09-04,1.0,4955.56,1571.3,118,3,2,3,323,Promising
C005653,,0.0,0.0,0.0,1644,1,1,1,111,Hibernating
C005654,2025-07-10,3.0,8600.31,1903.17,174,3,3,4,334,Need Attention
C005655,2025-11-02,8.0,24668.42,5239.820000000001,59,3,5,5,355,Loyal Customers
C005656,2025-12-24,5.0,16882.69,-819.3199999999999,7,5,4,5,545,Champions
C005657,,0.0,0.0,0.0,786,2,1,1,211,Hibernating
C005658,2025-05-03,1.0,882.16,18.37,242,2,2,2,222,At Risk
C005659,,0.0,0.0,0.0,1143,1,1,1,111,Hibernating
C005660,2025-12-14,15.0,45637.29,10715.960000000001,17,4,5,5,455,Champions
C005661,,0.0,0.0,0.0,897,2,1,1,211,Hibernating
C005662,2025-12-24,3.0,5672.5,1270.31,7,5,3,3,533,Potential Loyalists
C005663,2025-06-13,1.0,2565.62,-161.79,201,3,2,3,323,Promising
C005664,2025-04-13,4.0,9535.27,3113.99,262,2,4,4,244,Need Attention
C005665,2025-12-02,5.0,8333.81,2374.83,29,4,4,4,444,Champions
C005666,,0.0,0.0,0.0,384,2,1,1,211,Hibernating
C005667,2025-11-15,7.0,24573.89,4074.77,46,3,5,5,355,Loyal Customers
C005668,,0.0,0.0,0.0,1330,1,1,1,111,Hibernating
C005669,2025-12-27,4.0,7947.47,2510.16,4,5,4,4,544,Champions
C005670,,0.0,0.0,0.0,1378,1,1,1,111,Hibernating
C005671,2025-11-06,12.0,25310.73,5548.9,55,3,5,5,355,Loyal Customers
C005672,2025-09-25,1.0,1170.17,215.27,97,3,2,2,322,Promising
C005673,2025-11-18,5.0,11161.48,1463.9099999999999,43,3,4,4,344,Loyal Customers
C005674,2025-12-10,12.0,22610.41,5703.5,21,4,5,5,455,Champions
C005675,,0.0,0.0,0.0,406,2,1,1,211,Hibernating
C005676,,0.0,0.0,0.0,387,2,1,1,211,Hibernating
C005677,2025-05-23,2.0,5965.1900000000005,1342.44,222,2,3,3,233,Need Attention
C005678,2025-10-26,1.0,459.15,150.01,66,3,2,2,322,Promising
C005679,2025-09-01,2.0,4852.68,1227.02,121,3,3,3,333,Need Attention
C005680,2025-10-06,1.0,866.4,274.41,86,3,2,2,322,Promising
C005681,2025-12-25,7.0,27624.54,7667.04,6,5,5,5,555,Champions
C005682,2025-12-20,2.0,3739.94,335.58000000000004,11,5,3,3,533,Potential Loyalists
C005683,2025-12-08,1.0,1430.22,-23.02,23,4,2,2,422,Potential Loyalists
C005684,,0.0,0.0,0.0,1496,1,1,1,111,Hibernating
C005685,2025-12-21,7.0,9127.39,2545.33,10,5,5,4,554,Champions
C005686,2025-11-20,4.0,8644.23,1454.63,41,4,4,4,444,Champions
C005687,,0.0,0.0,0.0,691,2,1,1,211,Hibernating
C005688,,0.0,0.0,0.0,418,2,1,1,211,Hibernating
C005689,2025-06-06,4.0,14558.470000000001,4579.17,208,2,4,4,244,Need Attention
C005690,,0.0,0.0,0.0,1443,1,1,1,111,Hibernating
C005691,,0.0,0.0,0.0,1199,1,1,1,111,Hibernating
C005692,,0.0,0.0,0.0,1487,1,1,1,111,Hibernating
C005693,,0.0,0.0,0.0,1603,1,1,1,111,Hibernating
C005694,,0.0,0.0,0.0,1560,1,1,1,111,Hibernating
C005695,,0.0,0.0,0.0,1324,1,1,1,111,Hibernating
C005696,,0.0,0.0,0.0,1120,1,1,1,111,Hibernating
C005697,2025-06-21,6.0,18597.87,3913.7699999999995,193,3,4,5,345,Loyal Customers
C005698,2025-09-12,1.0,3257.93,565.56,110,3,2,3,323,Promising
C005699,2025-12-18,5.0,20215.129999999997,2392.88,13,5,4,5,545,Champions
C005700,2025-05-05,2.0,5197.66,1255.8899999999999,240,2,3,3,233,Need Attention
C005701,2025-11-26,13.0,37759.14,8397.59,35,4,5,5,455,Champions
C005702,,0.0,0.0,0.0,1824,1,1,1,111,Hibernating
C005703,,0.0,0.0,0.0,414,2,1,1,211,Hibernating
C005704,2025-12-05,4.0,4732.03,1460.36,26,4,4,3,443,Loyal Customers
C005705,,0.0,0.0,0.0,1632,1,1,1,111,Hibernating
C005706,2025-12-12,15.0,46290.09,10319.31,19,4,5,5,455,Champions
C005707,2025-12-08,1.0,2281.19,500.05,23,4,2,3,423,Potential Loyalists
C005708,,0.0,0.0,0.0,597,2,1,1,211,Hibernating
C005709,2025-04-12,5.0,14950.35,2372.11,263,2,4,4,244,Need Attention
C005710,,0.0,0.0,0.0,1784,1,1,1,111,Hibernating
C005711,2025-01-17,1.0,3777.87,480.6,348,2,2,3,223,At Risk
C005712,2025-10-24,7.0,12153.3,1331.72,68,3,5,4,354,Loyal Customers
C005713,2025-06-23,2.0,7012.05,1996.9,191,3,3,3,333,Need Attention
C005714,2025-01-25,2.0,7950.0,1383.6599999999999,340,2,3,4,234,Need Attention
C005715,2025-12-17,5.0,8237.71,2838.9399999999996,14,5,4,4,544,Champions
C005716,2025-10-27,3.0,5353.2300000000005,1316.95,65,3,3,3,333,Need Attention
C005717,2025-04-18,3.0,5933.03,1803.78,257,2,3,3,233,Need Attention
C005718,,0.0,0.0,0.0,1654,1,1,1,111,Hibernating
C005719,2025-11-16,9.0,17255.94,5202.04,45,3,5,5,355,Loyal Customers
C005720,,0.0,0.0,0.0,1437,1,1,1,111,Hibernating
C005721,2025-12-19,16.0,51140.3,13289.09,12,5,5,5,555,Champions
C005722,,0.0,0.0,0.0,377,2,1,1,211,Hibernating
C005723,2025-01-07,1.0,1117.13,57.2,358,2,2,2,222,At Risk
C005724,2025-12-21,17.0,46561.9,9611.27,10,5,5,5,555,Champions
C005725,2025-06-06,1.0,1044.61,267.01,208,2,2,2,222,At Risk
C005726,,0.0,0.0,0.0,1421,1,1,1,111,Hibernating
C005727,2025-06-17,2.0,9623.099999999999,3571.92,197,3,3,4,334,Need Attention
C005728,2025-09-17,2.0,3219.29,337.97,105,3,3,3,333,Need Attention
C005729,,0.0,0.0,0.0,1703,1,1,1,111,Hibernating
C005730,2025-12-06,6.0,18007.489999999998,3103.57,25,4,4,5,445,Champions
C005731,2025-12-05,7.0,13023.1,1936.5800000000002,26,4,5,4,454,Champions
C005732,2025-11-14,4.0,10772.5,2321.0099999999998,47,3,4,4,344,Loyal Customers
C005733,2025-12-26,10.0,32214.14,5962.04,5,5,5,5,555,Champions
C005734,2025-01-20,2.0,7417.0,1254.34,345,2,3,3,233,Need Attention
C005735,2025-12-01,1.0,1269.33,29.33,30,4,2,2,422,Potential Loyalists
C005736,2025-12-20,17.0,43820.26,9399.3,11,5,5,5,555,Champions
C005737,2025-12-18,11.0,33211.409999999996,6546.97,13,5,5,5,555,Champions
C005738,2025-12-15,15.0,33026.19,7425.8099999999995,16,4,5,5,455,Champions
C005739,2025-10-23,6.0,13009.06,1859.8899999999999,69,3,4,4,344,Loyal Customers
C005740,2025-12-17,15.0,32638.75,5870.85,14,5,5,5,555,Champions
C005741,2025-11-24,11.0,56125.409999999996,15839.46,37,4,5,5,455,Champions
C005742,2025-12-14,6.0,21353.12,3386.4900000000002,17,4,4,5,445,Champions
C005743,2025-05-04,1.0,559.92,-85.84,241,2,2,2,222,At Risk
C005744,,0.0,0.0,0.0,1258,1,1,1,111,Hibernating
C005745,2025-04-10,5.0,16520.4,4820.07,265,2,4,5,245,Need Attention
C005746,2025-10-25,6.0,12398.21,3614.4,67,3,4,4,344,Loyal Customers
C005747,,0.0,0.0,0.0,384,2,1,1,211,Hibernating
C005748,2025-10-18,4.0,8905.63,1380.27,74,3,4,4,344,Loyal Customers
C005749,2025-07-15,1.0,3566.1,1287.01,169,3,2,3,323,Promising
C005750,2025-12-25,20.0,90335.74,26117.74,6,5,5,5,555,Champions
C005751,2025-12-13,4.0,2803.55,380.69,18,4,4,3,443,Loyal Customers
C005752,2025-12-20,4.0,7928.709999999999,1816.78,11,5,4,4,544,Champions
C005753,2025-12-16,3.0,2650.81,544.23,15,5,3,3,533,Potential Loyalists
C005754,2025-12-18,6.0,6616.2300000000005,1069.07,13,5,4,3,543,Loyal Customers
C005755,,0.0,0.0,0.0,1327,1,1,1,111,Hibernating
C005756,2025-09-19,1.0,974.35,109.54,103,3,2,2,322,Promising
C005757,2025-07-15,5.0,10708.79,1603.16,169,3,4,4,344,Loyal Customers
C005758,2025-04-22,2.0,601.0,-44.76,253,2,3,2,232,Need Attention
C005759,,0.0,0.0,0.0,1072,2,1,1,211,Hibernating
C005760,,0.0,0.0,0.0,923,2,1,1,211,Hibernating
C005761,2025-12-17,8.0,13289.8,1527.51,14,5,5,4,554,Champions
C005762,2025-03-08,1.0,4440.01,1108.75,298,2,2,3,223,At Risk
C005763,2025-12-09,5.0,10452.74,2079.8,22,4,4,4,444,Champions
C005764,2025-04-03,1.0,2231.73,235.19,272,2,2,3,223,At Risk
C005765,2025-12-23,7.0,35008.3,5160.32,8,5,5,5,555,Champions
C005766,,0.0,0.0,0.0,1727,1,1,1,111,Hibernating
C005767,2025-11-20,4.0,5829.17,588.5,41,4,4,3,443,Loyal Customers
C005768,2025-11-19,2.0,2521.9700000000003,427.37,42,4,3,3,433,Potential Loyalists
C005769,,0.0,0.0,0.0,1546,1,1,1,111,Hibernating
C005770,,0.0,0.0,0.0,800,2,1,1,211,Hibernating
C005771,,0.0,0.0,0.0,1228,1,1,1,111,Hibernating
C005772,,0.0,0.0,0.0,1458,1,1,1,111,Hibernating
C005773,,0.0,0.0,0.0,1404,1,1,1,111,Hibernating
C005774,2025-12-07,1.0,1725.24,-118.79,24,4,2,2,422,Potential Loyalists
C005775,,0.0,0.0,0.0,1086,2,1,1,211,Hibernating
C005776,,0.0,0.0,0.0,1551,1,1,1,111,Hibernating
C005777,,0.0,0.0,0.0,1316,1,1,1,111,Hibernating
C005778,2025-11-25,6.0,6828.71,793.78,36,4,4,3,443,Loyal Customers
C005779,2025-12-05,2.0,3037.48,1231.94,26,4,3,3,433,Potential Loyalists
C005780,,0.0,0.0,0.0,388,2,1,1,211,Hibernating
C005781,,0.0,0.0,0.0,1714,1,1,1,111,Hibernating
C005782,,0.0,0.0,0.0,1030,2,1,1,211,Hibernating
C005783,2025-11-01,3.0,14391.130000000001,3218.14,60,3,3,4,334,Need Attention
C005784,,0.0,0.0,0.0,1003,2,1,1,211,Hibernating
C005785,2025-06-24,1.0,4050.43,979.55,190,3,2,3,323,Promising
C005786,2025-10-26,2.0,13964.85,3837.2000000000003,66,3,3,4,334,Need Attention
C005787,2025-11-18,1.0,671.46,73.27,43,3,2,2,322,Promising
C005788,,0.0,0.0,0.0,863,2,1,1,211,Hibernating
C005789,,0.0,0.0,0.0,407,2,1,1,211,Hibernating
C005790,2025-11-16,1.0,3265.18,618.58,45,3,2,3,323,Promising
C005791,2025-12-03,3.0,6861.43,351.05999999999995,28,4,3,3,433,Potential Loyalists
C005792,,0.0,0.0,0.0,1477,1,1,1,111,Hibernating
C005793,2025-10-13,3.0,10512.61,2278.34,79,3,3,4,334,Need Attention
C005794,2025-11-14,4.0,6160.67,1717.44,47,3,4,3,343,Loyal Customers
C005795,2025-06-19,3.0,5540.16,1380.94,195,3,3,3,333,Need Attention
C005796,,0.0,0.0,0.0,501,2,1,1,211,Hibernating
C005797,,0.0,0.0,0.0,1134,1,1,1,111,Hibernating
C005798,2025-08-18,2.0,6245.3099999999995,1251.99,135,3,3,3,333,Need Attention
C005799,,0.0,0.0,0.0,925,2,1,1,211,Hibernating
C005800,2025-11-03,6.0,10509.07,2118.71,58,3,4,4,344,Loyal Customers
C005801,2025-03-03,2.0,3286.72,1158.99,303,2,3,3,233,Need Attention
C005802,,0.0,0.0,0.0,1508,1,1,1,111,Hibernating
C005803,,0.0,0.0,0.0,1757,1,1,1,111,Hibernating
C005804,,0.0,0.0,0.0,1197,1,1,1,111,Hibernating
C005805,,0.0,0.0,0.0,376,2,1,1,211,Hibernating
C005806,2025-05-26,6.0,12942.470000000001,3177.25,219,2,4,4,244,Need Attention
C005807,,0.0,0.0,0.0,1599,1,1,1,111,Hibernating
C005808,,0.0,0.0,0.0,1515,1,1,1,111,Hibernating
C005809,2025-06-18,3.0,5225.26,1379.2199999999998,196,3,3,3,333,Need Attention
C005810,2025-12-23,2.0,7203.03,1907.78,8,5,3,3,533,Potential Loyalists
C005811,,0.0,0.0,0.0,395,2,1,1,211,Hibernating
C005812,2025-12-21,5.0,5442.17,522.6899999999999,10,5,4,3,543,Loyal Customers
C005813,2025-11-22,8.0,16445.53,4039.8,39,4,5,4,454,Champions
C005814,2025-06-21,1.0,548.4,91.75,193,3,2,2,322,Promising
C005815,,0.0,0.0,0.0,868,2,1,1,211,Hibernating
C005816,2025-12-02,3.0,5546.820000000001,2002.95,29,4,3,3,433,Potential Loyalists
C005817,2025-12-16,18.0,33507.86,7602.25,15,5,5,5,555,Champions
C005818,,0.0,0.0,0.0,780,2,1,1,211,Hibernating
C005819,,0.0,0.0,0.0,1782,1,1,1,111,Hibernating
C005820,2025-09-20,2.0,1856.45,778.33,102,3,3,2,332,Need Attention
C005821,,0.0,0.0,0.0,1549,1,1,1,111,Hibernating
C005822,2025-12-26,11.0,32753.82,8002.0599999999995,5,5,5,5,555,Champions
C005823,2025-12-09,4.0,22413.989999999998,5427.29,22,4,4,5,445,Champions
C005824,2025-03-27,1.0,437.26,72.32,279,2,2,2,222,At Risk
C005825,2025-12-14,4.0,8915.81,1869.14,17,4,4,4,444,Champions
C005826,,0.0,0.0,0.0,467,2,1,1,211,Hibernating
C005827,2025-12-17,12.0,35929.0,7699.85,14,5,5,5,555,Champions
C005828,2025-09-05,2.0,4978.4800000000005,681.63,117,3,3,3,333,Need Attention
C005829,2025-12-17,8.0,16552.69,2210.39,14,5,5,5,555,Champions
C005830,,0.0,0.0,0.0,1478,1,1,1,111,Hibernating
C005831,2025-12-15,10.0,25783.510000000002,4969.74,16,4,5,5,455,Champions
C005832,,0.0,0.0,0.0,1449,1,1,1,111,Hibernating
C005833,2025-06-23,7.0,17805.29,4681.99,191,3,5,5,355,Loyal Customers
C005834,2025-12-17,10.0,19003.16,1564.38,14,5,5,5,555,Champions
C005835,,0.0,0.0,0.0,1599,1,1,1,111,Hibernating
C005836,,0.0,0.0,0.0,381,2,1,1,211,Hibernating
C005837,2025-12-11,5.0,13253.3,2368.17,20,4,4,4,444,Champions
C005838,2025-01-14,1.0,519.48,228.52,351,2,2,2,222,At Risk
C005839,2025-07-06,2.0,2731.0099999999998,22.560000000000002,178,3,3,3,333,Need Attention
C005840,2025-05-17,3.0,8661.77,2699.22,228,2,3,4,234,Need Attention
C005841,2025-12-08,3.0,9453.39,1388.55,23,4,3,4,434,Potential Loyalists
C005842,2025-11-22,5.0,12194.3,3264.58,39,4,4,4,444,Champions
C005843,2025-12-09,5.0,13435.27,2281.96,22,4,4,4,444,Champions
C005844,2025-12-01,4.0,4113.31,1003.3499999999999,30,4,4,3,443,Loyal Customers
C005845,,0.0,0.0,0.0,447,2,1,1,211,Hibernating
C005846,2025-12-05,5.0,29075.07,6635.12,26,4,4,5,445,Champions
C005847,2025-11-25,9.0,19284.84,4911.53,36,4,5,5,455,Champions
C005848,2025-12-24,7.0,15909.380000000001,3621.54,7,5,5,4,554,Champions
C005849,,0.0,0.0,0.0,1544,1,1,1,111,Hibernating
C005850,2025-11-18,1.0,1197.14,255.16,43,3,2,2,322,Promising
C005851,,0.0,0.0,0.0,1515,1,1,1,111,Hibernating
C005852,2025-12-03,3.0,8348.18,2045.33,28,4,3,4,434,Potential Loyalists
C005853,2025-12-27,2.0,6793.6,1261.34,4,5,3,3,533,Potential Loyalists
C005854,2025-12-24,16.0,36718.6,8666.32,7,5,5,5,555,Champions
C005855,,0.0,0.0,0.0,1693,1,1,1,111,Hibernating
C005856,2025-11-07,1.0,3953.62,932.46,54,3,2,3,323,Promising
C005857,2025-12-16,8.0,15932.710000000001,3054.38,15,5,5,4,554,Champions
C005858,2025-01-27,4.0,9224.53,1260.35,338,2,4,4,244,Need Attention
C005859,2025-12-23,8.0,14343.35,3124.1,8,5,5,4,554,Champions
C005860,2025-12-10,6.0,9993.89,2650.34,21,4,4,4,444,Champions
C005861,,0.0,0.0,0.0,1496,1,1,1,111,Hibernating
C005862,,0.0,0.0,0.0,1043,2,1,1,211,Hibernating
C005863,2025-08-10,2.0,4179.03,599.23,143,3,3,3,333,Need Attention
C005864,,0.0,0.0,0.0,1011,2,1,1,211,Hibernating
C005865,,0.0,0.0,0.0,1474,1,1,1,111,Hibernating
C005866,,0.0,0.0,0.0,1743,1,1,1,111,Hibernating
C005867,2025-09-23,2.0,4644.3,1132.26,99,3,3,3,333,Need Attention
C005868,,0.0,0.0,0.0,923,2,1,1,211,Hibernating
C005869,,0.0,0.0,0.0,1692,1,1,1,111,Hibernating
C005870,2025-12-16,2.0,5829.530000000001,712.36,15,5,3,3,533,Potential Loyalists
C005871,2025-12-21,1.0,1804.77,547.07,10,5,2,2,522,Potential Loyalists
C005872,,0.0,0.0,0.0,1533,1,1,1,111,Hibernating
C005873,2025-10-13,6.0,17114.09,5179.47,79,3,4,5,345,Loyal Customers
C005874,2025-12-19,12.0,35951.71,7003.03,12,5,5,5,555,Champions
C005875,2025-12-04,3.0,9923.56,2747.15,27,4,3,4,434,Potential Loyalists
C005876,2025-12-01,2.0,2108.75,395.91,30,4,3,3,433,Potential Loyalists
C005877,2025-12-19,14.0,38835.46,9641.11,12,5,5,5,555,Champions
C005878,2025-12-25,2.0,5583.73,1247.56,6,5,3,3,533,Potential Loyalists
C005879,2025-12-16,3.0,5143.389999999999,961.19,15,5,3,3,533,Potential Loyalists
C005880,2025-04-11,3.0,2836.45,804.19,264,2,3,3,233,Need Attention
C005881,2025-04-19,1.0,3579.31,1442.19,256,2,2,3,223,At Risk
C005882,2025-12-02,12.0,25150.93,6801.3,29,4,5,5,455,Champions
C005883,2025-12-16,3.0,8753.880000000001,463.71000000000004,15,5,3,4,534,Potential Loyalists
C005884,2025-12-20,10.0,26325.97,8348.38,11,5,5,5,555,Champions
C005885,2025-12-13,8.0,9746.63,716.2,18,4,5,4,454,Champions
C005886,2025-09-25,13.0,38399.71,6418.68,97,3,5,5,355,Loyal Customers
C005887,,0.0,0.0,0.0,988,2,1,1,211,Hibernating
C005888,2025-12-11,7.0,7670.139999999999,935.45,20,4,5,4,454,Champions
C005889,2025-05-16,2.0,3532.0,1048.37,229,2,3,3,233,Need Attention
C005890,,0.0,0.0,0.0,950,2,1,1,211,Hibernating
C005891,2025-10-05,1.0,595.19,-50.57,87,3,2,2,322,Promising
C005892,2025-12-25,5.0,7681.610000000001,2213.3,6,5,4,4,544,Champions
C005893,2025-06-02,3.0,9009.33,2181.2799999999997,212,2,3,4,234,Need Attention
C005894,2025-06-25,6.0,30761.65,8156.950000000001,189,3,4,5,345,Loyal Customers
C005895,2025-12-22,9.0,18975.13,4337.76,9,5,5,5,555,Champions
C005896,2025-11-03,10.0,44737.08,9341.27,58,3,5,5,355,Loyal Customers
C005897,2025-10-21,2.0,9234.37,2232.31,71,3,3,4,334,Need Attention
C005898,,0.0,0.0,0.0,1415,1,1,1,111,Hibernating
C005899,2025-12-06,9.0,21709.11,4565.68,25,4,5,5,455,Champions
C005900,,0.0,0.0,0.0,890,2,1,1,211,Hibernating
C005901,,0.0,0.0,0.0,1140,1,1,1,111,Hibernating
C005902,,0.0,0.0,0.0,1141,1,1,1,111,Hibernating
C005903,,0.0,0.0,0.0,393,2,1,1,211,Hibernating
C005904,2025-06-08,1.0,413.73,145.03,206,2,2,2,222,At Risk
C005905,,0.0,0.0,0.0,1560,1,1,1,111,Hibernating
C005906,2025-12-16,12.0,26844.5,5146.2300000000005,15,5,5,5,555,Champions
C005907,2025-12-22,8.0,15084.84,3259.91,9,5,5,4,554,Champions
C005908,2025-06-14,2.0,2961.94,525.87,200,3,3,3,333,Need Attention
C005909,2025-12-19,8.0,14599.18,3477.41,12,5,5,4,554,Champions
C005910,,0.0,0.0,0.0,921,2,1,1,211,Hibernating
C005911,2025-12-26,5.0,15178.92,4417.54,5,5,4,4,544,Champions
C005912,2025-12-14,1.0,7184.2,584.15,17,4,2,3,423,Potential Loyalists
C005913,2025-12-21,1.0,1536.72,250.29,10,5,2,2,522,Potential Loyalists
C005914,,0.0,0.0,0.0,392,2,1,1,211,Hibernating
C005915,2025-10-23,2.0,4225.639999999999,477.08000000000004,69,3,3,3,333,Need Attention
C005916,,0.0,0.0,0.0,431,2,1,1,211,Hibernating
C005917,2025-12-03,8.0,30760.25,7773.54,28,4,5,5,455,Champions
C005918,2025-11-20,9.0,19663.43,4654.75,41,4,5,5,455,Champions
C005919,,0.0,0.0,0.0,548,2,1,1,211,Hibernating
C005920,2025-12-25,9.0,22463.21,4367.94,6,5,5,5,555,Champions
C005921,2025-12-19,9.0,19600.77,5304.22,12,5,5,5,555,Champions
C005922,,0.0,0.0,0.0,1581,1,1,1,111,Hibernating
C005923,2025-10-15,1.0,2674.1,685.48,77,3,2,3,323,Promising
C005924,2025-05-22,3.0,8252.949999999999,1672.45,223,2,3,4,234,Need Attention
C005925,2025-09-05,2.0,4586.7,1289.3000000000002,117,3,3,3,333,Need Attention
C005926,,0.0,0.0,0.0,1420,1,1,1,111,Hibernating
C005927,2025-12-03,1.0,1189.88,53.7,28,4,2,2,422,Potential Loyalists
C005928,2025-12-27,7.0,13615.21,1757.99,4,5,5,4,554,Champions
C005929,2025-12-20,10.0,15523.61,3673.4700000000003,11,5,5,4,554,Champions
C005930,2025-12-08,12.0,45810.17,8620.45,23,4,5,5,455,Champions
C005931,,0.0,0.0,0.0,561,2,1,1,211,Hibernating
C005932,2025-12-02,5.0,7121.65,1677.52,29,4,4,3,443,Loyal Customers
C005933,2025-09-07,4.0,11267.369999999999,3353.96,115,3,4,4,344,Loyal Customers
C005934,,0.0,0.0,0.0,1688,1,1,1,111,Hibernating
C005935,,0.0,0.0,0.0,389,2,1,1,211,Hibernating
C005936,2025-10-21,13.0,42262.409999999996,10585.08,71,3,5,5,355,Loyal Customers
C005937,2025-12-20,4.0,5417.27,964.47,11,5,4,3,543,Loyal Customers
C005938,2025-10-17,2.0,1783.5500000000002,674.08,75,3,3,2,332,Need Attention
C005939,2025-12-16,2.0,1883.69,426.13,15,5,3,2,532,Potential Loyalists
C005940,,0.0,0.0,0.0,957,2,1,1,211,Hibernating
C005941,2025-11-12,2.0,3240.98,-87.41,49,3,3,3,333,Need Attention
C005942,,0.0,0.0,0.0,1705,1,1,1,111,Hibernating
C005943,2025-12-06,3.0,4794.25,224.01999999999998,25,4,3,3,433,Potential Loyalists
C005944,,0.0,0.0,0.0,1307,1,1,1,111,Hibernating
C005945,2025-12-24,5.0,20156.04,2541.2799999999997,7,5,4,5,545,Champions
C005946,,0.0,0.0,0.0,1469,1,1,1,111,Hibernating
C005947,2025-11-07,1.0,5011.29,1644.91,54,3,2,3,323,Promising
C005948,2025-12-25,15.0,38849.97,7574.429999999999,6,5,5,5,555,Champions
C005949,,0.0,0.0,0.0,1031,2,1,1,211,Hibernating
C005950,,0.0,0.0,0.0,1070,2,1,1,211,Hibernating
C005951,,0.0,0.0,0.0,592,2,1,1,211,Hibernating
C005952,2025-12-11,10.0,24942.94,5858.62,20,4,5,5,455,Champions
C005953,,0.0,0.0,0.0,1334,1,1,1,111,Hibernating
C005954,2025-12-27,15.0,48537.67,12720.32,4,5,5,5,555,Champions
C005955,2025-12-21,9.0,19123.65,3243.6600000000003,10,5,5,5,555,Champions
C005956,2025-12-23,11.0,34024.07,6662.0,8,5,5,5,555,Champions
C005957,2025-12-17,1.0,857.64,70.24,14,5,2,2,522,Potential Loyalists
C005958,,0.0,0.0,0.0,1636,1,1,1,111,Hibernating
C005959,2025-12-21,5.0,6315.209999999999,810.78,10,5,4,3,543,Loyal Customers
C005960,,0.0,0.0,0.0,1674,1,1,1,111,Hibernating
C005961,,0.0,0.0,0.0,1809,1,1,1,111,Hibernating
C005962,,0.0,0.0,0.0,1723,1,1,1,111,Hibernating
C005963,2025-12-21,17.0,36970.93,11451.7,10,5,5,5,555,Champions
C005964,2025-12-01,6.0,9318.11,1611.06,30,4,4,4,444,Champions
C005965,2025-12-12,3.0,6767.55,-50.94,19,4,3,3,433,Potential Loyalists
C005966,2025-10-19,3.0,6927.76,1707.26,73,3,3,3,333,Need Attention
C005967,,0.0,0.0,0.0,1276,1,1,1,111,Hibernating
C005968,2025-12-04,3.0,2654.18,293.07,27,4,3,3,433,Potential Loyalists
C005969,2025-12-17,7.0,18205.96,3083.17,14,5,5,5,555,Champions
C005970,2025-06-09,2.0,7039.610000000001,1747.55,205,2,3,3,233,Need Attention
C005971,,0.0,0.0,0.0,1516,1,1,1,111,Hibernating
C005972,2025-12-07,4.0,19256.16,3593.35,24,4,4,5,445,Champions
C005973,,0.0,0.0,0.0,1818,1,1,1,111,Hibernating
C005974,,0.0,0.0,0.0,837,2,1,1,211,Hibernating
C005975,,0.0,0.0,0.0,1110,1,1,1,111,Hibernating
C005976,2025-11-04,9.0,31600.04,9405.95,57,3,5,5,355,Loyal Customers
C005977,2025-05-16,3.0,7189.16,1428.1100000000001,229,2,3,3,233,Need Attention
C005978,2025-03-17,1.0,1107.29,365.9,289,2,2,2,222,At Risk
C005979,,0.0,0.0,0.0,1229,1,1,1,111,Hibernating
C005980,2025-11-12,1.0,641.89,113.36,49,3,2,2,322,Promising
C005981,,0.0,0.0,0.0,1140,1,1,1,111,Hibernating
C005982,,0.0,0.0,0.0,1489,1,1,1,111,Hibernating
C005983,,0.0,0.0,0.0,637,2,1,1,211,Hibernating
C005984,2025-12-09,8.0,30673.04,6331.42,22,4,5,5,455,Champions
C005985,2025-11-23,4.0,9097.96,1478.51,38,4,4,4,444,Champions
C005986,2025-07-02,2.0,2991.75,1227.25,182,3,3,3,333,Need Attention
C005987,,0.0,0.0,0.0,1056,2,1,1,211,Hibernating
C005988,2025-11-26,3.0,6710.1900000000005,719.51,35,4,3,3,433,Potential Loyalists
C005989,,0.0,0.0,0.0,864,2,1,1,211,Hibernating
C005990,2025-12-24,6.0,10679.01,1803.35,7,5,4,4,544,Champions
C005991,2025-12-06,3.0,5523.740000000001,-88.22,25,4,3,3,433,Potential Loyalists
C005992,2025-12-25,9.0,36673.41,4346.92,6,5,5,5,555,Champions
C005993,2025-09-20,1.0,4932.27,1250.45,102,3,2,3,323,Promising
C005994,2025-12-22,13.0,36200.270000000004,7398.389999999999,9,5,5,5,555,Champions
C005995,2025-11-04,7.0,19895.46,6651.58,57,3,5,5,355,Loyal Customers
C005996,2025-06-09,1.0,6846.24,1822.71,205,2,2,3,223,At Risk
C005997,2025-12-26,8.0,15768.98,1786.08,5,5,5,4,554,Champions
C005998,,0.0,0.0,0.0,1655,1,1,1,111,Hibernating
C005999,,0.0,0.0,0.0,465,2,1,1,211,Hibernating
C006000,,0.0,0.0,0.0,1386,1,1,1,111,Hibernating
