customer_id,acquisition_date,acquisition_channel,preferred_channel,region,age_band,loyalty_tier,marketing_consent,archetype,attrition_date,latent_value_index,engagement_index,price_sensitivity_index,service_friction_index
C000001,2025-04-02,Marketplace,Marketplace,Marmara,35-44,Gold,1,Growth,,1.2171,0.7119,0.2776,0.1563
C000002,2022-01-11,Marketplace,Marketplace,Marmara,55+,Bronze,0,One-time,2022-12-07,0.6663,0.3567,0.7332,0.3177
C000003,2024-02-08,Store,Store,Aegean,35-44,Gold,0,At Risk,,0.8617,0.2991,0.4242,0.3998
C000004,2024-03-01,Marketplace,Marketplace,Southeastern Anatolia,35-44,Bronze,1,Deal Seeker,2025-02-24,0.779,0.5329,0.9155,0.3263
C000005,2025-08-15,Mobile App,Mobile App,Southeastern Anatolia,35-44,Bronze,1,Deal Seeker,,0.733,0.5034,0.98,0.2575
C000006,2024-04-18,Marketplace,Marketplace,Southeastern Anatolia,45-54,Gold,1,Growth,2024-11-14,1.1257,0.8223,0.4405,0.02
C000007,2024-04-06,Marketplace,Marketplace,Marmara,45-54,Silver,1,Routine,2025-10-28,0.7379,0.5804,0.2397,0.068
C000008,2025-04-17,Mobile App,Mobile App,Marmara,45-54,Bronze,1,Deal Seeker,2025-09-14,0.9239,0.6114,0.5935,0.3828
C000009,2023-02-09,Web,Web,Aegean,45-54,Bronze,1,One-time,2024-07-03,1.0878,0.233,0.5801,0.1677
C000010,2025-05-20,Store,Store,Marmara,25-34,Bronze,0,Routine,,0.6338,0.6248,0.418,0.1475
C000011,2025-05-19,Store,Store,Central Anatolia,35-44,Bronze,1,Deal Seeker,,0.6974,0.6775,0.8456,0.3966
C000012,2022-08-07,Mobile App,Mobile App,Aegean,25-34,Bronze,1,Deal Seeker,2023-01-04,0.9114,0.5848,0.9395,0.2406
C000013,2023-05-05,Web,Web,Black Sea,18-24,Silver,1,Routine,,0.7419,0.6129,0.3168,0.1023
C000014,2022-07-11,Mobile App,Mobile App,Eastern Anatolia,25-34,Bronze,1,Routine,,0.5876,0.6021,0.2783,0.2223
C000015,2024-07-01,Web,Web,Mediterranean,25-34,Gold,1,High Value Loyal,,1.7608,0.7894,0.1444,0.0921
C000016,2023-07-13,Web,Web,Mediterranean,18-24,Silver,1,Deal Seeker,,0.7887,0.6007,0.7093,0.1984
C000017,2024-09-15,Mobile App,Mobile App,Central Anatolia,45-54,Silver,1,Routine,,0.9994,0.4551,0.3545,0.1854
C000018,2024-02-26,Store,Store,Black Sea,55+,Silver,1,At Risk,2024-04-26,0.7897,0.273,0.4489,0.5217
C000019,2023-04-04,Store,Store,Southeastern Anatolia,25-34,Silver,1,Growth,,1.814,0.7686,0.3236,0.1505
C000020,2025-07-11,Web,Web,Marmara,55+,Gold,1,Growth,,1.1532,0.684,0.3635,0.2575
C000021,2024-10-19,Store,Store,Marmara,35-44,Gold,1,Growth,,1.3244,0.7037,0.3087,0.2439
C000022,2023-10-05,Marketplace,Marketplace,Mediterranean,45-54,Bronze,1,One-time,2023-12-04,0.632,0.1654,0.6047,0.4847
C000023,2023-12-04,Marketplace,Marketplace,Marmara,55+,Silver,1,Routine,2025-03-28,0.8549,0.447,0.3137,0.171
C000024,2025-09-14,Web,Web,Central Anatolia,18-24,Silver,1,Deal Seeker,,0.8192,0.6359,0.8686,0.2379
C000025,2023-04-09,Mobile App,Mobile App,Marmara,25-34,Silver,1,Routine,2025-05-28,0.9396,0.4504,0.3331,0.0544
C000026,2025-09-02,Mobile App,Mobile App,Central Anatolia,18-24,Silver,1,Deal Seeker,2025-10-02,1.175,0.7457,0.5789,0.225
C000027,2022-07-26,Mobile App,Mobile App,Aegean,25-34,Bronze,1,Deal Seeker,2023-04-22,1.0433,0.5283,0.8094,0.2517
C000028,2023-12-20,Mobile App,Mobile App,Southeastern Anatolia,25-34,Silver,1,Routine,,0.9698,0.4421,0.4076,0.1023
C000029,2025-10-23,Mobile App,Mobile App,Aegean,25-34,Silver,1,At Risk,,1.0732,0.2942,0.5084,0.514
C000030,2025-09-06,Mobile App,Mobile App,Marmara,25-34,Silver,1,At Risk,,0.9583,0.3899,0.4556,0.432
C000031,2023-12-05,Web,Web,Central Anatolia,18-24,Bronze,1,Routine,,1.059,0.424,0.2674,0.312
C000032,2023-10-07,Mobile App,Mobile App,Central Anatolia,25-34,Silver,1,At Risk,2023-12-06,1.4022,0.5713,0.4929,0.5362
C000033,2023-02-04,Store,Store,Black Sea,25-34,Bronze,1,Routine,,0.8512,0.6089,0.5863,0.3175
C000034,2024-12-09,Mobile App,Mobile App,Marmara,18-24,Silver,1,Routine,,0.855,0.3906,0.2211,0.1605
C000035,2022-01-18,Store,Store,Aegean,35-44,Silver,0,At Risk,2022-06-17,1.0938,0.3841,0.6,0.5074
C000036,2023-08-08,Marketplace,Marketplace,Marmara,18-24,Bronze,1,One-time,2023-10-07,0.5069,0.3294,0.6939,0.3727
C000037,2025-08-08,Store,Store,Southeastern Anatolia,55+,Platinum,1,High Value Loyal,,1.8509,0.7355,0.1884,0.0823
C000038,2023-04-02,Marketplace,Marketplace,Mediterranean,55+,Silver,1,At Risk,2023-05-02,1.1463,0.4439,0.5485,0.4681
C000039,2024-08-16,Mobile App,Mobile App,Aegean,35-44,Silver,1,Deal Seeker,,0.9304,0.7443,0.7789,0.2167
C000040,2023-10-25,Web,Web,Southeastern Anatolia,55+,Bronze,1,Deal Seeker,2025-03-18,1.0242,0.8023,0.775,0.1562
C000041,2022-03-09,Web,Web,Marmara,45-54,Bronze,1,One-time,2022-09-05,0.5609,0.2863,0.6173,0.2306
C000042,2025-06-19,Store,Store,Marmara,25-34,Bronze,1,Routine,,0.6979,0.4879,0.3196,0.2271
C000043,2025-09-02,Web,Web,Marmara,18-24,Gold,1,At Risk,,1.0437,0.3819,0.4832,0.5696
C000044,2024-12-20,Marketplace,Marketplace,Marmara,35-44,Bronze,1,Routine,,0.702,0.5475,0.3772,0.1255
C000045,2022-12-06,Mobile App,Mobile App,Southeastern Anatolia,55+,Bronze,1,Routine,,0.5599,0.6159,0.3692,0.172
C000046,2023-09-16,Mobile App,Mobile App,Black Sea,18-24,Silver,1,Growth,2025-04-08,0.9349,0.7298,0.3815,0.1538
C000047,2022-03-19,Marketplace,Marketplace,Marmara,25-34,Silver,1,Growth,2023-10-10,1.3661,0.6318,0.3399,0.1241
C000048,2023-02-02,Store,Store,Central Anatolia,55+,Bronze,0,Routine,,0.5664,0.547,0.3823,0.3192
C000049,2024-01-11,Web,Web,Marmara,45-54,Bronze,1,Deal Seeker,,0.8154,0.6975,0.8052,0.2889
C000050,2022-03-25,Mobile App,Mobile App,Central Anatolia,25-34,Bronze,1,Deal Seeker,,0.8281,0.5526,0.7267,0.2579
C000051,2023-12-04,Marketplace,Marketplace,Black Sea,35-44,Bronze,1,Deal Seeker,,0.7755,0.6875,0.6428,0.1469
C000052,2022-07-15,Web,Web,Mediterranean,35-44,Silver,1,Routine,2023-09-08,0.7281,0.4333,0.1746,0.1816
C000053,2024-10-24,Mobile App,Mobile App,Marmara,35-44,Bronze,1,Deal Seeker,2025-09-19,1.0491,0.5677,0.7393,0.2334
C000054,2025-12-17,Mobile App,Mobile App,Marmara,45-54,Silver,1,Growth,,1.2384,0.7057,0.3894,0.1505
C000055,2025-11-08,Mobile App,Mobile App,Aegean,45-54,Silver,1,At Risk,,0.8218,0.428,0.48,0.5586
C000056,2024-06-18,Mobile App,Mobile App,Eastern Anatolia,25-34,Bronze,1,Routine,2024-10-16,0.6898,0.6069,0.3714,0.1432
C000057,2024-02-18,Mobile App,Mobile App,Marmara,25-34,Bronze,1,Deal Seeker,2024-09-15,0.8568,0.5901,0.7575,0.2673
C000058,2023-08-08,Web,Web,Black Sea,18-24,Silver,1,At Risk,,1.2933,0.3769,0.3548,0.5415
C000059,2022-03-11,Store,Store,Southeastern Anatolia,55+,Platinum,1,High Value Loyal,,1.9522,0.8827,0.343,0.02
C000060,2023-09-16,Web,Web,Marmara,45-54,Gold,1,High Value Loyal,2023-12-15,1.3167,0.9214,0.1366,0.1986
C000061,2025-09-09,Web,Web,Central Anatolia,35-44,Bronze,1,Deal Seeker,2025-10-09,0.8485,0.684,0.8551,0.2993
C000062,2023-12-13,Web,Web,Marmara,35-44,Bronze,1,Routine,,0.9632,0.4533,0.3364,0.1076
C000063,2024-04-22,Web,Web,Marmara,55+,Bronze,1,Deal Seeker,,0.9308,0.6428,0.7453,0.2853
C000064,2023-07-20,Marketplace,Marketplace,Central Anatolia,25-34,Silver,1,Routine,2024-09-12,1.035,0.5295,0.4081,0.2369
C000065,2022-10-16,Web,Web,Black Sea,18-24,Gold,1,At Risk,2025-10-30,0.9653,0.4286,0.3789,0.4733
C000066,2023-04-08,Mobile App,Mobile App,Central Anatolia,35-44,Silver,1,Growth,2025-11-23,1.3386,0.7793,0.375,0.2008
C000067,2025-05-19,Mobile App,Mobile App,Eastern Anatolia,25-34,Bronze,1,Deal Seeker,,0.7835,0.6104,0.6655,0.3705
C000068,2025-03-07,Web,Web,Central Anatolia,35-44,Silver,1,At Risk,2025-07-05,1.2405,0.3854,0.4621,0.484
C000069,2023-04-18,Web,Web,Aegean,35-44,Bronze,1,Deal Seeker,,1.1672,0.6597,0.9183,0.227
C000070,2025-10-10,Mobile App,Mobile App,Central Anatolia,55+,Gold,0,Growth,,1.0022,0.819,0.307,0.1838
C000071,2023-01-16,Marketplace,Marketplace,Aegean,25-34,Gold,1,Growth,,1.1435,0.6063,0.3377,0.3258
C000072,2025-10-09,Mobile App,Mobile App,Eastern Anatolia,45-54,Silver,1,Growth,,1.3019,0.5678,0.4751,0.1791
C000073,2025-12-22,Store,Store,Aegean,18-24,Silver,1,Deal Seeker,,0.886,0.4547,0.8045,0.228
C000074,2023-11-16,Mobile App,Mobile App,Marmara,25-34,Bronze,0,Routine,2024-05-14,0.9081,0.5526,0.3532,0.2679
C000075,2023-03-20,Marketplace,Marketplace,Aegean,45-54,Gold,0,Growth,,0.9235,0.6291,0.4903,0.2646
C000076,2022-09-26,Web,Web,Central Anatolia,45-54,Bronze,1,Routine,2023-02-23,0.8988,0.4322,0.2767,0.1782
C000077,2025-12-24,Web,Web,Marmara,55+,Gold,1,Growth,,1.5591,0.6365,0.4624,0.1388
C000078,2025-08-25,Marketplace,Marketplace,Mediterranean,35-44,Silver,1,Routine,,1.1887,0.5529,0.3441,0.1775
C000079,2024-10-06,Mobile App,Mobile App,Marmara,25-34,Bronze,1,Routine,,0.5268,0.5121,0.6234,0.2318
C000080,2024-07-16,Web,Web,Marmara,35-44,Platinum,1,High Value Loyal,,2.0691,0.6855,0.0934,0.02
C000081,2023-12-15,Web,Web,Aegean,35-44,Silver,1,Growth,,0.9384,0.8931,0.458,0.1262
C000082,2022-07-11,Mobile App,Mobile App,Marmara,25-34,Silver,1,Growth,,1.9922,0.6205,0.4982,0.1785
C000083,2025-02-19,Web,Web,Marmara,25-34,Silver,1,Growth,,1.5959,0.5559,0.4697,0.3263
C000084,2024-08-24,Web,Web,Marmara,25-34,Silver,1,Deal Seeker,,0.7957,0.672,0.728,0.2875
C000085,2022-07-23,Mobile App,Mobile App,Marmara,25-34,Silver,1,Deal Seeker,,0.7922,0.5926,0.7146,0.1939
C000086,2022-10-26,Marketplace,Marketplace,Aegean,45-54,Platinum,1,High Value Loyal,2024-02-18,1.7552,0.7291,0.2449,0.0791
C000087,2025-09-11,Mobile App,Mobile App,Southeastern Anatolia,45-54,Gold,1,High Value Loyal,,1.9582,0.9656,0.1322,0.0715
C000088,2025-05-03,Web,Web,Southeastern Anatolia,25-34,Silver,1,Growth,,1.3192,0.5995,0.4869,0.1986
C000089,2022-01-10,Mobile App,Mobile App,Central Anatolia,25-34,Silver,1,At Risk,2025-08-22,1.0368,0.4406,0.3656,0.489
C000090,2023-08-22,Store,Store,Central Anatolia,25-34,Gold,1,Growth,,1.1462,0.8713,0.3646,0.1045
C000091,2025-05-24,Marketplace,Marketplace,Marmara,35-44,Bronze,0,One-time,,0.8669,0.2394,0.5,0.3711
C000092,2024-01-09,Mobile App,Mobile App,Mediterranean,35-44,Gold,1,Growth,,1.0736,0.6037,0.4913,0.2231
C000093,2022-10-15,Web,Web,Aegean,25-34,Gold,1,High Value Loyal,,1.7202,0.8734,0.2068,0.0744
C000094,2025-05-15,Marketplace,Marketplace,Southeastern Anatolia,55+,Silver,1,Growth,,1.5671,0.6696,0.4409,0.0485
C000095,2022-12-26,Mobile App,Mobile App,Marmara,25-34,Silver,1,Deal Seeker,,0.9944,0.4264,0.7134,0.1696
C000096,2024-06-24,Store,Store,Mediterranean,45-54,Gold,1,High Value Loyal,,2.026,0.8328,0.2667,0.1263
C000097,2024-10-08,Mobile App,Mobile App,Marmara,55+,Platinum,0,High Value Loyal,,1.5139,0.98,0.1026,0.02
C000098,2023-11-20,Mobile App,Mobile App,Black Sea,35-44,Gold,1,At Risk,,0.9641,0.334,0.355,0.5551
C000099,2022-10-19,Web,Web,Marmara,18-24,Gold,1,High Value Loyal,,1.5976,0.8793,0.05,0.1696
C000100,2022-03-21,Web,Web,Central Anatolia,18-24,Gold,1,At Risk,2023-08-13,0.9603,0.385,0.4825,0.4846
C000101,2025-08-02,Web,Web,Marmara,45-54,Bronze,1,Deal Seeker,,1.002,0.4822,0.9178,0.2682
C000102,2022-04-10,Store,Store,Southeastern Anatolia,45-54,Gold,1,Growth,2024-01-30,1.0889,0.8205,0.401,0.0215
C000103,2025-02-03,Store,Store,Aegean,25-34,Gold,1,Growth,,1.1262,0.7557,0.3913,0.087
C000104,2024-10-01,Web,Web,Marmara,45-54,Gold,1,Growth,2024-12-30,1.1737,0.5132,0.392,0.145
C000105,2023-07-21,Marketplace,Marketplace,Mediterranean,25-34,Gold,1,Growth,2024-09-13,0.7607,0.6472,0.3297,0.1351
C000106,2024-01-08,Mobile App,Mobile App,Black Sea,35-44,Bronze,1,Deal Seeker,,0.7828,0.6466,0.936,0.322
C000107,2022-07-06,Web,Web,Marmara,45-54,Silver,0,Routine,,0.7837,0.4649,0.4473,0.1919
C000108,2025-05-10,Web,Web,Central Anatolia,35-44,Gold,1,Growth,,1.3761,0.7379,0.2704,0.1859
C000109,2025-03-11,Store,Store,Marmara,18-24,Bronze,1,One-time,,0.8084,0.2857,0.5939,0.296
C000110,2023-04-19,Web,Web,Aegean,35-44,Silver,1,At Risk,2024-09-10,1.0885,0.2854,0.3593,0.4804
C000111,2022-05-13,Web,Web,Marmara,25-34,Gold,1,High Value Loyal,2022-11-09,2.5156,0.6824,0.2439,0.1123
C000112,2025-09-03,Mobile App,Mobile App,Central Anatolia,18-24,Silver,1,Routine,,0.7174,0.5143,0.4433,0.2342
C000113,2023-10-15,Mobile App,Mobile App,Eastern Anatolia,18-24,Bronze,1,Deal Seeker,,0.9338,0.6158,0.799,0.3015
C000114,2024-04-23,Store,Store,Black Sea,25-34,Silver,1,Deal Seeker,2025-02-17,0.8831,0.6239,0.863,0.2613
C000115,2022-10-25,Marketplace,Marketplace,Marmara,45-54,Silver,1,At Risk,2024-02-17,1.2313,0.3916,0.5162,0.3604
C000116,2022-08-06,Marketplace,Marketplace,Marmara,55+,Silver,1,Growth,,1.4218,0.7421,0.4269,0.1953
C000117,2025-05-09,Web,Web,Marmara,18-24,Silver,1,Deal Seeker,,1.0663,0.6314,0.7714,0.3605
C000118,2024-11-17,Store,Store,Southeastern Anatolia,18-24,Gold,1,Growth,,0.9947,0.7371,0.2038,0.2113
C000119,2023-08-03,Store,Store,Aegean,55+,Gold,1,Growth,,0.7918,0.7328,0.3836,0.1786
C000120,2023-05-12,Mobile App,Mobile App,Marmara,35-44,Silver,1,Routine,2023-11-08,0.8244,0.5449,0.2778,0.1842
C000121,2025-06-06,Mobile App,Mobile App,Mediterranean,25-34,Silver,1,At Risk,,1.3671,0.3134,0.4736,0.6026
C000122,2025-06-02,Mobile App,Mobile App,Aegean,35-44,Silver,1,At Risk,,0.9398,0.2507,0.5037,0.5218
C000123,2025-11-04,Web,Web,Marmara,55+,Bronze,0,Deal Seeker,,1.2629,0.631,0.98,0.3304
C000124,2022-03-02,Marketplace,Marketplace,Mediterranean,18-24,Gold,1,Growth,2023-08-24,1.1704,0.7772,0.2727,0.0883
C000125,2024-09-18,Mobile App,Mobile App,Marmara,25-34,Silver,1,Growth,,1.1357,0.7961,0.3716,0.1101
C000126,2023-04-21,Mobile App,Mobile App,Black Sea,35-44,Bronze,1,Deal Seeker,,1.068,0.5614,0.6265,0.193
C000127,2024-01-21,Mobile App,Mobile App,Aegean,25-34,Silver,1,Routine,,0.6238,0.52,0.291,0.2543
C000128,2025-08-10,Marketplace,Marketplace,Marmara,25-34,Gold,0,High Value Loyal,,1.563,0.7446,0.2429,0.187
C000129,2025-09-09,Store,Store,Marmara,18-24,Bronze,1,One-time,,0.8264,0.3692,0.5288,0.336
C000130,2025-06-21,Web,Web,Central Anatolia,35-44,Bronze,1,Deal Seeker,2025-07-21,0.8839,0.579,0.9159,0.2147
C000131,2023-09-12,Web,Web,Mediterranean,25-34,Silver,1,Growth,2024-06-08,1.1867,0.6729,0.3565,0.1406
C000132,2025-11-23,Marketplace,Marketplace,Mediterranean,18-24,Gold,0,At Risk,,0.9236,0.2858,0.4627,0.4704
C000133,2023-10-13,Web,Web,Marmara,18-24,Silver,1,Deal Seeker,,0.8449,0.694,0.6758,0.3424
C000134,2024-07-10,Web,Web,Mediterranean,35-44,Silver,1,Growth,,1.1447,0.7041,0.3942,0.1332
C000135,2022-07-20,Web,Web,Marmara,35-44,Bronze,1,Deal Seeker,,0.7096,0.6556,0.6857,0.3023
C000136,2025-10-04,Mobile App,Mobile App,Aegean,25-34,Silver,1,Routine,,0.808,0.4929,0.336,0.2833
C000137,2024-10-16,Mobile App,Mobile App,Mediterranean,25-34,Silver,1,At Risk,2025-12-10,1.1284,0.3163,0.5629,0.5098
C000138,2023-11-11,Mobile App,Mobile App,Aegean,18-24,Bronze,1,Deal Seeker,2024-02-09,0.7925,0.7078,0.8063,0.02
C000139,2024-10-19,Web,Web,Marmara,25-34,Gold,1,Growth,,1.1836,0.735,0.3562,0.0769
C000140,2024-08-02,Marketplace,Marketplace,Marmara,35-44,Silver,1,Growth,2025-05-29,1.717,0.6436,0.21,0.1443
C000141,2023-09-20,Web,Web,Southeastern Anatolia,35-44,Silver,1,Routine,,0.9787,0.4846,0.5267,0.2489
C000142,2025-12-10,Web,Web,Southeastern Anatolia,25-34,Gold,1,Growth,,1.6693,0.6312,0.3959,0.2292
C000143,2025-06-13,Mobile App,Mobile App,Central Anatolia,25-34,Bronze,1,One-time,,0.7329,0.225,0.5728,0.2655
C000144,2025-04-04,Marketplace,Marketplace,Marmara,18-24,Bronze,1,Routine,,1.0065,0.4226,0.3615,0.3084
C000145,2024-04-01,Web,Web,Marmara,35-44,Bronze,1,Deal Seeker,,1.0157,0.6649,0.697,0.2045
C000146,2023-10-15,Mobile App,Mobile App,Southeastern Anatolia,45-54,Bronze,1,Routine,2024-09-09,0.6404,0.4583,0.4998,0.1165
C000147,2024-11-21,Store,Store,Black Sea,35-44,Bronze,0,Routine,2024-12-21,0.8278,0.6007,0.3427,0.1308
C000148,2025-03-06,Marketplace,Marketplace,Aegean,45-54,Silver,1,Growth,,1.4189,0.6858,0.4336,0.1227
C000149,2025-04-18,Store,Store,Mediterranean,35-44,Gold,1,Growth,2025-10-15,0.9815,0.8293,0.188,0.1302
C000150,2022-07-12,Mobile App,Mobile App,Mediterranean,18-24,Bronze,1,One-time,2022-10-10,0.7916,0.2664,0.5886,0.4385
C000151,2025-04-20,Mobile App,Mobile App,Black Sea,35-44,Bronze,1,Deal Seeker,,0.746,0.643,0.714,0.2022
C000152,2025-10-24,Mobile App,Mobile App,Aegean,35-44,Bronze,1,Routine,,0.717,0.4295,0.3929,0.2022
C000153,2025-02-20,Web,Web,Eastern Anatolia,18-24,Bronze,1,Deal Seeker,,0.7869,0.6951,0.6834,0.1501
C000154,2025-12-26,Web,Web,Southeastern Anatolia,55+,Silver,1,Deal Seeker,,0.9782,0.5991,0.6938,0.1968
C000155,2024-07-26,Web,Web,Marmara,25-34,Bronze,1,Deal Seeker,2025-08-20,1.1107,0.6406,0.6118,0.277
C000156,2022-11-07,Store,Store,Southeastern Anatolia,45-54,Silver,1,Routine,2025-08-23,1.2077,0.6008,0.4927,0.1669
C000157,2024-12-20,Web,Web,Black Sea,35-44,Gold,1,Growth,,1.1459,0.6595,0.3154,0.2174
C000158,2025-10-07,Web,Web,Marmara,35-44,Gold,1,Growth,,1.1609,0.6459,0.2934,0.02
C000159,2025-04-23,Store,Store,Aegean,25-34,Bronze,1,Deal Seeker,,1.0182,0.5771,0.829,0.2169
C000160,2022-09-18,Mobile App,Mobile App,Black Sea,45-54,Bronze,1,Routine,2024-10-07,0.7166,0.5613,0.3886,0.1956
C000161,2025-10-21,Web,Web,Marmara,25-34,Bronze,1,One-time,2025-11-20,0.7912,0.4626,0.5614,0.3359
C000162,2025-04-17,Mobile App,Mobile App,Central Anatolia,18-24,Bronze,0,Deal Seeker,,1.0781,0.5756,0.8454,0.1694
C000163,2025-02-25,Web,Web,Black Sea,25-34,Silver,1,Routine,,0.6924,0.4908,0.2508,0.0726
C000164,2024-04-24,Web,Web,Aegean,18-24,Silver,1,Routine,2024-06-23,0.8204,0.5828,0.315,0.2852
C000165,2025-04-22,Mobile App,Mobile App,Aegean,45-54,Platinum,1,High Value Loyal,,1.9067,0.8335,0.2555,0.0586
C000166,2022-06-11,Web,Web,Mediterranean,25-34,Platinum,1,High Value Loyal,2022-07-11,1.7201,0.7414,0.191,0.0217
C000167,2024-03-13,Marketplace,Marketplace,Marmara,25-34,Silver,1,Growth,,1.4389,0.6984,0.5255,0.1394
C000168,2025-02-20,Marketplace,Marketplace,Black Sea,25-34,Platinum,1,High Value Loyal,,2.0371,0.8044,0.2532,0.02
C000169,2025-03-23,Mobile App,Mobile App,Mediterranean,35-44,Bronze,1,Deal Seeker,2025-11-18,1.0348,0.7456,0.8437,0.2159
C000170,2022-08-23,Web,Web,Eastern Anatolia,25-34,Gold,1,High Value Loyal,,2.1488,0.6281,0.0943,0.1253
C000171,2024-11-13,Mobile App,Mobile App,Marmara,18-24,Silver,1,Routine,,0.7656,0.4667,0.6074,0.224
C000172,2023-02-20,Store,Store,Aegean,25-34,Platinum,1,High Value Loyal,,1.3203,0.6059,0.2001,0.1167
C000173,2022-06-21,Mobile App,Mobile App,Aegean,45-54,Silver,1,At Risk,2023-10-14,1.5398,0.4136,0.4647,0.4964
C000174,2025-10-22,Mobile App,Mobile App,Mediterranean,35-44,Silver,1,Growth,,1.3955,0.6754,0.4155,0.309
C000175,2022-08-06,Marketplace,Marketplace,Aegean,35-44,Silver,0,Routine,,0.7732,0.3664,0.3365,0.2157
C000176,2023-02-13,Mobile App,Mobile App,Eastern Anatolia,25-34,Silver,1,At Risk,,1.2532,0.4066,0.4695,0.4876
C000177,2024-01-19,Store,Store,Marmara,45-54,Bronze,1,Routine,,0.8622,0.3997,0.3961,0.3106
C000178,2025-03-02,Marketplace,Marketplace,Central Anatolia,35-44,Silver,0,Routine,,0.7876,0.4706,0.3145,0.1881
C000179,2023-11-02,Mobile App,Mobile App,Marmara,25-34,Silver,1,Growth,,1.2353,0.637,0.3686,0.1943
C000180,2025-11-13,Web,Web,Mediterranean,45-54,Bronze,1,Routine,,0.728,0.6417,0.328,0.0914
C000181,2022-02-18,Marketplace,Marketplace,Mediterranean,35-44,Silver,1,Deal Seeker,2025-01-03,0.7813,0.6678,0.7514,0.2545
C000182,2024-10-10,Mobile App,Mobile App,Marmara,25-34,Silver,1,Growth,,0.8583,0.7779,0.2745,0.1347
C000183,2023-03-23,Web,Web,Aegean,35-44,Silver,1,Growth,,1.2338,0.7129,0.3765,0.0619
C000184,2022-03-15,Web,Web,Aegean,25-34,Bronze,0,Deal Seeker,2023-08-07,0.9705,0.6763,0.7966,0.1611
C000185,2025-12-18,Mobile App,Mobile App,Marmara,25-34,Silver,1,Routine,,0.6719,0.5708,0.4858,0.2593
C000186,2025-08-11,Mobile App,Mobile App,Marmara,35-44,Gold,1,Growth,,1.1926,0.6986,0.355,0.1304
C000187,2022-12-21,Mobile App,Mobile App,Central Anatolia,25-34,Bronze,1,One-time,2023-02-19,0.8429,0.2085,0.7513,0.2602
C000188,2022-09-18,Marketplace,Marketplace,Black Sea,35-44,Silver,1,Deal Seeker,2022-10-18,0.9685,0.7774,0.8635,0.2551
C000189,2025-04-20,Web,Web,Marmara,18-24,Bronze,1,Deal Seeker,,1.1591,0.6332,0.8273,0.1288
C000190,2023-12-19,Web,Web,Central Anatolia,45-54,Silver,1,Growth,2025-08-10,1.4148,0.6452,0.3944,0.0943
C000191,2023-07-17,Mobile App,Mobile App,Marmara,45-54,Bronze,1,One-time,2023-11-14,0.809,0.2089,0.7536,0.3536
C000192,2024-09-24,Mobile App,Mobile App,Marmara,55+,Silver,1,Routine,,0.7034,0.5839,0.4683,0.1833
C000193,2024-08-07,Web,Web,Marmara,45-54,Gold,1,High Value Loyal,,2.4383,0.7815,0.3287,0.0839
C000194,2024-04-08,Store,Store,Aegean,45-54,Silver,1,Deal Seeker,,0.9296,0.7756,0.6881,0.3104
C000195,2024-07-22,Marketplace,Marketplace,Marmara,25-34,Silver,1,Growth,,1.4091,0.5743,0.5791,0.2091
C000196,2024-11-04,Mobile App,Mobile App,Black Sea,18-24,Gold,1,Growth,,1.6027,0.5814,0.409,0.2321
C000197,2022-12-14,Mobile App,Mobile App,Marmara,45-54,Gold,1,High Value Loyal,2024-10-04,1.9656,0.7615,0.27,0.02
C000198,2024-12-20,Web,Web,Marmara,55+,Gold,1,High Value Loyal,,1.3742,0.818,0.174,0.02
C000199,2023-09-25,Store,Store,Marmara,25-34,Gold,1,Growth,,1.0329,0.638,0.3342,0.2326
C000200,2024-09-03,Marketplace,Marketplace,Mediterranean,35-44,Bronze,1,Routine,,0.6495,0.5387,0.3831,0.1663
C000201,2025-11-04,Web,Web,Eastern Anatolia,35-44,Bronze,0,Deal Seeker,,0.9519,0.4583,0.8974,0.181
C000202,2024-12-02,Store,Store,Black Sea,55+,Silver,1,Growth,,1.4954,0.7398,0.5326,0.1986
C000203,2025-12-23,Web,Web,Marmara,35-44,Bronze,1,Deal Seeker,,0.8353,0.5595,0.9731,0.2215
C000204,2024-04-17,Mobile App,Mobile App,Central Anatolia,35-44,Silver,1,Growth,,1.6639,0.7156,0.2752,0.0234
C000205,2023-02-21,Marketplace,Marketplace,Aegean,25-34,Silver,0,Routine,2023-03-23,1.0558,0.5582,0.2964,0.1616
C000206,2023-09-04,Web,Web,Marmara,35-44,Platinum,1,High Value Loyal,,1.2799,0.7032,0.2268,0.183
C000207,2025-11-18,Mobile App,Mobile App,Marmara,35-44,Gold,1,At Risk,,1.0506,0.324,0.5101,0.5268
C000208,2024-07-04,Web,Web,Black Sea,55+,Bronze,1,One-time,2024-12-01,0.696,0.1481,0.4725,0.4037
C000209,2024-06-12,Store,Store,Marmara,25-34,Bronze,1,Routine,,0.7774,0.521,0.3117,0.1891
C000210,2024-04-02,Marketplace,Marketplace,Black Sea,55+,Gold,1,At Risk,2024-07-01,1.2923,0.4558,0.4981,0.457
C000211,2023-12-20,Marketplace,Marketplace,Marmara,25-34,Gold,1,Growth,,0.9861,0.6249,0.4676,0.1712
C000212,2025-11-05,Marketplace,Marketplace,Marmara,35-44,Silver,1,Routine,,0.7046,0.507,0.3491,0.3151
C000213,2025-11-05,Marketplace,Marketplace,Black Sea,35-44,Silver,1,Routine,,0.6226,0.4675,0.1083,0.2083
C000214,2024-12-07,Store,Store,Marmara,45-54,Bronze,1,Routine,2025-03-07,0.7827,0.4959,0.2754,0.0461
C000215,2025-11-21,Marketplace,Marketplace,Southeastern Anatolia,25-34,Bronze,0,Deal Seeker,,0.8062,0.5934,0.9596,0.2446
C000216,2025-06-18,Marketplace,Marketplace,Mediterranean,18-24,Silver,1,Routine,,0.8553,0.5605,0.3023,0.0263
C000217,2024-03-10,Mobile App,Mobile App,Black Sea,45-54,Bronze,1,Routine,2025-03-05,1.2041,0.4162,0.3065,0.2359
C000218,2025-01-01,Mobile App,Mobile App,Mediterranean,25-34,Bronze,0,One-time,2025-05-31,0.7022,0.2645,0.6165,0.3901
C000219,2025-03-09,Store,Store,Central Anatolia,25-34,Gold,1,High Value Loyal,,1.719,0.8771,0.0729,0.0446
C000220,2025-07-19,Marketplace,Marketplace,Central Anatolia,55+,Silver,1,Deal Seeker,,0.9377,0.6961,0.5728,0.3035
C000221,2022-04-03,Web,Web,Aegean,25-34,Gold,1,High Value Loyal,,1.9523,0.7418,0.1806,0.1033
C000222,2023-10-14,Web,Web,Southeastern Anatolia,25-34,Silver,1,Deal Seeker,2024-04-11,0.8929,0.6613,0.8022,0.2056
C000223,2022-11-16,Store,Store,Marmara,45-54,Bronze,1,Routine,,1.0138,0.7028,0.3129,0.1717
C000224,2022-11-16,Mobile App,Mobile App,Aegean,35-44,Silver,1,Growth,2023-12-11,1.2926,0.7801,0.3802,0.1844
C000225,2023-01-06,Mobile App,Mobile App,Black Sea,35-44,Platinum,1,High Value Loyal,2024-11-26,2.2149,0.8501,0.2319,0.047
C000226,2025-12-22,Marketplace,Marketplace,Central Anatolia,35-44,Silver,1,Growth,,1.3778,0.707,0.4196,0.1978
C000227,2025-10-06,Web,Web,Aegean,55+,Silver,1,At Risk,2025-11-05,0.942,0.6149,0.5281,0.4414
C000228,2024-02-11,Store,Store,Aegean,25-34,Gold,1,Growth,,1.3682,0.7054,0.4461,0.1006
C000229,2023-12-03,Mobile App,Mobile App,Marmara,35-44,Silver,1,Growth,2025-06-25,1.1376,0.6656,0.3834,0.257
C000230,2022-04-06,Web,Web,Mediterranean,35-44,Bronze,1,Routine,,0.8892,0.548,0.2924,0.1774
C000231,2025-12-09,Mobile App,Mobile App,Marmara,25-34,Gold,1,High Value Loyal,,1.5166,0.7997,0.2258,0.1053
C000232,2023-07-21,Mobile App,Mobile App,Marmara,55+,Bronze,1,Deal Seeker,2025-10-08,0.6821,0.6083,0.9125,0.2089
C000233,2022-03-03,Web,Web,Black Sea,55+,Silver,1,Growth,2023-02-26,1.1124,0.7625,0.3659,0.1943
C000234,2024-10-03,Marketplace,Marketplace,Black Sea,25-34,Bronze,1,Deal Seeker,,1.1978,0.539,0.7675,0.2016
C000235,2023-12-11,Marketplace,Marketplace,Black Sea,45-54,Silver,1,At Risk,2025-05-04,0.9011,0.2229,0.4347,0.5029
C000236,2022-08-15,Mobile App,Mobile App,Central Anatolia,45-54,Silver,1,Growth,2023-07-11,1.4808,0.7284,0.4223,0.2287
C000237,2024-09-24,Mobile App,Mobile App,Mediterranean,25-34,Silver,1,Deal Seeker,2024-11-23,0.9839,0.66,0.7363,0.1644
C000238,2024-01-15,Mobile App,Mobile App,Marmara,35-44,Gold,1,High Value Loyal,,1.7394,0.8027,0.209,0.2027
C000239,2025-12-01,Marketplace,Marketplace,Central Anatolia,25-34,Bronze,0,Routine,,0.7098,0.5392,0.4424,0.2417
C000240,2024-09-14,Mobile App,Mobile App,Marmara,25-34,Silver,1,At Risk,2024-10-14,1.1669,0.3471,0.559,0.5784
C000241,2025-02-17,Mobile App,Mobile App,Marmara,45-54,Silver,1,Growth,,1.0865,0.7952,0.219,0.1409
C000242,2023-04-26,Web,Web,Aegean,45-54,Gold,1,Growth,,1.4239,0.8063,0.5408,0.1193
C000243,2025-01-20,Marketplace,Marketplace,Marmara,45-54,Silver,1,Deal Seeker,,0.8354,0.5776,0.7769,0.1614
C000244,2022-06-07,Web,Web,Southeastern Anatolia,35-44,Silver,0,Growth,,1.4171,0.7417,0.2741,0.2288
C000245,2025-12-06,Store,Store,Marmara,25-34,Gold,1,Growth,,1.3091,0.6513,0.2945,0.0708
C000246,2025-01-07,Web,Web,Marmara,25-34,Silver,1,Deal Seeker,2025-06-06,0.8241,0.5393,0.8672,0.3032
C000247,2025-12-03,Marketplace,Marketplace,Marmara,25-34,Gold,1,At Risk,,1.0545,0.3566,0.2705,0.4524
C000248,2025-09-19,Web,Web,Marmara,25-34,Silver,1,Deal Seeker,,1.4479,0.6421,0.7964,0.3642
C000249,2022-12-06,Mobile App,Mobile App,Central Anatolia,35-44,Silver,1,At Risk,2023-12-01,0.9873,0.3243,0.4267,0.481
C000250,2024-11-12,Marketplace,Marketplace,Marmara,45-54,Gold,1,High Value Loyal,,1.2824,0.7655,0.2872,0.02
C000251,2024-01-17,Web,Web,Marmara,35-44,Bronze,1,Routine,,0.6523,0.5454,0.309,0.2572
C000252,2022-12-10,Mobile App,Mobile App,Mediterranean,18-24,Bronze,1,One-time,2023-09-06,1.0487,0.2936,0.7081,0.4139
C000253,2022-05-10,Web,Web,Marmara,25-34,Silver,1,Deal Seeker,2025-09-21,1.356,0.6756,0.98,0.2392
C000254,2025-01-12,Store,Store,Central Anatolia,45-54,Bronze,1,Deal Seeker,2025-09-09,1.0015,0.5558,0.98,0.2845
C000255,2024-06-23,Marketplace,Marketplace,Black Sea,35-44,Platinum,1,High Value Loyal,,1.8309,0.7857,0.3076,0.0648
C000256,2024-05-13,Mobile App,Mobile App,Aegean,35-44,Silver,1,Deal Seeker,,0.8509,0.5787,0.8665,0.2537
C000257,2025-09-20,Mobile App,Mobile App,Mediterranean,45-54,Silver,1,Growth,,1.061,0.7703,0.3681,0.2169
C000258,2024-06-16,Mobile App,Mobile App,Black Sea,25-34,Silver,1,At Risk,2024-10-14,0.9054,0.2735,0.4873,0.3725
C000259,2023-09-15,Marketplace,Marketplace,Marmara,35-44,Silver,1,Growth,,1.2654,0.7815,0.5184,0.0621
C000260,2024-01-12,Mobile App,Mobile App,Marmara,35-44,Gold,1,Growth,,1.1784,0.7624,0.4672,0.1338
C000261,2023-02-23,Mobile App,Mobile App,Marmara,25-34,Platinum,1,High Value Loyal,,1.4701,0.8051,0.2954,0.158
C000262,2023-09-19,Marketplace,Marketplace,Marmara,45-54,Gold,1,Growth,2025-03-12,1.5072,0.674,0.4643,0.2862
C000263,2025-07-04,Store,Store,Aegean,35-44,Bronze,1,Deal Seeker,,0.7839,0.6475,0.7414,0.2745
C000264,2023-10-16,Marketplace,Marketplace,Central Anatolia,35-44,Silver,1,Growth,,1.7299,0.6616,0.3653,0.2426
C000265,2023-06-20,Mobile App,Mobile App,Marmara,25-34,Gold,1,Growth,2023-07-20,1.1739,0.7113,0.4734,0.2209
C000266,2025-04-06,Store,Store,Marmara,55+,Silver,1,Growth,,1.3804,0.6817,0.4409,0.2714
C000267,2025-09-24,Marketplace,Marketplace,Southeastern Anatolia,25-34,Gold,1,High Value Loyal,,1.5381,0.8063,0.1902,0.1165
C000268,2025-01-14,Mobile App,Mobile App,Aegean,45-54,Gold,1,Growth,,1.3317,0.4971,0.2615,0.0653
C000269,2024-11-21,Marketplace,Marketplace,Marmara,25-34,Bronze,1,Routine,,0.8826,0.4499,0.3667,0.2465
C000270,2022-03-10,Mobile App,Mobile App,Central Anatolia,55+,Bronze,1,Deal Seeker,2022-04-09,0.9039,0.5384,0.6621,0.2253
C000271,2023-11-10,Marketplace,Marketplace,Aegean,18-24,Bronze,1,Routine,2024-07-07,0.9345,0.5811,0.3838,0.1888
C000272,2024-10-09,Marketplace,Marketplace,Central Anatolia,35-44,Silver,1,Deal Seeker,,0.8425,0.5541,0.7784,0.2846
C000273,2022-03-09,Web,Web,Marmara,35-44,Silver,0,Deal Seeker,,0.9247,0.6314,0.7554,0.3022
C000274,2024-12-24,Mobile App,Mobile App,Aegean,25-34,Silver,1,Routine,2025-02-22,0.8512,0.5778,0.4124,0.2192
C000275,2023-11-09,Web,Web,Marmara,25-34,Gold,1,High Value Loyal,,1.9806,0.7387,0.2629,0.1981
C000276,2024-11-24,Marketplace,Marketplace,Southeastern Anatolia,45-54,Gold,1,At Risk,,1.274,0.4146,0.5009,0.5098
C000277,2023-08-10,Store,Store,Southeastern Anatolia,35-44,Bronze,1,Routine,2024-04-06,1.0424,0.5848,0.383,0.02
C000278,2024-10-12,Marketplace,Marketplace,Marmara,18-24,Bronze,0,Deal Seeker,,0.9251,0.6219,0.7009,0.3199
C000279,2022-05-03,Marketplace,Marketplace,Marmara,25-34,Silver,1,Routine,2023-01-28,0.6813,0.5729,0.4069,0.2466
C000280,2025-12-25,Store,Store,Southeastern Anatolia,35-44,Bronze,0,Deal Seeker,,0.9021,0.5288,0.8142,0.1523
C000281,2022-11-10,Web,Web,Central Anatolia,35-44,Silver,1,Growth,,1.1525,0.7265,0.3427,0.08
C000282,2025-04-12,Marketplace,Marketplace,Eastern Anatolia,35-44,Gold,1,High Value Loyal,,1.6323,0.9096,0.0745,0.1369
C000283,2024-12-03,Mobile App,Mobile App,Aegean,18-24,Bronze,1,Routine,2025-09-29,0.5687,0.5954,0.4434,0.2861
C000284,2023-08-21,Marketplace,Marketplace,Marmara,35-44,Platinum,1,High Value Loyal,2024-04-17,1.9042,0.7522,0.2138,0.02
C000285,2025-11-01,Web,Web,Black Sea,25-34,Bronze,0,One-time,2025-12-01,0.7218,0.1941,0.6528,0.3852
C000286,2024-02-08,Web,Web,Marmara,45-54,Silver,1,Growth,2024-12-04,1.2903,0.7777,0.4284,0.0788
C000287,2025-04-15,Marketplace,Marketplace,Central Anatolia,18-24,Silver,1,At Risk,,1.2469,0.3256,0.6106,0.4134
C000288,2025-09-23,Web,Web,Marmara,55+,Bronze,1,One-time,,0.8293,0.2399,0.6418,0.2493
C000289,2024-05-13,Marketplace,Marketplace,Marmara,25-34,Silver,1,Routine,2025-05-08,0.8695,0.4968,0.413,0.2099
C000290,2024-02-22,Web,Web,Black Sea,25-34,Bronze,0,Deal Seeker,,0.7431,0.6012,0.7302,0.2779
C000291,2023-10-08,Marketplace,Marketplace,Southeastern Anatolia,35-44,Bronze,1,One-time,2024-04-05,0.7162,0.3121,0.7373,0.3007
C000292,2025-10-07,Mobile App,Mobile App,Aegean,35-44,Gold,1,At Risk,,1.2188,0.4567,0.318,0.5238
C000293,2025-10-13,Store,Store,Marmara,18-24,Silver,1,Growth,,1.4969,0.8462,0.344,0.0831
C000294,2022-05-18,Mobile App,Mobile App,Black Sea,45-54,Gold,1,Growth,2025-04-02,1.293,0.6318,0.4897,0.2466
C000295,2022-12-15,Store,Store,Mediterranean,35-44,Gold,1,High Value Loyal,2024-10-05,1.8495,0.7588,0.1441,0.1323
C000296,2023-07-05,Mobile App,Mobile App,Marmara,45-54,Bronze,1,One-time,2023-09-03,0.9228,0.1861,0.5473,0.353
C000297,2025-03-24,Web,Web,Marmara,18-24,Silver,1,Routine,,0.8033,0.4501,0.2079,0.214
C000298,2022-02-10,Web,Web,Marmara,35-44,Silver,0,At Risk,2022-10-08,0.9338,0.178,0.6068,0.4647
C000299,2024-01-10,Web,Web,Marmara,25-34,Silver,1,Routine,,0.6966,0.4353,0.3853,0.2518
C000300,2023-08-07,Web,Web,Mediterranean,25-34,Gold,1,High Value Loyal,,1.6621,0.8002,0.2965,0.1879
C000301,2024-05-12,Web,Web,Central Anatolia,45-54,Gold,1,Growth,2025-04-07,1.233,0.721,0.4877,0.1767
C000302,2023-07-10,Mobile App,Mobile App,Southeastern Anatolia,45-54,Bronze,1,Routine,,1.0764,0.5096,0.3501,0.0986
C000303,2024-04-08,Marketplace,Marketplace,Mediterranean,35-44,Bronze,1,Routine,,1.056,0.4176,0.2431,0.1896
C000304,2022-11-05,Web,Web,Central Anatolia,25-34,Bronze,1,Routine,,0.7386,0.439,0.4229,0.1887
C000305,2022-08-07,Mobile App,Mobile App,Aegean,35-44,Gold,1,Growth,2023-04-04,1.316,0.6288,0.3697,0.2276
C000306,2025-01-24,Web,Web,Mediterranean,45-54,Silver,1,Routine,,1.0396,0.7292,0.3658,0.2006
C000307,2022-08-15,Marketplace,Marketplace,Marmara,35-44,Silver,1,Routine,2023-07-11,0.9479,0.4216,0.4496,0.3755
C000308,2025-10-09,Marketplace,Marketplace,Marmara,25-34,Silver,0,Growth,,1.3346,0.7065,0.4545,0.098
C000309,2025-07-03,Web,Web,Marmara,35-44,Gold,1,High Value Loyal,,2.0075,0.98,0.1928,0.0284
C000310,2024-09-11,Mobile App,Mobile App,Central Anatolia,25-34,Silver,1,At Risk,2025-05-09,1.0974,0.28,0.4761,0.5772
C000311,2023-04-14,Mobile App,Mobile App,Aegean,25-34,Bronze,1,Routine,,0.8957,0.417,0.4748,0.2656
C000312,2025-10-22,Mobile App,Mobile App,Mediterranean,25-34,Bronze,1,Deal Seeker,,0.8888,0.5862,0.8088,0.4049
C000313,2023-03-24,Marketplace,Marketplace,Central Anatolia,55+,Silver,1,Deal Seeker,2023-06-22,1.1439,0.6032,0.9235,0.1673
C000314,2023-11-23,Mobile App,Mobile App,Black Sea,25-34,Bronze,1,Deal Seeker,2024-05-21,1.2651,0.6411,0.7182,0.2877
C000315,2024-11-21,Store,Store,Marmara,55+,Bronze,0,Routine,,0.7464,0.6871,0.4321,0.1607
C000316,2025-09-13,Web,Web,Southeastern Anatolia,55+,Gold,1,Growth,,1.2172,0.7738,0.4939,0.0692
C000317,2025-09-18,Mobile App,Mobile App,Aegean,35-44,Gold,1,High Value Loyal,,2.3686,0.9211,0.252,0.1308
C000318,2025-08-19,Marketplace,Marketplace,Black Sea,55+,Gold,1,High Value Loyal,,2.5882,0.9042,0.3977,0.0358
C000319,2023-08-13,Web,Web,Central Anatolia,18-24,Platinum,1,High Value Loyal,,1.7086,0.8051,0.3217,0.1488
C000320,2025-10-16,Web,Web,Marmara,25-34,Bronze,1,One-time,,0.7979,0.1763,0.7286,0.4108
C000321,2022-08-14,Mobile App,Mobile App,Mediterranean,35-44,Silver,1,Deal Seeker,2023-07-10,0.9209,0.5692,0.8485,0.2715
C000322,2023-09-17,Marketplace,Marketplace,Aegean,25-34,Platinum,1,High Value Loyal,2025-02-08,1.544,0.8856,0.3326,0.1552
C000323,2025-12-25,Marketplace,Marketplace,Marmara,45-54,Silver,1,Routine,,0.9395,0.6,0.2714,0.0994
C000324,2025-05-03,Mobile App,Mobile App,Eastern Anatolia,35-44,Gold,1,Growth,,1.3329,0.7932,0.4237,0.1116
C000325,2023-01-11,Store,Store,Central Anatolia,25-34,Gold,0,At Risk,2024-03-06,1.2927,0.3356,0.4179,0.4509
C000326,2023-12-13,Web,Web,Marmara,35-44,Platinum,1,High Value Loyal,,1.7306,0.9196,0.111,0.1729
C000327,2025-09-19,Web,Web,Aegean,35-44,Gold,1,Growth,,1.1802,0.5632,0.3194,0.225
C000328,2023-06-12,Marketplace,Marketplace,Aegean,18-24,Bronze,1,Deal Seeker,,0.9962,0.4415,0.7702,0.2867
C000329,2022-12-03,Marketplace,Marketplace,Marmara,45-54,Gold,1,Growth,,0.9761,0.7523,0.4445,0.0885
C000330,2022-10-11,Web,Web,Marmara,35-44,Bronze,1,One-time,2023-11-05,0.6298,0.2884,0.665,0.347
C000331,2025-09-14,Mobile App,Mobile App,Aegean,18-24,Bronze,1,Deal Seeker,,1.1173,0.6257,0.7518,0.2759
C000332,2022-07-21,Marketplace,Marketplace,Marmara,45-54,Bronze,1,Deal Seeker,2023-12-13,0.9869,0.5996,0.9635,0.1338
C000333,2023-02-15,Mobile App,Mobile App,Eastern Anatolia,35-44,Silver,1,Deal Seeker,2024-01-11,0.997,0.5522,0.886,0.2932
C000334,2023-11-01,Marketplace,Marketplace,Central Anatolia,35-44,Silver,0,Growth,,0.9543,0.735,0.4113,0.1736
C000335,2022-07-05,Mobile App,Mobile App,Aegean,35-44,Bronze,1,Deal Seeker,2023-05-31,1.2609,0.551,0.93,0.2061
C000336,2024-06-02,Store,Store,Eastern Anatolia,45-54,Gold,1,High Value Loyal,2024-10-30,2.015,0.8119,0.3024,0.1596
C000337,2025-02-08,Marketplace,Marketplace,Marmara,18-24,Gold,1,Growth,,0.91,0.7964,0.392,0.1601
C000338,2023-10-13,Mobile App,Mobile App,Mediterranean,35-44,Bronze,1,Routine,2024-08-08,0.7098,0.3804,0.5378,0.2242
C000339,2025-12-18,Mobile App,Mobile App,Aegean,35-44,Bronze,1,Routine,,0.8307,0.4902,0.5127,0.18
C000340,2022-11-25,Store,Store,Marmara,25-34,Silver,1,Routine,2023-05-24,0.9598,0.561,0.3856,0.1318
C000341,2023-01-25,Store,Store,Central Anatolia,25-34,Gold,1,Growth,,1.4044,0.6735,0.5276,0.1618
C000342,2023-06-15,Mobile App,Mobile App,Marmara,25-34,Bronze,1,Deal Seeker,2023-08-14,0.9505,0.6838,0.7266,0.2686
C000343,2025-07-23,Marketplace,Marketplace,Mediterranean,25-34,Bronze,1,Routine,,1.0688,0.6339,0.295,0.1256
C000344,2025-04-02,Web,Web,Black Sea,35-44,Bronze,1,One-time,2025-05-02,0.6312,0.3203,0.6602,0.492
C000345,2023-05-22,Mobile App,Mobile App,Central Anatolia,35-44,Gold,0,Growth,2023-07-21,1.3453,0.4987,0.3724,0.1367
C000346,2025-04-18,Web,Web,Aegean,35-44,Silver,1,Growth,,1.4649,0.7939,0.194,0.2239
C000347,2022-12-23,Store,Store,Marmara,45-54,Gold,1,High Value Loyal,,1.6507,0.7291,0.3504,0.1192
C000348,2025-10-06,Mobile App,Mobile App,Central Anatolia,55+,Bronze,1,One-time,,0.6557,0.2953,0.5753,0.3886
C000349,2024-02-10,Web,Web,Marmara,45-54,Silver,1,Deal Seeker,,0.9879,0.7046,0.7818,0.2982
C000350,2022-12-14,Web,Web,Southeastern Anatolia,25-34,Platinum,1,High Value Loyal,,1.8928,0.8334,0.0788,0.1621
C000351,2024-10-02,Marketplace,Marketplace,Eastern Anatolia,35-44,Bronze,1,Deal Seeker,2025-05-30,0.884,0.6603,0.8098,0.1929
C000352,2022-05-14,Store,Store,Central Anatolia,25-34,Bronze,1,Routine,2023-10-06,0.9709,0.5687,0.5009,0.2145
C000353,2025-10-19,Mobile App,Mobile App,Marmara,25-34,Bronze,1,One-time,2025-11-18,0.6487,0.1182,0.6052,0.3214
C000354,2024-09-15,Web,Web,Southeastern Anatolia,25-34,Gold,1,High Value Loyal,,1.4586,0.769,0.1404,0.0528
C000355,2023-11-02,Mobile App,Mobile App,Marmara,25-34,Bronze,1,Deal Seeker,,1.1045,0.607,0.9004,0.2818
C000356,2022-08-19,Web,Web,Eastern Anatolia,18-24,Silver,1,At Risk,2024-04-10,0.8596,0.4381,0.412,0.4775
C000357,2022-03-04,Mobile App,Mobile App,Aegean,35-44,Silver,1,Growth,2022-05-03,1.2843,0.8459,0.5184,0.3691
C000358,2025-04-06,Web,Web,Aegean,45-54,Silver,1,Growth,,1.2138,0.5248,0.4256,0.2144
C000359,2023-10-08,Marketplace,Marketplace,Marmara,25-34,Gold,1,High Value Loyal,,1.6847,0.8434,0.2386,0.2094
C000360,2023-03-11,Mobile App,Mobile App,Black Sea,25-34,Silver,1,Growth,2025-10-26,1.0604,0.7434,0.4835,0.1121
C000361,2025-11-14,Mobile App,Mobile App,Eastern Anatolia,55+,Platinum,1,High Value Loyal,,1.6503,0.8631,0.0809,0.0201
C000362,2022-12-09,Web,Web,Central Anatolia,35-44,Silver,1,Routine,2025-10-24,0.8074,0.5042,0.4418,0.0954
C000363,2023-09-23,Web,Web,Southeastern Anatolia,55+,Bronze,1,Routine,2024-04-20,0.7531,0.5353,0.3226,0.2
C000364,2022-02-05,Web,Web,Marmara,55+,Gold,1,Growth,,1.1649,0.735,0.3873,0.1886
C000365,2025-10-06,Marketplace,Marketplace,Aegean,35-44,Gold,1,At Risk,,0.8702,0.3344,0.5502,0.5326
C000366,2025-06-05,Mobile App,Mobile App,Black Sea,25-34,Bronze,1,One-time,2025-09-03,0.5796,0.2247,0.6413,0.3444
C000367,2024-05-23,Web,Web,Aegean,25-34,Silver,1,At Risk,2024-08-21,0.9422,0.3272,0.2964,0.4823
C000368,2022-09-17,Mobile App,Mobile App,Aegean,25-34,Silver,1,Growth,2023-02-14,1.1614,0.7859,0.4634,0.1771
C000369,2025-03-20,Web,Web,Marmara,18-24,Gold,1,High Value Loyal,,1.9077,0.7327,0.1563,0.1783
C000370,2025-06-10,Web,Web,Marmara,25-34,Bronze,1,One-time,2025-07-10,0.9806,0.4182,0.7196,0.3082
C000371,2024-06-23,Mobile App,Mobile App,Southeastern Anatolia,55+,Bronze,1,Deal Seeker,2025-01-19,0.9294,0.44,0.7368,0.3102
C000372,2023-11-03,Mobile App,Mobile App,Marmara,18-24,Gold,1,Growth,,1.7558,0.6907,0.3919,0.0848
C000373,2025-02-01,Mobile App,Mobile App,Mediterranean,18-24,Gold,0,Growth,2025-07-31,1.2332,0.7943,0.4146,0.105
C000374,2024-02-07,Marketplace,Marketplace,Southeastern Anatolia,18-24,Gold,1,High Value Loyal,2024-09-04,2.7887,0.6264,0.2474,0.1157
C000375,2025-11-26,Store,Store,Mediterranean,35-44,Bronze,1,Routine,,0.7888,0.6097,0.2627,0.198
C000376,2025-04-09,Mobile App,Mobile App,Mediterranean,25-34,Bronze,1,Routine,,0.9658,0.5367,0.4599,0.1846
C000377,2022-08-04,Mobile App,Mobile App,Marmara,18-24,Gold,1,Growth,2024-05-25,1.0747,0.7738,0.3861,0.1865
C000378,2025-11-02,Marketplace,Marketplace,Central Anatolia,35-44,Silver,1,Growth,,1.3708,0.7172,0.5446,0.1042
C000379,2024-02-06,Marketplace,Marketplace,Marmara,25-34,Silver,1,Routine,,0.9397,0.5336,0.3976,0.1083
C000380,2024-04-05,Store,Store,Marmara,35-44,Gold,0,High Value Loyal,,1.6929,0.8738,0.1515,0.1354
C000381,2024-05-25,Web,Web,Eastern Anatolia,55+,Bronze,1,Routine,,0.977,0.5679,0.3128,0.2208
C000382,2023-04-20,Web,Web,Marmara,25-34,Gold,1,Growth,,1.2634,0.7141,0.2701,0.1258
C000383,2024-09-17,Marketplace,Marketplace,Mediterranean,18-24,Silver,0,At Risk,2025-03-16,0.8202,0.363,0.1524,0.5871
C000384,2024-03-09,Marketplace,Marketplace,Marmara,18-24,Silver,1,Growth,,1.0959,0.7094,0.2209,0.103
C000385,2024-01-19,Web,Web,Aegean,18-24,Gold,1,At Risk,2024-02-18,1.1758,0.32,0.4145,0.4158
C000386,2025-11-25,Web,Web,Marmara,25-34,Silver,1,Growth,,0.902,0.6826,0.4085,0.2247
C000387,2024-09-19,Web,Web,Marmara,18-24,Silver,1,Routine,,0.807,0.5407,0.4311,0.0937
C000388,2025-09-15,Web,Web,Marmara,45-54,Gold,1,High Value Loyal,,2.0656,0.7027,0.2132,0.0974
C000389,2025-09-22,Marketplace,Marketplace,Marmara,18-24,Bronze,1,Routine,,0.8344,0.5295,0.2265,0.2711
C000390,2022-07-03,Store,Store,Black Sea,45-54,Bronze,1,Routine,2025-06-17,0.9837,0.4238,0.5028,0.2894
C000391,2022-03-09,Mobile App,Mobile App,Black Sea,25-34,Silver,1,Deal Seeker,,0.7016,0.4914,0.6925,0.299
C000392,2024-10-16,Marketplace,Marketplace,Central Anatolia,25-34,Silver,1,Growth,2025-09-11,1.2397,0.6813,0.5375,0.2437
C000393,2022-01-09,Web,Web,Marmara,45-54,Silver,1,Deal Seeker,2022-05-09,1.2622,0.5497,0.6952,0.1922
C000394,2022-11-10,Mobile App,Mobile App,Mediterranean,45-54,Bronze,1,Routine,,0.7446,0.4214,0.4036,0.1561
C000395,2023-04-03,Mobile App,Mobile App,Black Sea,45-54,Silver,1,Routine,2023-08-31,0.6201,0.5774,0.4633,0.1411
C000396,2023-10-02,Mobile App,Mobile App,Mediterranean,35-44,Bronze,1,Deal Seeker,,1.1415,0.6538,0.7257,0.1901
C000397,2023-11-17,Marketplace,Marketplace,Marmara,18-24,Platinum,1,High Value Loyal,,1.4923,0.8185,0.2771,0.1685
C000398,2024-02-26,Web,Web,Central Anatolia,45-54,Silver,1,Deal Seeker,2024-12-22,0.9083,0.7284,0.7908,0.2173
C000399,2024-08-16,Web,Web,Marmara,18-24,Silver,1,Growth,2025-11-09,1.2937,0.516,0.4465,0.0827
C000400,2025-10-21,Mobile App,Mobile App,Marmara,45-54,Silver,1,Routine,,0.8061,0.5206,0.1799,0.2471
C000401,2023-12-05,Web,Web,Southeastern Anatolia,25-34,Bronze,1,Routine,2025-01-28,0.8763,0.4708,0.45,0.1152
C000402,2025-11-15,Web,Web,Marmara,25-34,Gold,1,High Value Loyal,,2.13,0.8039,0.0552,0.0675
C000403,2023-11-17,Web,Web,Marmara,55+,Bronze,1,Routine,,0.6719,0.4792,0.4011,0.1546
C000404,2024-07-01,Mobile App,Mobile App,Southeastern Anatolia,25-34,Silver,1,At Risk,,0.9073,0.2928,0.4283,0.4928
C000405,2025-11-04,Web,Web,Mediterranean,35-44,Silver,1,Routine,,1.0422,0.6504,0.3175,0.2392
C000406,2025-10-14,Mobile App,Mobile App,Marmara,25-34,Bronze,1,Deal Seeker,,0.9899,0.5864,0.7853,0.3791
C000407,2024-10-15,Web,Web,Aegean,45-54,Bronze,1,One-time,2024-11-14,0.6637,0.3813,0.7336,0.3354
C000408,2025-10-26,Mobile App,Mobile App,Marmara,25-34,Silver,1,Growth,,1.4466,0.6456,0.4604,0.2235
C000409,2025-06-06,Web,Web,Central Anatolia,18-24,Silver,1,Routine,,0.7764,0.518,0.3315,0.3028
C000410,2022-11-18,Mobile App,Mobile App,Marmara,25-34,Gold,1,Growth,2024-05-11,1.0653,0.8219,0.3968,0.1
C000411,2023-09-03,Mobile App,Mobile App,Aegean,55+,Silver,1,Growth,,1.2345,0.743,0.3353,0.2063
C000412,2022-12-20,Web,Web,Eastern Anatolia,35-44,Bronze,1,Deal Seeker,,0.7691,0.697,0.7265,0.2576
C000413,2023-12-24,Store,Store,Aegean,25-34,Gold,1,Growth,,1.6739,0.7503,0.4065,0.1001
C000414,2023-07-13,Store,Store,Mediterranean,35-44,Bronze,1,Routine,2025-12-29,0.9138,0.5774,0.5617,0.2237
C000415,2022-01-05,Marketplace,Marketplace,Mediterranean,25-34,Bronze,1,Deal Seeker,2022-11-01,0.8361,0.604,0.6181,0.2369
C000416,2022-07-02,Web,Web,Southeastern Anatolia,18-24,Bronze,1,One-time,2022-12-29,0.6293,0.1902,0.6039,0.3339
C000417,2023-08-24,Web,Web,Aegean,55+,Bronze,1,Routine,2025-12-11,0.5687,0.6562,0.2669,0.2037
C000418,2025-04-12,Mobile App,Mobile App,Marmara,25-34,Platinum,1,High Value Loyal,,1.7777,0.8684,0.2152,0.1175
C000419,2025-11-11,Marketplace,Marketplace,Marmara,35-44,Bronze,0,Routine,,0.8682,0.5705,0.4682,0.1279
C000420,2024-08-24,Marketplace,Marketplace,Black Sea,25-34,Gold,0,High Value Loyal,,1.7824,0.8351,0.1788,0.1464
C000421,2023-06-23,Mobile App,Mobile App,Aegean,25-34,Silver,1,Routine,2023-07-23,0.868,0.5729,0.2642,0.2426
C000422,2024-10-22,Marketplace,Marketplace,Southeastern Anatolia,35-44,Gold,1,Growth,2025-11-16,1.0754,0.6723,0.4392,0.0943
C000423,2023-11-19,Mobile App,Mobile App,Mediterranean,18-24,Silver,1,Routine,,0.8342,0.5418,0.489,0.2356
C000424,2024-11-22,Marketplace,Marketplace,Aegean,35-44,Gold,1,Growth,2024-12-22,1.2752,0.6267,0.5554,0.2728
C000425,2025-02-16,Store,Store,Eastern Anatolia,25-34,Silver,0,Growth,,1.0713,0.6314,0.2533,0.0946
C000426,2025-08-24,Web,Web,Marmara,35-44,Gold,1,At Risk,,0.8991,0.4079,0.4273,0.4418
C000427,2025-11-22,Marketplace,Marketplace,Aegean,45-54,Bronze,0,Deal Seeker,,0.7861,0.5094,0.6605,0.1794
C000428,2022-11-18,Mobile App,Mobile App,Central Anatolia,18-24,Bronze,1,Deal Seeker,2024-01-12,1.5454,0.4994,0.9555,0.1871
C000429,2025-08-14,Mobile App,Mobile App,Black Sea,35-44,Bronze,1,Routine,,0.9895,0.5692,0.3249,0.2567
C000430,2025-12-05,Mobile App,Mobile App,Central Anatolia,35-44,Bronze,1,Routine,,0.8852,0.5885,0.3282,0.2222
C000431,2023-05-13,Marketplace,Marketplace,Aegean,45-54,Bronze,1,One-time,2023-07-12,0.765,0.2276,0.8449,0.2233
C000432,2025-08-02,Web,Web,Eastern Anatolia,55+,Gold,1,High Value Loyal,,1.6276,0.7432,0.05,0.1212
C000433,2025-09-12,Store,Store,Aegean,35-44,Bronze,1,Routine,,0.9908,0.6183,0.3666,0.2068
C000434,2024-03-03,Web,Web,Marmara,25-34,Bronze,1,Deal Seeker,,0.7702,0.5145,0.8139,0.1117
C000435,2024-12-06,Mobile App,Mobile App,Marmara,45-54,Bronze,1,One-time,2025-07-04,0.5811,0.2055,0.5543,0.261
C000436,2025-03-14,Web,Web,Southeastern Anatolia,25-34,Silver,1,Routine,,0.9367,0.4948,0.3595,0.24
C000437,2023-02-23,Marketplace,Marketplace,Aegean,35-44,Gold,1,Growth,2023-09-21,1.1099,0.4784,0.3525,0.1789
C000438,2023-09-16,Web,Web,Marmara,25-34,Silver,1,Growth,,1.2222,0.8316,0.1945,0.1636
C000439,2025-04-03,Marketplace,Marketplace,Black Sea,25-34,Silver,0,Deal Seeker,,0.9171,0.6006,0.6548,0.259
C000440,2025-04-15,Mobile App,Mobile App,Central Anatolia,45-54,Bronze,1,Deal Seeker,,1.0166,0.6265,0.877,0.1706
C000441,2024-10-20,Web,Web,Southeastern Anatolia,55+,Silver,1,Growth,,1.2166,0.688,0.356,0.1445
C000442,2024-09-25,Marketplace,Marketplace,Mediterranean,55+,Gold,1,High Value Loyal,,1.7907,0.7046,0.1965,0.0591
C000443,2024-08-04,Mobile App,Mobile App,Aegean,55+,Bronze,1,Deal Seeker,,1.0417,0.5995,0.7427,0.2891
C000444,2022-08-08,Web,Web,Mediterranean,35-44,Gold,1,Growth,,1.2284,0.631,0.2629,0.2574
C000445,2023-04-19,Marketplace,Marketplace,Aegean,35-44,Gold,1,Growth,,1.186,0.6838,0.2701,0.1225
C000446,2025-03-09,Mobile App,Mobile App,Eastern Anatolia,25-34,Bronze,1,Deal Seeker,2025-12-04,1.0742,0.6592,0.8539,0.2522
C000447,2023-10-14,Mobile App,Mobile App,Marmara,55+,Bronze,1,Deal Seeker,,1.147,0.5778,0.7799,0.2255
C000448,2024-09-22,Store,Store,Black Sea,25-34,Silver,0,Routine,,0.7277,0.5758,0.4107,0.088
C000449,2025-11-04,Mobile App,Mobile App,Black Sea,25-34,Platinum,1,High Value Loyal,,1.8321,0.7453,0.232,0.1792
C000450,2025-06-09,Store,Store,Central Anatolia,45-54,Gold,1,At Risk,,0.9983,0.3124,0.5551,0.4453
C000451,2023-09-17,Mobile App,Mobile App,Central Anatolia,45-54,Silver,1,Deal Seeker,2024-11-10,1.093,0.5068,0.7723,0.262
C000452,2024-02-14,Marketplace,Marketplace,Black Sea,18-24,Silver,0,Deal Seeker,,0.6676,0.5732,0.8707,0.2297
C000453,2023-11-26,Marketplace,Marketplace,Marmara,45-54,Silver,1,Deal Seeker,,1.0794,0.6402,0.7036,0.3879
C000454,2022-03-13,Web,Web,Aegean,45-54,Silver,1,Deal Seeker,2022-07-11,0.9032,0.4705,0.7704,0.0583
C000455,2023-08-21,Store,Store,Marmara,55+,Silver,1,Growth,2025-02-11,1.5507,0.7506,0.3695,0.0537
C000456,2022-01-09,Mobile App,Mobile App,Mediterranean,45-54,Bronze,1,Deal Seeker,2023-03-05,0.81,0.6099,0.8259,0.1222
C000457,2024-03-22,Mobile App,Mobile App,Southeastern Anatolia,18-24,Bronze,1,One-time,2025-02-15,0.5508,0.3487,0.7331,0.3836
C000458,2025-09-17,Mobile App,Mobile App,Marmara,18-24,Gold,1,At Risk,,1.2389,0.3602,0.4271,0.48
C000459,2025-01-01,Web,Web,Aegean,35-44,Bronze,1,Routine,,0.6164,0.7024,0.3728,0.238
C000460,2023-10-23,Marketplace,Marketplace,Black Sea,25-34,Silver,1,Routine,2024-06-19,0.9606,0.5103,0.3074,0.2591
C000461,2022-08-01,Store,Store,Aegean,35-44,Silver,0,Routine,,0.885,0.6248,0.2535,0.2016
C000462,2023-10-19,Mobile App,Mobile App,Black Sea,45-54,Gold,1,Growth,,0.9189,0.6763,0.3216,0.1509
C000463,2025-05-09,Marketplace,Marketplace,Marmara,45-54,Bronze,1,One-time,,0.9068,0.1757,0.5774,0.4212
C000464,2023-09-04,Store,Store,Black Sea,25-34,Bronze,1,Routine,,0.8081,0.4845,0.3812,0.1722
C000465,2022-06-03,Mobile App,Mobile App,Mediterranean,18-24,Silver,1,Routine,2023-12-25,0.8628,0.6379,0.4068,0.2365
C000466,2023-01-11,Mobile App,Mobile App,Marmara,55+,Bronze,1,Routine,2024-01-06,0.7056,0.5186,0.374,0.0849
C000467,2023-10-26,Web,Web,Aegean,25-34,Silver,1,Deal Seeker,2024-04-23,1.4096,0.5539,0.6758,0.2607
C000468,2022-09-20,Marketplace,Marketplace,Black Sea,25-34,Bronze,1,Deal Seeker,2022-11-19,0.7709,0.5879,0.89,0.2034
C000469,2025-02-24,Mobile App,Mobile App,Mediterranean,55+,Silver,1,Deal Seeker,,1.0201,0.5695,0.9614,0.1661
C000470,2025-10-18,Web,Web,Central Anatolia,55+,Platinum,1,High Value Loyal,,1.3819,0.7177,0.181,0.1233
C000471,2024-04-10,Mobile App,Mobile App,Marmara,18-24,Gold,0,Growth,,1.052,0.7214,0.4482,0.2811
C000472,2025-10-19,Web,Web,Aegean,35-44,Gold,1,High Value Loyal,,1.7838,0.9608,0.2718,0.2042
C000473,2022-12-03,Web,Web,Mediterranean,35-44,Gold,1,Growth,2025-03-22,1.4415,0.7794,0.2497,0.073
C000474,2023-09-25,Marketplace,Marketplace,Marmara,55+,Bronze,1,Deal Seeker,2024-09-19,0.7615,0.5934,0.8495,0.206
C000475,2024-06-21,Web,Web,Southeastern Anatolia,25-34,Bronze,1,One-time,2024-07-21,0.8582,0.3462,0.7679,0.4854
C000476,2024-04-07,Web,Web,Marmara,35-44,Silver,1,Growth,,1.2113,0.7121,0.4476,0.2474
C000477,2022-10-07,Mobile App,Mobile App,Aegean,35-44,Bronze,0,Deal Seeker,2024-02-29,1.2188,0.6786,0.7935,0.1861
C000478,2023-03-06,Marketplace,Marketplace,Eastern Anatolia,45-54,Bronze,1,Deal Seeker,,0.7682,0.5941,0.8287,0.2154
C000479,2025-07-06,Web,Web,Marmara,55+,Silver,1,Deal Seeker,,1.0611,0.6256,0.7887,0.246
C000480,2025-11-13,Mobile App,Mobile App,Mediterranean,18-24,Silver,1,Deal Seeker,,0.9547,0.7386,0.6954,0.1765
C000481,2024-01-20,Web,Web,Aegean,25-34,Bronze,1,Routine,2024-06-18,0.8751,0.4278,0.2557,0.0552
C000482,2022-11-16,Store,Store,Eastern Anatolia,18-24,Platinum,1,High Value Loyal,2024-09-06,1.578,0.8664,0.1547,0.2381
C000483,2023-12-24,Marketplace,Marketplace,Southeastern Anatolia,35-44,Gold,1,Growth,,0.9598,0.695,0.451,0.2603
C000484,2025-02-11,Web,Web,Eastern Anatolia,18-24,Gold,1,At Risk,2025-10-09,1.3419,0.2181,0.5839,0.4668
C000485,2025-08-10,Web,Web,Marmara,35-44,Silver,1,Deal Seeker,,0.6805,0.6555,0.9317,0.2263
C000486,2022-10-13,Web,Web,Central Anatolia,35-44,Gold,1,High Value Loyal,,2.2031,0.7515,0.1327,0.1406
C000487,2025-12-03,Marketplace,Marketplace,Central Anatolia,35-44,Bronze,1,One-time,,0.6478,0.1489,0.6539,0.4474
C000488,2025-05-14,Web,Web,Central Anatolia,25-34,Silver,1,Routine,,0.5723,0.49,0.502,0.1654
C000489,2025-08-07,Marketplace,Marketplace,Marmara,35-44,Silver,1,Routine,,0.9957,0.4802,0.2429,0.0514
C000490,2022-11-01,Marketplace,Marketplace,Marmara,35-44,Gold,1,At Risk,2022-12-01,0.9307,0.3424,0.4836,0.4434
C000491,2023-12-15,Web,Web,Marmara,25-34,Silver,1,Routine,,0.8295,0.4575,0.3114,0.2617
C000492,2022-12-26,Marketplace,Marketplace,Marmara,35-44,Bronze,1,One-time,2023-07-24,0.8332,0.1381,0.5613,0.3084
C000493,2024-11-11,Store,Store,Marmara,25-34,Gold,0,At Risk,,0.9473,0.2892,0.4937,0.4614
C000494,2024-09-26,Mobile App,Mobile App,Aegean,25-34,Silver,1,Growth,,1.3366,0.5974,0.4177,0.0839
C000495,2023-04-09,Mobile App,Mobile App,Marmara,35-44,Silver,1,Growth,,1.0904,0.8091,0.2398,0.1109
C000496,2024-07-26,Mobile App,Mobile App,Marmara,35-44,Silver,1,Growth,2024-08-25,1.2775,0.6866,0.4771,0.2326
C000497,2024-11-18,Web,Web,Mediterranean,35-44,Bronze,1,Routine,,0.7053,0.6434,0.4565,0.2865
C000498,2022-09-15,Store,Store,Aegean,25-34,Gold,1,High Value Loyal,2025-05-02,1.5878,0.9031,0.4084,0.02
C000499,2025-04-02,Mobile App,Mobile App,Southeastern Anatolia,18-24,Silver,1,Routine,,0.8079,0.6065,0.3115,0.2367
C000500,2024-08-13,Web,Web,Central Anatolia,18-24,Bronze,1,Routine,,1.3844,0.4095,0.2728,0.1575
C000501,2025-11-14,Web,Web,Central Anatolia,45-54,Bronze,1,One-time,,0.8765,0.1958,0.6541,0.3133
C000502,2024-04-26,Store,Store,Central Anatolia,35-44,Gold,1,At Risk,,0.8651,0.2243,0.4224,0.5249
C000503,2024-01-26,Marketplace,Marketplace,Marmara,25-34,Gold,1,Growth,,1.223,0.8009,0.4493,0.2408
C000504,2023-11-22,Web,Web,Southeastern Anatolia,18-24,Gold,1,Growth,,1.0439,0.6995,0.3218,0.098
C000505,2024-11-25,Web,Web,Eastern Anatolia,45-54,Gold,1,Growth,,0.8568,0.7126,0.3392,0.1698
C000506,2023-02-02,Mobile App,Mobile App,Eastern Anatolia,25-34,Bronze,1,Routine,,1.0242,0.647,0.405,0.1098
C000507,2023-09-08,Marketplace,Marketplace,Marmara,45-54,Silver,1,At Risk,2025-07-29,1.1041,0.2528,0.5447,0.3803
C000508,2024-09-24,Marketplace,Marketplace,Aegean,55+,Platinum,0,High Value Loyal,2025-03-23,1.9836,0.9181,0.3837,0.0654
C000509,2025-09-26,Marketplace,Marketplace,Marmara,35-44,Gold,1,High Value Loyal,,2.0925,0.6879,0.1949,0.0988
C000510,2025-03-17,Web,Web,Central Anatolia,55+,Silver,1,Growth,2025-05-16,1.1043,0.7082,0.3801,0.2636
C000511,2024-06-04,Web,Web,Aegean,25-34,Gold,1,At Risk,2025-10-27,0.9595,0.3063,0.4226,0.373
C000512,2023-10-16,Marketplace,Marketplace,Marmara,25-34,Silver,1,Routine,2025-02-07,0.9786,0.4828,0.2987,0.2235
C000513,2023-06-08,Web,Web,Marmara,45-54,Bronze,1,One-time,2024-01-04,0.8392,0.3319,0.728,0.3036
C000514,2022-12-01,Mobile App,Mobile App,Marmara,45-54,Silver,1,Growth,,1.3198,0.644,0.437,0.0891
C000515,2024-02-15,Web,Web,Marmara,25-34,Bronze,1,One-time,2024-06-14,0.5671,0.2165,0.7175,0.3188
C000516,2024-02-23,Store,Store,Mediterranean,25-34,Gold,1,Growth,2025-12-14,1.2169,0.663,0.2439,0.1413
C000517,2025-05-21,Mobile App,Mobile App,Mediterranean,35-44,Silver,1,Routine,,0.6687,0.4703,0.3986,0.2034
C000518,2025-05-05,Marketplace,Marketplace,Marmara,25-34,Silver,1,Routine,,0.7638,0.5255,0.3561,0.1574
C000519,2022-12-16,Web,Web,Marmara,18-24,Bronze,1,Deal Seeker,,0.75,0.6226,0.7024,0.2857
C000520,2024-03-14,Mobile App,Mobile App,Eastern Anatolia,18-24,Gold,1,At Risk,2025-07-07,1.0068,0.2775,0.4604,0.4746
C000521,2022-11-09,Store,Store,Marmara,45-54,Bronze,1,Routine,2023-04-08,0.8463,0.5275,0.4153,0.1773
C000522,2022-12-26,Web,Web,Marmara,35-44,Bronze,1,Deal Seeker,2023-01-25,1.0691,0.6734,0.8241,0.2673
C000523,2022-10-24,Web,Web,Marmara,25-34,Gold,1,High Value Loyal,,2.1502,0.7529,0.3366,0.1761
C000524,2025-08-10,Marketplace,Marketplace,Mediterranean,55+,Bronze,1,Deal Seeker,,1.109,0.5529,0.8923,0.2409
C000525,2023-02-26,Web,Web,Mediterranean,18-24,Silver,1,Deal Seeker,2024-06-20,1.013,0.743,0.7805,0.1625
C000526,2023-12-18,Web,Web,Mediterranean,45-54,Silver,1,Growth,,1.5043,0.7662,0.3478,0.1408
C000527,2022-11-17,Store,Store,Marmara,25-34,Silver,0,Deal Seeker,2024-06-09,1.1106,0.5207,0.6597,0.189
C000528,2024-05-22,Web,Web,Mediterranean,25-34,Gold,1,High Value Loyal,2025-10-14,1.6251,0.7319,0.1921,0.02
C000529,2022-05-11,Store,Store,Central Anatolia,18-24,Silver,1,At Risk,2023-11-02,0.7167,0.4314,0.4821,0.4166
C000530,2025-12-07,Marketplace,Marketplace,Mediterranean,25-34,Gold,1,At Risk,,1.0652,0.4122,0.4041,0.4917
C000531,2025-03-21,Mobile App,Mobile App,Central Anatolia,35-44,Silver,1,At Risk,,1.0847,0.1424,0.3943,0.379
C000532,2025-09-15,Store,Store,Aegean,35-44,Silver,1,At Risk,,1.0294,0.3756,0.4148,0.5095
C000533,2025-10-01,Mobile App,Mobile App,Marmara,35-44,Bronze,1,Routine,,0.8888,0.5693,0.4273,0.2723
C000534,2023-11-05,Web,Web,Black Sea,25-34,Silver,1,Routine,2025-11-24,0.7366,0.4569,0.3925,0.2188
C000535,2025-04-26,Mobile App,Mobile App,Marmara,25-34,Silver,1,Deal Seeker,,0.8167,0.6087,0.7573,0.1967
C000536,2024-01-08,Mobile App,Mobile App,Eastern Anatolia,35-44,Silver,1,Routine,2024-03-08,1.1669,0.3807,0.2581,0.237
C000537,2025-01-08,Web,Web,Aegean,25-34,Bronze,1,Routine,,0.7626,0.4887,0.4126,0.1666
C000538,2024-03-03,Mobile App,Mobile App,Aegean,35-44,Bronze,1,One-time,2025-01-27,0.8455,0.4106,0.6441,0.4012
C000539,2024-11-23,Store,Store,Marmara,35-44,Silver,1,At Risk,,1.0782,0.3671,0.3363,0.4416
C000540,2024-12-16,Marketplace,Marketplace,Central Anatolia,45-54,Platinum,1,High Value Loyal,,1.5933,0.8477,0.1383,0.0943
C000541,2022-01-03,Mobile App,Mobile App,Mediterranean,35-44,Gold,1,At Risk,2022-08-31,0.8418,0.3098,0.4333,0.5224
C000542,2025-12-02,Store,Store,Central Anatolia,35-44,Bronze,1,Deal Seeker,,0.9944,0.6611,0.7976,0.329
C000543,2025-09-02,Marketplace,Marketplace,Aegean,35-44,Silver,1,At Risk,,0.8919,0.3388,0.495,0.3882
C000544,2025-03-08,Marketplace,Marketplace,Marmara,45-54,Platinum,1,High Value Loyal,,1.3054,0.8731,0.2281,0.0588
C000545,2025-09-18,Store,Store,Marmara,55+,Gold,1,Growth,,1.3027,0.58,0.4988,0.3248
C000546,2023-05-20,Web,Web,Central Anatolia,25-34,Gold,1,High Value Loyal,,1.9652,0.8755,0.2535,0.2214
C000547,2025-04-18,Mobile App,Mobile App,Mediterranean,55+,Bronze,1,One-time,2025-05-18,0.9747,0.3332,0.5735,0.3979
C000548,2024-12-04,Marketplace,Marketplace,Marmara,35-44,Silver,1,Routine,,1.1183,0.5242,0.432,0.2016
C000549,2024-09-22,Marketplace,Marketplace,Mediterranean,35-44,Bronze,1,Routine,,0.7057,0.5483,0.2797,0.1074
C000550,2024-03-22,Mobile App,Mobile App,Eastern Anatolia,35-44,Bronze,1,One-time,2024-09-18,0.5784,0.4469,0.4752,0.303
C000551,2025-10-17,Marketplace,Marketplace,Marmara,35-44,Silver,1,Growth,,1.7252,0.6159,0.2767,0.2573
C000552,2025-06-13,Web,Web,Mediterranean,45-54,Silver,1,Routine,,0.8627,0.5024,0.3252,0.1646
C000553,2022-08-11,Mobile App,Mobile App,Marmara,35-44,Silver,1,Routine,2022-10-10,1.0987,0.6544,0.2844,0.2956
C000554,2024-01-26,Store,Store,Central Anatolia,35-44,Silver,0,Growth,2024-03-26,0.8128,0.6159,0.4528,0.1413
C000555,2025-04-26,Marketplace,Marketplace,Aegean,35-44,Silver,1,Deal Seeker,,0.7909,0.5987,0.935,0.1943
C000556,2022-12-06,Store,Store,Central Anatolia,35-44,Silver,1,Growth,2023-05-05,1.1802,0.6784,0.3492,0.1089
C000557,2023-03-20,Marketplace,Marketplace,Central Anatolia,25-34,Bronze,1,Routine,2023-04-19,0.7791,0.5722,0.349,0.1951
C000558,2025-07-26,Store,Store,Marmara,25-34,Silver,0,At Risk,,0.9026,0.2467,0.3996,0.5208
C000559,2025-12-05,Web,Web,Marmara,25-34,Silver,1,Deal Seeker,,0.9269,0.6713,0.7838,0.2123
C000560,2025-02-08,Web,Web,Central Anatolia,45-54,Bronze,1,One-time,2025-03-10,0.8014,0.2487,0.5457,0.3459
C000561,2025-08-04,Store,Store,Marmara,25-34,Bronze,1,One-time,,0.869,0.2778,0.7902,0.3004
C000562,2022-01-06,Mobile App,Mobile App,Marmara,35-44,Silver,1,At Risk,2024-06-24,1.3734,0.3048,0.3189,0.4212
C000563,2023-09-19,Store,Store,Marmara,25-34,Bronze,1,Routine,2024-09-13,0.7626,0.4864,0.3927,0.2471
C000564,2024-07-12,Mobile App,Mobile App,Marmara,25-34,Silver,1,Deal Seeker,,0.7804,0.774,0.8542,0.2354
C000565,2022-09-14,Web,Web,Mediterranean,25-34,Gold,1,Growth,,1.3023,0.6978,0.3992,0.1545
C000566,2023-11-13,Web,Web,Marmara,35-44,Silver,1,Growth,,1.4218,0.6659,0.4755,0.127
C000567,2024-03-25,Mobile App,Mobile App,Marmara,55+,Bronze,1,Deal Seeker,2025-05-19,0.9839,0.5568,0.8902,0.2636
C000568,2023-03-14,Marketplace,Marketplace,Central Anatolia,35-44,Silver,1,Routine,,0.6637,0.5871,0.2524,0.125
C000569,2024-12-09,Marketplace,Marketplace,Central Anatolia,55+,Gold,0,At Risk,,1.0769,0.2318,0.4399,0.6201
C000570,2024-05-03,Marketplace,Marketplace,Mediterranean,55+,Gold,1,Growth,,0.8091,0.4489,0.3605,0.02
C000571,2023-09-21,Web,Web,Marmara,25-34,Bronze,1,Deal Seeker,2024-10-15,0.9871,0.6364,0.8072,0.1912
C000572,2024-10-26,Mobile App,Mobile App,Marmara,35-44,Bronze,1,Deal Seeker,,0.7956,0.5785,0.7925,0.0865
C000573,2022-01-10,Mobile App,Mobile App,Aegean,18-24,Silver,1,At Risk,2023-01-05,1.0398,0.3579,0.4677,0.4548
C000574,2023-05-18,Mobile App,Mobile App,Marmara,25-34,Silver,1,At Risk,,1.1183,0.2832,0.4772,0.4522
C000575,2024-10-04,Web,Web,Marmara,25-34,Silver,0,Growth,2024-11-03,1.406,0.7026,0.4223,0.0593
C000576,2022-08-21,Marketplace,Marketplace,Mediterranean,45-54,Gold,1,Growth,,0.9839,0.7525,0.4035,0.063
C000577,2022-09-11,Mobile App,Mobile App,Marmara,35-44,Bronze,1,Deal Seeker,2024-08-31,0.6562,0.6404,0.8134,0.2532
C000578,2022-02-17,Store,Store,Central Anatolia,25-34,Silver,1,Routine,,0.6848,0.458,0.3649,0.1301
C000579,2025-07-23,Marketplace,Marketplace,Marmara,35-44,Bronze,1,Routine,,0.7826,0.4094,0.3474,0.2088
C000580,2025-11-25,Mobile App,Mobile App,Marmara,18-24,Silver,1,Deal Seeker,,0.9725,0.7179,0.8466,0.2326
C000581,2023-06-09,Mobile App,Mobile App,Marmara,25-34,Gold,1,At Risk,2024-03-05,0.8378,0.2625,0.4734,0.4509
C000582,2025-08-06,Mobile App,Mobile App,Black Sea,25-34,Silver,1,Routine,2025-09-05,0.8009,0.5507,0.3996,0.1407
C000583,2025-03-13,Store,Store,Mediterranean,25-34,Platinum,1,High Value Loyal,,2.2567,0.8171,0.178,0.1154
C000584,2025-03-15,Mobile App,Mobile App,Marmara,35-44,Gold,1,At Risk,2025-04-14,1.0788,0.4755,0.428,0.4948
C000585,2025-10-14,Store,Store,Marmara,55+,Bronze,1,Routine,,0.6992,0.4878,0.4347,0.1751
C000586,2025-08-05,Marketplace,Marketplace,Mediterranean,35-44,Bronze,0,Deal Seeker,,0.9458,0.7545,0.6688,0.1908
C000587,2023-05-21,Web,Web,Aegean,18-24,Bronze,0,Routine,2024-12-11,0.8947,0.4464,0.3904,0.1845
C000588,2024-07-04,Marketplace,Marketplace,Marmara,45-54,Silver,1,Routine,,0.9383,0.5395,0.4091,0.112
C000589,2025-11-01,Web,Web,Eastern Anatolia,55+,Bronze,1,Routine,,0.9953,0.6579,0.3017,0.2154
C000590,2023-07-14,Marketplace,Marketplace,Aegean,35-44,Silver,1,Deal Seeker,2024-03-10,0.8229,0.6944,0.7737,0.2652
C000591,2025-04-19,Web,Web,Marmara,45-54,Bronze,1,Deal Seeker,,1.0209,0.5355,0.7151,0.1861
C000592,2023-04-20,Web,Web,Central Anatolia,35-44,Silver,1,Routine,2023-06-19,0.9106,0.6286,0.4347,0.2752
C000593,2022-09-26,Marketplace,Marketplace,Mediterranean,35-44,Bronze,1,Deal Seeker,2023-04-24,0.9678,0.6018,0.7496,0.1904
C000594,2022-02-07,Mobile App,Mobile App,Southeastern Anatolia,25-34,Bronze,1,Routine,2023-02-02,0.8157,0.4375,0.3656,0.2375
C000595,2025-03-15,Marketplace,Marketplace,Marmara,25-34,Bronze,1,Deal Seeker,2025-05-14,0.8832,0.714,0.7848,0.2043
C000596,2024-06-03,Marketplace,Marketplace,Black Sea,18-24,Silver,1,At Risk,2024-10-31,1.3019,0.2974,0.4228,0.5285
C000597,2023-07-19,Marketplace,Marketplace,Mediterranean,25-34,Silver,1,Growth,,1.5404,0.5996,0.3506,0.28
C000598,2024-01-16,Marketplace,Marketplace,Eastern Anatolia,35-44,Gold,1,High Value Loyal,,3.1058,0.6846,0.2315,0.0555
C000599,2024-01-09,Marketplace,Marketplace,Marmara,25-34,Silver,1,Growth,2025-12-29,1.1144,0.6108,0.4529,0.165
C000600,2024-02-14,Web,Web,Aegean,35-44,Silver,0,Routine,2024-12-10,0.8229,0.5535,0.4099,0.1092
C000601,2022-05-08,Mobile App,Mobile App,Southeastern Anatolia,45-54,Gold,1,Growth,2024-08-25,0.7706,0.7783,0.2058,0.1648
C000602,2024-01-17,Web,Web,Marmara,35-44,Bronze,1,Deal Seeker,,0.7127,0.5787,0.98,0.2202
C000603,2025-12-18,Mobile App,Mobile App,Marmara,35-44,Silver,1,Growth,,1.4514,0.8034,0.362,0.2179
C000604,2022-08-16,Store,Store,Southeastern Anatolia,25-34,Bronze,1,Deal Seeker,2023-03-14,1.0282,0.6437,0.692,0.3199
C000605,2024-04-16,Mobile App,Mobile App,Black Sea,18-24,Silver,1,Growth,,0.9592,0.7275,0.3228,0.2126
C000606,2022-04-05,Marketplace,Marketplace,Marmara,35-44,Bronze,1,Deal Seeker,2022-11-01,0.961,0.7268,0.6709,0.2392
C000607,2023-11-12,Web,Web,Marmara,35-44,Silver,1,Deal Seeker,2024-11-06,1.0831,0.679,0.6984,0.1777
C000608,2025-12-25,Web,Web,Marmara,25-34,Gold,1,High Value Loyal,,1.6893,0.8156,0.1706,0.0376
C000609,2023-12-16,Web,Web,Marmara,25-34,Silver,1,Deal Seeker,2025-06-08,0.6799,0.6407,0.8267,0.1172
C000610,2025-09-16,Mobile App,Mobile App,Aegean,35-44,Silver,1,Deal Seeker,,0.6732,0.6193,0.7532,0.2582
C000611,2025-06-25,Web,Web,Southeastern Anatolia,35-44,Gold,1,Growth,,1.4998,0.7427,0.5126,0.2143
C000612,2024-05-14,Store,Store,Marmara,45-54,Bronze,1,Routine,,0.6132,0.3646,0.3438,0.2658
C000613,2025-04-26,Web,Web,Aegean,18-24,Bronze,1,Routine,,0.6749,0.483,0.2814,0.3159
C000614,2024-07-06,Store,Store,Marmara,55+,Platinum,1,High Value Loyal,,1.8035,0.98,0.3768,0.0705
C000615,2023-01-19,Web,Web,Aegean,45-54,Bronze,1,One-time,2023-10-16,0.6165,0.27,0.7475,0.3619
C000616,2023-09-19,Marketplace,Marketplace,Aegean,45-54,Silver,0,Routine,2025-09-08,0.8454,0.6251,0.4135,0.1535
C000617,2025-08-17,Web,Web,Central Anatolia,35-44,Bronze,1,Deal Seeker,,1.0367,0.6039,0.8494,0.3324
C000618,2022-06-16,Web,Web,Black Sea,45-54,Bronze,1,Routine,2025-10-28,0.725,0.3558,0.4925,0.3054
C000619,2024-03-04,Mobile App,Mobile App,Aegean,18-24,Silver,1,At Risk,2024-12-29,1.1545,0.4556,0.5435,0.4627
C000620,2022-01-03,Mobile App,Mobile App,Marmara,25-34,Silver,1,Growth,,1.1385,0.7682,0.4093,0.2005
C000621,2025-10-04,Marketplace,Marketplace,Central Anatolia,35-44,Bronze,1,Deal Seeker,,0.91,0.6175,0.8359,0.1407
C000622,2022-05-19,Mobile App,Mobile App,Marmara,18-24,Silver,1,At Risk,2025-04-03,0.9644,0.1992,0.4725,0.4822
C000623,2023-03-18,Mobile App,Mobile App,Central Anatolia,35-44,Gold,1,At Risk,2023-12-13,0.951,0.2987,0.4575,0.3396
C000624,2023-03-23,Marketplace,Marketplace,Marmara,35-44,Silver,1,Growth,2025-02-10,1.2027,0.5861,0.3846,0.142
C000625,2025-11-12,Mobile App,Mobile App,Marmara,45-54,Gold,1,At Risk,,1.1825,0.351,0.5075,0.5037
C000626,2024-11-14,Mobile App,Mobile App,Black Sea,18-24,Platinum,1,High Value Loyal,,1.6417,0.8614,0.1452,0.1418
C000627,2022-11-13,Web,Web,Marmara,25-34,Silver,1,Routine,2023-01-12,0.6016,0.5034,0.3552,0.2904
C000628,2024-12-15,Mobile App,Mobile App,Marmara,45-54,Bronze,1,Routine,,0.9171,0.5007,0.3181,0.1519
C000629,2025-05-06,Store,Store,Marmara,35-44,Bronze,1,Deal Seeker,,0.9251,0.5365,0.7814,0.3529
C000630,2023-08-15,Mobile App,Mobile App,Marmara,25-34,Silver,1,Deal Seeker,,0.8043,0.6019,0.6432,0.2882
C000631,2023-07-02,Web,Web,Aegean,35-44,Bronze,1,One-time,2023-08-01,0.7539,0.2304,0.8721,0.3182
C000632,2024-07-05,Mobile App,Mobile App,Aegean,25-34,Bronze,1,Deal Seeker,,1.0833,0.5257,0.8186,0.3088
C000633,2024-12-12,Mobile App,Mobile App,Marmara,35-44,Silver,1,Deal Seeker,,1.0866,0.6176,0.7849,0.0868
C000634,2024-09-01,Web,Web,Marmara,25-34,Gold,0,High Value Loyal,,2.2419,0.9362,0.2144,0.068
C000635,2022-07-04,Web,Web,Central Anatolia,35-44,Silver,1,Growth,2025-09-16,1.1177,0.6483,0.2909,0.2154
C000636,2025-09-24,Marketplace,Marketplace,Marmara,35-44,Gold,1,High Value Loyal,,1.7484,0.8795,0.1498,0.0876
C000637,2024-01-05,Web,Web,Mediterranean,35-44,Platinum,1,High Value Loyal,,1.7628,0.7343,0.1093,0.02
C000638,2023-03-06,Marketplace,Marketplace,Mediterranean,18-24,Silver,1,Deal Seeker,2024-01-30,0.7478,0.5207,0.8006,0.3038
C000639,2023-09-03,Marketplace,Marketplace,Aegean,45-54,Silver,1,Routine,2025-04-25,0.7113,0.3885,0.3227,0.2811
C000640,2025-04-13,Web,Web,Marmara,35-44,Silver,1,Growth,,1.0214,0.8591,0.3008,0.1648
C000641,2025-11-13,Marketplace,Marketplace,Marmara,25-34,Silver,1,Deal Seeker,,0.8352,0.5843,0.7218,0.2622
C000642,2022-09-12,Store,Store,Central Anatolia,35-44,Silver,1,Routine,2023-04-10,0.6306,0.5119,0.2705,0.1647
C000643,2025-03-16,Web,Web,Aegean,25-34,Platinum,1,High Value Loyal,,1.8123,0.9337,0.2851,0.086
C000644,2023-01-20,Store,Store,Central Anatolia,45-54,Silver,1,Routine,2023-07-19,0.8477,0.3694,0.4815,0.2822
C000645,2025-12-01,Store,Store,Eastern Anatolia,35-44,Platinum,1,High Value Loyal,,1.6219,0.8257,0.1423,0.0743
C000646,2025-06-24,Marketplace,Marketplace,Mediterranean,18-24,Bronze,1,One-time,2025-09-22,0.7684,0.2808,0.612,0.4069
C000647,2024-04-24,Mobile App,Mobile App,Marmara,45-54,Gold,1,Growth,2025-07-18,1.125,0.6219,0.4326,0.2025
C000648,2024-12-26,Marketplace,Marketplace,Marmara,45-54,Bronze,1,Routine,,0.9637,0.4373,0.1747,0.1769
C000649,2024-07-25,Mobile App,Mobile App,Aegean,25-34,Platinum,1,High Value Loyal,,1.7136,0.7998,0.1116,0.1402
C000650,2024-10-25,Web,Web,Southeastern Anatolia,25-34,Bronze,1,Routine,2025-07-22,0.8712,0.5915,0.3932,0.3373
C000651,2023-11-05,Marketplace,Marketplace,Southeastern Anatolia,35-44,Gold,1,High Value Loyal,2024-02-03,1.126,0.7108,0.2884,0.1279
C000652,2023-07-02,Store,Store,Aegean,55+,Bronze,1,Deal Seeker,2023-11-29,0.9265,0.6648,0.7169,0.2371
C000653,2024-08-21,Web,Web,Central Anatolia,25-34,Silver,1,Routine,2024-10-20,0.6362,0.4637,0.1999,0.1704
C000654,2023-11-25,Web,Web,Marmara,25-34,Silver,1,Growth,2024-07-22,1.6176,0.6703,0.4159,0.115
C000655,2024-03-09,Marketplace,Marketplace,Black Sea,45-54,Bronze,1,Routine,,0.932,0.6304,0.3045,0.2035
C000656,2024-07-06,Store,Store,Marmara,35-44,Bronze,1,Deal Seeker,2025-08-30,0.9068,0.6466,0.7167,0.2183
C000657,2023-03-01,Mobile App,Mobile App,Black Sea,35-44,Silver,1,Routine,,0.9372,0.4921,0.4016,0.2515
C000658,2023-12-22,Mobile App,Mobile App,Mediterranean,18-24,Gold,1,High Value Loyal,,2.0916,0.8545,0.2893,0.2062
C000659,2022-04-16,Web,Web,Marmara,25-34,Bronze,1,Routine,2024-06-04,0.6883,0.5292,0.3293,0.2189
C000660,2025-11-24,Marketplace,Marketplace,Marmara,35-44,Bronze,1,Routine,,0.5609,0.4549,0.2233,0.2218
C000661,2024-05-07,Store,Store,Marmara,55+,Bronze,1,Routine,,0.8124,0.3954,0.403,0.2169
C000662,2024-06-09,Mobile App,Mobile App,Marmara,35-44,Bronze,0,Routine,,0.9796,0.6183,0.3994,0.1987
C000663,2022-02-20,Web,Web,Southeastern Anatolia,25-34,Gold,1,Growth,2022-09-18,1.0618,0.7498,0.4326,0.2654
C000664,2023-03-16,Mobile App,Mobile App,Eastern Anatolia,45-54,Bronze,1,Routine,,0.6891,0.4954,0.2653,0.2049
C000665,2024-11-02,Marketplace,Marketplace,Aegean,18-24,Bronze,1,Deal Seeker,,1.3246,0.6389,0.6942,0.2701
C000666,2024-09-19,Store,Store,Marmara,45-54,Silver,1,Growth,2025-10-14,1.0698,0.6881,0.3064,0.286
C000667,2022-11-24,Marketplace,Marketplace,Marmara,25-34,Silver,1,Deal Seeker,2023-01-23,0.6846,0.6313,0.8377,0.2699
C000668,2025-08-04,Mobile App,Mobile App,Marmara,35-44,Silver,1,At Risk,,1.1038,0.3674,0.4075,0.6012
C000669,2023-05-07,Mobile App,Mobile App,Southeastern Anatolia,35-44,Silver,1,Routine,2025-09-23,0.8473,0.5111,0.4694,0.2589
C000670,2024-08-21,Mobile App,Mobile App,Central Anatolia,25-34,Bronze,1,One-time,2025-01-18,0.7858,0.1495,0.6638,0.3918
C000671,2024-05-07,Mobile App,Mobile App,Mediterranean,25-34,Silver,1,At Risk,2025-03-03,0.8781,0.2877,0.3873,0.4584
C000672,2025-08-06,Mobile App,Mobile App,Southeastern Anatolia,25-34,Silver,1,Growth,,0.9787,0.6982,0.3172,0.1729
C000673,2022-05-17,Web,Web,Aegean,25-34,Bronze,0,Routine,2024-10-03,0.9534,0.4327,0.1854,0.2912
C000674,2025-08-11,Mobile App,Mobile App,Aegean,25-34,Bronze,1,One-time,,0.639,0.2216,0.8174,0.4458
C000675,2025-11-25,Web,Web,Central Anatolia,45-54,Bronze,1,Routine,,0.8722,0.4341,0.3825,0.2693
C000676,2022-01-26,Web,Web,Marmara,35-44,Silver,1,Growth,,1.2651,0.4768,0.356,0.02
C000677,2025-02-21,Store,Store,Southeastern Anatolia,55+,Bronze,0,Routine,,1.11,0.5753,0.3519,0.1912
C000678,2022-05-04,Store,Store,Marmara,55+,Gold,1,High Value Loyal,2024-12-19,1.7121,0.98,0.1598,0.1398
C000679,2022-01-20,Web,Web,Marmara,35-44,Silver,1,Growth,2025-10-01,0.9968,0.7186,0.3999,0.0225
C000680,2025-09-15,Mobile App,Mobile App,Mediterranean,18-24,Bronze,1,Routine,,0.785,0.5222,0.268,0.2576
C000681,2025-01-11,Store,Store,Marmara,25-34,Bronze,1,Deal Seeker,,1.016,0.6507,0.6821,0.3803
C000682,2024-04-25,Marketplace,Marketplace,Mediterranean,35-44,Silver,1,At Risk,2025-06-19,1.0876,0.2954,0.6976,0.3797
C000683,2023-11-13,Web,Web,Aegean,55+,Gold,1,High Value Loyal,,1.5929,0.8667,0.2726,0.076
C000684,2023-07-16,Web,Web,Marmara,35-44,Silver,1,At Risk,,1.2015,0.4254,0.5182,0.3976
C000685,2025-01-02,Web,Web,Black Sea,18-24,Gold,1,High Value Loyal,,1.7332,0.8054,0.1673,0.02
C000686,2024-07-24,Mobile App,Mobile App,Central Anatolia,35-44,Silver,1,Growth,2024-10-22,1.6016,0.6902,0.3586,0.1359
C000687,2025-04-26,Store,Store,Aegean,25-34,Silver,1,Growth,,1.5397,0.5991,0.4103,0.1621
C000688,2023-01-22,Mobile App,Mobile App,Southeastern Anatolia,25-34,Bronze,1,Routine,2023-06-21,0.8525,0.5733,0.3727,0.2807
C000689,2024-08-15,Mobile App,Mobile App,Aegean,25-34,Gold,1,Growth,,1.4148,0.6436,0.5201,0.1202
C000690,2023-02-15,Marketplace,Marketplace,Eastern Anatolia,45-54,Silver,0,Routine,,0.8591,0.3102,0.485,0.1915
C000691,2025-12-17,Marketplace,Marketplace,Black Sea,25-34,Silver,1,Routine,,0.8909,0.668,0.419,0.2933
C000692,2024-06-02,Web,Web,Marmara,45-54,Gold,1,Growth,,1.1615,0.6912,0.406,0.0996
C000693,2023-11-08,Mobile App,Mobile App,Marmara,35-44,Silver,1,Growth,2025-09-28,1.153,0.6613,0.4238,0.2636
C000694,2024-03-21,Store,Store,Mediterranean,25-34,Gold,1,Growth,,1.359,0.6002,0.5342,0.2528
C000695,2025-06-12,Marketplace,Marketplace,Marmara,45-54,Bronze,1,Deal Seeker,,1.0343,0.6384,0.8158,0.1902
C000696,2024-04-07,Mobile App,Mobile App,Marmara,25-34,Silver,1,At Risk,2024-09-04,1.056,0.308,0.4671,0.524
C000697,2024-07-25,Web,Web,Mediterranean,25-34,Bronze,0,Routine,2025-05-21,0.6804,0.4781,0.4712,0.2523
C000698,2022-06-22,Web,Web,Marmara,25-34,Silver,1,Deal Seeker,2024-05-12,1.167,0.731,0.9469,0.2949
C000699,2022-11-23,Web,Web,Central Anatolia,45-54,Gold,1,At Risk,2024-09-13,1.0066,0.4698,0.4333,0.6003
C000700,2024-11-24,Web,Web,Mediterranean,25-34,Silver,1,Routine,,0.6817,0.5492,0.3051,0.1307
C000701,2025-04-13,Store,Store,Aegean,35-44,Bronze,1,Routine,,0.5981,0.5836,0.4214,0.1412
C000702,2025-04-10,Web,Web,Marmara,35-44,Gold,1,Growth,,1.4755,0.6438,0.4564,0.1359
C000703,2023-12-20,Marketplace,Marketplace,Southeastern Anatolia,25-34,Silver,1,Routine,,0.9949,0.4467,0.3092,0.2236
C000704,2025-01-11,Web,Web,Black Sea,18-24,Bronze,1,Routine,2025-10-08,0.8657,0.4591,0.1788,0.3381
C000705,2024-10-03,Mobile App,Mobile App,Aegean,25-34,Gold,0,Growth,,1.2605,0.6275,0.4373,0.1182
C000706,2024-06-23,Web,Web,Mediterranean,45-54,Bronze,1,Deal Seeker,,1.1875,0.7551,0.7048,0.3565
C000707,2024-07-08,Web,Web,Aegean,25-34,Bronze,1,Deal Seeker,,0.9456,0.6966,0.78,0.1422
C000708,2024-08-03,Web,Web,Mediterranean,25-34,Silver,1,Routine,,1.0079,0.5111,0.3543,0.393
C000709,2024-06-24,Mobile App,Mobile App,Marmara,35-44,Silver,1,Growth,2025-10-17,1.0256,0.787,0.4028,0.2274
C000710,2025-08-22,Marketplace,Marketplace,Central Anatolia,35-44,Bronze,1,Deal Seeker,2025-09-21,1.0754,0.6004,0.8686,0.3254
C000711,2025-01-07,Mobile App,Mobile App,Marmara,35-44,Bronze,1,Routine,,0.8203,0.499,0.3303,0.1983
C000712,2024-06-01,Web,Web,Black Sea,35-44,Gold,1,Growth,2025-07-26,1.2132,0.7508,0.3044,0.2328
C000713,2024-06-23,Web,Web,Central Anatolia,35-44,Bronze,1,One-time,,0.5642,0.2384,0.752,0.2108
C000714,2024-12-12,Web,Web,Marmara,35-44,Bronze,1,Routine,,1.076,0.5241,0.3245,0.1646
C000715,2025-10-07,Web,Web,Mediterranean,55+,Bronze,1,One-time,,0.6137,0.1794,0.7965,0.2144
C000716,2025-10-08,Mobile App,Mobile App,Marmara,35-44,Bronze,1,Routine,,0.8374,0.591,0.498,0.2315
C000717,2022-12-01,Web,Web,Marmara,35-44,Gold,1,High Value Loyal,,1.6564,0.8669,0.3129,0.0475
C000718,2023-03-23,Store,Store,Mediterranean,25-34,Silver,1,Routine,,0.849,0.6911,0.3109,0.1714
C000719,2025-07-10,Web,Web,Aegean,35-44,Bronze,1,Deal Seeker,,0.7724,0.5782,0.767,0.1701
C000720,2025-08-13,Mobile App,Mobile App,Mediterranean,25-34,Platinum,1,High Value Loyal,,2.0314,0.7699,0.05,0.1319
C000721,2023-09-24,Mobile App,Mobile App,Marmara,25-34,Silver,1,Growth,,1.1026,0.7639,0.2457,0.0783
C000722,2024-09-12,Web,Web,Marmara,18-24,Silver,1,Growth,,1.1457,0.7052,0.37,0.1533
C000723,2025-12-16,Mobile App,Mobile App,Marmara,35-44,Silver,1,Deal Seeker,,1.0171,0.6606,0.8465,0.2373
C000724,2025-12-01,Mobile App,Mobile App,Mediterranean,35-44,Gold,1,Growth,,0.7028,0.8574,0.491,0.0929
C000725,2025-11-06,Web,Web,Aegean,35-44,Bronze,1,Deal Seeker,,0.773,0.5628,0.8993,0.2128
C000726,2022-07-13,Store,Store,Aegean,25-34,Silver,1,Deal Seeker,,0.966,0.5464,0.8525,0.2984
C000727,2025-01-22,Marketplace,Marketplace,Mediterranean,25-34,Silver,1,Routine,,0.7546,0.4836,0.3058,0.1017
C000728,2024-12-12,Web,Web,Black Sea,25-34,Silver,1,Routine,,1.0074,0.4883,0.365,0.1052
C000729,2022-08-04,Mobile App,Mobile App,Black Sea,55+,Bronze,0,Deal Seeker,,0.8874,0.6276,0.9187,0.3332
C000730,2025-10-11,Marketplace,Marketplace,Mediterranean,35-44,Bronze,1,Deal Seeker,,0.9364,0.5508,0.7749,0.2149
C000731,2024-10-11,Web,Web,Marmara,25-34,Bronze,1,Deal Seeker,2024-11-10,0.671,0.5452,0.7922,0.2977
C000732,2022-06-10,Marketplace,Marketplace,Eastern Anatolia,25-34,Silver,1,Routine,2022-07-10,0.691,0.5,0.1743,0.0497
C000733,2024-11-26,Mobile App,Mobile App,Marmara,45-54,Bronze,1,Routine,2025-07-24,0.7316,0.4068,0.3817,0.1704
C000734,2024-01-15,Mobile App,Mobile App,Aegean,45-54,Bronze,1,One-time,2024-10-11,0.8639,0.3889,0.6695,0.3517
C000735,2023-11-19,Marketplace,Marketplace,Eastern Anatolia,25-34,Silver,1,At Risk,,0.9478,0.361,0.4898,0.4087
C000736,2024-09-02,Web,Web,Aegean,35-44,Silver,1,Deal Seeker,,0.8309,0.4925,0.797,0.3101
C000737,2025-09-03,Mobile App,Mobile App,Marmara,18-24,Platinum,1,High Value Loyal,,1.5588,0.8351,0.3207,0.0296
C000738,2025-08-19,Web,Web,Mediterranean,45-54,Silver,1,Routine,,0.6559,0.5184,0.4432,0.22
C000739,2023-08-22,Mobile App,Mobile App,Mediterranean,25-34,Gold,1,At Risk,2023-09-21,1.5931,0.3179,0.471,0.529
C000740,2025-04-04,Mobile App,Mobile App,Aegean,35-44,Silver,1,Routine,2025-11-30,0.8637,0.4911,0.367,0.2088
C000741,2024-07-20,Web,Web,Central Anatolia,25-34,Silver,1,Growth,,1.4152,0.6468,0.3229,0.2447
C000742,2022-10-18,Web,Web,Central Anatolia,25-34,Silver,1,Deal Seeker,,1.12,0.5872,0.98,0.1886
C000743,2025-06-26,Store,Store,Central Anatolia,25-34,Silver,1,Routine,,0.7284,0.5217,0.3374,0.2602
C000744,2022-03-17,Web,Web,Central Anatolia,18-24,Silver,1,Routine,,0.9208,0.6065,0.3429,0.164
C000745,2025-10-17,Web,Web,Black Sea,35-44,Gold,1,High Value Loyal,,1.521,0.8603,0.0879,0.2755
C000746,2024-12-04,Marketplace,Marketplace,Mediterranean,18-24,Silver,1,Growth,,1.071,0.7516,0.2978,0.17
C000747,2023-09-23,Mobile App,Mobile App,Mediterranean,25-34,Bronze,1,Deal Seeker,2024-10-17,1.0092,0.6146,0.8541,0.2878
C000748,2024-01-12,Marketplace,Marketplace,Eastern Anatolia,25-34,Silver,1,Routine,,0.6651,0.3909,0.4659,0.2156
C000749,2023-03-25,Marketplace,Marketplace,Black Sea,45-54,Bronze,1,One-time,2023-10-21,0.7075,0.3356,0.4874,0.4221
C000750,2025-05-21,Mobile App,Mobile App,Eastern Anatolia,35-44,Gold,1,At Risk,,0.8175,0.3197,0.4601,0.5384
C000751,2022-11-19,Web,Web,Aegean,35-44,Gold,1,High Value Loyal,,1.5475,0.8062,0.2683,0.1379
C000752,2023-06-22,Marketplace,Marketplace,Central Anatolia,35-44,Bronze,1,Routine,,1.0154,0.4812,0.3684,0.2271
C000753,2022-11-10,Marketplace,Marketplace,Marmara,35-44,Silver,1,Growth,,1.0131,0.7065,0.3471,0.1941
C000754,2022-02-18,Web,Web,Southeastern Anatolia,55+,Silver,1,Deal Seeker,,0.8541,0.6202,0.724,0.2056
C000755,2023-01-04,Store,Store,Aegean,25-34,Silver,1,At Risk,2023-03-05,0.8159,0.403,0.414,0.3709
C000756,2024-08-19,Mobile App,Mobile App,Central Anatolia,25-34,Gold,1,Growth,,1.32,0.6427,0.3161,0.2464
C000757,2025-09-03,Mobile App,Mobile App,Aegean,25-34,Silver,1,Routine,,0.7982,0.4702,0.3801,0.2479
C000758,2024-12-14,Web,Web,Marmara,45-54,Gold,1,Growth,2025-12-09,1.1008,0.6975,0.4616,0.141
C000759,2025-09-13,Web,Web,Mediterranean,25-34,Platinum,1,High Value Loyal,,1.4097,0.8183,0.271,0.0951
C000760,2023-09-04,Web,Web,Marmara,25-34,Gold,1,High Value Loyal,,1.5405,0.7368,0.2148,0.1546
C000761,2023-11-09,Web,Web,Marmara,25-34,Silver,1,Routine,,0.7624,0.6753,0.6497,0.0686
C000762,2025-09-20,Web,Web,Marmara,25-34,Platinum,1,High Value Loyal,,2.1961,0.9383,0.1672,0.1245
C000763,2024-10-19,Web,Web,Marmara,25-34,Silver,1,Growth,,1.1433,0.6615,0.2499,0.2902
C000764,2024-04-15,Marketplace,Marketplace,Black Sea,45-54,Gold,0,High Value Loyal,,1.9172,0.8077,0.205,0.0309
C000765,2024-08-04,Mobile App,Mobile App,Mediterranean,25-34,Silver,1,Growth,,1.3919,0.7319,0.3421,0.1619
C000766,2025-11-20,Web,Web,Marmara,18-24,Gold,1,At Risk,,0.8109,0.4226,0.5253,0.4329
C000767,2024-06-16,Store,Store,Aegean,25-34,Bronze,1,Deal Seeker,2025-02-11,1.0072,0.5753,0.9515,0.275
C000768,2025-05-18,Store,Store,Aegean,25-34,Silver,0,Deal Seeker,,0.97,0.6041,0.748,0.1825
C000769,2025-10-05,Mobile App,Mobile App,Central Anatolia,45-54,Silver,1,Deal Seeker,2025-11-04,0.7319,0.6855,0.7767,0.3325
C000770,2025-05-19,Store,Store,Central Anatolia,18-24,Silver,1,Deal Seeker,,0.8382,0.6475,0.8281,0.2477
C000771,2022-11-12,Mobile App,Mobile App,Aegean,45-54,Gold,1,High Value Loyal,,1.6451,0.7301,0.1814,0.02
C000772,2024-08-21,Store,Store,Southeastern Anatolia,25-34,Bronze,1,One-time,2024-09-20,0.6283,0.3792,0.6174,0.3809
C000773,2025-11-10,Mobile App,Mobile App,Mediterranean,25-34,Gold,1,High Value Loyal,,2.1088,0.8585,0.1173,0.1444
C000774,2025-06-25,Marketplace,Marketplace,Central Anatolia,25-34,Gold,1,At Risk,,1.1936,0.2989,0.5148,0.5147
C000775,2025-05-03,Marketplace,Marketplace,Eastern Anatolia,55+,Bronze,1,Routine,,0.84,0.4194,0.3656,0.0675
C000776,2024-01-10,Marketplace,Marketplace,Marmara,25-34,Silver,0,At Risk,,1.0352,0.3101,0.5293,0.4188
C000777,2023-05-18,Web,Web,Southeastern Anatolia,25-34,Gold,1,Growth,2023-08-16,1.1979,0.7471,0.3953,0.1968
C000778,2024-05-24,Web,Web,Marmara,25-34,Bronze,1,Deal Seeker,,0.8674,0.797,0.7777,0.2533
C000779,2023-04-15,Web,Web,Marmara,25-34,Bronze,1,Routine,2023-07-14,0.8458,0.4774,0.1663,0.0921
C000780,2024-07-20,Mobile App,Mobile App,Marmara,18-24,Gold,1,At Risk,2025-06-15,1.0962,0.4013,0.4347,0.3667
C000781,2022-08-11,Web,Web,Eastern Anatolia,35-44,Gold,1,Growth,,1.1612,0.6845,0.3285,0.2945
C000782,2025-09-08,Mobile App,Mobile App,Aegean,25-34,Silver,1,Deal Seeker,2025-10-08,0.7638,0.4926,0.7695,0.1982
C000783,2025-12-11,Marketplace,Marketplace,Marmara,45-54,Gold,0,High Value Loyal,,2.272,0.7984,0.259,0.1289
C000784,2025-03-15,Web,Web,Aegean,35-44,Gold,1,Growth,,1.297,0.6763,0.2963,0.02
C000785,2025-10-16,Store,Store,Aegean,25-34,Bronze,1,Deal Seeker,,0.7408,0.639,0.7644,0.2839
C000786,2025-04-09,Mobile App,Mobile App,Aegean,35-44,Gold,1,High Value Loyal,,1.8743,0.9241,0.1492,0.0424
C000787,2023-03-02,Store,Store,Central Anatolia,35-44,Platinum,1,High Value Loyal,,1.6167,0.8525,0.2771,0.1136
C000788,2022-08-10,Store,Store,Marmara,55+,Silver,1,Routine,2022-09-09,0.7715,0.6225,0.2513,0.195
C000789,2025-02-12,Web,Web,Mediterranean,35-44,Silver,1,Growth,,1.3419,0.5264,0.4679,0.0933
C000790,2025-12-19,Web,Web,Aegean,45-54,Platinum,1,High Value Loyal,,1.9308,0.8098,0.1894,0.1337
C000791,2025-10-18,Mobile App,Mobile App,Central Anatolia,55+,Gold,1,High Value Loyal,,1.8796,0.9254,0.1561,0.0935
C000792,2022-02-02,Mobile App,Mobile App,Mediterranean,25-34,Gold,1,At Risk,2023-05-28,0.7111,0.3223,0.538,0.4841
C000793,2024-11-17,Web,Web,Marmara,35-44,Gold,1,At Risk,,1.0234,0.2913,0.4325,0.3906
C000794,2023-10-02,Web,Web,Marmara,35-44,Gold,1,Growth,,0.8065,0.5554,0.4269,0.2509
C000795,2025-09-12,Mobile App,Mobile App,Aegean,35-44,Bronze,1,Routine,,0.7789,0.4816,0.3107,0.1731
C000796,2023-09-17,Mobile App,Mobile App,Central Anatolia,18-24,Bronze,1,One-time,2023-11-16,0.6939,0.0821,0.5511,0.3494
C000797,2024-02-14,Web,Web,Marmara,25-34,Silver,1,At Risk,2024-11-10,0.74,0.3785,0.2546,0.4294
C000798,2022-01-15,Store,Store,Mediterranean,18-24,Silver,1,Growth,2024-04-04,1.3273,0.7302,0.3,0.1339
C000799,2023-09-20,Store,Store,Marmara,18-24,Gold,1,At Risk,2025-04-12,1.2239,0.3628,0.494,0.4424
C000800,2024-05-10,Store,Store,Marmara,25-34,Bronze,1,Routine,2024-12-06,0.9745,0.4591,0.4111,0.142
C000801,2024-04-25,Marketplace,Marketplace,Marmara,45-54,Silver,0,Routine,,0.6738,0.5168,0.2487,0.0947
C000802,2023-10-05,Mobile App,Mobile App,Marmara,35-44,Silver,1,Routine,2024-08-30,1.0319,0.515,0.3478,0.2516
C000803,2023-09-12,Mobile App,Mobile App,Aegean,55+,Bronze,1,One-time,2024-01-10,0.7972,0.1585,0.7134,0.4883
C000804,2025-10-25,Web,Web,Black Sea,35-44,Platinum,1,High Value Loyal,,1.8803,0.6912,0.1692,0.1319
C000805,2025-11-19,Web,Web,Mediterranean,25-34,Platinum,1,High Value Loyal,,2.0732,0.7599,0.1172,0.1373
C000806,2024-01-03,Marketplace,Marketplace,Mediterranean,35-44,Gold,1,At Risk,2024-03-03,1.1544,0.5451,0.3895,0.4662
C000807,2024-04-12,Mobile App,Mobile App,Aegean,55+,Bronze,1,Routine,2024-08-10,0.6808,0.5737,0.5001,0.1935
C000808,2023-12-24,Marketplace,Marketplace,Central Anatolia,25-34,Bronze,1,Routine,,0.8949,0.4081,0.4508,0.267
C000809,2022-08-11,Web,Web,Black Sea,35-44,Bronze,1,Routine,2025-09-24,0.7405,0.5402,0.2995,0.1802
C000810,2025-03-21,Mobile App,Mobile App,Aegean,25-34,Silver,1,Routine,,0.9056,0.4044,0.4675,0.1743
C000811,2025-04-24,Store,Store,Central Anatolia,45-54,Bronze,0,Routine,,0.7621,0.6783,0.4791,0.2341
C000812,2022-10-18,Mobile App,Mobile App,Marmara,25-34,Silver,1,Deal Seeker,2025-09-02,0.8684,0.581,0.704,0.2541
C000813,2023-12-25,Mobile App,Mobile App,Black Sea,35-44,Silver,1,Routine,2024-02-23,0.7572,0.5512,0.4594,0.2757
C000814,2022-07-19,Web,Web,Mediterranean,25-34,Bronze,1,Deal Seeker,2024-02-09,0.6434,0.5757,0.8765,0.301
C000815,2025-07-16,Mobile App,Mobile App,Marmara,35-44,Bronze,1,Deal Seeker,2025-11-13,1.2453,0.6896,0.7258,0.2788
C000816,2022-12-10,Web,Web,Aegean,25-34,Gold,1,At Risk,2024-04-03,1.2151,0.3621,0.5435,0.3942
C000817,2023-05-25,Web,Web,Mediterranean,35-44,Bronze,1,One-time,2023-12-21,1.0343,0.3144,0.7637,0.3757
C000818,2023-12-07,Web,Web,Marmara,25-34,Silver,1,At Risk,2025-04-30,1.1857,0.2932,0.5212,0.5167
C000819,2024-04-20,Web,Web,Central Anatolia,18-24,Bronze,1,Deal Seeker,,0.7992,0.6083,0.7645,0.2307
C000820,2025-07-08,Web,Web,Marmara,25-34,Silver,1,Deal Seeker,,0.9864,0.5532,0.7421,0.1941
C000821,2025-06-01,Web,Web,Marmara,25-34,Bronze,1,Deal Seeker,,0.9359,0.6179,0.7934,0.2585
C000822,2022-01-05,Web,Web,Central Anatolia,25-34,Bronze,1,Routine,,1.4755,0.4896,0.4064,0.2067
C000823,2025-06-10,Store,Store,Aegean,25-34,Silver,1,At Risk,,0.9652,0.3842,0.5296,0.5453
C000824,2023-02-15,Web,Web,Mediterranean,45-54,Gold,1,High Value Loyal,2023-04-16,1.5659,0.7347,0.1802,0.0859
C000825,2025-10-04,Mobile App,Mobile App,Aegean,45-54,Silver,1,Deal Seeker,2025-11-03,0.8715,0.5676,0.7575,0.1282
C000826,2025-09-03,Marketplace,Marketplace,Marmara,35-44,Silver,1,Growth,,1.3175,0.5001,0.3049,0.2134
C000827,2025-10-14,Mobile App,Mobile App,Marmara,18-24,Gold,1,High Value Loyal,,2.4826,0.7773,0.2959,0.1041
C000828,2024-07-17,Mobile App,Mobile App,Southeastern Anatolia,25-34,Bronze,0,Routine,,0.843,0.3597,0.2136,0.244
C000829,2024-12-13,Mobile App,Mobile App,Marmara,25-34,Bronze,1,One-time,2025-06-11,0.7882,0.1554,0.5967,0.3056
C000830,2025-05-02,Web,Web,Marmara,25-34,Silver,1,Growth,2025-06-01,1.6724,0.8417,0.4224,0.2753
C000831,2024-11-18,Store,Store,Marmara,35-44,Silver,1,Routine,,0.6911,0.5147,0.2419,0.2247
C000832,2022-09-01,Store,Store,Marmara,18-24,Bronze,1,Deal Seeker,2024-02-23,1.0607,0.5968,0.963,0.1682
C000833,2023-07-09,Web,Web,Southeastern Anatolia,25-34,Silver,1,Deal Seeker,2023-11-06,1.1847,0.6589,0.8275,0.1983
C000834,2025-07-11,Marketplace,Marketplace,Marmara,55+,Silver,0,Routine,,0.7513,0.6532,0.3597,0.148
C000835,2024-12-09,Mobile App,Mobile App,Southeastern Anatolia,35-44,Gold,1,At Risk,2025-07-07,0.7973,0.3941,0.6584,0.5278
C000836,2022-11-02,Mobile App,Mobile App,Central Anatolia,25-34,Silver,1,Routine,2024-05-25,0.8744,0.4944,0.3884,0.1462
C000837,2025-12-16,Mobile App,Mobile App,Marmara,55+,Gold,1,At Risk,,1.2422,0.3855,0.4035,0.4914
C000838,2024-03-15,Web,Web,Marmara,25-34,Silver,1,Growth,2025-10-06,1.1906,0.6202,0.403,0.2793
C000839,2023-08-26,Marketplace,Marketplace,Marmara,35-44,Gold,1,Growth,,0.9286,0.7259,0.2758,0.2336
C000840,2023-10-20,Mobile App,Mobile App,Aegean,25-34,Bronze,1,Routine,,0.8228,0.4804,0.2209,0.2202
C000841,2025-06-17,Web,Web,Marmara,45-54,Silver,1,Deal Seeker,,0.8948,0.5851,0.7858,0.2676
C000842,2025-03-09,Web,Web,Marmara,35-44,Silver,1,Growth,,1.551,0.7752,0.3001,0.02
C000843,2025-01-16,Web,Web,Southeastern Anatolia,25-34,Silver,1,Growth,,1.0597,0.7773,0.246,0.1596
C000844,2023-04-05,Marketplace,Marketplace,Mediterranean,35-44,Silver,1,At Risk,2023-05-05,0.9159,0.2294,0.4943,0.4658
C000845,2022-11-06,Marketplace,Marketplace,Southeastern Anatolia,25-34,Bronze,1,Deal Seeker,2024-02-29,0.8516,0.5634,0.8912,0.316
C000846,2022-09-14,Web,Web,Marmara,18-24,Bronze,1,Routine,,1.0334,0.4193,0.3517,0.1279
C000847,2022-10-12,Marketplace,Marketplace,Aegean,35-44,Silver,0,Growth,2023-04-10,1.2844,0.6577,0.346,0.2464
C000848,2024-12-16,Web,Web,Black Sea,25-34,Gold,0,Growth,2025-05-15,1.0127,0.6478,0.3256,0.2942
C000849,2024-02-11,Web,Web,Central Anatolia,45-54,Bronze,1,One-time,2024-12-07,0.9176,0.2726,0.7597,0.284
C000850,2025-04-02,Store,Store,Eastern Anatolia,25-34,Bronze,1,Routine,,0.6645,0.5799,0.2623,0.2438
C000851,2025-04-18,Mobile App,Mobile App,Aegean,25-34,Bronze,1,One-time,2025-07-17,0.7371,0.2085,0.5706,0.2828
C000852,2022-06-13,Store,Store,Marmara,25-34,Bronze,1,One-time,2023-08-07,0.6419,0.1178,0.7412,0.4084
C000853,2022-12-04,Store,Store,Black Sea,25-34,Gold,1,At Risk,2023-06-02,0.8558,0.265,0.6328,0.5914
C000854,2025-06-12,Mobile App,Mobile App,Black Sea,35-44,Silver,1,At Risk,2025-09-10,0.8614,0.344,0.4925,0.4856
C000855,2023-12-16,Store,Store,Aegean,45-54,Gold,1,Growth,,1.3832,0.7871,0.4933,0.2378
C000856,2025-04-20,Store,Store,Central Anatolia,25-34,Silver,1,Routine,,0.9631,0.4775,0.4049,0.1215
C000857,2022-01-25,Web,Web,Marmara,45-54,Bronze,1,Routine,,0.7225,0.591,0.2833,0.2746
C000858,2025-06-23,Web,Web,Mediterranean,25-34,Gold,1,Growth,2025-12-20,1.1214,0.7108,0.2167,0.2265
C000859,2023-08-19,Mobile App,Mobile App,Marmara,35-44,Silver,1,Growth,,1.6467,0.7889,0.1875,0.0527
C000860,2022-01-21,Mobile App,Mobile App,Marmara,45-54,Bronze,1,Deal Seeker,2024-11-06,0.9016,0.725,0.6773,0.2448
C000861,2023-07-07,Store,Store,Central Anatolia,45-54,Gold,1,Growth,,1.3672,0.6462,0.414,0.2317
C000862,2025-11-26,Mobile App,Mobile App,Mediterranean,25-34,Gold,1,High Value Loyal,,1.5792,0.7492,0.2832,0.1321
C000863,2023-04-12,Mobile App,Mobile App,Aegean,35-44,Bronze,1,Routine,2023-08-10,0.9235,0.572,0.3569,0.1766
C000864,2022-04-03,Store,Store,Marmara,25-34,Silver,1,Routine,2023-08-26,1.1764,0.6277,0.2997,0.1276
C000865,2022-08-23,Mobile App,Mobile App,Aegean,35-44,Silver,0,Deal Seeker,2023-07-19,0.797,0.6385,0.6795,0.0708
C000866,2024-09-03,Web,Web,Mediterranean,35-44,Bronze,1,One-time,2025-11-27,0.6635,0.1225,0.5443,0.3457
C000867,2025-08-07,Marketplace,Marketplace,Marmara,45-54,Bronze,1,Routine,,0.6298,0.4524,0.3414,0.2169
C000868,2025-09-08,Store,Store,Aegean,25-34,Gold,1,Growth,,1.167,0.632,0.4907,0.1911
C000869,2025-02-26,Web,Web,Marmara,35-44,Silver,1,Growth,,1.4518,0.7885,0.4856,0.2337
C000870,2022-12-08,Marketplace,Marketplace,Marmara,35-44,Gold,1,At Risk,2023-05-07,0.9392,0.3355,0.489,0.4968
C000871,2024-12-25,Marketplace,Marketplace,Aegean,35-44,Bronze,1,Deal Seeker,,1.0469,0.5916,0.7652,0.2395
C000872,2023-09-05,Store,Store,Aegean,35-44,Bronze,0,Routine,2023-10-05,0.7947,0.5136,0.3565,0.2473
C000873,2025-06-17,Marketplace,Marketplace,Black Sea,35-44,Bronze,1,One-time,2025-11-14,0.7444,0.1755,0.786,0.2657
C000874,2023-12-14,Mobile App,Mobile App,Marmara,25-34,Gold,1,High Value Loyal,,1.5615,0.8372,0.1909,0.1193
C000875,2023-07-14,Mobile App,Mobile App,Central Anatolia,35-44,Silver,1,Routine,2024-05-09,0.7797,0.4144,0.3068,0.2188
C000876,2022-08-16,Web,Web,Black Sea,35-44,Bronze,1,Deal Seeker,,1.2511,0.7341,0.835,0.3349
C000877,2023-04-13,Marketplace,Marketplace,Aegean,35-44,Silver,1,Growth,,1.2535,0.7913,0.1494,0.2771
C000878,2022-03-13,Store,Store,Marmara,25-34,Silver,1,Deal Seeker,,0.9421,0.6807,0.832,0.3666
C000879,2022-10-02,Marketplace,Marketplace,Marmara,45-54,Silver,1,Routine,,0.7381,0.44,0.3829,0.2137
C000880,2023-10-23,Mobile App,Mobile App,Marmara,45-54,Silver,1,At Risk,,1.0459,0.3842,0.5346,0.5725
C000881,2024-09-01,Web,Web,Marmara,18-24,Bronze,1,Deal Seeker,2025-05-29,1.0338,0.5489,0.7249,0.2107
C000882,2025-11-05,Mobile App,Mobile App,Mediterranean,25-34,Bronze,1,Routine,,0.8833,0.6828,0.3648,0.0819
C000883,2025-10-21,Web,Web,Marmara,25-34,Bronze,1,One-time,,0.7652,0.2697,0.8258,0.3088
C000884,2024-12-02,Mobile App,Mobile App,Mediterranean,35-44,Silver,1,Routine,,0.6512,0.5384,0.3984,0.1687
C000885,2023-01-10,Store,Store,Central Anatolia,18-24,Silver,1,Deal Seeker,,0.7446,0.541,0.6307,0.1676
C000886,2023-03-14,Web,Web,Mediterranean,25-34,Gold,1,High Value Loyal,,1.7527,0.7261,0.1263,0.0809
C000887,2025-11-02,Web,Web,Central Anatolia,25-34,Silver,1,Routine,,0.5889,0.5789,0.4289,0.1984
C000888,2022-08-08,Web,Web,Marmara,35-44,Gold,1,High Value Loyal,,1.4854,0.8475,0.0534,0.02
C000889,2024-02-19,Mobile App,Mobile App,Eastern Anatolia,45-54,Silver,1,Deal Seeker,,0.9684,0.464,0.7583,0.1958
C000890,2023-08-05,Marketplace,Marketplace,Marmara,35-44,Bronze,1,Routine,,0.8276,0.4886,0.188,0.2577
C000891,2023-11-09,Web,Web,Marmara,25-34,Silver,1,Growth,,1.376,0.7307,0.4746,0.0901
C000892,2024-12-21,Web,Web,Marmara,25-34,Bronze,1,Routine,,0.8914,0.5617,0.3343,0.2986
C000893,2025-01-05,Web,Web,Marmara,18-24,Silver,1,Routine,2025-08-03,1.1503,0.5864,0.5459,0.1556
C000894,2023-05-25,Web,Web,Marmara,45-54,Silver,1,Routine,,0.81,0.5046,0.3696,0.0658
C000895,2024-01-13,Marketplace,Marketplace,Central Anatolia,25-34,Gold,1,At Risk,2025-06-06,1.642,0.3039,0.2599,0.4337
C000896,2023-11-12,Mobile App,Mobile App,Mediterranean,18-24,Gold,1,High Value Loyal,,1.9677,0.8434,0.0819,0.1572
C000897,2024-05-04,Marketplace,Marketplace,Central Anatolia,35-44,Bronze,1,Deal Seeker,2024-06-03,0.6396,0.4371,0.8117,0.2859
C000898,2024-02-14,Marketplace,Marketplace,Central Anatolia,25-34,Gold,1,At Risk,2025-07-08,1.0897,0.5242,0.5297,0.5755
C000899,2023-06-08,Web,Web,Marmara,25-34,Silver,0,Growth,2024-01-04,1.5826,0.8416,0.4971,0.197
C000900,2025-12-12,Store,Store,Aegean,18-24,Bronze,1,Deal Seeker,,1.0285,0.6315,0.767,0.1651
C000901,2023-10-01,Mobile App,Mobile App,Marmara,25-34,Gold,1,At Risk,2025-11-19,1.073,0.4309,0.4075,0.4223
C000902,2024-03-07,Web,Web,Marmara,45-54,Silver,1,Growth,,0.9763,0.6497,0.4663,0.1514
C000903,2024-09-22,Mobile App,Mobile App,Eastern Anatolia,25-34,Silver,1,Deal Seeker,2025-02-19,0.8818,0.6517,0.8621,0.1663
C000904,2024-02-10,Mobile App,Mobile App,Aegean,25-34,Bronze,0,Deal Seeker,2024-09-07,1.052,0.6516,0.8706,0.2542
C000905,2022-03-20,Marketplace,Marketplace,Eastern Anatolia,35-44,Bronze,1,Deal Seeker,2022-12-15,1.2649,0.646,0.5908,0.2405
C000906,2023-08-20,Store,Store,Central Anatolia,45-54,Gold,1,High Value Loyal,,1.7146,0.8538,0.233,0.174
C000907,2024-12-18,Web,Web,Marmara,35-44,Bronze,1,One-time,,0.5718,0.1812,0.5163,0.2446
C000908,2023-11-16,Mobile App,Mobile App,Black Sea,25-34,Silver,1,Deal Seeker,,1.0232,0.6096,0.8225,0.1105
C000909,2024-10-26,Store,Store,Marmara,35-44,Silver,1,At Risk,2025-04-24,1.1341,0.327,0.3849,0.5236
C000910,2022-06-21,Mobile App,Mobile App,Southeastern Anatolia,35-44,Gold,1,Growth,,1.5552,0.7444,0.4363,0.1825
C000911,2022-04-18,Web,Web,Marmara,25-34,Silver,1,Growth,2023-06-12,0.9361,0.5982,0.4542,0.1288
C000912,2023-03-06,Mobile App,Mobile App,Marmara,18-24,Bronze,1,One-time,2023-04-05,0.8482,0.1875,0.6383,0.2079
C000913,2025-12-22,Web,Web,Eastern Anatolia,18-24,Bronze,1,Routine,,0.6426,0.5222,0.3549,0.2364
C000914,2024-11-03,Marketplace,Marketplace,Southeastern Anatolia,45-54,Gold,1,Growth,,0.886,0.6836,0.3764,0.1229
C000915,2022-12-15,Store,Store,Southeastern Anatolia,25-34,Bronze,1,Deal Seeker,,0.9123,0.6393,0.8842,0.319
C000916,2023-01-26,Mobile App,Mobile App,Marmara,55+,Silver,1,Growth,2023-06-25,1.6377,0.7147,0.1699,0.02
C000917,2024-12-22,Web,Web,Black Sea,25-34,Gold,1,High Value Loyal,,2.0124,0.8875,0.05,0.1464
C000918,2022-02-02,Web,Web,Marmara,18-24,Bronze,1,Deal Seeker,2022-03-04,1.0376,0.7052,0.7464,0.1892
C000919,2024-03-16,Store,Store,Marmara,45-54,Bronze,1,One-time,2024-05-15,0.7611,0.2113,0.594,0.2071
C000920,2025-03-19,Web,Web,Southeastern Anatolia,55+,Silver,1,Routine,,0.6512,0.51,0.3161,0.1788
C000921,2025-12-21,Web,Web,Marmara,25-34,Gold,1,High Value Loyal,,1.8557,0.7458,0.05,0.1321
C000922,2022-05-11,Marketplace,Marketplace,Aegean,35-44,Bronze,1,Routine,,0.7487,0.5526,0.2946,0.2617
C000923,2024-08-01,Store,Store,Black Sea,25-34,Silver,1,Routine,,0.9432,0.4991,0.3369,0.1544
C000924,2025-09-24,Mobile App,Mobile App,Aegean,18-24,Bronze,1,One-time,,0.7404,0.3722,0.7979,0.406
C000925,2025-02-06,Web,Web,Mediterranean,25-34,Bronze,1,Routine,2025-03-08,0.763,0.4677,0.4107,0.1772
C000926,2025-01-25,Mobile App,Mobile App,Central Anatolia,25-34,Silver,1,Routine,2025-12-21,1.2182,0.5877,0.3766,0.2449
C000927,2023-12-11,Mobile App,Mobile App,Central Anatolia,55+,Platinum,1,High Value Loyal,,1.465,0.8175,0.3588,0.0724
C000928,2025-11-04,Web,Web,Southeastern Anatolia,35-44,Bronze,0,Deal Seeker,,0.8711,0.674,0.6393,0.207
C000929,2022-08-15,Store,Store,Marmara,35-44,Bronze,1,One-time,2022-09-14,0.7803,0.3242,0.5485,0.3999
C000930,2024-06-26,Mobile App,Mobile App,Marmara,25-34,Gold,1,High Value Loyal,2025-11-18,1.5175,0.7961,0.2562,0.0534
C000931,2025-02-21,Mobile App,Mobile App,Central Anatolia,45-54,Silver,0,Routine,,0.8132,0.5214,0.4611,0.2189
C000932,2025-12-03,Mobile App,Mobile App,Aegean,25-34,Bronze,1,Routine,,0.7528,0.4066,0.4448,0.1121
C000933,2023-10-23,Web,Web,Southeastern Anatolia,35-44,Bronze,1,Routine,2025-02-14,0.9281,0.5534,0.3255,0.1682
C000934,2022-12-04,Web,Web,Mediterranean,25-34,Silver,1,At Risk,2024-09-24,0.8438,0.4763,0.4698,0.6223
C000935,2022-05-08,Mobile App,Mobile App,Marmara,45-54,Silver,1,Deal Seeker,,0.9399,0.5529,0.6744,0.1805
C000936,2025-06-03,Web,Web,Black Sea,45-54,Silver,1,Growth,,0.8926,0.6615,0.3779,0.1553
C000937,2025-10-09,Marketplace,Marketplace,Marmara,35-44,Platinum,1,High Value Loyal,,1.6554,0.8382,0.2308,0.1065
C000938,2025-11-16,Mobile App,Mobile App,Marmara,25-34,Gold,1,At Risk,,1.0368,0.2902,0.5133,0.4002
C000939,2022-04-07,Marketplace,Marketplace,Marmara,25-34,Gold,1,Growth,2024-08-24,1.2262,0.5809,0.4169,0.1619
C000940,2025-05-11,Marketplace,Marketplace,Central Anatolia,55+,Gold,1,Growth,,1.1766,0.7523,0.4545,0.2255
C000941,2023-02-13,Mobile App,Mobile App,Marmara,35-44,Gold,1,At Risk,2023-06-13,1.1916,0.3967,0.4277,0.5226
C000942,2024-03-07,Web,Web,Aegean,45-54,Silver,1,Growth,,0.9675,0.6296,0.3325,0.2791
C000943,2023-11-05,Store,Store,Central Anatolia,45-54,Bronze,0,Routine,2025-11-24,0.6141,0.5937,0.3192,0.1269
C000944,2023-08-10,Mobile App,Mobile App,Aegean,25-34,Bronze,1,Routine,,0.7545,0.6269,0.5034,0.1963
C000945,2025-08-10,Marketplace,Marketplace,Central Anatolia,25-34,Bronze,1,Deal Seeker,,0.8904,0.5973,0.7553,0.1736
C000946,2022-06-12,Mobile App,Mobile App,Southeastern Anatolia,35-44,Silver,1,Growth,,1.3807,0.5299,0.4649,0.2147
C000947,2022-12-24,Mobile App,Mobile App,Marmara,45-54,Bronze,1,Routine,2023-07-22,0.8263,0.416,0.3462,0.0738
C000948,2024-08-23,Marketplace,Marketplace,Black Sea,25-34,Bronze,1,One-time,2024-09-22,0.7173,0.0701,0.6293,0.5552
C000949,2024-01-22,Mobile App,Mobile App,Marmara,25-34,Bronze,1,Deal Seeker,2025-01-16,0.9283,0.5496,0.6733,0.2597
C000950,2025-11-03,Web,Web,Aegean,18-24,Bronze,1,Routine,,1.026,0.4581,0.4225,0.2017
C000951,2024-01-02,Marketplace,Marketplace,Central Anatolia,55+,Gold,1,At Risk,2024-10-28,0.8957,0.4278,0.4036,0.5133
C000952,2023-02-18,Web,Web,Aegean,35-44,Gold,1,High Value Loyal,,1.4388,0.7377,0.2827,0.0771
C000953,2024-11-21,Web,Web,Central Anatolia,35-44,Bronze,1,Routine,,0.8184,0.457,0.3172,0.1272
C000954,2025-09-02,Web,Web,Marmara,35-44,Silver,1,Routine,,0.9143,0.6039,0.4692,0.2136
C000955,2024-12-07,Store,Store,Marmara,25-34,Gold,1,High Value Loyal,2025-04-06,1.9855,0.8409,0.1969,0.2225
C000956,2025-12-10,Marketplace,Marketplace,Central Anatolia,45-54,Silver,0,Routine,,0.7747,0.4209,0.3741,0.1434
C000957,2025-03-26,Web,Web,Central Anatolia,25-34,Silver,1,Routine,,0.607,0.5286,0.3371,0.2343
C000958,2025-01-13,Web,Web,Marmara,25-34,Gold,1,High Value Loyal,,1.4848,0.7776,0.1823,0.1265
C000959,2025-04-24,Mobile App,Mobile App,Black Sea,35-44,Silver,1,At Risk,,1.0881,0.403,0.5533,0.4661
C000960,2024-11-11,Mobile App,Mobile App,Central Anatolia,35-44,Gold,1,High Value Loyal,,1.6637,0.8109,0.2987,0.0455
C000961,2025-10-24,Mobile App,Mobile App,Marmara,55+,Gold,1,At Risk,,1.0761,0.2873,0.4359,0.511
C000962,2025-11-09,Mobile App,Mobile App,Central Anatolia,25-34,Silver,1,Growth,,1.9273,0.7522,0.3713,0.1204
C000963,2024-02-05,Web,Web,Marmara,18-24,Silver,1,Deal Seeker,,1.0042,0.6882,0.864,0.1928
C000964,2025-01-24,Web,Web,Marmara,35-44,Silver,1,At Risk,2025-08-22,0.885,0.2627,0.509,0.5717
C000965,2025-12-06,Web,Web,Marmara,55+,Bronze,1,Routine,,0.7502,0.5066,0.2998,0.1721
C000966,2022-10-20,Web,Web,Mediterranean,55+,Silver,1,Routine,,0.8812,0.4795,0.5233,0.2496
C000967,2022-08-15,Mobile App,Mobile App,Marmara,35-44,Gold,1,High Value Loyal,2023-05-12,2.0924,0.9302,0.2273,0.0827
C000968,2025-04-15,Web,Web,Black Sea,35-44,Platinum,1,High Value Loyal,,2.7093,0.8768,0.1002,0.1349
C000969,2025-11-08,Web,Web,Mediterranean,45-54,Silver,1,Routine,,0.7202,0.4675,0.2123,0.0566
C000970,2025-07-22,Mobile App,Mobile App,Black Sea,35-44,Bronze,1,Deal Seeker,,0.8459,0.711,0.8615,0.2692
C000971,2022-09-25,Mobile App,Mobile App,Black Sea,25-34,Silver,1,Growth,,1.577,0.608,0.3801,0.1408
C000972,2022-03-06,Marketplace,Marketplace,Marmara,45-54,Gold,1,High Value Loyal,,1.6019,0.7691,0.261,0.1718
C000973,2024-02-20,Store,Store,Black Sea,45-54,Bronze,1,Routine,2024-06-19,0.9949,0.3487,0.4369,0.2695
C000974,2023-01-03,Marketplace,Marketplace,Marmara,35-44,Platinum,0,High Value Loyal,,1.5254,0.9285,0.1397,0.2041
C000975,2022-06-25,Web,Web,Marmara,35-44,Bronze,1,Routine,2024-03-16,0.8349,0.6234,0.2684,0.2418
C000976,2024-04-21,Web,Web,Mediterranean,25-34,Silver,1,Deal Seeker,,1.2571,0.6201,0.9728,0.1394
C000977,2025-01-01,Web,Web,Marmara,25-34,Silver,1,Routine,,0.7593,0.5467,0.2799,0.1261
C000978,2023-01-11,Web,Web,Black Sea,25-34,Bronze,1,Routine,2023-02-10,0.7169,0.6123,0.3559,0.1555
C000979,2022-05-07,Store,Store,Marmara,35-44,Gold,1,At Risk,2023-10-29,1.4348,0.3502,0.2994,0.4744
C000980,2024-01-12,Marketplace,Marketplace,Aegean,55+,Silver,1,At Risk,2024-10-08,1.2509,0.3482,0.3913,0.5107
C000981,2022-05-16,Web,Web,Marmara,35-44,Silver,1,Deal Seeker,2023-05-11,0.8937,0.6235,0.732,0.2657
C000982,2024-01-23,Web,Web,Central Anatolia,18-24,Gold,1,High Value Loyal,,2.2556,0.8552,0.3419,0.02
C000983,2023-09-20,Mobile App,Mobile App,Southeastern Anatolia,25-34,Bronze,1,Deal Seeker,,0.902,0.5831,0.6658,0.1201
C000984,2022-01-19,Store,Store,Aegean,18-24,Gold,1,Growth,2025-08-31,1.2887,0.655,0.3174,0.255
C000985,2025-06-22,Web,Web,Black Sea,35-44,Silver,1,Routine,,0.8213,0.6931,0.5069,0.2446
C000986,2024-08-26,Mobile App,Mobile App,Mediterranean,35-44,Silver,0,At Risk,,1.2644,0.3406,0.334,0.5012
C000987,2024-01-03,Store,Store,Marmara,18-24,Silver,1,At Risk,,0.9621,0.2305,0.4873,0.4218
C000988,2024-12-08,Marketplace,Marketplace,Black Sea,25-34,Silver,1,Growth,2025-05-07,0.7684,0.7304,0.2684,0.1359
C000989,2025-11-14,Web,Web,Aegean,55+,Bronze,1,Routine,,1.2854,0.535,0.5019,0.278
C000990,2024-06-08,Mobile App,Mobile App,Mediterranean,45-54,Gold,1,High Value Loyal,,1.6931,0.5795,0.3958,0.198
C000991,2022-10-19,Mobile App,Mobile App,Marmara,25-34,Bronze,1,Routine,2025-07-05,0.894,0.52,0.4858,0.2032
C000992,2023-01-02,Web,Web,Marmara,25-34,Gold,1,At Risk,2024-01-27,0.9656,0.2733,0.5359,0.4328
C000993,2025-08-25,Store,Store,Mediterranean,35-44,Silver,1,At Risk,,0.7595,0.2805,0.3956,0.4628
C000994,2022-12-03,Store,Store,Central Anatolia,18-24,Bronze,1,Deal Seeker,,1.2312,0.5211,0.6413,0.2723
C000995,2025-09-13,Mobile App,Mobile App,Eastern Anatolia,18-24,Silver,0,Deal Seeker,,0.9435,0.6244,0.863,0.1766
C000996,2022-08-26,Web,Web,Mediterranean,25-34,Bronze,1,One-time,2022-09-25,0.7073,0.1791,0.466,0.307
C000997,2024-11-24,Mobile App,Mobile App,Central Anatolia,45-54,Bronze,1,One-time,2025-04-23,0.5834,0.1836,0.6341,0.3469
C000998,2024-03-04,Mobile App,Mobile App,Marmara,25-34,Bronze,1,Deal Seeker,2024-08-01,1.1001,0.7269,0.9123,0.3597
C000999,2025-11-18,Store,Store,Marmara,25-34,Gold,1,High Value Loyal,,1.4998,0.9564,0.2837,0.2197
C001000,2023-12-08,Web,Web,Marmara,45-54,Platinum,1,High Value Loyal,,1.5513,0.8347,0.05,0.0935
C001001,2025-09-15,Marketplace,Marketplace,Marmara,35-44,Silver,1,Deal Seeker,,1.0339,0.6219,0.8638,0.2985
C001002,2025-02-01,Web,Web,Central Anatolia,25-34,Gold,1,Growth,,1.1597,0.7771,0.5469,0.1293
C001003,2022-10-10,Web,Web,Mediterranean,25-34,Silver,1,At Risk,2023-08-06,0.9774,0.217,0.4077,0.4138
C001004,2022-10-25,Marketplace,Marketplace,Central Anatolia,25-34,Gold,1,High Value Loyal,2022-11-24,1.289,0.85,0.1097,0.02
C001005,2025-01-19,Mobile App,Mobile App,Marmara,25-34,Gold,1,At Risk,,0.9844,0.2718,0.3741,0.5403
C001006,2022-07-26,Web,Web,Mediterranean,35-44,Silver,1,Deal Seeker,2023-11-18,0.5534,0.766,0.6768,0.1912
C001007,2025-07-13,Marketplace,Marketplace,Aegean,45-54,Gold,1,At Risk,,0.9182,0.3133,0.4579,0.5527
C001008,2024-07-16,Mobile App,Mobile App,Black Sea,25-34,Silver,1,Growth,,1.0213,0.6941,0.4698,0.1101
C001009,2023-12-04,Store,Store,Marmara,25-34,Gold,1,High Value Loyal,,1.5523,0.8862,0.1849,0.1689
C001010,2024-06-17,Store,Store,Marmara,45-54,Gold,1,Growth,,1.1308,0.685,0.4654,0.1729
C001011,2025-01-22,Marketplace,Marketplace,Southeastern Anatolia,45-54,Silver,1,Deal Seeker,2025-05-22,1.0381,0.5331,0.9257,0.0866
C001012,2025-05-03,Mobile App,Mobile App,Marmara,35-44,Silver,1,Growth,,1.34,0.7549,0.3363,0.1833
C001013,2023-01-02,Store,Store,Aegean,35-44,Bronze,1,Routine,2023-10-29,0.8341,0.4784,0.3094,0.1544
C001014,2025-09-17,Marketplace,Marketplace,Marmara,25-34,Bronze,1,Routine,,0.7037,0.3822,0.4064,0.171
C001015,2025-12-20,Marketplace,Marketplace,Central Anatolia,25-34,Bronze,1,Routine,,0.9449,0.6183,0.4295,0.2453
C001016,2022-12-24,Web,Web,Aegean,45-54,Gold,1,High Value Loyal,2024-09-14,1.3536,0.7684,0.3426,0.1569
C001017,2023-09-07,Store,Store,Marmara,25-34,Silver,1,Growth,,1.1035,0.6654,0.3534,0.0669
C001018,2023-12-16,Web,Web,Aegean,18-24,Bronze,1,Routine,,0.7126,0.5956,0.3929,0.3473
C001019,2024-04-04,Mobile App,Mobile App,Central Anatolia,25-34,Bronze,1,One-time,2024-09-01,0.7092,0.2021,0.6699,0.4223
C001020,2023-12-15,Web,Web,Southeastern Anatolia,25-34,Bronze,1,Deal Seeker,2024-03-14,0.9917,0.6106,0.774,0.2393
C001021,2024-10-14,Store,Store,Eastern Anatolia,25-34,Silver,1,Growth,,0.9954,0.6998,0.3734,0.1378
C001022,2023-05-11,Web,Web,Marmara,35-44,Platinum,1,High Value Loyal,,1.5533,0.8272,0.2517,0.0992
C001023,2022-07-02,Marketplace,Marketplace,Marmara,35-44,Platinum,1,High Value Loyal,,1.5192,0.7818,0.05,0.1394
C001024,2024-06-04,Marketplace,Marketplace,Marmara,55+,Bronze,1,Deal Seeker,,1.058,0.5926,0.98,0.2433
C001025,2024-12-22,Mobile App,Mobile App,Marmara,25-34,Bronze,1,Deal Seeker,,0.7544,0.6917,0.8077,0.1885
C001026,2024-11-05,Mobile App,Mobile App,Marmara,25-34,Silver,1,Routine,,0.6201,0.5952,0.3817,0.1618
C001027,2024-01-19,Mobile App,Mobile App,Aegean,18-24,Silver,1,Routine,,0.9441,0.675,0.1723,0.1928
C001028,2023-12-12,Store,Store,Mediterranean,35-44,Bronze,1,Deal Seeker,2024-06-09,0.806,0.6421,0.7668,0.2397
C001029,2022-08-25,Store,Store,Marmara,25-34,Bronze,1,Deal Seeker,2025-11-07,0.8829,0.5797,0.8734,0.2789
C001030,2022-08-19,Web,Web,Mediterranean,25-34,Bronze,1,One-time,2022-09-18,0.8268,0.1576,0.6935,0.471
C001031,2025-04-14,Mobile App,Mobile App,Marmara,45-54,Gold,1,Growth,,1.3694,0.64,0.5007,0.1693
C001032,2024-08-11,Web,Web,Marmara,45-54,Silver,1,Routine,,0.6637,0.5868,0.3243,0.3895
C001033,2024-11-23,Web,Web,Central Anatolia,45-54,Silver,0,Routine,,0.8331,0.5503,0.3467,0.2289
C001034,2023-07-02,Web,Web,Mediterranean,25-34,Silver,1,At Risk,2024-05-27,0.7117,0.4331,0.6098,0.6798
C001035,2025-12-02,Mobile App,Mobile App,Marmara,35-44,Bronze,1,Routine,,0.7807,0.6328,0.2985,0.217
C001036,2024-09-05,Mobile App,Mobile App,Central Anatolia,25-34,Silver,1,Routine,2024-10-05,0.8831,0.5208,0.1969,0.0407
C001037,2025-09-16,Store,Store,Marmara,25-34,Bronze,0,Deal Seeker,,1.1375,0.5861,0.6952,0.3009
C001038,2025-12-02,Marketplace,Marketplace,Eastern Anatolia,45-54,Silver,1,Deal Seeker,,1.0524,0.5319,0.8156,0.2717
C001039,2025-07-22,Mobile App,Mobile App,Marmara,45-54,Bronze,1,Routine,,0.6867,0.6093,0.4247,0.0225
C001040,2024-03-14,Web,Web,Marmara,35-44,Bronze,1,Routine,,1.0819,0.5455,0.2399,0.2461
C001041,2022-06-21,Marketplace,Marketplace,Marmara,25-34,Gold,1,High Value Loyal,2025-03-07,1.2909,0.8557,0.2012,0.054
C001042,2023-02-01,Mobile App,Mobile App,Marmara,45-54,Silver,1,Deal Seeker,2023-10-29,1.2921,0.7096,0.9426,0.239
C001043,2025-11-12,Web,Web,Marmara,55+,Gold,1,Growth,2025-12-12,1.1393,0.5753,0.425,0.0686
C001044,2025-01-15,Web,Web,Marmara,25-34,Bronze,1,Deal Seeker,2025-12-11,0.826,0.6163,0.694,0.2839
C001045,2025-02-25,Marketplace,Marketplace,Black Sea,45-54,Silver,1,Routine,2025-08-24,0.8898,0.4493,0.4132,0.0917
C001046,2024-04-11,Web,Web,Marmara,25-34,Silver,1,At Risk,2024-10-08,0.8856,0.2178,0.4097,0.5094
C001047,2024-12-06,Mobile App,Mobile App,Aegean,35-44,Silver,1,Growth,2025-06-04,1.2574,0.6142,0.2687,0.2172
C001048,2023-01-13,Mobile App,Mobile App,Black Sea,35-44,Bronze,1,Deal Seeker,,1.0481,0.5356,0.788,0.2535
C001049,2024-04-23,Store,Store,Mediterranean,18-24,Silver,1,Growth,2025-02-17,1.3128,0.5099,0.4042,0.3261
C001050,2025-08-13,Store,Store,Aegean,35-44,Silver,0,Growth,,0.9304,0.5611,0.4095,0.2508
C001051,2025-12-24,Web,Web,Southeastern Anatolia,18-24,Bronze,1,One-time,,0.7342,0.3632,0.7799,0.4174
C001052,2023-10-06,Mobile App,Mobile App,Marmara,35-44,Gold,1,High Value Loyal,,2.0769,0.7858,0.2655,0.0922
C001053,2022-10-08,Mobile App,Mobile App,Marmara,35-44,Bronze,1,Deal Seeker,2023-01-06,1.1168,0.5477,0.948,0.1466
C001054,2023-08-25,Mobile App,Mobile App,Mediterranean,45-54,Silver,1,Growth,2024-08-19,1.1337,0.7672,0.2874,0.1906
C001055,2025-09-17,Web,Web,Marmara,25-34,Gold,1,Growth,,1.2607,0.6064,0.4425,0.1817
C001056,2023-11-10,Store,Store,Central Anatolia,25-34,Silver,0,Growth,2024-11-04,1.3379,0.737,0.3361,0.0251
C001057,2025-09-11,Web,Web,Marmara,18-24,Silver,1,Routine,,0.7789,0.3566,0.4493,0.1769
C001058,2024-12-11,Mobile App,Mobile App,Mediterranean,35-44,Gold,0,High Value Loyal,,1.3102,0.8396,0.2218,0.1026
C001059,2023-08-23,Store,Store,Mediterranean,55+,Silver,1,Deal Seeker,2025-05-14,0.9463,0.6991,0.702,0.2773
C001060,2023-11-14,Store,Store,Eastern Anatolia,35-44,Silver,1,Deal Seeker,,1.2421,0.5884,0.7345,0.266
C001061,2023-06-16,Web,Web,Marmara,35-44,Bronze,1,Routine,,0.6481,0.413,0.3525,0.1532
C001062,2025-11-11,Web,Web,Central Anatolia,18-24,Platinum,1,High Value Loyal,2025-12-11,1.4799,0.8164,0.2777,0.1198
C001063,2022-07-21,Marketplace,Marketplace,Central Anatolia,35-44,Silver,1,Growth,2023-12-13,0.9137,0.6636,0.3816,0.1361
C001064,2023-10-08,Store,Store,Central Anatolia,35-44,Silver,0,Growth,,1.2801,0.7015,0.4584,0.1649
C001065,2025-07-18,Marketplace,Marketplace,Marmara,18-24,Gold,1,Growth,,1.2964,0.7123,0.3594,0.1952
C001066,2023-10-18,Web,Web,Marmara,25-34,Bronze,1,Deal Seeker,2025-12-06,0.6911,0.5491,0.7621,0.274
C001067,2024-06-16,Mobile App,Mobile App,Marmara,25-34,Silver,1,At Risk,2025-06-11,1.3377,0.3711,0.4753,0.5694
C001068,2024-11-16,Web,Web,Marmara,25-34,Silver,1,Deal Seeker,2025-07-14,0.8579,0.5734,0.7613,0.2481
C001069,2022-11-21,Mobile App,Mobile App,Southeastern Anatolia,45-54,Silver,1,Routine,,0.5763,0.5296,0.3805,0.2841
C001070,2024-06-19,Web,Web,Marmara,55+,Gold,1,Growth,,1.4452,0.6648,0.3246,0.134
C001071,2024-03-22,Mobile App,Mobile App,Southeastern Anatolia,25-34,Gold,1,Growth,,1.3475,0.7307,0.5436,0.1313
C001072,2025-12-11,Marketplace,Marketplace,Aegean,25-34,Silver,1,Routine,,0.6287,0.599,0.4127,0.3193
C001073,2022-09-23,Mobile App,Mobile App,Marmara,25-34,Silver,1,At Risk,2023-10-18,0.9386,0.4057,0.4836,0.5649
C001074,2024-02-26,Web,Web,Central Anatolia,25-34,Gold,1,High Value Loyal,,2.07,0.8483,0.2768,0.0891
C001075,2025-07-08,Web,Web,Marmara,35-44,Silver,0,Growth,,1.234,0.6746,0.2885,0.1475
C001076,2023-04-04,Mobile App,Mobile App,Aegean,45-54,Bronze,1,Routine,2023-09-01,0.6284,0.4685,0.2581,0.2698
C001077,2023-02-19,Mobile App,Mobile App,Southeastern Anatolia,18-24,Bronze,1,Routine,,0.5866,0.5045,0.345,0.1333
C001078,2024-01-25,Mobile App,Mobile App,Black Sea,35-44,Bronze,1,Deal Seeker,,0.8332,0.6465,0.8758,0.2445
C001079,2023-11-04,Mobile App,Mobile App,Marmara,35-44,Gold,1,High Value Loyal,,2.4157,0.7533,0.3008,0.0836
C001080,2024-09-05,Web,Web,Marmara,35-44,Gold,1,Growth,2024-11-04,1.2195,0.678,0.4676,0.1737
C001081,2023-07-04,Marketplace,Marketplace,Marmara,25-34,Silver,1,Growth,2023-08-03,1.1799,0.6222,0.4183,0.0924
C001082,2023-02-09,Web,Web,Central Anatolia,25-34,Silver,1,At Risk,2024-04-04,0.9268,0.3318,0.5011,0.4124
C001083,2023-11-04,Mobile App,Mobile App,Marmara,18-24,Bronze,1,Routine,2025-07-26,0.9462,0.5008,0.3314,0.1146
C001084,2025-10-11,Store,Store,Black Sea,35-44,Silver,1,Routine,,0.7467,0.4895,0.419,0.1532
C001085,2023-05-03,Store,Store,Marmara,35-44,Gold,1,At Risk,2023-06-02,1.1381,0.2733,0.4413,0.3219
C001086,2022-05-18,Marketplace,Marketplace,Aegean,25-34,Bronze,1,One-time,2022-06-17,0.6866,0.286,0.7712,0.3299
C001087,2022-03-01,Mobile App,Mobile App,Black Sea,35-44,Silver,1,At Risk,2022-04-30,1.202,0.3036,0.5214,0.4564
C001088,2025-05-20,Web,Web,Southeastern Anatolia,45-54,Silver,1,Routine,,1.0231,0.574,0.4703,0.0837
C001089,2023-07-17,Mobile App,Mobile App,Aegean,18-24,Silver,1,Deal Seeker,,1.1775,0.6291,0.8367,0.3282
C001090,2023-02-01,Marketplace,Marketplace,Black Sea,25-34,Bronze,1,Deal Seeker,,1.0804,0.6532,0.907,0.1203
C001091,2023-08-05,Mobile App,Mobile App,Marmara,35-44,Silver,1,Growth,,1.3155,0.8746,0.3858,0.1389
C001092,2023-06-15,Store,Store,Central Anatolia,25-34,Silver,1,Growth,,1.1757,0.6925,0.5236,0.15
C001093,2023-07-14,Web,Web,Marmara,55+,Silver,1,Deal Seeker,2025-10-01,0.7121,0.6816,0.6301,0.3342
C001094,2024-11-04,Marketplace,Marketplace,Marmara,45-54,Platinum,1,High Value Loyal,,1.3195,0.8117,0.182,0.2571
C001095,2025-11-10,Marketplace,Marketplace,Aegean,18-24,Silver,1,Growth,,1.2811,0.7114,0.3806,0.3101
C001096,2024-03-20,Web,Web,Marmara,25-34,Silver,1,Deal Seeker,2025-02-13,0.7479,0.7509,0.822,0.3317
C001097,2024-10-04,Mobile App,Mobile App,Central Anatolia,18-24,Silver,1,Growth,,1.0357,0.7337,0.3197,0.2267
C001098,2024-10-01,Web,Web,Southeastern Anatolia,55+,Bronze,1,Routine,,0.6716,0.5063,0.4577,0.1502
C001099,2022-08-07,Store,Store,Black Sea,55+,Bronze,1,Routine,2022-11-05,0.9,0.4638,0.3175,0.1273
C001100,2025-07-14,Web,Web,Aegean,18-24,Silver,1,Routine,,0.7173,0.5612,0.2727,0.1771
C001101,2023-05-23,Marketplace,Marketplace,Mediterranean,35-44,Silver,1,Growth,2023-06-22,1.4548,0.7495,0.5824,0.1074
C001102,2024-04-01,Web,Web,Southeastern Anatolia,35-44,Silver,1,Deal Seeker,2025-02-25,0.9311,0.6767,0.8048,0.3212
C001103,2022-09-24,Mobile App,Mobile App,Aegean,45-54,Bronze,1,One-time,2023-01-22,0.5469,0.2544,0.7346,0.3934
C001104,2022-09-14,Store,Store,Marmara,35-44,Gold,1,High Value Loyal,2023-12-08,1.5101,0.7825,0.2553,0.0629
C001105,2023-11-06,Web,Web,Central Anatolia,25-34,Silver,1,Routine,,0.7442,0.38,0.4479,0.0309
C001106,2024-05-03,Mobile App,Mobile App,Eastern Anatolia,45-54,Gold,1,High Value Loyal,,2.5172,0.7857,0.1053,0.1694
C001107,2023-07-01,Mobile App,Mobile App,Mediterranean,45-54,Platinum,1,High Value Loyal,,1.4622,0.8794,0.4175,0.1827
C001108,2022-04-07,Web,Web,Aegean,35-44,Gold,1,Growth,2023-10-29,1.8811,0.7494,0.4267,0.19
C001109,2024-05-14,Marketplace,Marketplace,Central Anatolia,35-44,Silver,0,At Risk,2025-08-07,0.9256,0.3212,0.4215,0.3585
C001110,2022-04-09,Web,Web,Marmara,35-44,Bronze,1,Deal Seeker,2024-07-27,0.9564,0.6842,0.6158,0.366
C001111,2024-01-08,Web,Web,Mediterranean,45-54,Gold,1,At Risk,2024-02-07,1.1934,0.3883,0.5073,0.454
C001112,2025-12-08,Marketplace,Marketplace,Black Sea,18-24,Bronze,1,Deal Seeker,,0.8682,0.6275,0.8057,0.23
C001113,2024-04-14,Web,Web,Marmara,25-34,Bronze,1,Routine,2024-11-10,0.825,0.3821,0.4096,0.2265
C001114,2023-12-02,Store,Store,Central Anatolia,25-34,Silver,1,Routine,,0.6814,0.6378,0.3826,0.1575
C001115,2023-01-09,Web,Web,Mediterranean,35-44,Gold,1,Growth,2025-10-25,1.082,0.8124,0.1795,0.242
C001116,2022-12-14,Mobile App,Mobile App,Marmara,25-34,Bronze,1,Routine,,0.7731,0.4772,0.379,0.1959
C001117,2022-08-21,Marketplace,Marketplace,Black Sea,25-34,Silver,1,Routine,,0.8231,0.6122,0.4583,0.1146
C001118,2025-11-19,Mobile App,Mobile App,Central Anatolia,35-44,Silver,1,Routine,,0.6467,0.566,0.3603,0.1698
C001119,2023-06-12,Web,Web,Marmara,25-34,Gold,1,Growth,,1.4032,0.689,0.3637,0.196
C001120,2024-11-15,Web,Web,Marmara,35-44,Silver,1,Growth,,1.4671,0.7138,0.3566,0.0855
C001121,2023-05-12,Web,Web,Central Anatolia,35-44,Bronze,1,Deal Seeker,,0.7641,0.544,0.7144,0.1505
C001122,2025-07-11,Web,Web,Mediterranean,35-44,Silver,1,Routine,,1.0026,0.5362,0.2993,0.3385
C001123,2024-10-22,Mobile App,Mobile App,Southeastern Anatolia,35-44,Silver,1,Deal Seeker,,1.0852,0.6746,0.8495,0.1772
C001124,2024-07-04,Web,Web,Marmara,35-44,Bronze,1,Routine,,0.767,0.4807,0.4095,0.1435
C001125,2022-04-26,Mobile App,Mobile App,Marmara,18-24,Bronze,1,Deal Seeker,2023-12-17,1.0609,0.5773,0.6275,0.0989
C001126,2022-08-08,Web,Web,Southeastern Anatolia,45-54,Silver,1,Deal Seeker,2023-12-01,1.1446,0.6326,0.804,0.2826
C001127,2023-01-18,Marketplace,Marketplace,Marmara,45-54,Bronze,1,Deal Seeker,2024-07-11,0.8914,0.6352,0.9676,0.3577
C001128,2025-11-08,Mobile App,Mobile App,Eastern Anatolia,25-34,Silver,1,Routine,,0.7573,0.4982,0.3285,0.249
C001129,2022-05-18,Web,Web,Central Anatolia,18-24,Silver,1,Routine,2025-05-02,0.7374,0.4354,0.3902,0.241
C001130,2023-05-26,Mobile App,Mobile App,Southeastern Anatolia,18-24,Silver,1,Growth,,1.2081,0.7493,0.2635,0.2056
C001131,2025-09-14,Mobile App,Mobile App,Marmara,35-44,Gold,1,High Value Loyal,,2.2002,0.8276,0.1222,0.02
C001132,2024-04-02,Web,Web,Marmara,25-34,Silver,1,Growth,,1.2754,0.7039,0.5366,0.1762
C001133,2023-11-16,Mobile App,Mobile App,Marmara,25-34,Silver,1,Routine,,0.7577,0.4206,0.3963,0.1134
C001134,2025-08-08,Mobile App,Mobile App,Marmara,25-34,Silver,1,Routine,,0.7828,0.5464,0.2272,0.2793
C001135,2023-12-02,Web,Web,Black Sea,35-44,Gold,1,High Value Loyal,,1.7694,0.7994,0.1397,0.0831
C001136,2025-11-12,Mobile App,Mobile App,Marmara,18-24,Bronze,1,Routine,,0.876,0.5183,0.4032,0.0912
C001137,2023-08-18,Mobile App,Mobile App,Aegean,35-44,Silver,1,Deal Seeker,,0.8703,0.6829,0.6702,0.23
C001138,2022-10-02,Mobile App,Mobile App,Central Anatolia,45-54,Silver,1,Routine,2025-07-18,0.9492,0.4875,0.1967,0.2339
C001139,2023-03-04,Mobile App,Mobile App,Aegean,35-44,Silver,1,At Risk,,1.3085,0.3359,0.4343,0.598
C001140,2022-02-01,Mobile App,Mobile App,Aegean,35-44,Silver,1,Deal Seeker,,1.1274,0.4648,0.8974,0.2001
C001141,2024-10-09,Store,Store,Black Sea,35-44,Gold,0,High Value Loyal,,2.1341,0.8956,0.2645,0.0889
C001142,2022-10-17,Store,Store,Eastern Anatolia,25-34,Bronze,1,Routine,,0.8766,0.4629,0.251,0.1609
C001143,2024-06-09,Web,Web,Marmara,55+,Silver,1,Deal Seeker,2025-12-01,1.0124,0.5899,0.8366,0.2179
C001144,2022-09-10,Store,Store,Marmara,25-34,Bronze,1,Routine,2023-01-08,0.7674,0.6072,0.4465,0.2652
C001145,2022-09-19,Store,Store,Mediterranean,18-24,Bronze,1,One-time,2023-09-14,0.9324,0.1127,0.7891,0.385
C001146,2023-08-05,Marketplace,Marketplace,Southeastern Anatolia,35-44,Silver,0,Growth,2024-03-02,1.275,0.6706,0.3986,0.1599
C001147,2024-05-26,Store,Store,Southeastern Anatolia,45-54,Silver,1,Growth,,1.0466,0.8116,0.4223,0.2282
C001148,2022-01-13,Marketplace,Marketplace,Marmara,55+,Silver,1,At Risk,2023-02-07,0.8858,0.3905,0.435,0.5313
C001149,2025-07-02,Web,Web,Black Sea,55+,Silver,1,Routine,,0.6089,0.552,0.5094,0.1514
C001150,2025-09-23,Web,Web,Aegean,18-24,Silver,1,Growth,2025-12-22,1.0613,0.6298,0.3112,0.292
C001151,2025-04-22,Mobile App,Mobile App,Marmara,35-44,Bronze,1,Deal Seeker,,0.8143,0.7217,0.7046,0.3158
C001152,2023-04-19,Marketplace,Marketplace,Marmara,35-44,Bronze,1,Deal Seeker,2023-05-19,0.6729,0.7369,0.7959,0.2248
C001153,2023-05-19,Marketplace,Marketplace,Aegean,18-24,Gold,1,High Value Loyal,,2.4195,0.827,0.0656,0.053
C001154,2025-06-15,Mobile App,Mobile App,Central Anatolia,25-34,Bronze,1,Routine,,0.6896,0.696,0.2636,0.1769
C001155,2023-07-13,Marketplace,Marketplace,Aegean,35-44,Bronze,0,Routine,,0.9424,0.4683,0.4053,0.1759
C001156,2025-11-21,Web,Web,Central Anatolia,25-34,Bronze,1,One-time,,0.764,0.2138,0.6672,0.4378
C001157,2023-01-16,Store,Store,Marmara,35-44,Gold,1,Growth,2023-06-15,1.154,0.5643,0.2504,0.1352
C001158,2025-11-01,Mobile App,Mobile App,Black Sea,18-24,Silver,1,Routine,,0.9439,0.5841,0.2634,0.2292
C001159,2024-07-15,Store,Store,Mediterranean,35-44,Silver,1,Routine,,0.5857,0.5612,0.2805,0.1061
C001160,2023-04-26,Store,Store,Black Sea,25-34,Silver,1,Routine,,0.6128,0.6156,0.3537,0.1819
C001161,2025-09-11,Mobile App,Mobile App,Central Anatolia,55+,Silver,1,Deal Seeker,,1.0233,0.695,0.7927,0.3529
C001162,2023-03-07,Mobile App,Mobile App,Marmara,35-44,Gold,1,High Value Loyal,2023-11-02,2.1417,0.98,0.3033,0.1178
C001163,2025-06-03,Store,Store,Marmara,18-24,Gold,1,High Value Loyal,,1.6521,0.7883,0.2398,0.1824
C001164,2025-03-11,Mobile App,Mobile App,Mediterranean,35-44,Bronze,1,One-time,2025-07-09,0.6726,0.3327,0.6423,0.2795
C001165,2022-11-21,Web,Web,Central Anatolia,35-44,Silver,1,Growth,,0.9136,0.684,0.2915,0.1476
C001166,2023-04-16,Marketplace,Marketplace,Central Anatolia,25-34,Silver,1,Growth,,0.7652,0.816,0.352,0.2194
C001167,2025-10-13,Mobile App,Mobile App,Aegean,25-34,Bronze,0,Routine,,0.9837,0.5105,0.256,0.3137
C001168,2023-05-23,Store,Store,Black Sea,35-44,Silver,1,Growth,,1.2245,0.6845,0.4067,0.2806
C001169,2024-12-22,Store,Store,Mediterranean,35-44,Silver,1,Deal Seeker,,0.8039,0.7153,0.8668,0.2143
C001170,2022-02-12,Store,Store,Marmara,25-34,Silver,1,At Risk,2024-02-02,1.1842,0.2007,0.5307,0.4403
C001171,2023-09-03,Store,Store,Marmara,45-54,Bronze,1,Deal Seeker,2024-01-01,1.141,0.6217,0.7609,0.2453
C001172,2025-08-10,Web,Web,Black Sea,45-54,Bronze,1,Routine,,0.6341,0.4469,0.4081,0.1678
C001173,2025-06-17,Web,Web,Aegean,45-54,Bronze,1,Deal Seeker,,0.8971,0.6131,0.8011,0.1915
C001174,2023-05-07,Marketplace,Marketplace,Marmara,18-24,Silver,1,At Risk,2024-01-02,1.2476,0.3029,0.4082,0.4507
C001175,2023-07-03,Web,Web,Marmara,45-54,Bronze,1,Routine,2023-08-02,0.709,0.6101,0.4129,0.2123
C001176,2025-01-12,Marketplace,Marketplace,Marmara,35-44,Bronze,0,Routine,,0.9789,0.3658,0.4261,0.3205
C001177,2025-06-26,Marketplace,Marketplace,Aegean,35-44,Bronze,1,One-time,2025-09-24,0.7239,0.266,0.7829,0.3267
C001178,2024-05-16,Web,Web,Marmara,35-44,Bronze,1,One-time,2025-08-09,0.82,0.1406,0.5908,0.3212
C001179,2022-10-08,Web,Web,Marmara,25-34,Gold,0,High Value Loyal,,1.3794,0.804,0.2097,0.1722
C001180,2025-01-03,Mobile App,Mobile App,Central Anatolia,35-44,Silver,1,Deal Seeker,,1.2518,0.604,0.9193,0.0954
C001181,2024-08-17,Marketplace,Marketplace,Marmara,35-44,Bronze,1,Routine,,0.8402,0.5199,0.3991,0.3004
C001182,2022-11-20,Web,Web,Mediterranean,25-34,Silver,0,Routine,2025-04-08,0.9277,0.523,0.4298,0.1074
C001183,2025-11-05,Mobile App,Mobile App,Marmara,25-34,Platinum,1,High Value Loyal,,1.8584,0.7661,0.1979,0.1459
C001184,2022-11-16,Web,Web,Central Anatolia,25-34,Gold,1,Growth,,1.2381,0.7249,0.3322,0.2078
C001185,2022-04-06,Mobile App,Mobile App,Aegean,25-34,Silver,1,Deal Seeker,,0.7958,0.6179,0.6725,0.193
C001186,2025-05-01,Mobile App,Mobile App,Marmara,25-34,Bronze,0,Deal Seeker,,0.8168,0.5548,0.7924,0.1604
C001187,2025-03-18,Mobile App,Mobile App,Marmara,45-54,Silver,0,Growth,,1.3633,0.8857,0.515,0.3442
C001188,2023-05-25,Mobile App,Mobile App,Mediterranean,25-34,Silver,1,Routine,,0.4852,0.5346,0.4059,0.2852
C001189,2024-05-07,Store,Store,Aegean,45-54,Bronze,1,Deal Seeker,,1.1066,0.5842,0.8876,0.1557
C001190,2023-08-12,Mobile App,Mobile App,Central Anatolia,45-54,Silver,1,Routine,,0.7577,0.4996,0.279,0.1983
C001191,2024-03-17,Marketplace,Marketplace,Marmara,35-44,Bronze,1,One-time,2024-04-16,0.5129,0.4755,0.612,0.3661
C001192,2024-05-05,Web,Web,Central Anatolia,35-44,Bronze,1,One-time,2024-12-01,0.6585,0.2273,0.5306,0.212
C001193,2022-04-05,Marketplace,Marketplace,Marmara,45-54,Gold,0,High Value Loyal,2024-06-23,1.7989,0.7754,0.2798,0.0695
C001194,2024-09-11,Web,Web,Mediterranean,25-34,Silver,1,Deal Seeker,2024-11-10,1.5688,0.6077,0.7084,0.2545
C001195,2022-11-08,Web,Web,Marmara,25-34,Silver,1,Growth,2023-09-04,0.838,0.785,0.3911,0.1514
C001196,2025-08-22,Mobile App,Mobile App,Marmara,35-44,Silver,1,Routine,,0.9922,0.4941,0.3001,0.2252
C001197,2024-11-19,Mobile App,Mobile App,Aegean,35-44,Silver,1,Deal Seeker,,0.9052,0.7057,0.8459,0.362
C001198,2023-08-26,Marketplace,Marketplace,Marmara,25-34,Bronze,1,Deal Seeker,2025-03-18,0.8047,0.6639,0.827,0.3097
C001199,2023-07-06,Marketplace,Marketplace,Aegean,25-34,Platinum,1,High Value Loyal,2025-05-26,1.5621,0.8951,0.3229,0.2011
C001200,2025-12-04,Marketplace,Marketplace,Aegean,25-34,Gold,0,Growth,,1.4102,0.728,0.3426,0.18
C001201,2025-01-04,Web,Web,Eastern Anatolia,35-44,Bronze,1,Deal Seeker,,1.1177,0.7225,0.8524,0.2796
C001202,2022-01-11,Web,Web,Marmara,45-54,Silver,1,Deal Seeker,2024-05-30,0.7901,0.6428,0.7418,0.1617
C001203,2025-02-17,Web,Web,Mediterranean,18-24,Bronze,1,Routine,,0.8473,0.631,0.3824,0.1684
C001204,2023-10-11,Marketplace,Marketplace,Eastern Anatolia,25-34,Gold,1,High Value Loyal,,2.0728,0.7843,0.3289,0.026
C001205,2023-04-23,Store,Store,Mediterranean,25-34,Silver,1,Growth,2023-06-22,0.8548,0.6122,0.4315,0.192
C001206,2022-08-26,Mobile App,Mobile App,Central Anatolia,35-44,Silver,1,Growth,2024-08-15,1.231,0.7,0.4118,0.0648
C001207,2025-11-02,Mobile App,Mobile App,Central Anatolia,25-34,Silver,0,Deal Seeker,,1.0063,0.5832,0.7284,0.2395
C001208,2023-11-12,Store,Store,Marmara,25-34,Bronze,0,Deal Seeker,2024-07-09,0.8192,0.6734,0.8785,0.2076
C001209,2025-12-17,Web,Web,Central Anatolia,18-24,Silver,1,Growth,,1.4701,0.7466,0.568,0.0306
C001210,2024-12-08,Mobile App,Mobile App,Southeastern Anatolia,45-54,Bronze,1,Deal Seeker,,1.0583,0.5855,0.8521,0.2159
C001211,2024-08-12,Mobile App,Mobile App,Central Anatolia,18-24,Gold,1,High Value Loyal,,1.904,0.8236,0.2275,0.0504
C001212,2025-11-09,Mobile App,Mobile App,Eastern Anatolia,55+,Bronze,0,Routine,,0.9427,0.4599,0.374,0.2515
C001213,2023-07-06,Mobile App,Mobile App,Marmara,35-44,Silver,1,At Risk,2023-08-05,1.0616,0.3543,0.3118,0.474
C001214,2024-11-23,Web,Web,Mediterranean,55+,Platinum,1,High Value Loyal,,1.4167,0.85,0.4649,0.1655
C001215,2022-03-14,Marketplace,Marketplace,Marmara,18-24,Silver,1,Growth,2024-11-28,0.9902,0.6049,0.3373,0.1595
C001216,2022-05-24,Store,Store,Eastern Anatolia,18-24,Silver,1,Growth,,1.1656,0.7383,0.4649,0.1082
C001217,2023-04-25,Web,Web,Central Anatolia,35-44,Gold,1,Growth,,1.5098,0.7594,0.4897,0.0699
C001218,2025-04-14,Mobile App,Mobile App,Marmara,25-34,Bronze,1,Routine,,0.5395,0.4688,0.3114,0.1402
C001219,2025-10-04,Mobile App,Mobile App,Southeastern Anatolia,35-44,Silver,1,Routine,,0.8662,0.3245,0.2156,0.2368
C001220,2023-04-25,Store,Store,Marmara,18-24,Bronze,1,Deal Seeker,,0.9432,0.5045,0.8646,0.2484
C001221,2024-06-06,Mobile App,Mobile App,Aegean,55+,Bronze,1,Routine,,1.1767,0.5754,0.4726,0.2127
C001222,2025-08-11,Web,Web,Central Anatolia,25-34,Bronze,1,Routine,,0.865,0.6402,0.3128,0.0638
C001223,2024-08-25,Mobile App,Mobile App,Marmara,25-34,Silver,1,Growth,,0.9544,0.5922,0.3636,0.0335
C001224,2025-09-07,Mobile App,Mobile App,Central Anatolia,35-44,Gold,1,Growth,,1.1013,0.6915,0.3996,0.1142
C001225,2025-06-09,Marketplace,Marketplace,Central Anatolia,35-44,Silver,1,Growth,,1.2853,0.6614,0.498,0.0674
C001226,2022-10-11,Mobile App,Mobile App,Marmara,35-44,Bronze,1,Routine,,0.8379,0.5638,0.3807,0.1466
C001227,2025-11-05,Mobile App,Mobile App,Central Anatolia,55+,Silver,1,At Risk,,0.9649,0.3275,0.4318,0.4501
C001228,2025-09-11,Marketplace,Marketplace,Marmara,55+,Silver,0,Growth,,1.3611,0.651,0.4644,0.1624
C001229,2025-04-24,Mobile App,Mobile App,Marmara,25-34,Silver,1,Deal Seeker,2025-11-20,1.3113,0.6422,0.8552,0.187
C001230,2024-04-14,Marketplace,Marketplace,Black Sea,25-34,Bronze,1,Deal Seeker,2025-07-08,1.0422,0.5811,0.881,0.1827
C001231,2025-02-21,Marketplace,Marketplace,Marmara,18-24,Gold,1,Growth,,1.1046,0.7023,0.3757,0.2421
C001232,2022-02-15,Store,Store,Southeastern Anatolia,45-54,Gold,1,Growth,,1.2658,0.7965,0.3534,0.1065
C001233,2025-07-25,Mobile App,Mobile App,Central Anatolia,25-34,Silver,1,Routine,,0.8629,0.4747,0.4115,0.1875
C001234,2022-10-07,Marketplace,Marketplace,Mediterranean,35-44,Platinum,0,High Value Loyal,,2.1009,0.8238,0.3397,0.1242
C001235,2023-03-03,Marketplace,Marketplace,Central Anatolia,35-44,Silver,0,Growth,,0.966,0.6938,0.31,0.292
C001236,2025-02-26,Marketplace,Marketplace,Aegean,45-54,Bronze,1,Routine,2025-06-26,0.8279,0.3594,0.3091,0.2923
C001237,2023-07-03,Store,Store,Marmara,18-24,Bronze,1,Deal Seeker,2025-10-20,0.7858,0.7272,0.7157,0.3448
C001238,2024-03-20,Mobile App,Mobile App,Marmara,35-44,Bronze,1,Routine,,0.7527,0.3976,0.4103,0.096
C001239,2025-09-01,Store,Store,Marmara,35-44,Platinum,1,High Value Loyal,,1.4379,0.6736,0.2049,0.1051
C001240,2023-11-15,Web,Web,Eastern Anatolia,45-54,Bronze,1,Deal Seeker,,1.238,0.6743,0.8396,0.2462
C001241,2024-09-17,Marketplace,Marketplace,Mediterranean,25-34,Bronze,1,Routine,,0.5479,0.5238,0.3633,0.2682
C001242,2022-07-06,Marketplace,Marketplace,Black Sea,35-44,Bronze,0,Routine,,0.9265,0.5405,0.4151,0.1604
C001243,2024-10-15,Marketplace,Marketplace,Black Sea,35-44,Silver,1,Growth,,1.1315,0.6532,0.3563,0.2125
C001244,2023-05-25,Web,Web,Aegean,18-24,Bronze,0,Routine,,0.8236,0.494,0.2684,0.2509
C001245,2022-07-20,Mobile App,Mobile App,Southeastern Anatolia,25-34,Silver,1,At Risk,2023-08-14,0.9606,0.2939,0.4987,0.4776
C001246,2024-12-25,Mobile App,Mobile App,Central Anatolia,35-44,Bronze,1,One-time,2025-02-23,0.8483,0.316,0.5097,0.3103
C001247,2025-03-07,Mobile App,Mobile App,Marmara,35-44,Gold,1,High Value Loyal,,1.8735,0.9192,0.1995,0.0743
C001248,2024-11-03,Mobile App,Mobile App,Eastern Anatolia,35-44,Bronze,1,Routine,2025-09-29,0.9988,0.592,0.3561,0.1541
C001249,2024-04-16,Web,Web,Marmara,35-44,Bronze,1,Deal Seeker,2024-09-13,0.947,0.7034,0.8471,0.2819
C001250,2024-11-10,Web,Web,Black Sea,25-34,Bronze,1,Deal Seeker,,1.0403,0.655,0.808,0.1564
C001251,2025-04-05,Web,Web,Black Sea,18-24,Silver,0,Deal Seeker,,0.6354,0.6037,0.7953,0.0446
C001252,2025-12-22,Marketplace,Marketplace,Marmara,18-24,Silver,0,Deal Seeker,,1.3437,0.5616,0.6687,0.124
C001253,2023-09-11,Mobile App,Mobile App,Southeastern Anatolia,35-44,Silver,1,Growth,2025-08-01,1.6104,0.6825,0.3247,0.0658
C001254,2023-10-23,Mobile App,Mobile App,Central Anatolia,35-44,Silver,1,At Risk,2024-10-17,1.0478,0.2903,0.3939,0.5777
C001255,2025-11-20,Store,Store,Marmara,25-34,Silver,1,Growth,,1.2211,0.7737,0.426,0.1331
C001256,2025-03-16,Mobile App,Mobile App,Southeastern Anatolia,25-34,Gold,1,Growth,,1.3948,0.83,0.4383,0.12
C001257,2025-10-04,Store,Store,Marmara,25-34,Bronze,0,One-time,,0.5787,0.2878,0.6695,0.3425
C001258,2024-03-20,Store,Store,Black Sea,45-54,Silver,1,Growth,,1.1775,0.6509,0.4402,0.2751
C001259,2025-05-20,Web,Web,Mediterranean,35-44,Silver,1,Routine,,0.7608,0.484,0.1615,0.1884
C001260,2025-02-23,Web,Web,Aegean,45-54,Silver,1,Routine,,0.7816,0.7624,0.3857,0.2375
C001261,2022-11-20,Marketplace,Marketplace,Marmara,45-54,Silver,1,Growth,2023-04-19,1.4185,0.7756,0.3152,0.1802
C001262,2025-06-15,Web,Web,Aegean,45-54,Platinum,1,High Value Loyal,,1.5333,0.9466,0.2135,0.1347
C001263,2025-11-02,Web,Web,Eastern Anatolia,18-24,Platinum,1,High Value Loyal,,1.9229,0.823,0.0901,0.1219
C001264,2023-10-04,Store,Store,Marmara,25-34,Silver,1,Deal Seeker,2025-10-23,1.1497,0.6115,0.665,0.2187
C001265,2025-11-12,Marketplace,Marketplace,Central Anatolia,18-24,Platinum,1,High Value Loyal,,1.8392,0.7939,0.2685,0.0412
C001266,2025-06-17,Mobile App,Mobile App,Marmara,55+,Gold,1,High Value Loyal,2025-12-14,1.5316,0.98,0.1617,0.0324
C001267,2025-02-11,Mobile App,Mobile App,Southeastern Anatolia,35-44,Silver,1,Routine,,0.7477,0.5173,0.2718,0.3205
C001268,2025-08-16,Web,Web,Southeastern Anatolia,45-54,Platinum,1,High Value Loyal,,1.971,0.9327,0.1379,0.08
C001269,2024-05-24,Mobile App,Mobile App,Marmara,45-54,Bronze,1,Deal Seeker,2024-07-23,0.6613,0.455,0.7212,0.3693
C001270,2022-02-21,Mobile App,Mobile App,Mediterranean,25-34,Silver,1,Growth,,1.0599,0.6669,0.5712,0.2807
C001271,2022-09-03,Store,Store,Marmara,35-44,Bronze,1,Deal Seeker,2023-05-01,1.0148,0.6136,0.9369,0.2078
C001272,2022-09-23,Marketplace,Marketplace,Aegean,45-54,Silver,1,Routine,,0.9137,0.5621,0.3852,0.1901
C001273,2023-10-08,Marketplace,Marketplace,Marmara,35-44,Silver,1,Routine,2024-03-06,1.0956,0.5435,0.3001,0.1854
C001274,2023-11-20,Web,Web,Marmara,45-54,Bronze,1,Deal Seeker,,0.7239,0.5772,0.7157,0.2319
C001275,2025-09-09,Marketplace,Marketplace,Marmara,45-54,Gold,0,High Value Loyal,,2.1099,0.825,0.2318,0.0895
C001276,2025-01-05,Web,Web,Black Sea,18-24,Bronze,0,One-time,2025-07-04,0.6531,0.2511,0.6829,0.3541
C001277,2023-06-17,Web,Web,Black Sea,45-54,Gold,1,Growth,,1.1806,0.6156,0.4709,0.1063
C001278,2023-04-18,Mobile App,Mobile App,Mediterranean,25-34,Silver,1,Routine,2023-08-16,0.6861,0.5861,0.3527,0.2549
C001279,2024-11-18,Mobile App,Mobile App,Marmara,18-24,Silver,1,Routine,,0.759,0.575,0.3664,0.0851
C001280,2023-03-17,Store,Store,Southeastern Anatolia,25-34,Silver,1,Deal Seeker,2025-04-05,0.8376,0.5474,0.8897,0.281
C001281,2025-12-14,Mobile App,Mobile App,Marmara,35-44,Silver,1,Deal Seeker,,0.864,0.6301,0.8466,0.2368
C001282,2024-03-06,Marketplace,Marketplace,Southeastern Anatolia,35-44,Silver,1,Growth,2025-03-01,1.2909,0.6763,0.5042,0.1851
C001283,2023-09-10,Store,Store,Central Anatolia,18-24,Silver,0,Growth,,1.2357,0.5937,0.3633,0.097
C001284,2024-05-16,Store,Store,Black Sea,35-44,Silver,1,Routine,,0.6703,0.5194,0.4424,0.1272
C001285,2022-12-02,Web,Web,Marmara,35-44,Silver,1,Deal Seeker,2023-10-28,0.7281,0.5874,0.7753,0.3306
C001286,2022-12-01,Web,Web,Southeastern Anatolia,45-54,Silver,1,Routine,2023-08-28,0.9591,0.6064,0.5009,0.0677
C001287,2023-09-13,Web,Web,Mediterranean,35-44,Silver,1,At Risk,2024-08-08,1.1817,0.364,0.5171,0.5359
C001288,2023-10-15,Store,Store,Central Anatolia,25-34,Bronze,1,One-time,2024-02-12,0.7503,0.2972,0.5486,0.4192
C001289,2022-05-11,Web,Web,Marmara,25-34,Silver,1,At Risk,2022-08-09,0.9412,0.3395,0.4875,0.5421
C001290,2023-10-06,Store,Store,Marmara,18-24,Platinum,1,High Value Loyal,2024-09-30,2.081,0.6269,0.0522,0.0525
C001291,2024-12-05,Store,Store,Marmara,25-34,Gold,1,High Value Loyal,2025-03-05,1.7148,0.7915,0.3074,0.1239
C001292,2023-09-06,Web,Web,Marmara,18-24,Silver,1,Deal Seeker,,0.7226,0.6892,0.821,0.2279
C001293,2025-12-06,Mobile App,Mobile App,Southeastern Anatolia,45-54,Bronze,1,Routine,,1.1458,0.4901,0.2447,0.0864
C001294,2022-02-15,Marketplace,Marketplace,Southeastern Anatolia,25-34,Silver,1,At Risk,2024-11-01,0.7835,0.3403,0.4156,0.5053
C001295,2023-02-14,Marketplace,Marketplace,Southeastern Anatolia,18-24,Bronze,1,Deal Seeker,2023-05-15,0.707,0.5325,0.8227,0.2238
C001296,2024-03-01,Marketplace,Marketplace,Aegean,18-24,Silver,1,At Risk,,0.854,0.2881,0.4098,0.4124
C001297,2024-10-19,Mobile App,Mobile App,Marmara,35-44,Gold,1,At Risk,,0.8478,0.3588,0.4506,0.5584
C001298,2025-03-21,Mobile App,Mobile App,Mediterranean,45-54,Silver,1,Routine,,0.8348,0.5038,0.4785,0.1602
C001299,2025-01-17,Mobile App,Mobile App,Aegean,25-34,Silver,1,Growth,,1.3087,0.7913,0.4944,0.1246
C001300,2023-06-22,Mobile App,Mobile App,Central Anatolia,35-44,Bronze,0,Deal Seeker,2023-11-19,0.9987,0.5693,0.6967,0.2452
C001301,2024-01-24,Marketplace,Marketplace,Central Anatolia,18-24,Gold,1,High Value Loyal,,2.283,0.8488,0.1785,0.119
C001302,2023-10-07,Marketplace,Marketplace,Aegean,25-34,Silver,1,At Risk,2023-11-06,0.8773,0.5089,0.4497,0.4193
C001303,2025-08-15,Marketplace,Marketplace,Marmara,45-54,Gold,0,At Risk,,1.1005,0.2966,0.4093,0.5724
C001304,2024-04-01,Store,Store,Central Anatolia,25-34,Gold,0,Growth,2024-05-01,1.2692,0.6111,0.2939,0.1703
C001305,2023-12-10,Store,Store,Black Sea,25-34,Platinum,1,High Value Loyal,,2.1129,0.9632,0.1273,0.2232
C001306,2025-04-12,Marketplace,Marketplace,Marmara,35-44,Bronze,1,One-time,2025-12-08,0.7623,0.2252,0.6405,0.414
C001307,2025-08-05,Mobile App,Mobile App,Marmara,35-44,Bronze,1,Deal Seeker,2025-11-03,1.1623,0.5469,0.7637,0.1948
C001308,2024-08-09,Marketplace,Marketplace,Marmara,25-34,Bronze,1,One-time,2024-10-08,0.9307,0.3004,0.6465,0.4323
C001309,2024-04-10,Marketplace,Marketplace,Marmara,35-44,Bronze,1,Deal Seeker,,0.8166,0.6427,0.9218,0.1592
C001310,2023-07-07,Mobile App,Mobile App,Marmara,35-44,Bronze,1,Deal Seeker,2025-10-24,0.9199,0.5192,0.8355,0.2574
C001311,2025-01-22,Web,Web,Aegean,35-44,Silver,1,At Risk,2025-03-23,1.1886,0.4336,0.5471,0.4505
C001312,2025-10-09,Mobile App,Mobile App,Central Anatolia,35-44,Bronze,1,Deal Seeker,,0.8719,0.6788,0.7508,0.2978
C001313,2024-10-26,Mobile App,Mobile App,Marmara,35-44,Silver,0,Growth,,1.1504,0.6703,0.3004,0.3157
C001314,2024-06-16,Mobile App,Mobile App,Central Anatolia,25-34,Silver,1,Growth,,1.377,0.5783,0.487,0.1433
C001315,2024-10-23,Mobile App,Mobile App,Aegean,25-34,Silver,1,At Risk,,0.8082,0.2322,0.331,0.466
C001316,2022-11-18,Mobile App,Mobile App,Marmara,18-24,Gold,1,Growth,2023-08-15,1.0549,0.7599,0.3095,0.0416
C001317,2023-11-02,Mobile App,Mobile App,Marmara,35-44,Platinum,1,High Value Loyal,,2.4612,0.7548,0.1891,0.0249
C001318,2023-02-17,Store,Store,Central Anatolia,35-44,Silver,1,Routine,2025-12-03,0.8659,0.4874,0.2112,0.1048
C001319,2023-04-12,Mobile App,Mobile App,Marmara,45-54,Bronze,1,One-time,2024-01-07,0.7619,0.154,0.6218,0.5256
C001320,2025-01-26,Web,Web,Aegean,55+,Silver,1,Routine,2025-10-23,1.0477,0.5701,0.3671,0.2068
C001321,2023-08-01,Mobile App,Mobile App,Mediterranean,35-44,Silver,1,Deal Seeker,2025-04-22,0.907,0.694,0.7216,0.2592
C001322,2023-09-14,Web,Web,Marmara,45-54,Gold,1,At Risk,2024-11-07,1.2227,0.2927,0.3887,0.551
C001323,2022-12-19,Marketplace,Marketplace,Central Anatolia,55+,Platinum,0,High Value Loyal,,1.9393,0.7628,0.1649,0.1074
C001324,2025-07-20,Mobile App,Mobile App,Marmara,35-44,Gold,1,High Value Loyal,,1.885,0.98,0.1093,0.071
C001325,2025-06-21,Web,Web,Mediterranean,25-34,Gold,0,Growth,,1.0681,0.8498,0.5743,0.2155
C001326,2025-12-13,Web,Web,Mediterranean,25-34,Bronze,1,Deal Seeker,,1.0141,0.7392,0.7577,0.3224
C001327,2022-09-08,Store,Store,Marmara,18-24,Bronze,1,One-time,2023-01-06,1.0393,0.1977,0.7441,0.4708
C001328,2023-05-16,Store,Store,Marmara,35-44,Silver,1,Growth,2024-07-09,1.2337,0.7704,0.3006,0.1235
C001329,2025-12-26,Marketplace,Marketplace,Marmara,35-44,Bronze,1,Deal Seeker,,0.8528,0.435,0.7525,0.2257
C001330,2023-04-16,Web,Web,Marmara,25-34,Silver,1,Deal Seeker,2025-09-02,0.8385,0.6226,0.7156,0.2754
C001331,2024-05-13,Marketplace,Marketplace,Black Sea,35-44,Gold,1,Growth,2025-12-04,1.3509,0.7396,0.3801,0.2985
C001332,2024-06-15,Marketplace,Marketplace,Marmara,25-34,Silver,1,Growth,,1.3382,0.737,0.4302,0.2775
C001333,2024-07-24,Mobile App,Mobile App,Marmara,45-54,Gold,1,High Value Loyal,,2.0692,0.8204,0.3068,0.1153
C001334,2022-05-22,Mobile App,Mobile App,Southeastern Anatolia,25-34,Bronze,1,Routine,,0.7975,0.6515,0.2296,0.2477
C001335,2022-02-23,Web,Web,Central Anatolia,35-44,Bronze,1,Deal Seeker,2025-03-09,0.7352,0.6336,0.7553,0.2659
C001336,2024-01-21,Store,Store,Marmara,18-24,Silver,1,Growth,,1.2659,0.7186,0.2681,0.1106
C001337,2022-11-04,Web,Web,Aegean,35-44,Bronze,1,Routine,2024-04-27,0.9013,0.4624,0.3889,0.2484
C001338,2024-07-24,Marketplace,Marketplace,Mediterranean,35-44,Silver,0,Routine,,0.8008,0.471,0.3875,0.1684
C001339,2025-08-07,Web,Web,Aegean,18-24,Gold,1,Growth,,1.1451,0.7437,0.352,0.2119
C001340,2025-02-04,Marketplace,Marketplace,Marmara,45-54,Gold,1,Growth,,1.0776,0.7836,0.5732,0.176
C001341,2023-07-02,Marketplace,Marketplace,Southeastern Anatolia,35-44,Bronze,1,Deal Seeker,2023-08-01,1.0423,0.6081,0.7467,0.3067
C001342,2024-11-13,Mobile App,Mobile App,Aegean,45-54,Bronze,1,One-time,2025-06-11,0.7217,0.1108,0.7324,0.3875
C001343,2025-07-18,Store,Store,Black Sea,18-24,Silver,1,Routine,,0.8863,0.5193,0.3031,0.2036
C001344,2023-03-26,Mobile App,Mobile App,Marmara,25-34,Bronze,1,Routine,,0.8504,0.4748,0.4268,0.2826
C001345,2022-09-15,Web,Web,Aegean,25-34,Bronze,1,Deal Seeker,,0.5997,0.6008,0.7412,0.288
C001346,2025-05-02,Web,Web,Marmara,25-34,Bronze,1,Deal Seeker,,0.7916,0.6886,0.903,0.2904
C001347,2023-10-07,Marketplace,Marketplace,Mediterranean,55+,Gold,1,High Value Loyal,,1.9803,0.8248,0.0999,0.1019
C001348,2025-12-23,Mobile App,Mobile App,Central Anatolia,25-34,Bronze,1,Deal Seeker,,0.8432,0.6906,0.7452,0.1004
C001349,2025-09-02,Mobile App,Mobile App,Black Sea,25-34,Silver,1,Deal Seeker,,0.9644,0.5764,0.7874,0.315
C001350,2022-06-15,Marketplace,Marketplace,Central Anatolia,25-34,Gold,1,Growth,2025-12-26,1.1198,0.6909,0.4553,0.2548
C001351,2025-06-16,Store,Store,Marmara,45-54,Bronze,1,Routine,,0.71,0.3886,0.3043,0.049
C001352,2022-08-19,Marketplace,Marketplace,Southeastern Anatolia,45-54,Bronze,1,Routine,,0.6779,0.5726,0.2409,0.1736
C001353,2024-09-09,Mobile App,Mobile App,Marmara,45-54,Silver,1,Deal Seeker,,1.0173,0.5828,0.825,0.2786
C001354,2024-01-21,Web,Web,Central Anatolia,25-34,Silver,1,Routine,,0.8009,0.5002,0.3091,0.1751
C001355,2024-10-08,Marketplace,Marketplace,Marmara,35-44,Bronze,1,Deal Seeker,,0.8,0.6989,0.8521,0.1621
C001356,2024-01-20,Mobile App,Mobile App,Marmara,45-54,Silver,1,Routine,,0.753,0.4886,0.4286,0.1223
C001357,2022-02-04,Store,Store,Marmara,35-44,Bronze,0,Deal Seeker,2023-03-01,0.835,0.5845,0.9457,0.0812
C001358,2023-09-09,Web,Web,Southeastern Anatolia,55+,Silver,1,Deal Seeker,,0.8787,0.6055,0.8933,0.2916
C001359,2022-03-10,Web,Web,Marmara,45-54,Silver,1,Routine,2025-01-23,0.85,0.442,0.2671,0.2789
C001360,2024-12-17,Web,Web,Central Anatolia,35-44,Gold,1,Growth,,1.0016,0.7126,0.3484,0.0932
C001361,2025-06-26,Web,Web,Mediterranean,35-44,Silver,1,Deal Seeker,,1.3662,0.5802,0.6682,0.2203
C001362,2025-11-17,Web,Web,Marmara,18-24,Silver,0,Routine,,0.6889,0.5896,0.4035,0.02
C001363,2025-05-09,Web,Web,Aegean,55+,Bronze,1,One-time,,0.5468,0.2336,0.9091,0.2663
C001364,2022-11-20,Mobile App,Mobile App,Marmara,25-34,Silver,1,Deal Seeker,2023-08-17,1.0645,0.4882,0.8046,0.2588
C001365,2023-10-07,Store,Store,Marmara,25-34,Silver,1,Growth,2024-02-04,1.1233,0.528,0.4783,0.1539
C001366,2022-10-13,Marketplace,Marketplace,Black Sea,35-44,Gold,1,Growth,2023-09-08,1.1818,0.736,0.393,0.2001
C001367,2025-08-19,Web,Web,Aegean,35-44,Silver,1,Routine,,1.0366,0.4422,0.4086,0.1472
C001368,2023-01-11,Mobile App,Mobile App,Marmara,45-54,Silver,0,Routine,,1.1666,0.5784,0.3863,0.1014
C001369,2023-07-02,Web,Web,Central Anatolia,45-54,Bronze,1,Deal Seeker,2023-08-01,0.5844,0.6817,0.6664,0.185
C001370,2024-03-11,Marketplace,Marketplace,Aegean,45-54,Bronze,1,Deal Seeker,2024-12-06,0.8303,0.6813,0.8973,0.2622
C001371,2023-05-01,Store,Store,Marmara,25-34,Bronze,1,Deal Seeker,2023-05-31,1.128,0.7738,0.8678,0.2609
C001372,2024-05-01,Web,Web,Aegean,25-34,Silver,1,Growth,,1.2356,0.7212,0.358,0.02
C001373,2022-03-07,Store,Store,Black Sea,45-54,Silver,1,At Risk,2023-01-01,1.238,0.3063,0.4601,0.3752
C001374,2025-08-03,Web,Web,Mediterranean,35-44,Silver,1,Growth,,1.0779,0.6666,0.3031,0.204
C001375,2023-04-03,Mobile App,Mobile App,Marmara,18-24,Bronze,1,Routine,2025-01-22,0.657,0.4853,0.2918,0.2199
C001376,2022-05-06,Mobile App,Mobile App,Marmara,35-44,Bronze,1,Routine,2024-08-23,0.9943,0.4645,0.3489,0.2249
C001377,2023-12-21,Web,Web,Mediterranean,18-24,Silver,1,Routine,,0.8249,0.4661,0.4682,0.2157
C001378,2023-04-06,Mobile App,Mobile App,Aegean,18-24,Silver,1,Growth,2024-01-01,0.8774,0.7818,0.2735,0.1801
C001379,2022-01-15,Mobile App,Mobile App,Marmara,45-54,Silver,1,Growth,,1.0529,0.6002,0.4243,0.1392
C001380,2023-10-06,Mobile App,Mobile App,Central Anatolia,45-54,Gold,1,At Risk,2024-04-03,1.1355,0.2487,0.4563,0.4585
C001381,2023-12-15,Mobile App,Mobile App,Marmara,55+,Platinum,1,High Value Loyal,2024-12-09,1.4407,0.9582,0.0591,0.1863
C001382,2024-12-07,Web,Web,Aegean,25-34,Gold,1,At Risk,,1.3135,0.2306,0.4669,0.3766
C001383,2023-08-24,Mobile App,Mobile App,Mediterranean,35-44,Gold,1,High Value Loyal,,2.0173,0.7937,0.2764,0.0953
C001384,2025-12-23,Web,Web,Southeastern Anatolia,35-44,Silver,1,Deal Seeker,,1.2524,0.6541,0.6823,0.296
C001385,2022-08-23,Store,Store,Marmara,35-44,Bronze,1,Deal Seeker,2022-09-22,0.9591,0.4928,0.7688,0.2893
C001386,2023-10-09,Web,Web,Mediterranean,45-54,Bronze,1,Routine,,0.7021,0.6214,0.3704,0.1668
C001387,2025-01-11,Store,Store,Central Anatolia,25-34,Silver,1,Growth,,1.3174,0.6622,0.3396,0.1601
C001388,2023-12-03,Store,Store,Mediterranean,35-44,Platinum,1,High Value Loyal,,1.3761,0.7649,0.3822,0.02
C001389,2022-08-06,Mobile App,Mobile App,Central Anatolia,18-24,Bronze,1,Routine,,0.4588,0.6014,0.4999,0.0514
C001390,2023-09-06,Store,Store,Marmara,25-34,Silver,0,Routine,,0.8058,0.476,0.3382,0.1677
C001391,2022-11-22,Mobile App,Mobile App,Marmara,18-24,Silver,1,Deal Seeker,2025-06-09,0.9523,0.5241,0.7871,0.2407
C001392,2022-03-05,Mobile App,Mobile App,Southeastern Anatolia,25-34,Silver,0,At Risk,2024-05-23,1.2275,0.3663,0.4291,0.559
C001393,2024-06-16,Web,Web,Marmara,18-24,Gold,1,Growth,,1.3227,0.6402,0.4584,0.2071
C001394,2023-07-23,Mobile App,Mobile App,Black Sea,25-34,Gold,1,Growth,,1.2706,0.7372,0.3034,0.1923
C001395,2024-10-16,Mobile App,Mobile App,Marmara,25-34,Bronze,1,Deal Seeker,,0.8262,0.7179,0.7797,0.1972
C001396,2023-01-09,Store,Store,Marmara,35-44,Platinum,1,High Value Loyal,,1.2087,0.7726,0.2873,0.2189
C001397,2024-08-19,Mobile App,Mobile App,Central Anatolia,18-24,Silver,1,Routine,,0.8516,0.6377,0.2115,0.1977
C001398,2025-02-04,Web,Web,Aegean,18-24,Platinum,1,High Value Loyal,2025-11-01,2.1785,0.839,0.1656,0.02
C001399,2025-09-13,Mobile App,Mobile App,Marmara,35-44,Gold,1,Growth,,1.2789,0.6955,0.1813,0.1581
C001400,2025-10-19,Marketplace,Marketplace,Central Anatolia,35-44,Silver,1,Deal Seeker,,0.5719,0.6672,0.7003,0.2653
C001401,2022-08-14,Marketplace,Marketplace,Marmara,55+,Bronze,1,Deal Seeker,2022-11-12,1.0724,0.5372,0.7575,0.2298
C001402,2023-05-01,Store,Store,Southeastern Anatolia,55+,Silver,1,Deal Seeker,,0.7983,0.6026,0.806,0.2717
C001403,2023-07-26,Mobile App,Mobile App,Central Anatolia,18-24,Bronze,1,Routine,2024-12-17,0.8828,0.5493,0.4004,0.298
C001404,2025-09-12,Mobile App,Mobile App,Marmara,35-44,Silver,1,Deal Seeker,2025-12-11,0.922,0.5589,0.8863,0.1551
C001405,2024-11-04,Store,Store,Aegean,35-44,Platinum,1,High Value Loyal,2025-11-29,1.6277,0.5931,0.1143,0.2015
C001406,2025-09-26,Mobile App,Mobile App,Marmara,35-44,Gold,1,High Value Loyal,,2.1023,0.8425,0.1389,0.0924
C001407,2025-12-10,Marketplace,Marketplace,Mediterranean,45-54,Bronze,1,Routine,,1.1665,0.4066,0.2926,0.1714
C001408,2023-12-03,Web,Web,Mediterranean,25-34,Silver,1,Deal Seeker,2024-12-27,0.9288,0.6859,0.9133,0.1908
C001409,2022-12-25,Mobile App,Mobile App,Marmara,45-54,Bronze,1,Deal Seeker,2023-11-20,0.9462,0.5067,0.9431,0.2928
C001410,2022-10-02,Mobile App,Mobile App,Marmara,25-34,Silver,1,Growth,2025-12-15,0.8418,0.6407,0.2639,0.23
C001411,2022-07-02,Store,Store,Aegean,18-24,Silver,1,Deal Seeker,2025-09-14,0.7474,0.7413,0.8496,0.1281
C001412,2022-12-07,Mobile App,Mobile App,Marmara,45-54,Bronze,1,Deal Seeker,,1.1197,0.5517,0.7526,0.2195
C001413,2022-09-24,Mobile App,Mobile App,Aegean,45-54,Silver,1,Growth,2025-06-10,0.7074,0.6044,0.312,0.1777
C001414,2025-05-23,Mobile App,Mobile App,Aegean,25-34,Silver,1,Deal Seeker,,0.74,0.6712,0.71,0.3208
C001415,2025-11-15,Web,Web,Aegean,25-34,Gold,1,At Risk,2025-12-15,0.8744,0.2834,0.4889,0.5704
C001416,2024-07-02,Store,Store,Marmara,35-44,Bronze,1,Deal Seeker,2024-11-29,0.9043,0.5901,0.7815,0.2813
C001417,2024-01-22,Store,Store,Marmara,25-34,Bronze,1,Routine,2024-02-21,0.6456,0.6605,0.3854,0.1951
C001418,2025-05-20,Marketplace,Marketplace,Central Anatolia,25-34,Gold,1,Growth,,1.3335,0.5874,0.5377,0.2044
C001419,2025-01-09,Marketplace,Marketplace,Central Anatolia,25-34,Gold,1,Growth,,1.4348,0.7386,0.3721,0.1964
C001420,2024-04-14,Web,Web,Mediterranean,25-34,Silver,0,Growth,,1.3566,0.8931,0.4078,0.2072
C001421,2025-10-24,Mobile App,Mobile App,Black Sea,18-24,Bronze,1,Routine,,0.669,0.5114,0.325,0.1757
C001422,2024-05-13,Marketplace,Marketplace,Marmara,18-24,Gold,1,High Value Loyal,,1.8688,0.8431,0.2578,0.075
C001423,2024-01-07,Marketplace,Marketplace,Central Anatolia,35-44,Silver,1,Routine,,1.2001,0.5289,0.4623,0.27
C001424,2025-11-13,Marketplace,Marketplace,Central Anatolia,35-44,Silver,0,Deal Seeker,,1.0809,0.6496,0.8228,0.2577
C001425,2022-12-15,Web,Web,Marmara,55+,Bronze,1,Routine,2023-09-11,0.8871,0.4354,0.3913,0.2133
C001426,2023-04-12,Marketplace,Marketplace,Central Anatolia,25-34,Silver,1,Growth,,1.2188,0.6181,0.32,0.1993
C001427,2024-08-16,Marketplace,Marketplace,Central Anatolia,35-44,Bronze,1,Routine,2024-11-14,0.8508,0.5237,0.5426,0.0764
C001428,2023-01-14,Marketplace,Marketplace,Marmara,35-44,Silver,1,Growth,,1.1909,0.7783,0.293,0.1151
C001429,2024-12-24,Mobile App,Mobile App,Southeastern Anatolia,35-44,Gold,1,Growth,,1.1885,0.7022,0.3119,0.2442
C001430,2022-06-18,Marketplace,Marketplace,Aegean,45-54,Platinum,1,High Value Loyal,2022-09-16,1.8684,0.8022,0.204,0.0352
C001431,2024-09-03,Mobile App,Mobile App,Mediterranean,55+,Platinum,1,High Value Loyal,,1.5697,0.8478,0.3142,0.02
C001432,2025-04-24,Mobile App,Mobile App,Mediterranean,35-44,Silver,1,Routine,,0.9098,0.5734,0.5034,0.1738
C001433,2025-12-04,Mobile App,Mobile App,Marmara,35-44,Bronze,1,Deal Seeker,,0.7804,0.669,0.8815,0.2483
C001434,2025-08-06,Marketplace,Marketplace,Central Anatolia,18-24,Gold,1,Growth,,1.4877,0.7481,0.3404,0.0724
C001435,2022-10-10,Marketplace,Marketplace,Aegean,18-24,Silver,1,Routine,2025-02-26,0.8781,0.4976,0.2933,0.126
C001436,2024-05-21,Web,Web,Black Sea,45-54,Gold,1,High Value Loyal,,1.5747,0.7638,0.3854,0.061
C001437,2023-05-26,Mobile App,Mobile App,Aegean,45-54,Gold,1,High Value Loyal,2024-04-20,1.7496,0.8204,0.1764,0.1411
C001438,2024-07-05,Mobile App,Mobile App,Marmara,35-44,Silver,1,At Risk,2024-08-04,0.9642,0.2739,0.2914,0.5649
C001439,2025-01-15,Marketplace,Marketplace,Mediterranean,25-34,Silver,1,Growth,,1.0729,0.5297,0.3868,0.1144
C001440,2025-02-19,Marketplace,Marketplace,Marmara,35-44,Bronze,1,Routine,,0.4853,0.5227,0.3328,0.1113
C001441,2025-03-11,Marketplace,Marketplace,Marmara,35-44,Gold,1,High Value Loyal,,1.7353,0.8385,0.1246,0.1661
C001442,2024-03-14,Mobile App,Mobile App,Marmara,18-24,Silver,1,Routine,,1.1673,0.5562,0.2643,0.0674
C001443,2024-07-16,Mobile App,Mobile App,Central Anatolia,25-34,Gold,1,Growth,2025-10-09,1.1755,0.7427,0.6067,0.1596
C001444,2023-12-23,Marketplace,Marketplace,Black Sea,18-24,Gold,0,High Value Loyal,2025-07-15,1.9398,0.7668,0.2039,0.02
C001445,2023-09-02,Marketplace,Marketplace,Central Anatolia,45-54,Silver,1,Growth,,1.1621,0.7337,0.5055,0.1657
C001446,2025-08-13,Web,Web,Marmara,45-54,Silver,1,Deal Seeker,,0.8733,0.5285,0.7926,0.225
C001447,2025-01-02,Web,Web,Mediterranean,25-34,Gold,0,Growth,,1.2508,0.6848,0.2842,0.2335
C001448,2024-05-17,Mobile App,Mobile App,Central Anatolia,35-44,Gold,1,Growth,,0.9911,0.705,0.4131,0.2206
C001449,2022-03-18,Marketplace,Marketplace,Marmara,25-34,Silver,1,At Risk,2022-05-17,1.3395,0.2892,0.4103,0.4536
C001450,2023-02-10,Mobile App,Mobile App,Southeastern Anatolia,35-44,Gold,1,Growth,,1.0037,0.5986,0.398,0.2863
C001451,2025-12-19,Web,Web,Marmara,55+,Bronze,0,Routine,,1.0814,0.5235,0.4828,0.1918
C001452,2022-10-06,Mobile App,Mobile App,Aegean,35-44,Silver,1,Deal Seeker,,0.8783,0.5935,0.6637,0.3668
C001453,2025-04-17,Web,Web,Mediterranean,35-44,Platinum,1,High Value Loyal,,1.2189,0.8554,0.062,0.0937
C001454,2023-03-18,Mobile App,Mobile App,Marmara,55+,Gold,1,At Risk,2024-12-07,1.0378,0.4202,0.326,0.4604
C001455,2022-12-12,Web,Web,Mediterranean,35-44,Bronze,1,Deal Seeker,2024-03-06,0.7425,0.6596,0.7375,0.2029
C001456,2025-12-12,Mobile App,Mobile App,Eastern Anatolia,35-44,Silver,1,Routine,,0.8514,0.4503,0.2503,0.2956
C001457,2025-09-11,Web,Web,Central Anatolia,25-34,Silver,1,Growth,,1.0372,0.5503,0.3503,0.1334
C001458,2022-12-09,Web,Web,Mediterranean,25-34,Platinum,1,High Value Loyal,,1.8357,0.7679,0.1103,0.02
C001459,2022-01-24,Mobile App,Mobile App,Eastern Anatolia,25-34,Bronze,1,One-time,2022-07-23,0.9492,0.1659,0.6462,0.2385
C001460,2023-05-07,Mobile App,Mobile App,Marmara,18-24,Silver,1,Growth,,1.0861,0.671,0.3555,0.2027
C001461,2024-05-24,Mobile App,Mobile App,Marmara,45-54,Gold,1,High Value Loyal,2024-11-20,1.803,0.8547,0.1409,0.0547
C001462,2022-06-24,Marketplace,Marketplace,Marmara,35-44,Gold,1,Growth,2025-06-08,1.1374,0.9263,0.3736,0.1745
C001463,2025-12-05,Web,Web,Eastern Anatolia,25-34,Bronze,1,One-time,,0.9028,0.0871,0.6189,0.382
C001464,2023-05-19,Store,Store,Central Anatolia,25-34,Bronze,1,Routine,,0.848,0.4311,0.2607,0.1281
C001465,2023-08-10,Mobile App,Mobile App,Aegean,35-44,Gold,0,Growth,2024-01-07,1.0814,0.8065,0.4078,0.0888
C001466,2022-12-13,Mobile App,Mobile App,Southeastern Anatolia,25-34,Gold,1,Growth,,1.4762,0.6197,0.3211,0.2276
C001467,2022-05-21,Web,Web,Marmara,18-24,Bronze,1,One-time,2022-10-18,0.6163,0.2742,0.7412,0.422
C001468,2025-10-14,Web,Web,Mediterranean,45-54,Silver,1,At Risk,,1.1081,0.2912,0.3827,0.4843
C001469,2025-02-21,Store,Store,Aegean,25-34,Silver,1,Growth,,1.184,0.7313,0.4513,0.0698
C001470,2024-12-04,Web,Web,Black Sea,18-24,Silver,1,Growth,,1.2614,0.721,0.4421,0.1934
C001471,2024-05-01,Web,Web,Black Sea,25-34,Gold,1,At Risk,2025-07-25,1.3515,0.3003,0.5235,0.408
C001472,2022-09-13,Web,Web,Marmara,55+,Gold,1,High Value Loyal,,2.1411,0.8182,0.2066,0.0973
C001473,2022-09-13,Web,Web,Aegean,25-34,Silver,1,Routine,2025-12-26,0.6861,0.6241,0.345,0.2173
C001474,2022-12-07,Marketplace,Marketplace,Marmara,45-54,Bronze,1,Deal Seeker,2024-03-01,0.9668,0.6521,0.863,0.3193
C001475,2025-06-03,Marketplace,Marketplace,Marmara,25-34,Platinum,1,High Value Loyal,,2.231,0.9389,0.1775,0.0731
C001476,2024-10-16,Web,Web,Marmara,18-24,Silver,1,Growth,,1.0238,0.8798,0.2756,0.1531
C001477,2022-04-11,Web,Web,Central Anatolia,35-44,Silver,1,At Risk,2024-05-30,1.0188,0.2648,0.465,0.4447
C001478,2023-03-11,Web,Web,Marmara,45-54,Bronze,1,Routine,,0.7658,0.5101,0.2812,0.2303
C001479,2023-02-18,Store,Store,Southeastern Anatolia,55+,Silver,1,Growth,2024-04-13,1.1638,0.7373,0.3633,0.1403
C001480,2024-12-17,Store,Store,Marmara,25-34,Silver,1,Routine,2025-03-17,0.5706,0.4172,0.5053,0.1954
C001481,2023-02-13,Store,Store,Central Anatolia,35-44,Gold,1,At Risk,2024-02-08,1.0703,0.1853,0.3586,0.5204
C001482,2024-01-01,Marketplace,Marketplace,Central Anatolia,18-24,Gold,1,Growth,2024-07-29,1.09,0.7602,0.3939,0.0923
C001483,2024-04-20,Web,Web,Eastern Anatolia,55+,Bronze,1,Deal Seeker,,1.4085,0.7608,0.803,0.2974
C001484,2025-03-07,Web,Web,Aegean,18-24,Gold,1,Growth,,1.1726,0.8507,0.3304,0.1157
C001485,2025-10-19,Mobile App,Mobile App,Black Sea,35-44,Bronze,1,One-time,2025-11-18,0.7782,0.225,0.6892,0.4023
C001486,2024-11-01,Mobile App,Mobile App,Black Sea,25-34,Gold,1,High Value Loyal,,1.1149,0.7196,0.2337,0.02
C001487,2022-02-20,Mobile App,Mobile App,Central Anatolia,35-44,Gold,1,High Value Loyal,,1.8037,0.8038,0.2477,0.2275
C001488,2025-01-09,Marketplace,Marketplace,Aegean,25-34,Gold,1,Growth,2025-02-08,0.9558,0.7693,0.4267,0.2045
C001489,2023-07-02,Web,Web,Marmara,25-34,Bronze,0,Routine,2023-09-30,0.8108,0.6423,0.3087,0.2658
C001490,2025-12-03,Marketplace,Marketplace,Black Sea,25-34,Bronze,0,Deal Seeker,,0.9832,0.5711,0.8479,0.2639
C001491,2023-12-12,Mobile App,Mobile App,Central Anatolia,55+,Bronze,1,Deal Seeker,2025-02-04,0.9251,0.6058,0.7904,0.1972
C001492,2023-03-02,Marketplace,Marketplace,Marmara,45-54,Gold,1,At Risk,2023-05-01,1.0253,0.272,0.415,0.4461
C001493,2023-09-19,Web,Web,Marmara,18-24,Gold,1,High Value Loyal,2024-09-13,1.5208,0.7504,0.2066,0.0747
C001494,2022-07-21,Web,Web,Black Sea,55+,Gold,1,At Risk,2024-05-11,0.9794,0.3213,0.4419,0.5063
C001495,2024-03-01,Marketplace,Marketplace,Mediterranean,25-34,Silver,1,Growth,2024-05-30,1.1506,0.5436,0.3941,0.0413
C001496,2022-10-07,Mobile App,Mobile App,Eastern Anatolia,35-44,Silver,1,Routine,,0.8899,0.5899,0.3968,0.2872
C001497,2025-01-03,Store,Store,Marmara,55+,Gold,1,Growth,,0.8825,0.6635,0.2414,0.2283
C001498,2025-10-22,Store,Store,Central Anatolia,35-44,Bronze,1,Deal Seeker,,0.933,0.5449,0.7314,0.0873
C001499,2022-04-18,Marketplace,Marketplace,Marmara,35-44,Silver,1,Routine,2022-12-14,0.7741,0.3869,0.5479,0.1927
C001500,2025-03-02,Store,Store,Mediterranean,18-24,Gold,1,At Risk,2025-07-30,1.0493,0.3317,0.4501,0.3569
C001501,2024-05-13,Web,Web,Marmara,35-44,Bronze,1,One-time,2025-02-07,0.9277,0.3173,0.5991,0.2735
C001502,2022-11-07,Web,Web,Marmara,25-34,Bronze,1,Routine,2024-01-31,0.9142,0.5208,0.378,0.2
C001503,2023-12-11,Web,Web,Marmara,45-54,Gold,1,High Value Loyal,,1.9981,0.7488,0.1669,0.174
C001504,2025-02-20,Store,Store,Central Anatolia,25-34,Silver,0,Routine,,0.7192,0.6313,0.2921,0.1572
C001505,2025-01-09,Marketplace,Marketplace,Marmara,25-34,Gold,1,At Risk,,1.2176,0.2716,0.3792,0.6418
C001506,2023-05-15,Marketplace,Marketplace,Black Sea,25-34,Platinum,1,High Value Loyal,,2.8949,0.9295,0.1222,0.118
C001507,2025-09-03,Store,Store,Marmara,35-44,Silver,0,Deal Seeker,,1.0295,0.6308,0.823,0.2121
C001508,2025-11-17,Store,Store,Black Sea,18-24,Bronze,0,Routine,,0.8496,0.6224,0.4373,0.1253
C001509,2024-01-01,Web,Web,Central Anatolia,45-54,Bronze,1,Deal Seeker,2024-06-29,1.1043,0.5048,0.9016,0.1883
C001510,2025-04-22,Mobile App,Mobile App,Black Sea,45-54,Silver,1,Deal Seeker,,1.0139,0.6524,0.7976,0.2025
C001511,2025-04-23,Web,Web,Marmara,18-24,Bronze,0,Routine,,0.7967,0.5578,0.2774,0.2049
C001512,2024-05-18,Web,Web,Central Anatolia,18-24,Bronze,1,Deal Seeker,2024-09-15,1.1158,0.819,0.9703,0.1908
C001513,2025-07-20,Mobile App,Mobile App,Mediterranean,35-44,Silver,1,Deal Seeker,,0.8355,0.6685,0.7466,0.2227
C001514,2023-05-05,Web,Web,Aegean,25-34,Silver,1,Deal Seeker,2023-12-01,1.0099,0.6436,0.8324,0.2695
C001515,2022-06-01,Mobile App,Mobile App,Marmara,25-34,Platinum,1,High Value Loyal,,1.647,0.6819,0.2684,0.0327
C001516,2023-09-04,Marketplace,Marketplace,Southeastern Anatolia,35-44,Silver,1,At Risk,2025-04-26,0.9967,0.2407,0.4741,0.5891
C001517,2023-12-26,Store,Store,Aegean,35-44,Bronze,1,Routine,,0.8898,0.3917,0.3287,0.1482
C001518,2025-05-10,Marketplace,Marketplace,Central Anatolia,35-44,Platinum,1,High Value Loyal,,1.4097,0.8735,0.2265,0.1106
C001519,2023-07-02,Store,Store,Marmara,35-44,Silver,0,At Risk,2023-08-31,0.942,0.3721,0.3993,0.4909
C001520,2025-12-01,Web,Web,Aegean,25-34,Bronze,1,One-time,,0.6774,0.3728,0.7344,0.3685
C001521,2022-12-24,Web,Web,Aegean,25-34,Gold,1,High Value Loyal,2025-04-12,1.5484,0.7623,0.2252,0.1231
C001522,2024-01-13,Marketplace,Marketplace,Eastern Anatolia,45-54,Bronze,1,Routine,,0.9222,0.4737,0.3559,0.2285
C001523,2025-10-05,Mobile App,Mobile App,Aegean,25-34,Bronze,1,Routine,,0.6792,0.6086,0.252,0.1606
C001524,2022-02-15,Web,Web,Marmara,45-54,Silver,0,Deal Seeker,2022-06-15,1.1455,0.6597,0.7189,0.291
C001525,2023-10-08,Web,Web,Eastern Anatolia,35-44,Gold,0,At Risk,2024-08-03,1.8377,0.5103,0.4096,0.5001
C001526,2022-06-12,Web,Web,Southeastern Anatolia,25-34,Gold,1,Growth,2023-09-05,1.3837,0.7055,0.5449,0.2174
C001527,2024-11-19,Mobile App,Mobile App,Mediterranean,35-44,Gold,0,At Risk,,1.0444,0.3813,0.5858,0.5868
C001528,2023-09-04,Store,Store,Marmara,25-34,Platinum,1,High Value Loyal,2024-08-29,1.6129,0.8017,0.4033,0.0969
C001529,2024-12-19,Mobile App,Mobile App,Marmara,18-24,Silver,1,At Risk,2025-01-18,0.9356,0.2984,0.2722,0.5292
C001530,2023-11-06,Store,Store,Central Anatolia,25-34,Silver,1,Routine,,0.8658,0.5269,0.4297,0.2336
C001531,2022-09-17,Marketplace,Marketplace,Mediterranean,45-54,Gold,0,At Risk,2023-04-15,0.967,0.4619,0.3223,0.4348
C001532,2025-11-08,Mobile App,Mobile App,Central Anatolia,55+,Bronze,1,Deal Seeker,,1.034,0.809,0.8349,0.2065
C001533,2024-07-07,Marketplace,Marketplace,Marmara,35-44,Silver,1,Routine,,0.809,0.6133,0.3812,0.2749
C001534,2023-11-06,Web,Web,Mediterranean,25-34,Silver,1,Routine,,0.5869,0.4395,0.4158,0.2424
C001535,2025-06-01,Web,Web,Marmara,45-54,Gold,1,Growth,,1.2098,0.6824,0.3394,0.0319
C001536,2023-06-07,Store,Store,Aegean,25-34,Gold,0,Growth,2025-04-27,0.9237,0.7486,0.4111,0.1173
C001537,2022-09-24,Web,Web,Central Anatolia,18-24,Bronze,1,Routine,2024-09-13,0.8048,0.3524,0.4525,0.2192
C001538,2023-05-09,Store,Store,Black Sea,25-34,Bronze,1,Routine,2024-08-31,0.5973,0.5647,0.3328,0.1368
C001539,2023-11-11,Mobile App,Mobile App,Central Anatolia,25-34,Gold,1,At Risk,2024-10-06,1.1262,0.33,0.4935,0.3582
C001540,2024-05-21,Store,Store,Eastern Anatolia,18-24,Silver,1,Routine,2025-02-15,0.6412,0.4937,0.2779,0.1807
C001541,2025-04-10,Store,Store,Aegean,18-24,Silver,1,Routine,,0.804,0.39,0.445,0.2037
C001542,2023-03-02,Web,Web,Southeastern Anatolia,25-34,Bronze,1,Deal Seeker,,0.7246,0.5117,0.7266,0.1846
C001543,2022-09-21,Marketplace,Marketplace,Mediterranean,25-34,Gold,1,Growth,,1.0462,0.6093,0.3124,0.2377
C001544,2023-10-22,Mobile App,Mobile App,Central Anatolia,35-44,Silver,1,At Risk,2025-06-13,1.1277,0.3221,0.3364,0.4501
C001545,2023-10-04,Marketplace,Marketplace,Marmara,55+,Bronze,1,One-time,2024-01-02,0.7096,0.0799,0.6199,0.2526
C001546,2024-07-10,Web,Web,Central Anatolia,45-54,Silver,1,Routine,,0.7291,0.4272,0.4265,0.2256
C001547,2024-12-26,Store,Store,Black Sea,35-44,Gold,0,High Value Loyal,,1.4051,0.7273,0.1376,0.2184
C001548,2025-12-11,Marketplace,Marketplace,Aegean,18-24,Bronze,1,Routine,,1.0515,0.6059,0.446,0.1277
C001549,2025-10-08,Mobile App,Mobile App,Mediterranean,35-44,Gold,1,High Value Loyal,,1.1465,0.8436,0.2118,0.2042
C001550,2022-07-23,Mobile App,Mobile App,Marmara,45-54,Silver,1,Growth,2025-02-07,1.1346,0.6197,0.2438,0.2295
C001551,2023-04-16,Web,Web,Mediterranean,18-24,Gold,1,Growth,,1.3466,0.5703,0.3449,0.0924
C001552,2024-03-14,Marketplace,Marketplace,Aegean,45-54,Silver,0,Deal Seeker,,0.9393,0.7493,0.7161,0.2678
C001553,2023-03-16,Mobile App,Mobile App,Marmara,18-24,Silver,1,At Risk,2024-05-09,1.207,0.3996,0.6303,0.3256
C001554,2025-07-24,Store,Store,Central Anatolia,35-44,Silver,1,At Risk,,1.165,0.3025,0.397,0.4808
C001555,2025-09-12,Mobile App,Mobile App,Mediterranean,55+,Silver,1,At Risk,2025-12-11,0.7225,0.3355,0.3817,0.469
C001556,2025-04-02,Web,Web,Mediterranean,25-34,Silver,1,Deal Seeker,2025-05-02,1.0566,0.6712,0.7579,0.242
C001557,2023-11-10,Web,Web,Marmara,25-34,Bronze,1,Deal Seeker,2025-03-04,0.8367,0.7013,0.7445,0.1016
C001558,2023-05-05,Store,Store,Mediterranean,45-54,Silver,1,Deal Seeker,,0.793,0.61,0.7365,0.4442
C001559,2024-01-11,Marketplace,Marketplace,Central Anatolia,25-34,Silver,1,Growth,2024-08-08,1.1348,0.6833,0.3941,0.1611
C001560,2024-05-19,Mobile App,Mobile App,Aegean,25-34,Silver,1,Deal Seeker,2024-06-18,1.1744,0.5681,0.7389,0.3285
C001561,2023-03-18,Store,Store,Marmara,25-34,Silver,1,Growth,,1.2771,0.6907,0.4824,0.3149
C001562,2023-12-07,Web,Web,Marmara,35-44,Silver,1,Growth,,0.9939,0.6906,0.4924,0.0857
C001563,2023-11-04,Web,Web,Central Anatolia,25-34,Gold,1,Growth,,1.4855,0.6594,0.3485,0.1407
C001564,2025-08-21,Store,Store,Marmara,35-44,Silver,1,At Risk,,0.8316,0.3973,0.4771,0.4035
C001565,2023-09-17,Store,Store,Marmara,25-34,Gold,1,Growth,,1.0947,0.6316,0.281,0.0995
C001566,2023-03-26,Web,Web,Aegean,45-54,Bronze,1,Routine,2024-12-15,0.8117,0.5117,0.2916,0.1982
C001567,2024-10-26,Marketplace,Marketplace,Central Anatolia,35-44,Silver,1,Deal Seeker,,1.0646,0.6028,0.6846,0.3048
C001568,2023-08-11,Store,Store,Black Sea,45-54,Platinum,1,High Value Loyal,,1.4309,0.7675,0.2332,0.1036
C001569,2022-10-02,Mobile App,Mobile App,Aegean,25-34,Bronze,1,Deal Seeker,2024-04-24,1.191,0.6542,0.6929,0.2258
C001570,2022-12-13,Mobile App,Mobile App,Central Anatolia,35-44,Bronze,1,Deal Seeker,2024-01-07,0.8517,0.6193,0.67,0.1599
C001571,2025-08-03,Mobile App,Mobile App,Aegean,35-44,Bronze,1,Routine,,0.6965,0.4909,0.3839,0.2699
C001572,2025-09-26,Store,Store,Black Sea,18-24,Bronze,1,One-time,2025-10-26,0.8097,0.2075,0.7044,0.3318
C001573,2025-11-13,Web,Web,Central Anatolia,45-54,Silver,1,At Risk,,0.844,0.261,0.4285,0.5113
C001574,2025-11-03,Store,Store,Marmara,55+,Gold,1,High Value Loyal,,1.2545,0.7982,0.1648,0.1469
C001575,2022-04-10,Marketplace,Marketplace,Southeastern Anatolia,55+,Bronze,1,Routine,2025-12-20,0.9583,0.5561,0.0683,0.1283
C001576,2025-07-06,Mobile App,Mobile App,Central Anatolia,55+,Silver,1,At Risk,2025-11-03,1.1096,0.3431,0.4072,0.468
C001577,2022-12-04,Marketplace,Marketplace,Aegean,35-44,Bronze,1,Routine,2025-07-21,0.827,0.5238,0.3994,0.2457
C001578,2023-10-11,Mobile App,Mobile App,Black Sea,25-34,Silver,1,Deal Seeker,,1.0359,0.5912,0.9207,0.4052
C001579,2025-12-24,Mobile App,Mobile App,Black Sea,35-44,Bronze,1,Routine,,0.7138,0.5044,0.2418,0.1341
C001580,2024-02-03,Marketplace,Marketplace,Marmara,35-44,Silver,1,Deal Seeker,,0.9817,0.5517,0.8019,0.2509
C001581,2025-07-05,Store,Store,Central Anatolia,18-24,Silver,1,At Risk,,1.0064,0.2501,0.4846,0.448
C001582,2023-11-09,Mobile App,Mobile App,Black Sea,55+,Gold,1,High Value Loyal,,1.5191,0.6829,0.2387,0.2293
C001583,2025-05-05,Web,Web,Aegean,25-34,Silver,1,Growth,,1.2486,0.6448,0.4086,0.1682
C001584,2023-03-17,Mobile App,Mobile App,Central Anatolia,45-54,Gold,0,At Risk,2023-04-16,0.9194,0.3968,0.3809,0.3653
C001585,2022-12-22,Marketplace,Marketplace,Mediterranean,25-34,Silver,1,Deal Seeker,2025-12-06,0.9377,0.6498,0.8472,0.2219
C001586,2022-01-20,Web,Web,Central Anatolia,35-44,Gold,1,Growth,2025-09-01,1.0593,0.8007,0.351,0.093
C001587,2023-12-05,Store,Store,Central Anatolia,45-54,Silver,1,Routine,2025-07-27,0.9515,0.5053,0.3563,0.1631
C001588,2023-11-12,Mobile App,Mobile App,Central Anatolia,25-34,Silver,1,Routine,,1.0189,0.6132,0.3143,0.112
C001589,2025-09-14,Web,Web,Mediterranean,45-54,Bronze,1,Deal Seeker,,0.967,0.5216,0.7915,0.2999
C001590,2024-06-17,Marketplace,Marketplace,Southeastern Anatolia,18-24,Bronze,1,Routine,,1.185,0.4099,0.5098,0.1771
C001591,2024-11-07,Mobile App,Mobile App,Marmara,25-34,Bronze,1,Routine,,1.0884,0.4735,0.3631,0.1761
C001592,2025-08-11,Mobile App,Mobile App,Southeastern Anatolia,25-34,Bronze,1,One-time,2025-11-09,0.6362,0.2055,0.6234,0.3767
C001593,2023-08-23,Web,Web,Southeastern Anatolia,35-44,Silver,1,Routine,2025-05-14,0.8462,0.4978,0.3308,0.2508
C001594,2022-03-02,Mobile App,Mobile App,Mediterranean,55+,Gold,1,High Value Loyal,2022-05-01,1.7521,0.9073,0.1464,0.1656
C001595,2024-04-16,Mobile App,Mobile App,Aegean,35-44,Bronze,1,One-time,2024-05-16,0.6273,0.2299,0.6248,0.4521
C001596,2025-12-22,Web,Web,Aegean,25-34,Silver,1,Routine,,0.6179,0.5063,0.4018,0.171
C001597,2025-07-18,Marketplace,Marketplace,Central Anatolia,45-54,Bronze,1,Deal Seeker,2025-09-16,1.0502,0.5794,0.7734,0.206
C001598,2025-12-23,Mobile App,Mobile App,Southeastern Anatolia,35-44,Bronze,1,Routine,,0.8728,0.5326,0.3295,0.2529
C001599,2024-09-18,Mobile App,Mobile App,Central Anatolia,25-34,Bronze,1,One-time,2024-11-17,0.9592,0.1307,0.6379,0.2852
C001600,2022-11-09,Web,Web,Aegean,55+,Silver,0,Deal Seeker,2024-09-29,0.7963,0.6189,0.8839,0.2173
C001601,2024-04-18,Mobile App,Mobile App,Marmara,55+,Bronze,1,Deal Seeker,,0.9062,0.536,0.6695,0.1867
C001602,2024-04-14,Mobile App,Mobile App,Eastern Anatolia,35-44,Silver,0,At Risk,2024-06-13,0.876,0.334,0.477,0.5849
C001603,2025-09-13,Marketplace,Marketplace,Aegean,35-44,Silver,1,Routine,,0.5788,0.5353,0.2912,0.1641
C001604,2022-04-13,Web,Web,Black Sea,25-34,Bronze,1,Routine,2023-05-08,0.9475,0.5604,0.4104,0.2234
C001605,2022-11-24,Marketplace,Marketplace,Mediterranean,35-44,Gold,1,High Value Loyal,,2.1537,0.7687,0.2178,0.0482
C001606,2023-07-14,Web,Web,Marmara,55+,Platinum,0,High Value Loyal,,2.194,0.9107,0.2671,0.1054
C001607,2022-09-14,Web,Web,Marmara,45-54,Silver,1,Deal Seeker,2023-03-13,0.7609,0.7313,0.8469,0.1773
C001608,2022-05-24,Marketplace,Marketplace,Aegean,18-24,Bronze,1,Deal Seeker,,0.877,0.5998,0.7731,0.3462
C001609,2023-11-23,Mobile App,Mobile App,Aegean,25-34,Silver,1,Deal Seeker,2024-04-21,1.0783,0.6657,0.7069,0.1264
C001610,2025-03-21,Mobile App,Mobile App,Black Sea,35-44,Silver,1,Deal Seeker,,0.801,0.7147,0.7605,0.1653
C001611,2023-06-10,Marketplace,Marketplace,Marmara,18-24,Silver,1,Routine,2023-08-09,0.8459,0.463,0.2938,0.2627
C001612,2022-01-19,Marketplace,Marketplace,Marmara,35-44,Silver,1,Growth,,1.0219,0.6008,0.2891,0.0792
C001613,2023-07-10,Store,Store,Marmara,45-54,Silver,1,Deal Seeker,,0.9592,0.5878,0.8011,0.2151
C001614,2023-07-18,Store,Store,Marmara,18-24,Gold,1,At Risk,2024-07-12,1.222,0.1945,0.4582,0.3764
C001615,2022-05-22,Mobile App,Mobile App,Central Anatolia,18-24,Gold,1,High Value Loyal,,1.7811,0.6984,0.1856,0.02
C001616,2024-08-08,Marketplace,Marketplace,Southeastern Anatolia,25-34,Gold,1,High Value Loyal,2024-09-07,2.1105,0.7671,0.2041,0.0899
C001617,2023-03-17,Marketplace,Marketplace,Central Anatolia,35-44,Silver,0,Deal Seeker,2025-01-05,0.9023,0.7828,0.8425,0.2206
C001618,2024-12-14,Mobile App,Mobile App,Southeastern Anatolia,45-54,Silver,1,Routine,,0.9667,0.3878,0.358,0.2615
C001619,2024-02-09,Mobile App,Mobile App,Black Sea,18-24,Silver,1,Routine,2025-09-01,0.9621,0.5624,0.2916,0.184
C001620,2024-12-13,Store,Store,Aegean,35-44,Silver,1,Routine,,0.8071,0.4329,0.3088,0.2995
C001621,2024-06-19,Mobile App,Mobile App,Marmara,25-34,Bronze,1,Deal Seeker,,1.041,0.4527,0.8021,0.4003
C001622,2025-05-13,Marketplace,Marketplace,Eastern Anatolia,35-44,Silver,1,Deal Seeker,2025-08-11,1.0599,0.6107,0.8384,0.3132
C001623,2025-03-17,Marketplace,Marketplace,Marmara,55+,Bronze,1,One-time,2025-04-16,0.5944,0.2571,0.6085,0.4147
C001624,2025-06-14,Mobile App,Mobile App,Black Sea,25-34,Silver,1,Deal Seeker,,0.7692,0.6567,0.717,0.3077
C001625,2022-04-14,Store,Store,Marmara,35-44,Silver,1,At Risk,2022-07-13,1.3796,0.4586,0.3566,0.6868
C001626,2023-02-24,Marketplace,Marketplace,Central Anatolia,25-34,Gold,1,Growth,2023-03-26,1.1247,0.6735,0.2322,0.0657
C001627,2023-04-07,Web,Web,Marmara,25-34,Silver,0,Growth,,1.531,0.6234,0.4904,0.1945
C001628,2025-08-06,Marketplace,Marketplace,Marmara,25-34,Gold,1,High Value Loyal,,2.273,0.9047,0.1038,0.0301
C001629,2023-11-13,Web,Web,Marmara,55+,Gold,1,High Value Loyal,2025-01-06,1.5851,0.7819,0.2967,0.1714
C001630,2025-06-11,Mobile App,Mobile App,Marmara,55+,Silver,1,Deal Seeker,2025-07-11,1.0918,0.5136,0.8739,0.2025
C001631,2024-06-22,Marketplace,Marketplace,Central Anatolia,25-34,Bronze,1,Deal Seeker,,0.8705,0.6306,0.7671,0.315
C001632,2024-09-25,Web,Web,Southeastern Anatolia,18-24,Gold,1,Growth,2025-11-19,1.1491,0.5753,0.3927,0.0727
C001633,2024-08-13,Marketplace,Marketplace,Black Sea,25-34,Gold,0,Growth,,1.1518,0.8189,0.3317,0.0535
C001634,2023-11-22,Mobile App,Mobile App,Marmara,35-44,Bronze,1,Deal Seeker,,0.9193,0.5406,0.6769,0.1366
C001635,2024-04-20,Web,Web,Mediterranean,25-34,Silver,1,Growth,,0.9635,0.6989,0.1298,0.1297
C001636,2025-11-19,Mobile App,Mobile App,Marmara,18-24,Bronze,1,Routine,,0.8761,0.5789,0.2576,0.2706
C001637,2024-05-04,Marketplace,Marketplace,Central Anatolia,25-34,Gold,1,At Risk,2025-04-29,1.2854,0.3137,0.4824,0.5326
C001638,2025-03-15,Web,Web,Marmara,45-54,Gold,1,High Value Loyal,,1.4492,0.7941,0.1536,0.0583
C001639,2022-10-09,Web,Web,Marmara,45-54,Silver,1,At Risk,,1.011,0.3865,0.4423,0.5166
C001640,2025-06-24,Mobile App,Mobile App,Mediterranean,18-24,Platinum,1,High Value Loyal,,2.2603,0.7511,0.2001,0.1232
C001641,2024-02-21,Marketplace,Marketplace,Marmara,45-54,Silver,1,Deal Seeker,2024-07-20,0.8352,0.7574,0.6726,0.2616
C001642,2025-09-08,Marketplace,Marketplace,Marmara,35-44,Silver,1,Deal Seeker,,0.9454,0.6917,0.8773,0.2421
C001643,2023-11-14,Store,Store,Marmara,35-44,Gold,1,Growth,2025-09-04,1.141,0.654,0.4384,0.1698
C001644,2023-11-13,Mobile App,Mobile App,Eastern Anatolia,18-24,Gold,1,High Value Loyal,2024-06-10,2.1034,0.7744,0.0917,0.0524
C001645,2025-03-17,Mobile App,Mobile App,Central Anatolia,45-54,Gold,1,High Value Loyal,,1.7775,0.9021,0.1218,0.02
C001646,2024-11-13,Marketplace,Marketplace,Marmara,35-44,Gold,1,High Value Loyal,,1.6638,0.7737,0.0819,0.1975
C001647,2024-07-17,Web,Web,Marmara,25-34,Gold,1,High Value Loyal,,2.1171,0.848,0.1427,0.1648
C001648,2025-03-18,Web,Web,Marmara,25-34,Gold,1,Growth,,1.0096,0.6323,0.4293,0.1704
C001649,2025-04-18,Marketplace,Marketplace,Marmara,18-24,Silver,0,Deal Seeker,,0.93,0.6279,0.8035,0.2225
C001650,2025-04-25,Web,Web,Central Anatolia,35-44,Silver,1,Routine,,1.0301,0.5507,0.5253,0.0365
C001651,2022-04-26,Marketplace,Marketplace,Mediterranean,45-54,Bronze,1,Deal Seeker,,0.9962,0.6905,0.7174,0.341
C001652,2022-07-26,Web,Web,Aegean,55+,Gold,1,High Value Loyal,,1.7677,0.8942,0.1322,0.02
C001653,2023-08-16,Web,Web,Central Anatolia,25-34,Bronze,1,Routine,,0.7885,0.6126,0.2943,0.1646
C001654,2024-12-19,Marketplace,Marketplace,Aegean,35-44,Bronze,1,Deal Seeker,,0.7426,0.5414,0.7272,0.2295
C001655,2022-08-03,Marketplace,Marketplace,Marmara,55+,Bronze,1,Routine,,0.7386,0.5592,0.27,0.1776
C001656,2022-11-13,Store,Store,Aegean,18-24,Silver,1,At Risk,2023-01-12,0.8753,0.4052,0.5169,0.6132
C001657,2025-05-21,Web,Web,Central Anatolia,35-44,Silver,1,At Risk,,1.2483,0.4141,0.4965,0.5854
C001658,2024-01-14,Web,Web,Marmara,18-24,Bronze,1,Routine,,0.8186,0.421,0.3301,0.2506
C001659,2022-01-08,Store,Store,Marmara,25-34,Bronze,1,Routine,,0.7967,0.601,0.2807,0.1994
C001660,2024-12-04,Web,Web,Marmara,18-24,Gold,1,Growth,,1.0273,0.7278,0.451,0.269
C001661,2023-08-09,Marketplace,Marketplace,Marmara,45-54,Silver,1,Deal Seeker,2024-12-31,0.9686,0.6765,0.8699,0.228
C001662,2024-04-20,Store,Store,Aegean,45-54,Silver,0,Routine,,0.7506,0.5573,0.2211,0.0244
C001663,2022-09-06,Mobile App,Mobile App,Aegean,25-34,Gold,1,Growth,2023-12-30,1.3123,0.6182,0.3353,0.147
C001664,2024-02-06,Mobile App,Mobile App,Black Sea,35-44,Gold,1,Growth,,1.4549,0.578,0.3823,0.1742
C001665,2025-10-22,Mobile App,Mobile App,Central Anatolia,18-24,Bronze,1,Deal Seeker,,1.0816,0.6966,0.7742,0.265
C001666,2025-01-17,Store,Store,Southeastern Anatolia,35-44,Silver,1,Routine,,0.7364,0.4824,0.4546,0.2034
C001667,2025-09-22,Mobile App,Mobile App,Marmara,35-44,Bronze,1,Routine,,0.9308,0.5178,0.366,0.1959
C001668,2025-03-13,Mobile App,Mobile App,Mediterranean,25-34,Bronze,1,Routine,,0.7933,0.5682,0.3106,0.1849
C001669,2025-04-02,Marketplace,Marketplace,Mediterranean,35-44,Gold,1,Growth,,1.2957,0.6761,0.4654,0.1463
C001670,2022-12-02,Web,Web,Central Anatolia,18-24,Silver,1,Routine,2023-01-01,0.8496,0.5306,0.4102,0.1151
C001671,2025-08-04,Web,Web,Marmara,35-44,Silver,1,Deal Seeker,2025-10-03,0.9092,0.746,0.8958,0.331
C001672,2022-08-14,Mobile App,Mobile App,Mediterranean,35-44,Platinum,1,High Value Loyal,,2.0307,0.7996,0.05,0.0358
C001673,2024-03-24,Mobile App,Mobile App,Southeastern Anatolia,25-34,Bronze,1,One-time,2024-04-23,0.9036,0.3794,0.542,0.4099
C001674,2023-05-11,Store,Store,Aegean,55+,Silver,1,Routine,,0.8727,0.6578,0.3695,0.0841
C001675,2024-05-15,Mobile App,Mobile App,Marmara,18-24,Bronze,1,Routine,,0.7024,0.5203,0.2101,0.2056
C001676,2024-01-11,Web,Web,Aegean,55+,Silver,1,Deal Seeker,,0.6758,0.5665,0.6808,0.2535
C001677,2022-05-23,Mobile App,Mobile App,Central Anatolia,35-44,Silver,1,Deal Seeker,,0.9221,0.6712,0.7707,0.1178
C001678,2022-01-05,Web,Web,Marmara,18-24,Bronze,1,Deal Seeker,2023-06-29,0.9135,0.4823,0.5675,0.2625
C001679,2023-09-21,Mobile App,Mobile App,Southeastern Anatolia,18-24,Gold,1,High Value Loyal,,1.399,0.7175,0.1346,0.1725
C001680,2024-07-21,Mobile App,Mobile App,Aegean,35-44,Gold,1,Growth,,0.977,0.7277,0.4066,0.1895
C001681,2025-03-07,Store,Store,Central Anatolia,18-24,Bronze,1,One-time,2025-10-03,0.7562,0.2357,0.5884,0.4303
C001682,2024-06-16,Marketplace,Marketplace,Aegean,18-24,Silver,1,Deal Seeker,,0.762,0.638,0.8916,0.1435
C001683,2023-02-14,Mobile App,Mobile App,Marmara,25-34,Bronze,1,Routine,2023-06-14,0.8813,0.5946,0.2704,0.2061
C001684,2023-02-21,Web,Web,Central Anatolia,25-34,Silver,1,Growth,,1.6449,0.5633,0.4137,0.176
C001685,2022-04-26,Store,Store,Aegean,35-44,Gold,1,Growth,2024-02-15,1.5205,0.8465,0.3793,0.2126
C001686,2024-11-02,Marketplace,Marketplace,Marmara,35-44,Gold,0,Growth,,1.3719,0.7727,0.3147,0.1277
C001687,2025-07-14,Web,Web,Aegean,35-44,Gold,1,Growth,,0.9073,0.7146,0.4362,0.1258
C001688,2024-11-25,Store,Store,Marmara,18-24,Gold,1,At Risk,,1.2394,0.2538,0.5454,0.6094
C001689,2024-04-24,Marketplace,Marketplace,Southeastern Anatolia,18-24,Silver,1,Deal Seeker,2025-05-19,0.8569,0.7553,0.82,0.2707
C001690,2025-01-07,Web,Web,Marmara,25-34,Platinum,1,High Value Loyal,2025-03-08,1.1412,0.7045,0.1518,0.0852
C001691,2023-11-09,Mobile App,Mobile App,Southeastern Anatolia,35-44,Bronze,1,Routine,2025-10-29,0.9222,0.6218,0.4647,0.1715
C001692,2025-03-02,Mobile App,Mobile App,Aegean,35-44,Gold,1,Growth,2025-08-29,1.3881,0.7296,0.4247,0.0317
C001693,2024-11-10,Marketplace,Marketplace,Black Sea,35-44,Bronze,0,Routine,,0.722,0.4944,0.4432,0.3267
C001694,2024-04-05,Web,Web,Marmara,45-54,Bronze,1,Routine,,1.0165,0.4305,0.3842,0.2384
C001695,2023-04-09,Web,Web,Marmara,45-54,Bronze,1,Routine,2023-10-06,0.8785,0.4745,0.3206,0.2296
C001696,2024-01-09,Web,Web,Southeastern Anatolia,55+,Bronze,0,Deal Seeker,,1.2004,0.7362,0.8191,0.2235
C001697,2025-12-22,Mobile App,Mobile App,Aegean,25-34,Bronze,1,Routine,,0.9843,0.464,0.4207,0.1981
C001698,2023-11-24,Marketplace,Marketplace,Central Anatolia,25-34,Bronze,1,One-time,2024-01-23,0.7055,0.1669,0.6268,0.2445
C001699,2024-03-17,Web,Web,Central Anatolia,25-34,Silver,1,Routine,2024-04-16,0.9081,0.6399,0.4137,0.2438
C001700,2025-08-03,Mobile App,Mobile App,Mediterranean,35-44,Silver,1,Routine,2025-09-02,0.9016,0.6073,0.2982,0.2337
C001701,2023-03-13,Web,Web,Central Anatolia,55+,Bronze,1,One-time,2023-11-08,0.7546,0.2571,0.7051,0.3562
C001702,2022-02-11,Mobile App,Mobile App,Marmara,25-34,Silver,1,Deal Seeker,2022-07-11,0.7639,0.5749,0.6454,0.2038
C001703,2023-11-02,Web,Web,Aegean,45-54,Bronze,1,Routine,2024-10-27,0.782,0.4608,0.3198,0.1908
C001704,2022-11-26,Marketplace,Marketplace,Central Anatolia,35-44,Silver,1,Routine,2024-10-16,1.0321,0.5112,0.4608,0.2303
C001705,2025-03-23,Web,Web,Marmara,25-34,Bronze,1,Routine,,0.6667,0.6724,0.3939,0.28
C001706,2022-08-08,Mobile App,Mobile App,Marmara,25-34,Silver,1,Routine,2024-03-30,0.7646,0.5035,0.4467,0.1672
C001707,2022-12-12,Mobile App,Mobile App,Aegean,45-54,Bronze,1,Deal Seeker,2023-02-10,1.1639,0.5754,0.7501,0.2602
C001708,2025-06-23,Marketplace,Marketplace,Marmara,55+,Silver,1,At Risk,,1.2554,0.437,0.3031,0.4518
C001709,2022-02-03,Mobile App,Mobile App,Marmara,25-34,Bronze,1,Deal Seeker,2025-12-14,1.1361,0.5416,0.7442,0.2668
C001710,2023-09-16,Web,Web,Marmara,25-34,Gold,1,At Risk,2023-10-16,1.5296,0.3342,0.3016,0.4321
C001711,2022-01-26,Mobile App,Mobile App,Marmara,25-34,Gold,1,High Value Loyal,2024-12-11,1.5843,0.6772,0.2221,0.02
C001712,2023-09-17,Mobile App,Mobile App,Southeastern Anatolia,45-54,Gold,1,High Value Loyal,,1.9096,0.768,0.256,0.0546
C001713,2024-04-20,Web,Web,Mediterranean,35-44,Bronze,1,Routine,2025-03-16,0.7264,0.4809,0.5001,0.297
C001714,2024-03-20,Web,Web,Aegean,25-34,Bronze,1,Routine,2024-07-18,1.1076,0.4443,0.4778,0.1928
C001715,2025-09-12,Marketplace,Marketplace,Aegean,25-34,Gold,1,High Value Loyal,,1.5288,0.7821,0.1826,0.1606
C001716,2022-05-06,Marketplace,Marketplace,Marmara,35-44,Gold,1,High Value Loyal,2024-03-26,1.5291,0.9304,0.2027,0.1228
C001717,2023-12-15,Marketplace,Marketplace,Central Anatolia,35-44,Silver,0,Routine,,0.6192,0.6336,0.3242,0.2669
C001718,2024-10-08,Web,Web,Central Anatolia,25-34,Gold,1,Growth,2025-10-03,1.1789,0.6739,0.4002,0.2209
C001719,2022-02-22,Web,Web,Mediterranean,18-24,Gold,1,Growth,2023-07-17,1.1342,0.7495,0.5113,0.2188
C001720,2023-05-08,Web,Web,Central Anatolia,35-44,Silver,1,At Risk,2023-08-06,0.961,0.3814,0.5193,0.457
C001721,2024-05-03,Mobile App,Mobile App,Mediterranean,18-24,Gold,1,Growth,2024-08-01,0.9087,0.6516,0.4248,0.247
C001722,2025-09-18,Web,Web,Central Anatolia,25-34,Silver,1,Growth,,1.2661,0.6542,0.2468,0.2064
C001723,2024-02-16,Web,Web,Mediterranean,18-24,Silver,0,Growth,,1.079,0.8216,0.3415,0.1231
C001724,2025-01-08,Mobile App,Mobile App,Central Anatolia,25-34,Silver,1,Deal Seeker,2025-09-05,1.0005,0.5943,0.8259,0.1724
C001725,2023-09-21,Mobile App,Mobile App,Southeastern Anatolia,45-54,Bronze,1,Deal Seeker,2024-10-15,0.8625,0.6259,0.8436,0.2443
C001726,2022-10-04,Web,Web,Southeastern Anatolia,25-34,Bronze,1,Routine,2023-01-02,0.5781,0.5696,0.3434,0.1928
C001727,2023-11-20,Web,Web,Marmara,55+,Gold,1,At Risk,2025-02-12,1.1345,0.4109,0.4257,0.5469
C001728,2025-07-13,Marketplace,Marketplace,Central Anatolia,25-34,Silver,0,At Risk,,1.3331,0.3674,0.4725,0.6488
C001729,2025-09-25,Mobile App,Mobile App,Marmara,25-34,Gold,1,Growth,,0.9875,0.6225,0.3748,0.1702
C001730,2024-03-19,Marketplace,Marketplace,Aegean,18-24,Silver,0,Growth,,1.0732,0.7298,0.423,0.2627
C001731,2022-09-17,Web,Web,Central Anatolia,35-44,Gold,1,At Risk,2023-02-14,1.2144,0.4081,0.4547,0.3439
C001732,2022-07-15,Marketplace,Marketplace,Aegean,45-54,Bronze,1,Routine,2023-01-11,0.8011,0.5321,0.4705,0.1979
C001733,2025-01-05,Mobile App,Mobile App,Southeastern Anatolia,35-44,Bronze,1,Deal Seeker,,0.6843,0.6842,0.7555,0.2911
C001734,2025-07-17,Web,Web,Marmara,25-34,Gold,1,At Risk,2025-08-16,1.0221,0.2064,0.4431,0.5013
C001735,2024-07-01,Marketplace,Marketplace,Marmara,45-54,Bronze,1,Routine,2025-09-24,0.826,0.6845,0.4142,0.3034
C001736,2024-04-08,Marketplace,Marketplace,Aegean,45-54,Bronze,0,Routine,2025-03-04,0.8438,0.4777,0.233,0.2696
C001737,2022-08-21,Mobile App,Mobile App,Black Sea,55+,Bronze,1,Routine,2023-03-19,0.9993,0.4508,0.3269,0.1724
C001738,2025-12-21,Web,Web,Mediterranean,45-54,Silver,1,Growth,,1.176,0.5872,0.3014,0.0776
C001739,2024-05-10,Web,Web,Marmara,25-34,Silver,1,Growth,2025-01-05,1.2591,0.7099,0.247,0.1589
C001740,2024-04-18,Mobile App,Mobile App,Mediterranean,25-34,Silver,1,Deal Seeker,,0.7892,0.5359,0.6892,0.2023
C001741,2024-09-12,Mobile App,Mobile App,Aegean,25-34,Silver,1,Growth,,1.4013,0.651,0.3884,0.1809
C001742,2023-09-08,Web,Web,Marmara,25-34,Bronze,1,Deal Seeker,,0.9267,0.5015,0.6141,0.2088
C001743,2025-02-25,Web,Web,Central Anatolia,18-24,Gold,1,At Risk,2025-07-25,1.1665,0.2885,0.4511,0.4401
C001744,2024-10-08,Web,Web,Southeastern Anatolia,45-54,Bronze,1,Deal Seeker,,0.6715,0.5717,0.6516,0.0649
C001745,2022-07-08,Mobile App,Mobile App,Central Anatolia,45-54,Silver,1,Deal Seeker,,1.0488,0.5227,0.7789,0.1512
C001746,2023-03-15,Mobile App,Mobile App,Southeastern Anatolia,35-44,Silver,1,At Risk,,0.7762,0.4059,0.4564,0.4585
C001747,2025-09-09,Store,Store,Marmara,25-34,Bronze,1,Deal Seeker,,0.7699,0.6405,0.7754,0.2992
C001748,2025-10-23,Web,Web,Eastern Anatolia,25-34,Silver,0,Growth,,1.1863,0.746,0.26,0.1309
C001749,2024-11-09,Mobile App,Mobile App,Marmara,25-34,Bronze,1,One-time,2024-12-09,0.6393,0.2753,0.6204,0.3901
C001750,2023-02-07,Web,Web,Marmara,55+,Silver,1,Deal Seeker,2024-11-28,1.0507,0.6316,0.7494,0.2925
C001751,2025-03-24,Store,Store,Marmara,45-54,Silver,1,Deal Seeker,,0.9228,0.7634,0.8794,0.2507
C001752,2023-11-08,Mobile App,Mobile App,Black Sea,25-34,Silver,1,Routine,,0.7969,0.555,0.1802,0.3057
C001753,2023-07-22,Mobile App,Mobile App,Marmara,35-44,Silver,1,At Risk,2024-05-17,1.3315,0.3902,0.4891,0.3911
C001754,2022-09-01,Marketplace,Marketplace,Central Anatolia,25-34,Silver,1,Routine,2022-10-01,0.7316,0.4814,0.4005,0.2404
C001755,2025-12-22,Store,Store,Eastern Anatolia,35-44,Silver,1,Deal Seeker,,0.8497,0.5335,0.98,0.1192
C001756,2024-08-17,Web,Web,Aegean,35-44,Bronze,1,Routine,,0.7789,0.5667,0.4877,0.2483
C001757,2025-02-26,Store,Store,Marmara,25-34,Silver,0,Growth,2025-05-27,1.6184,0.7183,0.4407,0.2266
C001758,2023-10-18,Web,Web,Mediterranean,25-34,Gold,1,High Value Loyal,2024-12-11,1.265,0.8373,0.2337,0.0941
C001759,2025-07-15,Store,Store,Central Anatolia,18-24,Bronze,1,Routine,,1.2009,0.4317,0.3947,0.0656
C001760,2024-04-24,Web,Web,Marmara,18-24,Silver,1,Deal Seeker,,0.843,0.6573,0.8333,0.2569
C001761,2022-09-26,Web,Web,Mediterranean,35-44,Bronze,0,Routine,2025-08-11,0.6376,0.534,0.4047,0.2175
C001762,2022-06-17,Web,Web,Marmara,25-34,Silver,1,Growth,2023-07-12,1.3252,0.6828,0.4609,0.1001
C001763,2022-09-24,Marketplace,Marketplace,Southeastern Anatolia,25-34,Silver,1,At Risk,,0.8852,0.3581,0.4045,0.5321
C001764,2022-10-12,Web,Web,Marmara,35-44,Silver,0,Deal Seeker,,0.9217,0.6971,0.8305,0.227
C001765,2025-06-13,Mobile App,Mobile App,Southeastern Anatolia,25-34,Silver,0,Growth,,1.1965,0.6471,0.4633,0.1115
C001766,2022-11-04,Mobile App,Mobile App,Aegean,35-44,Silver,1,Routine,,0.9591,0.4,0.1177,0.2719
C001767,2024-12-07,Web,Web,Marmara,18-24,Bronze,1,Deal Seeker,,0.8829,0.7199,0.7173,0.3415
C001768,2023-06-10,Mobile App,Mobile App,Black Sea,45-54,Bronze,1,Routine,2024-08-03,0.8336,0.5637,0.2787,0.1619
C001769,2022-01-01,Web,Web,Black Sea,35-44,Gold,1,High Value Loyal,,2.0489,0.8751,0.1175,0.0843
C001770,2022-09-01,Mobile App,Mobile App,Marmara,35-44,Gold,1,Growth,2024-08-21,1.1841,0.5809,0.5057,0.3253
C001771,2023-07-14,Marketplace,Marketplace,Aegean,45-54,Silver,1,Growth,,1.2739,0.6741,0.228,0.0926
C001772,2023-09-12,Mobile App,Mobile App,Marmara,35-44,Gold,1,At Risk,,1.0961,0.3912,0.4105,0.3747
C001773,2022-09-19,Web,Web,Marmara,45-54,Bronze,1,Deal Seeker,,0.8844,0.6796,0.7942,0.2876
C001774,2025-11-02,Store,Store,Marmara,25-34,Silver,1,Growth,,1.2648,0.808,0.5261,0.1115
C001775,2025-04-07,Store,Store,Mediterranean,25-34,Bronze,1,Routine,,0.7858,0.6214,0.3561,0.1268
C001776,2024-06-18,Mobile App,Mobile App,Southeastern Anatolia,18-24,Silver,1,Deal Seeker,2024-08-17,0.9332,0.6596,0.9402,0.3319
C001777,2022-05-01,Mobile App,Mobile App,Aegean,25-34,Gold,1,Growth,2022-09-28,1.1101,0.741,0.4332,0.1395
C001778,2025-05-05,Mobile App,Mobile App,Marmara,18-24,Silver,1,Deal Seeker,2025-06-04,1.0578,0.546,0.6129,0.3951
C001779,2025-04-26,Web,Web,Aegean,35-44,Silver,1,Routine,,0.9755,0.5128,0.4255,0.1246
C001780,2025-09-03,Store,Store,Black Sea,25-34,Silver,0,Growth,2025-10-03,1.648,0.7041,0.4015,0.0827
C001781,2025-05-12,Marketplace,Marketplace,Marmara,35-44,Silver,1,Growth,,1.1958,0.6299,0.4788,0.1369
C001782,2024-05-05,Web,Web,Aegean,45-54,Silver,1,Deal Seeker,2025-03-31,0.8738,0.5832,0.7983,0.3374
C001783,2024-10-23,Web,Web,Marmara,35-44,Silver,1,Routine,2025-11-17,0.8627,0.556,0.2366,0.2403
C001784,2024-03-13,Web,Web,Central Anatolia,25-34,Bronze,0,Routine,,0.6635,0.6033,0.3196,0.0891
C001785,2023-02-24,Web,Web,Marmara,18-24,Silver,1,Deal Seeker,2024-09-16,1.0468,0.4897,0.6686,0.2281
C001786,2024-10-02,Mobile App,Mobile App,Mediterranean,55+,Silver,1,Routine,2025-06-29,0.8848,0.3642,0.327,0.1478
C001787,2022-03-21,Mobile App,Mobile App,Southeastern Anatolia,35-44,Gold,1,High Value Loyal,2023-10-12,2.0263,0.8348,0.1931,0.022
C001788,2024-10-26,Web,Web,Southeastern Anatolia,18-24,Gold,1,Growth,,1.2426,0.74,0.2862,0.3109
C001789,2024-08-07,Marketplace,Marketplace,Eastern Anatolia,18-24,Silver,0,Growth,2024-09-06,1.4154,0.7324,0.385,0.1347
C001790,2025-05-23,Marketplace,Marketplace,Marmara,35-44,Gold,1,Growth,,1.6406,0.8234,0.4789,0.1081
C001791,2022-06-01,Store,Store,Aegean,25-34,Bronze,1,Routine,,0.9054,0.5258,0.4043,0.2023
C001792,2023-10-22,Store,Store,Aegean,35-44,Silver,1,Deal Seeker,2024-11-15,1.3414,0.583,0.7754,0.2155
C001793,2024-11-20,Mobile App,Mobile App,Marmara,25-34,Bronze,1,Routine,2025-03-20,0.9632,0.5654,0.2328,0.2324
C001794,2023-06-14,Store,Store,Marmara,25-34,Silver,1,Routine,2024-10-06,0.7055,0.5816,0.5564,0.2799
C001795,2022-05-13,Web,Web,Marmara,55+,Gold,0,High Value Loyal,,1.9002,0.98,0.1814,0.0437
C001796,2025-08-11,Marketplace,Marketplace,Marmara,35-44,Bronze,1,Routine,,0.7263,0.5632,0.3811,0.1921
C001797,2024-07-06,Marketplace,Marketplace,Marmara,35-44,Bronze,1,Deal Seeker,2024-10-04,0.9687,0.6058,0.9024,0.219
C001798,2024-04-13,Store,Store,Aegean,55+,Bronze,1,Routine,2025-06-07,0.751,0.541,0.4336,0.0852
C001799,2025-12-19,Web,Web,Aegean,18-24,Bronze,1,Deal Seeker,,0.8138,0.5698,0.7764,0.2945
C001800,2025-06-26,Marketplace,Marketplace,Marmara,35-44,Bronze,1,One-time,2025-07-26,1.0368,0.1776,0.653,0.3482
C001801,2024-01-21,Web,Web,Aegean,45-54,Bronze,1,Deal Seeker,2024-11-16,0.7355,0.6937,0.7582,0.1325
C001802,2024-12-19,Web,Web,Aegean,25-34,Silver,1,Growth,,1.6524,0.7077,0.3164,0.1977
C001803,2022-04-02,Mobile App,Mobile App,Marmara,45-54,Bronze,0,Routine,,0.8529,0.4551,0.4297,0.2728
C001804,2025-04-04,Web,Web,Marmara,18-24,Silver,1,Routine,,1.0514,0.5265,0.2206,0.2234
C001805,2025-08-14,Mobile App,Mobile App,Marmara,25-34,Bronze,1,Deal Seeker,,0.8526,0.6307,0.6983,0.2119
C001806,2025-04-13,Mobile App,Mobile App,Marmara,25-34,Silver,1,Routine,,0.9383,0.4615,0.346,0.1737
C001807,2023-08-24,Mobile App,Mobile App,Marmara,45-54,Silver,1,At Risk,,1.2342,0.2497,0.415,0.5328
C001808,2024-09-13,Store,Store,Mediterranean,18-24,Bronze,0,Routine,,0.8324,0.5863,0.3325,0.209
C001809,2025-04-08,Mobile App,Mobile App,Central Anatolia,18-24,Bronze,1,Deal Seeker,,0.9049,0.5827,0.8713,0.3491
C001810,2025-11-14,Web,Web,Marmara,18-24,Bronze,1,Deal Seeker,,0.7752,0.589,0.7292,0.3406
C001811,2023-11-25,Mobile App,Mobile App,Marmara,45-54,Bronze,1,Routine,2024-10-20,0.9933,0.5386,0.3644,0.1716
C001812,2022-12-07,Store,Store,Black Sea,35-44,Bronze,1,Deal Seeker,2024-10-27,0.9786,0.506,0.7607,0.3026
C001813,2024-03-11,Mobile App,Mobile App,Aegean,18-24,Silver,1,Routine,,0.8452,0.5975,0.251,0.1227
C001814,2025-03-02,Mobile App,Mobile App,Marmara,35-44,Bronze,1,Routine,,0.8508,0.3823,0.3149,0.1959
C001815,2024-06-26,Mobile App,Mobile App,Central Anatolia,25-34,Bronze,1,Routine,,0.6409,0.4874,0.2711,0.1022
C001816,2025-07-25,Web,Web,Marmara,25-34,Silver,1,Deal Seeker,,0.9063,0.7139,0.7605,0.308
C001817,2023-05-10,Marketplace,Marketplace,Central Anatolia,35-44,Bronze,1,Routine,2024-10-31,0.8376,0.4336,0.3287,0.0997
C001818,2025-09-13,Store,Store,Marmara,25-34,Gold,1,High Value Loyal,,1.4269,0.8394,0.3413,0.1141
C001819,2025-10-05,Mobile App,Mobile App,Marmara,25-34,Bronze,1,One-time,,0.4991,0.2176,0.7654,0.4172
C001820,2023-11-09,Mobile App,Mobile App,Central Anatolia,18-24,Bronze,1,Routine,2024-08-05,0.7271,0.5,0.437,0.0706
C001821,2025-12-02,Store,Store,Marmara,35-44,Gold,1,Growth,,1.292,0.6135,0.5434,0.1774
C001822,2023-01-20,Web,Web,Central Anatolia,25-34,Gold,1,High Value Loyal,,1.6316,0.824,0.2251,0.1343
C001823,2023-11-21,Marketplace,Marketplace,Central Anatolia,35-44,Gold,1,High Value Loyal,2025-06-13,2.0775,0.819,0.2398,0.0474
C001824,2022-07-15,Marketplace,Marketplace,Aegean,25-34,Gold,1,High Value Loyal,,1.2724,0.98,0.1153,0.1882
C001825,2025-07-14,Web,Web,Central Anatolia,55+,Bronze,1,Routine,,0.7598,0.5227,0.4011,0.1877
C001826,2022-02-06,Marketplace,Marketplace,Southeastern Anatolia,35-44,Gold,0,At Risk,2022-09-04,1.0098,0.4103,0.4289,0.5149
C001827,2025-08-08,Marketplace,Marketplace,Marmara,18-24,Bronze,1,Routine,,0.9152,0.5377,0.2518,0.0948
C001828,2022-08-13,Store,Store,Marmara,18-24,Gold,1,High Value Loyal,,1.5469,0.7879,0.2251,0.0817
C001829,2023-11-10,Mobile App,Mobile App,Marmara,18-24,Gold,1,At Risk,,1.286,0.1962,0.3673,0.4018
C001830,2022-11-09,Web,Web,Marmara,55+,Bronze,1,Deal Seeker,2022-12-09,1.277,0.664,0.8101,0.4618
C001831,2023-01-09,Marketplace,Marketplace,Southeastern Anatolia,45-54,Silver,1,Growth,,1.5033,0.5948,0.4166,0.1756
C001832,2025-07-10,Marketplace,Marketplace,Marmara,18-24,Platinum,1,High Value Loyal,,1.5995,0.8043,0.2273,0.1217
C001833,2025-05-20,Web,Web,Marmara,25-34,Silver,1,Deal Seeker,2025-10-17,1.1044,0.4277,0.72,0.2125
C001834,2022-08-13,Marketplace,Marketplace,Eastern Anatolia,35-44,Silver,1,At Risk,2022-11-11,1.0793,0.2891,0.3707,0.5746
C001835,2024-01-26,Marketplace,Marketplace,Marmara,18-24,Gold,0,At Risk,2025-12-16,1.1992,0.2839,0.4756,0.5822
C001836,2024-05-07,Store,Store,Marmara,35-44,Silver,1,Growth,2024-07-06,0.9461,0.6772,0.2725,0.1856
C001837,2022-11-10,Mobile App,Mobile App,Central Anatolia,25-34,Silver,1,Growth,2022-12-10,1.9528,0.6691,0.3883,0.1277
C001838,2023-07-08,Mobile App,Mobile App,Central Anatolia,35-44,Bronze,1,One-time,2024-06-02,0.6169,0.3063,0.6487,0.2929
C001839,2025-09-19,Web,Web,Marmara,35-44,Platinum,1,High Value Loyal,,1.5201,0.7037,0.2663,0.1149
C001840,2025-10-07,Marketplace,Marketplace,Central Anatolia,35-44,Silver,1,Routine,,0.6622,0.7168,0.3672,0.1641
C001841,2025-04-19,Web,Web,Central Anatolia,55+,Gold,1,At Risk,,0.8285,0.3243,0.5084,0.4262
C001842,2023-06-25,Web,Web,Central Anatolia,18-24,Bronze,1,Routine,,0.8053,0.566,0.2354,0.1256
C001843,2022-09-06,Store,Store,Marmara,35-44,Silver,1,Deal Seeker,2025-04-23,0.8877,0.5769,0.7681,0.2965
C001844,2025-12-08,Mobile App,Mobile App,Marmara,35-44,Platinum,1,High Value Loyal,,1.5112,0.9046,0.2069,0.0857
C001845,2022-08-11,Web,Web,Aegean,25-34,Gold,0,Growth,,0.8418,0.6629,0.3776,0.2042
C001846,2024-09-26,Mobile App,Mobile App,Eastern Anatolia,18-24,Silver,1,Deal Seeker,,0.9907,0.5436,0.8756,0.443
C001847,2024-01-22,Marketplace,Marketplace,Central Anatolia,45-54,Silver,1,At Risk,2024-10-18,1.1876,0.2318,0.4185,0.4548
C001848,2024-12-08,Store,Store,Marmara,25-34,Bronze,1,Deal Seeker,2025-08-05,0.7791,0.6453,0.7679,0.1648
C001849,2022-06-08,Mobile App,Mobile App,Marmara,25-34,Silver,1,At Risk,2022-09-06,1.1249,0.3719,0.4486,0.4371
C001850,2025-11-06,Store,Store,Mediterranean,18-24,Silver,1,Deal Seeker,,1.2993,0.5889,0.7705,0.2413
C001851,2024-10-21,Marketplace,Marketplace,Aegean,25-34,Bronze,0,One-time,2025-02-18,0.7242,0.1816,0.5864,0.2969
C001852,2025-01-10,Store,Store,Marmara,35-44,Bronze,1,Routine,2025-04-10,0.7552,0.4138,0.3536,0.1387
C001853,2023-05-02,Web,Web,Marmara,18-24,Bronze,1,Routine,,1.1156,0.5721,0.1888,0.1629
C001854,2024-08-01,Mobile App,Mobile App,Black Sea,25-34,Bronze,1,One-time,2025-08-26,0.6644,0.0685,0.6625,0.4248
C001855,2024-02-19,Store,Store,Mediterranean,25-34,Bronze,1,Deal Seeker,2024-03-20,0.805,0.512,0.8751,0.1681
C001856,2024-03-16,Web,Web,Marmara,18-24,Silver,1,At Risk,2024-04-15,1.448,0.2391,0.3145,0.5242
C001857,2022-07-11,Mobile App,Mobile App,Eastern Anatolia,55+,Bronze,1,Deal Seeker,2024-02-01,1.0705,0.6694,0.7891,0.1839
C001858,2025-12-06,Mobile App,Mobile App,Marmara,25-34,Gold,0,At Risk,,1.0586,0.2712,0.4634,0.3845
C001859,2022-03-12,Web,Web,Central Anatolia,35-44,Gold,1,High Value Loyal,,1.9327,0.7948,0.2287,0.1942
C001860,2022-03-22,Marketplace,Marketplace,Mediterranean,35-44,Platinum,1,High Value Loyal,,1.8949,0.7996,0.1428,0.0376
C001861,2024-08-01,Web,Web,Southeastern Anatolia,25-34,Silver,1,At Risk,2025-07-27,0.957,0.3578,0.4444,0.4805
C001862,2022-04-20,Web,Web,Marmara,35-44,Gold,1,Growth,,1.2014,0.7605,0.4354,0.2728
C001863,2022-01-05,Marketplace,Marketplace,Marmara,45-54,Silver,1,Growth,,0.9415,0.8396,0.5104,0.1548
C001864,2022-09-20,Store,Store,Mediterranean,25-34,Silver,1,At Risk,2024-03-13,1.224,0.3252,0.5251,0.5179
C001865,2024-11-03,Store,Store,Marmara,35-44,Silver,0,At Risk,2025-07-01,0.7904,0.2191,0.5873,0.4686
C001866,2022-12-25,Web,Web,Southeastern Anatolia,25-34,Bronze,1,Routine,,0.9373,0.4327,0.3083,0.23
C001867,2023-12-09,Mobile App,Mobile App,Southeastern Anatolia,45-54,Bronze,1,Deal Seeker,2024-03-08,0.8018,0.5307,0.8463,0.02
C001868,2025-04-07,Marketplace,Marketplace,Central Anatolia,18-24,Silver,0,At Risk,2025-07-06,1.1395,0.3359,0.4467,0.4511
C001869,2022-03-03,Marketplace,Marketplace,Mediterranean,18-24,Silver,1,Growth,,1.2712,0.6779,0.3776,0.2119
C001870,2022-10-02,Web,Web,Southeastern Anatolia,45-54,Gold,1,High Value Loyal,,1.4412,0.902,0.1101,0.1159
C001871,2022-05-26,Marketplace,Marketplace,Aegean,35-44,Bronze,1,Routine,2023-01-21,0.7176,0.5925,0.4825,0.2237
C001872,2023-10-16,Web,Web,Mediterranean,25-34,Silver,1,Routine,2024-06-12,0.5826,0.4026,0.2353,0.1477
C001873,2025-02-12,Mobile App,Mobile App,Marmara,18-24,Bronze,1,Routine,2025-08-11,1.2685,0.6283,0.4421,0.2339
C001874,2024-01-06,Store,Store,Aegean,45-54,Bronze,1,Routine,2024-08-03,0.736,0.6017,0.5482,0.148
C001875,2023-02-13,Store,Store,Southeastern Anatolia,35-44,Bronze,1,Deal Seeker,,0.7788,0.7763,0.8003,0.3367
C001876,2022-12-14,Mobile App,Mobile App,Central Anatolia,35-44,Bronze,1,Routine,,0.7898,0.5011,0.3221,0.1544
C001877,2024-09-14,Mobile App,Mobile App,Marmara,35-44,Silver,1,At Risk,2025-02-11,0.9762,0.454,0.4912,0.4488
C001878,2025-05-09,Mobile App,Mobile App,Marmara,45-54,Gold,0,At Risk,2025-06-08,1.375,0.3902,0.4742,0.45
C001879,2025-07-09,Web,Web,Black Sea,35-44,Silver,1,Deal Seeker,,1.1777,0.5379,0.9497,0.1775
C001880,2024-10-20,Mobile App,Mobile App,Marmara,18-24,Gold,1,Growth,,0.8786,0.5952,0.3081,0.0679
C001881,2024-09-18,Mobile App,Mobile App,Marmara,55+,Silver,1,Routine,,0.8153,0.4981,0.3254,0.239
C001882,2025-12-12,Mobile App,Mobile App,Aegean,35-44,Gold,1,High Value Loyal,,1.8186,0.7521,0.2268,0.101
C001883,2025-10-24,Mobile App,Mobile App,Aegean,45-54,Platinum,1,High Value Loyal,,2.0249,0.7562,0.1344,0.1607
C001884,2024-06-01,Web,Web,Central Anatolia,18-24,Silver,1,Routine,2025-11-23,0.6501,0.7626,0.3504,0.0909
C001885,2022-08-17,Store,Store,Central Anatolia,35-44,Bronze,1,One-time,2023-02-13,0.8941,0.2936,0.6596,0.4506
C001886,2024-06-11,Marketplace,Marketplace,Aegean,45-54,Silver,1,Growth,,1.1267,0.687,0.3959,0.1442
C001887,2023-02-24,Web,Web,Aegean,25-34,Silver,1,Routine,,1.0039,0.6048,0.4023,0.1555
C001888,2025-10-16,Mobile App,Mobile App,Aegean,45-54,Bronze,1,Routine,,0.8795,0.4732,0.5066,0.1226
C001889,2025-05-02,Mobile App,Mobile App,Marmara,25-34,Silver,1,Growth,,1.1233,0.6731,0.3926,0.1685
C001890,2025-03-06,Store,Store,Central Anatolia,25-34,Bronze,0,One-time,,0.506,0.2603,0.5994,0.3453
C001891,2024-02-09,Mobile App,Mobile App,Southeastern Anatolia,25-34,Bronze,1,Routine,2024-07-08,0.8554,0.4995,0.3138,0.1904
C001892,2023-05-12,Web,Web,Marmara,35-44,Gold,1,High Value Loyal,,1.5084,0.8421,0.173,0.0819
C001893,2025-11-23,Web,Web,Mediterranean,35-44,Gold,1,At Risk,,1.4294,0.2191,0.5826,0.4066
C001894,2025-04-18,Mobile App,Mobile App,Aegean,25-34,Silver,1,Deal Seeker,2025-12-14,1.125,0.468,0.8995,0.288
C001895,2025-07-18,Mobile App,Mobile App,Marmara,35-44,Silver,1,Growth,2025-08-17,1.2883,0.7243,0.3588,0.3304
C001896,2024-06-11,Mobile App,Mobile App,Central Anatolia,25-34,Bronze,1,Deal Seeker,2024-09-09,0.7955,0.5131,0.7843,0.3753
C001897,2025-09-05,Marketplace,Marketplace,Central Anatolia,35-44,Gold,1,Growth,,1.0521,0.6384,0.3346,0.1892
C001898,2025-04-14,Web,Web,Aegean,35-44,Silver,1,Routine,,0.8573,0.4619,0.4378,0.1525
C001899,2022-08-26,Marketplace,Marketplace,Black Sea,45-54,Bronze,1,Routine,2022-11-24,0.9828,0.4798,0.4466,0.1971
C001900,2025-08-07,Mobile App,Mobile App,Mediterranean,45-54,Gold,1,At Risk,,1.4942,0.2422,0.4937,0.5226
C001901,2023-10-11,Web,Web,Aegean,35-44,Gold,1,Growth,,1.6018,0.8039,0.3374,0.1733
C001902,2024-11-07,Web,Web,Southeastern Anatolia,45-54,Gold,1,High Value Loyal,,1.6084,0.9087,0.1784,0.02
C001903,2023-05-10,Marketplace,Marketplace,Aegean,45-54,Silver,1,Routine,2025-09-26,0.7124,0.6219,0.415,0.3624
C001904,2025-06-19,Mobile App,Mobile App,Central Anatolia,25-34,Silver,1,Deal Seeker,,1.1814,0.6574,0.8408,0.2435
C001905,2025-03-19,Mobile App,Mobile App,Marmara,35-44,Bronze,1,Routine,,0.838,0.5362,0.3776,0.2068
C001906,2024-08-21,Store,Store,Central Anatolia,55+,Silver,1,Deal Seeker,,1.0396,0.4924,0.711,0.1839
C001907,2025-10-21,Mobile App,Mobile App,Central Anatolia,18-24,Silver,1,Deal Seeker,,1.0287,0.6121,0.7972,0.2828
C001908,2024-08-21,Mobile App,Mobile App,Marmara,25-34,Gold,1,At Risk,,1.2025,0.3055,0.5216,0.4599
C001909,2023-12-14,Mobile App,Mobile App,Marmara,45-54,Silver,1,Deal Seeker,2025-04-07,0.7548,0.721,0.9752,0.1945
C001910,2025-09-11,Marketplace,Marketplace,Aegean,45-54,Silver,1,Growth,,0.9493,0.6169,0.4019,0.2431
C001911,2023-06-05,Store,Store,Mediterranean,18-24,Bronze,1,Routine,,0.8389,0.4641,0.2895,0.3079
C001912,2024-08-06,Store,Store,Marmara,18-24,Gold,1,At Risk,2025-10-30,1.0199,0.3815,0.6208,0.4157
C001913,2022-11-14,Mobile App,Mobile App,Black Sea,18-24,Silver,1,Growth,,0.993,0.8044,0.5236,0.1629
C001914,2022-09-16,Web,Web,Marmara,18-24,Bronze,1,Routine,,1.0292,0.4462,0.375,0.1733
C001915,2025-11-02,Web,Web,Aegean,35-44,Bronze,1,Deal Seeker,,0.9457,0.7212,0.8281,0.1198
C001916,2025-03-14,Web,Web,Central Anatolia,35-44,Bronze,1,Deal Seeker,2025-06-12,0.7783,0.6932,0.758,0.3382
C001917,2025-04-13,Marketplace,Marketplace,Marmara,25-34,Gold,1,At Risk,2025-05-13,1.0915,0.3109,0.4136,0.6869
C001918,2024-02-25,Web,Web,Central Anatolia,25-34,Bronze,1,Routine,2024-10-22,0.7604,0.5452,0.2159,0.1933
C001919,2022-02-14,Web,Web,Black Sea,35-44,Gold,1,High Value Loyal,,1.7587,0.8917,0.1845,0.0373
C001920,2023-12-20,Mobile App,Mobile App,Mediterranean,35-44,Gold,1,High Value Loyal,,1.8442,0.8645,0.281,0.02
C001921,2022-01-26,Mobile App,Mobile App,Marmara,35-44,Silver,1,At Risk,2023-04-21,1.1892,0.3427,0.4086,0.3021
C001922,2025-03-17,Marketplace,Marketplace,Mediterranean,35-44,Gold,1,High Value Loyal,2025-09-13,2.1594,0.6483,0.2873,0.2779
C001923,2024-10-22,Web,Web,Central Anatolia,35-44,Platinum,1,High Value Loyal,,1.4281,0.9277,0.2523,0.0684
C001924,2024-08-22,Marketplace,Marketplace,Aegean,25-34,Silver,0,Growth,,1.4849,0.7471,0.3892,0.2565
C001925,2025-08-24,Store,Store,Central Anatolia,55+,Bronze,1,Deal Seeker,,1.0256,0.6653,0.8769,0.2435
C001926,2024-01-02,Marketplace,Marketplace,Black Sea,25-34,Silver,0,Routine,,1.32,0.4208,0.4523,0.2921
C001927,2024-12-12,Store,Store,Marmara,35-44,Silver,1,Routine,,1.0746,0.5379,0.3781,0.1671
C001928,2024-08-04,Web,Web,Mediterranean,35-44,Gold,1,Growth,2025-08-29,1.1462,0.8391,0.3856,0.1734
C001929,2024-03-10,Store,Store,Central Anatolia,18-24,Silver,1,Growth,,1.4256,0.5827,0.3154,0.151
C001930,2024-07-26,Web,Web,Marmara,18-24,Gold,1,Growth,,0.8891,0.6702,0.3303,0.1526
C001931,2023-01-18,Marketplace,Marketplace,Marmara,25-34,Bronze,1,One-time,2023-02-17,0.8201,0.0953,0.7786,0.2882
C001932,2023-04-04,Mobile App,Mobile App,Black Sea,45-54,Bronze,0,Deal Seeker,2024-01-29,0.9884,0.722,0.8519,0.172
C001933,2025-08-05,Web,Web,Marmara,25-34,Silver,1,Routine,,0.9629,0.3844,0.3358,0.1318
C001934,2025-01-12,Web,Web,Southeastern Anatolia,25-34,Bronze,1,One-time,2025-02-11,0.7342,0.2059,0.5215,0.3764
C001935,2023-03-25,Mobile App,Mobile App,Aegean,35-44,Bronze,1,Routine,,0.6899,0.4242,0.4995,0.1986
C001936,2024-12-06,Mobile App,Mobile App,Marmara,35-44,Gold,1,High Value Loyal,,1.3546,0.9664,0.0872,0.0942
C001937,2025-10-12,Marketplace,Marketplace,Marmara,18-24,Bronze,1,Deal Seeker,,0.8128,0.59,0.8399,0.2516
C001938,2025-10-19,Web,Web,Marmara,25-34,Silver,1,Deal Seeker,,0.9535,0.7498,0.7701,0.2557
C001939,2023-07-15,Web,Web,Aegean,25-34,Silver,1,Growth,2025-11-01,1.1747,0.7271,0.3001,0.2187
C001940,2023-12-19,Web,Web,Marmara,55+,Bronze,1,Deal Seeker,2025-12-08,1.0828,0.501,0.8009,0.2653
C001941,2025-04-01,Store,Store,Eastern Anatolia,35-44,Bronze,1,One-time,2025-08-29,0.5571,0.3419,0.6441,0.4372
C001942,2025-06-03,Mobile App,Mobile App,Central Anatolia,18-24,Silver,1,Deal Seeker,,0.6529,0.6663,0.6388,0.2463
C001943,2022-02-26,Web,Web,Marmara,45-54,Silver,1,At Risk,2024-05-16,1.0836,0.4809,0.3852,0.6097
C001944,2024-09-26,Web,Web,Southeastern Anatolia,35-44,Bronze,1,One-time,2025-04-24,0.6331,0.1491,0.6238,0.4644
C001945,2023-06-02,Web,Web,Mediterranean,35-44,Silver,1,At Risk,2023-08-31,1.0097,0.3437,0.4976,0.3853
C001946,2025-01-15,Web,Web,Eastern Anatolia,35-44,Bronze,1,Routine,,0.9225,0.473,0.2609,0.1417
C001947,2023-10-15,Marketplace,Marketplace,Mediterranean,35-44,Silver,0,Deal Seeker,,0.8351,0.5705,0.8056,0.2979
C001948,2024-01-19,Mobile App,Mobile App,Marmara,35-44,Silver,1,Deal Seeker,2024-02-18,0.7051,0.7252,0.6567,0.2363
C001949,2022-10-22,Mobile App,Mobile App,Mediterranean,45-54,Silver,0,Deal Seeker,,1.3937,0.7003,0.6265,0.1849
C001950,2022-12-20,Mobile App,Mobile App,Marmara,25-34,Silver,1,Growth,2024-09-10,1.197,0.7817,0.4482,0.3117
C001951,2023-01-21,Web,Web,Central Anatolia,25-34,Bronze,1,Deal Seeker,2024-03-16,0.7848,0.5634,0.8147,0.321
C001952,2025-08-09,Marketplace,Marketplace,Mediterranean,45-54,Bronze,1,Routine,,0.8473,0.4646,0.2154,0.2362
C001953,2025-05-06,Web,Web,Marmara,18-24,Platinum,1,High Value Loyal,,2.0031,0.9334,0.1386,0.1496
C001954,2025-10-26,Web,Web,Mediterranean,35-44,Gold,1,High Value Loyal,,1.6238,0.8453,0.05,0.02
C001955,2024-11-10,Marketplace,Marketplace,Black Sea,35-44,Platinum,1,High Value Loyal,,2.4779,0.7999,0.1796,0.0639
C001956,2025-03-17,Web,Web,Marmara,55+,Silver,0,Growth,,1.0578,0.656,0.3654,0.1895
C001957,2023-04-26,Mobile App,Mobile App,Marmara,25-34,Gold,1,Growth,2023-10-23,1.1347,0.6245,0.3196,0.1125
C001958,2023-07-14,Mobile App,Mobile App,Marmara,45-54,Gold,1,High Value Loyal,,1.9692,0.8608,0.2329,0.1269
C001959,2023-10-20,Store,Store,Marmara,55+,Bronze,1,Deal Seeker,,1.0982,0.4871,0.7842,0.2006
C001960,2022-12-06,Web,Web,Marmara,55+,Silver,0,At Risk,2023-07-04,1.0472,0.2996,0.4492,0.4711
C001961,2022-02-07,Marketplace,Marketplace,Marmara,25-34,Gold,1,Growth,,1.4439,0.6683,0.3746,0.2358
C001962,2023-09-07,Web,Web,Aegean,35-44,Silver,1,Growth,,1.8452,0.5646,0.3304,0.0982
C001963,2025-12-16,Mobile App,Mobile App,Black Sea,45-54,Bronze,0,One-time,,0.561,0.2361,0.6493,0.2514
C001964,2023-12-17,Mobile App,Mobile App,Central Anatolia,18-24,Bronze,1,One-time,2024-04-15,0.7813,0.2426,0.7489,0.2907
C001965,2025-06-14,Mobile App,Mobile App,Marmara,35-44,Bronze,1,Deal Seeker,,1.1358,0.5851,0.7242,0.2651
C001966,2025-05-26,Web,Web,Marmara,18-24,Bronze,1,Routine,,0.8511,0.4869,0.2213,0.215
C001967,2023-05-05,Mobile App,Mobile App,Black Sea,25-34,Silver,1,At Risk,2024-12-25,0.9363,0.3813,0.4111,0.3235
C001968,2024-03-01,Mobile App,Mobile App,Central Anatolia,35-44,Bronze,1,Routine,,0.8961,0.3614,0.2903,0.2304
C001969,2024-10-02,Store,Store,Eastern Anatolia,25-34,Silver,0,Routine,2025-11-26,0.8441,0.5767,0.1508,0.2719
C001970,2025-12-15,Web,Web,Black Sea,35-44,Gold,1,Growth,,1.2535,0.7417,0.1703,0.1791
C001971,2025-02-02,Web,Web,Central Anatolia,35-44,Silver,1,Routine,2025-06-02,1.0307,0.5449,0.4264,0.1743
C001972,2023-06-26,Mobile App,Mobile App,Aegean,25-34,Gold,1,High Value Loyal,2023-07-26,1.7724,0.8179,0.1822,0.1245
C001973,2022-12-03,Mobile App,Mobile App,Black Sea,25-34,Bronze,1,Deal Seeker,2023-01-02,0.9234,0.5529,0.98,0.2652
C001974,2024-03-20,Marketplace,Marketplace,Marmara,25-34,Silver,1,At Risk,2024-05-19,1.3327,0.3919,0.5429,0.4846
C001975,2023-04-16,Marketplace,Marketplace,Black Sea,45-54,Platinum,1,High Value Loyal,,1.8635,0.7396,0.05,0.1251
C001976,2024-09-25,Mobile App,Mobile App,Aegean,25-34,Silver,1,Deal Seeker,2025-06-22,1.1245,0.6036,0.9492,0.1378
C001977,2024-07-03,Web,Web,Mediterranean,25-34,Silver,0,Deal Seeker,2025-05-29,0.967,0.6048,0.7642,0.179
C001978,2024-06-10,Marketplace,Marketplace,Marmara,25-34,Bronze,1,Routine,,0.7937,0.5678,0.3898,0.1704
C001979,2022-11-24,Mobile App,Mobile App,Central Anatolia,18-24,Silver,0,Deal Seeker,2024-11-13,0.8983,0.5896,0.6472,0.2178
C001980,2023-03-11,Web,Web,Marmara,35-44,Silver,1,Growth,,1.6091,0.5248,0.424,0.0234
C001981,2024-05-19,Web,Web,Mediterranean,45-54,Bronze,1,Routine,2024-07-18,0.8744,0.4529,0.2784,0.0688
C001982,2023-03-05,Web,Web,Marmara,35-44,Silver,1,Routine,,0.8998,0.4218,0.4267,0.2919
C001983,2024-11-10,Store,Store,Black Sea,25-34,Bronze,1,Routine,2025-04-09,0.6803,0.4342,0.4658,0.1223
C001984,2023-08-14,Mobile App,Mobile App,Marmara,18-24,Bronze,1,Routine,,0.4779,0.5312,0.3829,0.2626
C001985,2024-07-23,Web,Web,Central Anatolia,35-44,Gold,1,High Value Loyal,,1.8254,0.8975,0.2492,0.1531
C001986,2023-07-03,Store,Store,Aegean,55+,Silver,0,Growth,2023-11-30,1.1106,0.6319,0.3181,0.299
C001987,2025-11-13,Marketplace,Marketplace,Marmara,45-54,Bronze,1,Deal Seeker,,0.9214,0.4958,0.882,0.1104
C001988,2022-05-19,Mobile App,Mobile App,Mediterranean,35-44,Platinum,1,High Value Loyal,,1.3324,0.9312,0.3586,0.1542
C001989,2023-12-26,Store,Store,Mediterranean,45-54,Silver,1,At Risk,2024-08-22,1.249,0.2692,0.485,0.3705
C001990,2022-01-06,Store,Store,Central Anatolia,35-44,Bronze,1,Deal Seeker,2022-08-04,0.9313,0.7022,0.8352,0.2587
C001991,2024-02-05,Store,Store,Marmara,35-44,Bronze,1,Deal Seeker,2024-07-04,1.1779,0.6364,0.7374,0.2189
C001992,2022-09-06,Web,Web,Black Sea,55+,Bronze,1,Deal Seeker,,0.5705,0.6756,0.7646,0.2973
C001993,2023-06-15,Mobile App,Mobile App,Marmara,45-54,Silver,1,Routine,2025-11-01,0.9055,0.5351,0.3012,0.0956
C001994,2025-11-16,Store,Store,Mediterranean,25-34,Silver,1,Routine,,0.6137,0.4245,0.4532,0.1483
C001995,2025-10-13,Store,Store,Southeastern Anatolia,35-44,Silver,1,Growth,,0.8388,0.6761,0.446,0.2311
C001996,2024-07-24,Store,Store,Central Anatolia,55+,Silver,0,Growth,,0.8507,0.6036,0.418,0.1298
C001997,2024-09-14,Marketplace,Marketplace,Marmara,25-34,Bronze,0,Routine,,1.0552,0.6449,0.3963,0.1458
C001998,2025-08-05,Store,Store,Central Anatolia,35-44,Gold,1,High Value Loyal,,1.8176,0.9014,0.0602,0.1328
C001999,2025-05-11,Store,Store,Marmara,25-34,Gold,1,High Value Loyal,,1.8989,0.6714,0.274,0.1326
C002000,2022-08-16,Store,Store,Central Anatolia,25-34,Gold,1,At Risk,2022-10-15,0.8445,0.4514,0.3944,0.4092
C002001,2022-04-22,Marketplace,Marketplace,Black Sea,45-54,Silver,0,Deal Seeker,2023-01-17,0.8031,0.6239,0.8322,0.2711
C002002,2025-11-14,Marketplace,Marketplace,Marmara,25-34,Silver,1,At Risk,,1.1985,0.5246,0.442,0.4945
C002003,2025-11-24,Store,Store,Central Anatolia,45-54,Silver,1,Deal Seeker,,1.1257,0.5547,0.8118,0.2121
C002004,2024-12-11,Web,Web,Marmara,35-44,Silver,1,Growth,,1.1374,0.7287,0.507,0.1239
C002005,2024-10-04,Marketplace,Marketplace,Mediterranean,25-34,Silver,1,Deal Seeker,,0.8296,0.5369,0.858,0.167
C002006,2025-12-04,Web,Web,Mediterranean,35-44,Silver,1,Routine,,0.8656,0.489,0.2963,0.0862
C002007,2025-01-01,Web,Web,Central Anatolia,35-44,Gold,1,At Risk,2025-09-28,0.9906,0.3319,0.4376,0.4802
C002008,2023-12-11,Web,Web,Black Sea,25-34,Silver,1,Deal Seeker,2025-10-31,1.341,0.5863,0.6765,0.2386
C002009,2023-08-26,Store,Store,Marmara,55+,Gold,1,High Value Loyal,2025-08-15,2.3485,0.967,0.1001,0.1287
C002010,2024-09-12,Mobile App,Mobile App,Black Sea,35-44,Gold,1,Growth,2024-10-12,1.1669,0.7153,0.6362,0.1389
C002011,2023-03-23,Mobile App,Mobile App,Eastern Anatolia,35-44,Gold,1,Growth,,1.0348,0.7543,0.3706,0.1437
C002012,2024-12-25,Web,Web,Marmara,18-24,Silver,0,Deal Seeker,,0.8326,0.6053,0.8902,0.1401
C002013,2023-08-11,Mobile App,Mobile App,Southeastern Anatolia,25-34,Platinum,1,High Value Loyal,,1.6707,0.8185,0.1629,0.0417
C002014,2025-03-15,Store,Store,Marmara,35-44,Silver,0,Routine,,0.9159,0.5232,0.4027,0.362
C002015,2022-03-22,Store,Store,Marmara,45-54,Bronze,1,One-time,2022-08-19,0.9231,0.1013,0.7017,0.5672
C002016,2024-12-05,Web,Web,Mediterranean,45-54,Silver,1,At Risk,,1.1537,0.3562,0.5895,0.471
C002017,2025-11-19,Store,Store,Marmara,25-34,Silver,1,At Risk,,1.4768,0.3257,0.7101,0.4395
C002018,2024-10-15,Mobile App,Mobile App,Southeastern Anatolia,45-54,Silver,1,Deal Seeker,,1.0883,0.6091,0.6879,0.181
C002019,2022-01-02,Mobile App,Mobile App,Southeastern Anatolia,45-54,Silver,1,Deal Seeker,2024-06-20,0.8403,0.5089,0.8378,0.343
C002020,2023-10-06,Mobile App,Mobile App,Marmara,45-54,Platinum,1,High Value Loyal,2025-08-26,2.2344,0.915,0.05,0.174
C002021,2025-12-26,Marketplace,Marketplace,Marmara,25-34,Bronze,0,Routine,,1.0292,0.5479,0.3418,0.2307
C002022,2022-03-12,Mobile App,Mobile App,Southeastern Anatolia,35-44,Bronze,1,One-time,2022-09-08,0.8671,0.3901,0.6483,0.2261
C002023,2023-08-02,Mobile App,Mobile App,Central Anatolia,25-34,Bronze,1,Deal Seeker,2023-10-01,0.837,0.6063,0.7065,0.2631
C002024,2024-04-22,Mobile App,Mobile App,Mediterranean,18-24,Bronze,1,Deal Seeker,2025-03-18,0.6948,0.6952,0.7466,0.2233
C002025,2024-12-15,Web,Web,Marmara,18-24,Silver,1,Deal Seeker,2025-01-14,0.8346,0.4359,0.8495,0.3326
C002026,2024-05-08,Marketplace,Marketplace,Central Anatolia,35-44,Bronze,1,Deal Seeker,,0.8207,0.5209,0.8941,0.3153
C002027,2024-06-02,Mobile App,Mobile App,Mediterranean,45-54,Silver,1,Deal Seeker,,0.7971,0.5981,0.6634,0.3093
C002028,2022-05-26,Store,Store,Marmara,25-34,Gold,1,High Value Loyal,,1.4248,0.8134,0.3197,0.1273
C002029,2022-12-10,Mobile App,Mobile App,Central Anatolia,35-44,Silver,1,Deal Seeker,,0.8013,0.6527,0.6684,0.3076
C002030,2024-10-14,Store,Store,Marmara,25-34,Bronze,1,Deal Seeker,,0.9428,0.6519,0.7616,0.2489
C002031,2024-05-25,Mobile App,Mobile App,Black Sea,35-44,Bronze,1,Deal Seeker,,1.2995,0.5909,0.9349,0.1892
C002032,2025-12-18,Mobile App,Mobile App,Marmara,35-44,Silver,1,Growth,,1.6455,0.5781,0.6677,0.2041
C002033,2025-05-13,Marketplace,Marketplace,Mediterranean,35-44,Gold,1,Growth,,1.1099,0.5664,0.4054,0.2368
C002034,2024-10-22,Web,Web,Aegean,35-44,Silver,1,Growth,,1.0002,0.6837,0.2582,0.3324
C002035,2024-07-03,Mobile App,Mobile App,Mediterranean,55+,Bronze,1,One-time,2024-12-30,0.9883,0.2127,0.6881,0.2082
C002036,2023-01-11,Mobile App,Mobile App,Marmara,25-34,Gold,1,High Value Loyal,,1.1394,0.7695,0.1935,0.07
C002037,2024-09-16,Marketplace,Marketplace,Aegean,35-44,Silver,1,Deal Seeker,,0.9221,0.6026,0.8112,0.2676
C002038,2025-11-01,Marketplace,Marketplace,Mediterranean,35-44,Gold,0,At Risk,,1.1081,0.2846,0.5573,0.5899
C002039,2022-02-16,Web,Web,Mediterranean,25-34,Silver,1,Routine,2025-03-02,0.6981,0.6595,0.341,0.0764
C002040,2022-08-15,Marketplace,Marketplace,Central Anatolia,35-44,Silver,1,Deal Seeker,,0.9546,0.5456,0.9697,0.1202
C002041,2025-05-22,Web,Web,Southeastern Anatolia,25-34,Bronze,1,Routine,,0.7413,0.6961,0.2347,0.2767
C002042,2025-12-04,Mobile App,Mobile App,Marmara,35-44,Silver,1,Deal Seeker,,1.1918,0.508,0.7222,0.3865
C002043,2025-10-10,Mobile App,Mobile App,Marmara,35-44,Silver,1,At Risk,,0.9515,0.372,0.3704,0.5543
C002044,2025-10-05,Web,Web,Mediterranean,25-34,Gold,1,High Value Loyal,,1.5221,0.98,0.2793,0.1356
C002045,2024-09-13,Web,Web,Marmara,25-34,Platinum,1,High Value Loyal,,1.767,0.7169,0.3458,0.0983
C002046,2024-11-16,Web,Web,Aegean,25-34,Bronze,1,One-time,2025-02-14,0.6864,0.219,0.7114,0.4194
C002047,2025-02-21,Marketplace,Marketplace,Aegean,25-34,Silver,0,Routine,,0.727,0.4921,0.2628,0.1816
C002048,2024-07-21,Mobile App,Mobile App,Aegean,25-34,Bronze,1,One-time,2024-08-20,1.0463,0.2927,0.7067,0.224
C002049,2022-04-10,Web,Web,Marmara,55+,Silver,1,Growth,2024-08-27,1.182,0.7852,0.3549,0.0782
C002050,2025-02-23,Mobile App,Mobile App,Central Anatolia,35-44,Silver,1,Routine,,0.6795,0.5535,0.3504,0.2798
C002051,2022-08-01,Mobile App,Mobile App,Marmara,35-44,Gold,1,Growth,2024-08-20,0.956,0.7884,0.4018,0.062
C002052,2022-03-26,Web,Web,Central Anatolia,25-34,Silver,1,At Risk,2022-05-25,0.8007,0.2509,0.3986,0.5555
C002053,2022-11-23,Web,Web,Mediterranean,35-44,Bronze,1,Deal Seeker,2025-01-11,1.0399,0.6085,0.861,0.1264
C002054,2023-07-04,Store,Store,Marmara,25-34,Silver,1,At Risk,,1.029,0.2563,0.2925,0.4826
C002055,2023-08-06,Web,Web,Marmara,25-34,Silver,0,Routine,,0.8405,0.4648,0.0654,0.1654
C002056,2024-12-25,Mobile App,Mobile App,Black Sea,25-34,Silver,1,Routine,,0.8736,0.4797,0.4481,0.0832
C002057,2023-04-17,Web,Web,Mediterranean,25-34,Bronze,1,Routine,2023-05-17,0.9492,0.445,0.2738,0.2372
C002058,2023-04-18,Store,Store,Southeastern Anatolia,18-24,Gold,1,High Value Loyal,,2.2302,0.7562,0.2336,0.1594
C002059,2022-04-26,Web,Web,Black Sea,25-34,Silver,1,Growth,2025-02-09,1.7287,0.5984,0.3228,0.1169
C002060,2024-06-13,Web,Web,Marmara,35-44,Silver,1,Growth,,1.2876,0.6621,0.4581,0.0817
C002061,2024-03-14,Store,Store,Central Anatolia,25-34,Silver,1,At Risk,,1.392,0.4548,0.4847,0.5451
C002062,2025-03-19,Web,Web,Black Sea,18-24,Bronze,0,One-time,2025-10-15,0.6168,0.2697,0.6135,0.4317
C002063,2025-07-21,Mobile App,Mobile App,Aegean,55+,Bronze,1,Routine,2025-09-19,1.0393,0.4617,0.3934,0.2429
C002064,2024-02-14,Web,Web,Marmara,35-44,Silver,1,Growth,,1.0021,0.498,0.1783,0.1887
C002065,2025-05-24,Web,Web,Black Sea,25-34,Gold,1,Growth,,1.4711,0.5727,0.4333,0.1314
C002066,2025-03-01,Mobile App,Mobile App,Marmara,35-44,Bronze,1,Routine,,0.8772,0.3414,0.2363,0.1945
C002067,2022-12-10,Web,Web,Aegean,18-24,Gold,1,Growth,2024-09-30,1.0984,0.7561,0.4945,0.1863
C002068,2022-09-08,Store,Store,Central Anatolia,45-54,Gold,1,At Risk,2023-11-02,0.7923,0.4477,0.541,0.4267
C002069,2025-04-02,Mobile App,Mobile App,Marmara,18-24,Silver,1,Deal Seeker,,1.2115,0.4761,0.7002,0.2663
C002070,2023-04-25,Web,Web,Eastern Anatolia,25-34,Bronze,1,Deal Seeker,2024-04-19,0.7977,0.6504,0.9086,0.3342
C002071,2023-05-07,Web,Web,Aegean,55+,Silver,1,Growth,,0.9879,0.6796,0.2125,0.0581
C002072,2023-04-26,Mobile App,Mobile App,Marmara,35-44,Bronze,1,Deal Seeker,2024-04-20,0.7879,0.5615,0.878,0.2766
C002073,2025-01-21,Web,Web,Marmara,55+,Bronze,1,Routine,,0.6709,0.6293,0.1923,0.1319
C002074,2025-11-19,Marketplace,Marketplace,Marmara,35-44,Gold,0,At Risk,,1.2871,0.304,0.4999,0.5725
C002075,2025-01-24,Web,Web,Central Anatolia,55+,Platinum,1,High Value Loyal,,1.203,0.7888,0.2307,0.1279
C002076,2025-11-04,Web,Web,Marmara,25-34,Gold,1,Growth,,1.1444,0.6957,0.398,0.1282
C002077,2023-11-12,Mobile App,Mobile App,Mediterranean,45-54,Bronze,1,Routine,2025-07-04,0.8498,0.4607,0.2445,0.1901
C002078,2022-12-03,Mobile App,Mobile App,Mediterranean,35-44,Silver,1,At Risk,2023-02-01,1.1486,0.1819,0.4377,0.5517
C002079,2023-10-18,Web,Web,Marmara,55+,Silver,1,Growth,2024-06-14,1.2131,0.6559,0.3609,0.1438
C002080,2025-12-14,Web,Web,Mediterranean,25-34,Silver,1,Growth,,1.1556,0.7701,0.413,0.1923
C002081,2023-09-07,Marketplace,Marketplace,Southeastern Anatolia,55+,Bronze,1,Routine,,0.6718,0.5586,0.341,0.1419
C002082,2022-03-05,Marketplace,Marketplace,Aegean,35-44,Bronze,1,One-time,2022-06-03,0.683,0.18,0.7008,0.383
C002083,2022-07-23,Mobile App,Mobile App,Marmara,35-44,Silver,1,Deal Seeker,,0.8235,0.5971,0.6697,0.2145
C002084,2025-11-02,Web,Web,Central Anatolia,35-44,Platinum,1,High Value Loyal,,1.621,0.7566,0.05,0.0545
C002085,2022-09-20,Store,Store,Central Anatolia,25-34,Bronze,1,Routine,2024-11-08,0.789,0.38,0.25,0.1455
C002086,2025-03-10,Web,Web,Aegean,35-44,Gold,1,Growth,,1.0708,0.7386,0.2532,0.2599
C002087,2022-05-06,Web,Web,Marmara,35-44,Silver,1,Deal Seeker,2022-07-05,0.5649,0.5595,0.8952,0.2086
C002088,2025-02-06,Mobile App,Mobile App,Mediterranean,35-44,Bronze,1,Deal Seeker,,1.1738,0.6204,0.6877,0.2396
C002089,2023-07-14,Store,Store,Aegean,35-44,Silver,1,Deal Seeker,2024-02-09,0.9369,0.5792,0.7492,0.1931
C002090,2023-12-05,Web,Web,Southeastern Anatolia,45-54,Bronze,1,One-time,2025-02-27,0.9613,0.2679,0.6549,0.5777
C002091,2023-11-09,Web,Web,Central Anatolia,35-44,Gold,1,At Risk,2024-04-07,1.1105,0.3717,0.4352,0.4657
C002092,2024-10-09,Web,Web,Central Anatolia,25-34,Silver,1,Routine,,0.8557,0.5855,0.425,0.2356
C002093,2024-10-24,Mobile App,Mobile App,Central Anatolia,18-24,Silver,1,Deal Seeker,2024-11-23,1.2918,0.6052,0.8446,0.3117
C002094,2025-06-17,Store,Store,Marmara,25-34,Gold,0,High Value Loyal,,1.2896,0.8451,0.2258,0.0579
C002095,2023-01-17,Mobile App,Mobile App,Aegean,25-34,Silver,1,Deal Seeker,2024-06-10,0.7603,0.6458,0.7653,0.2043
C002096,2023-11-03,Marketplace,Marketplace,Southeastern Anatolia,25-34,Silver,1,Growth,,1.1192,0.6161,0.2861,0.1611
C002097,2024-03-15,Web,Web,Marmara,25-34,Silver,1,Growth,2025-10-06,1.4501,0.7806,0.4541,0.1528
C002098,2022-11-17,Mobile App,Mobile App,Black Sea,55+,Silver,1,Routine,,0.6019,0.4934,0.342,0.1072
C002099,2023-09-10,Mobile App,Mobile App,Mediterranean,45-54,Bronze,1,Routine,,0.937,0.4312,0.4408,0.1746
C002100,2022-06-06,Mobile App,Mobile App,Aegean,55+,Bronze,1,Routine,2023-09-29,0.8971,0.4993,0.4695,0.2165
C002101,2023-11-22,Mobile App,Mobile App,Aegean,18-24,Bronze,1,Deal Seeker,,0.8248,0.6921,0.725,0.2123
C002102,2023-04-24,Marketplace,Marketplace,Aegean,35-44,Silver,1,Routine,,0.6023,0.34,0.3835,0.1487
C002103,2023-03-09,Marketplace,Marketplace,Marmara,18-24,Bronze,1,One-time,2023-08-06,0.7094,0.2393,0.5696,0.4086
C002104,2025-11-24,Web,Web,Southeastern Anatolia,25-34,Silver,1,Growth,,1.297,0.7344,0.2123,0.1272
C002105,2025-12-20,Store,Store,Marmara,25-34,Gold,1,High Value Loyal,,1.9137,0.8185,0.2407,0.0572
C002106,2022-04-02,Web,Web,Mediterranean,45-54,Platinum,1,High Value Loyal,2025-12-12,1.6169,0.7784,0.3725,0.1653
C002107,2024-06-09,Marketplace,Marketplace,Marmara,45-54,Bronze,1,One-time,2024-10-07,0.7325,0.1494,0.5481,0.462
C002108,2022-06-06,Mobile App,Mobile App,Black Sea,35-44,Gold,1,Growth,,1.4212,0.7379,0.3427,0.2384
C002109,2025-02-15,Marketplace,Marketplace,Mediterranean,35-44,Bronze,1,One-time,2025-07-15,0.9112,0.3071,0.6699,0.3096
C002110,2025-07-09,Store,Store,Marmara,25-34,Bronze,0,Routine,2025-10-07,0.751,0.5336,0.4031,0.0896
C002111,2025-09-20,Mobile App,Mobile App,Marmara,35-44,Bronze,1,Deal Seeker,,0.8848,0.6958,0.786,0.2608
C002112,2023-11-06,Mobile App,Mobile App,Black Sea,25-34,Bronze,1,Routine,,1.0137,0.5222,0.3924,0.2033
C002113,2022-11-17,Mobile App,Mobile App,Southeastern Anatolia,25-34,Gold,1,At Risk,2023-08-14,1.2689,0.3707,0.4241,0.6128
C002114,2024-03-12,Mobile App,Mobile App,Marmara,55+,Silver,1,Growth,,1.1482,0.6952,0.3662,0.2074
C002115,2023-07-15,Store,Store,Aegean,35-44,Bronze,0,One-time,2023-08-14,0.8639,0.1,0.8195,0.3306
C002116,2022-12-25,Mobile App,Mobile App,Mediterranean,35-44,Bronze,0,Routine,2024-12-14,0.7748,0.5432,0.2818,0.2768
C002117,2024-01-25,Marketplace,Marketplace,Eastern Anatolia,35-44,Bronze,1,Routine,2025-12-15,0.7149,0.5441,0.4002,0.2339
C002118,2022-09-19,Web,Web,Marmara,18-24,Silver,1,Growth,,1.0383,0.7412,0.3832,0.132
C002119,2022-10-21,Mobile App,Mobile App,Central Anatolia,25-34,Gold,0,High Value Loyal,,1.8793,0.7565,0.3167,0.2029
C002120,2024-09-12,Mobile App,Mobile App,Marmara,45-54,Silver,1,Growth,,1.9857,0.7181,0.4769,0.194
C002121,2023-05-06,Store,Store,Southeastern Anatolia,25-34,Gold,0,High Value Loyal,,1.7727,0.76,0.2474,0.1345
C002122,2025-02-26,Web,Web,Central Anatolia,25-34,Silver,1,At Risk,2025-04-27,0.9286,0.3986,0.4661,0.4723
C002123,2022-03-15,Web,Web,Eastern Anatolia,45-54,Bronze,1,Routine,,0.6455,0.5337,0.3098,0.1475
C002124,2024-11-24,Mobile App,Mobile App,Marmara,45-54,Silver,1,Routine,,0.4995,0.427,0.2559,0.2036
C002125,2024-12-11,Web,Web,Southeastern Anatolia,25-34,Bronze,1,Routine,,1.3291,0.5956,0.4585,0.1408
C002126,2023-08-17,Mobile App,Mobile App,Marmara,18-24,Silver,1,Growth,,1.0473,0.7169,0.4484,0.1405
C002127,2024-07-12,Mobile App,Mobile App,Marmara,35-44,Silver,1,Growth,,1.8658,0.6853,0.3354,0.1881
C002128,2024-06-04,Mobile App,Mobile App,Marmara,25-34,Silver,1,Deal Seeker,,1.0105,0.6381,0.6598,0.2191
C002129,2025-10-08,Web,Web,Aegean,35-44,Bronze,1,One-time,,0.7522,0.1553,0.5267,0.2921
C002130,2025-02-14,Mobile App,Mobile App,Marmara,18-24,Bronze,1,Routine,2025-11-11,0.597,0.6111,0.3025,0.2141
C002131,2024-08-10,Web,Web,Marmara,45-54,Silver,1,Deal Seeker,,0.9503,0.6443,0.7683,0.2595
C002132,2023-05-11,Mobile App,Mobile App,Aegean,25-34,Gold,1,Growth,2024-04-05,1.2391,0.7945,0.3595,0.07
C002133,2025-04-21,Web,Web,Aegean,25-34,Silver,1,At Risk,2025-05-21,1.0689,0.2836,0.4907,0.3682
C002134,2022-07-16,Mobile App,Mobile App,Marmara,25-34,Bronze,1,Routine,2025-01-31,0.9904,0.5676,0.3433,0.2895
C002135,2024-06-15,Store,Store,Aegean,35-44,Bronze,1,Routine,,1.0951,0.4548,0.4073,0.098
C002136,2025-09-12,Mobile App,Mobile App,Black Sea,35-44,Silver,1,Routine,,1.0573,0.3949,0.4943,0.1496
C002137,2024-10-06,Marketplace,Marketplace,Mediterranean,45-54,Silver,0,Routine,2025-08-02,0.7833,0.5056,0.4609,0.1242
C002138,2024-03-20,Marketplace,Marketplace,Southeastern Anatolia,25-34,Bronze,1,Deal Seeker,2024-10-16,0.9738,0.555,0.7778,0.2517
C002139,2023-03-20,Marketplace,Marketplace,Marmara,45-54,Bronze,1,One-time,2024-08-11,0.757,0.2102,0.4882,0.2345
C002140,2024-06-12,Web,Web,Southeastern Anatolia,18-24,Bronze,1,One-time,2024-10-10,0.7975,0.45,0.6565,0.2567
C002141,2025-10-13,Mobile App,Mobile App,Mediterranean,25-34,Bronze,1,Routine,,1.033,0.4316,0.3932,0.2136
C002142,2025-02-16,Marketplace,Marketplace,Aegean,35-44,Silver,0,Growth,,1.3291,0.8985,0.4618,0.1749
C002143,2023-12-16,Store,Store,Mediterranean,45-54,Silver,0,Growth,2024-12-10,1.1541,0.7328,0.4339,0.2029
C002144,2024-08-05,Mobile App,Mobile App,Central Anatolia,25-34,Silver,1,Growth,,0.9228,0.7699,0.324,0.305
C002145,2024-07-05,Web,Web,Black Sea,25-34,Silver,1,Routine,,0.7695,0.5074,0.3743,0.1421
C002146,2025-11-26,Mobile App,Mobile App,Marmara,25-34,Bronze,1,One-time,,0.6286,0.1691,0.615,0.3135
C002147,2025-09-19,Mobile App,Mobile App,Central Anatolia,25-34,Bronze,1,Routine,,0.7767,0.553,0.3142,0.1768
C002148,2024-06-01,Web,Web,Marmara,35-44,Platinum,1,High Value Loyal,,1.5873,0.8263,0.1952,0.02
C002149,2025-07-22,Marketplace,Marketplace,Marmara,55+,Bronze,1,Deal Seeker,2025-08-21,0.8826,0.452,0.7609,0.2788
C002150,2024-08-20,Mobile App,Mobile App,Black Sea,35-44,Silver,1,Growth,,1.1413,0.7785,0.3294,0.1222
C002151,2022-07-16,Mobile App,Mobile App,Central Anatolia,25-34,Silver,1,Growth,2023-01-12,1.563,0.8018,0.3334,0.179
C002152,2024-06-13,Mobile App,Mobile App,Marmara,55+,Bronze,1,Deal Seeker,2025-11-05,1.2678,0.6345,0.6914,0.3109
C002153,2025-11-26,Mobile App,Mobile App,Aegean,25-34,Gold,1,High Value Loyal,,1.1831,0.8993,0.2413,0.0608
C002154,2025-07-09,Store,Store,Aegean,35-44,Silver,1,Deal Seeker,,0.8361,0.39,0.8677,0.2109
C002155,2022-09-16,Mobile App,Mobile App,Aegean,25-34,Silver,1,Routine,2024-06-07,0.9116,0.4999,0.3658,0.1998
C002156,2024-06-07,Marketplace,Marketplace,Marmara,25-34,Bronze,1,Routine,,0.9346,0.4876,0.3684,0.131
C002157,2023-11-05,Marketplace,Marketplace,Aegean,25-34,Silver,1,At Risk,2024-10-30,1.2092,0.2992,0.4002,0.548
C002158,2022-01-05,Marketplace,Marketplace,Central Anatolia,45-54,Silver,1,Growth,,0.866,0.6054,0.3637,0.1613
C002159,2024-02-04,Web,Web,Marmara,25-34,Platinum,1,High Value Loyal,,1.5733,0.7413,0.2685,0.1167
C002160,2024-04-15,Web,Web,Central Anatolia,35-44,Silver,1,Routine,2025-04-10,0.7946,0.4772,0.3712,0.2813
C002161,2024-10-04,Store,Store,Eastern Anatolia,35-44,Gold,1,Growth,,1.4771,0.7497,0.4221,0.0287
C002162,2025-12-06,Web,Web,Marmara,25-34,Gold,1,Growth,,1.097,0.7132,0.3169,0.0568
C002163,2024-11-16,Mobile App,Mobile App,Central Anatolia,45-54,Silver,1,Deal Seeker,,1.1505,0.7453,0.8817,0.2597
C002164,2023-12-10,Store,Store,Aegean,25-34,Gold,0,High Value Loyal,2024-11-04,1.7135,0.7488,0.2789,0.0709
C002165,2024-11-06,Mobile App,Mobile App,Aegean,55+,Silver,1,Routine,2025-12-01,0.6051,0.5225,0.3399,0.1687
C002166,2023-03-26,Mobile App,Mobile App,Black Sea,35-44,Bronze,1,One-time,2024-02-19,0.625,0.2969,0.6554,0.4862
C002167,2024-08-24,Mobile App,Mobile App,Marmara,45-54,Gold,1,High Value Loyal,,1.9085,0.7613,0.3754,0.2222
C002168,2022-12-10,Mobile App,Mobile App,Marmara,25-34,Silver,1,Deal Seeker,2023-03-10,1.0047,0.5433,0.7365,0.2439
C002169,2024-06-24,Mobile App,Mobile App,Central Anatolia,35-44,Bronze,1,Deal Seeker,,0.7521,0.5782,0.8904,0.2237
C002170,2023-01-13,Marketplace,Marketplace,Marmara,18-24,Bronze,1,Deal Seeker,2023-06-12,0.8552,0.53,0.8347,0.1665
C002171,2025-10-17,Web,Web,Aegean,35-44,Bronze,1,Deal Seeker,,1.1519,0.6526,0.8033,0.3282
C002172,2024-09-13,Mobile App,Mobile App,Mediterranean,35-44,Silver,1,Routine,,0.9006,0.4814,0.3537,0.166
C002173,2023-08-06,Web,Web,Marmara,25-34,Bronze,0,Deal Seeker,,0.6637,0.7682,0.817,0.1107
C002174,2024-12-06,Store,Store,Marmara,55+,Bronze,0,One-time,2025-01-05,0.9093,0.2822,0.7634,0.3856
C002175,2025-01-15,Store,Store,Southeastern Anatolia,35-44,Gold,0,High Value Loyal,,1.7607,0.8707,0.1039,0.1273
C002176,2025-09-06,Mobile App,Mobile App,Marmara,18-24,Gold,1,Growth,,1.5935,0.7499,0.3693,0.307
C002177,2022-11-15,Marketplace,Marketplace,Mediterranean,35-44,Bronze,1,Routine,2023-09-11,1.0573,0.4578,0.45,0.1651
C002178,2022-10-20,Marketplace,Marketplace,Marmara,35-44,Silver,1,Deal Seeker,2025-07-06,0.6986,0.6529,0.8102,0.2151
C002179,2025-12-23,Store,Store,Marmara,35-44,Silver,1,At Risk,,0.9229,0.3141,0.4048,0.5241
C002180,2025-11-07,Store,Store,Marmara,25-34,Silver,0,Routine,,0.7288,0.3926,0.3888,0.1631
C002181,2025-09-10,Web,Web,Black Sea,35-44,Bronze,1,Deal Seeker,,0.9492,0.5675,0.8249,0.2354
C002182,2024-08-14,Mobile App,Mobile App,Marmara,25-34,Gold,1,Growth,2025-05-11,0.9751,0.7663,0.3225,0.2072
C002183,2023-09-11,Web,Web,Central Anatolia,45-54,Bronze,1,Deal Seeker,,0.8654,0.5502,0.7475,0.1364
C002184,2024-07-07,Marketplace,Marketplace,Marmara,18-24,Bronze,1,Deal Seeker,2025-10-30,0.8322,0.7823,0.8139,0.3811
C002185,2025-12-07,Marketplace,Marketplace,Black Sea,55+,Silver,1,Routine,,0.8757,0.4659,0.3528,0.2357
C002186,2023-05-04,Store,Store,Central Anatolia,18-24,Gold,1,High Value Loyal,,1.9095,0.8255,0.2523,0.1519
C002187,2025-03-19,Marketplace,Marketplace,Aegean,25-34,Bronze,1,Routine,,1.0707,0.4231,0.2578,0.1721
C002188,2024-06-02,Mobile App,Mobile App,Aegean,35-44,Silver,1,Routine,,0.7911,0.5659,0.4295,0.1995
C002189,2024-12-02,Web,Web,Southeastern Anatolia,35-44,Bronze,1,Routine,2025-03-02,0.8128,0.5903,0.4901,0.1613
C002190,2023-08-04,Web,Web,Marmara,18-24,Bronze,1,Deal Seeker,,0.737,0.599,0.7367,0.1577
C002191,2022-04-24,Store,Store,Aegean,25-34,Bronze,0,Routine,,0.7716,0.5669,0.4267,0.2099
C002192,2024-06-02,Web,Web,Marmara,35-44,Bronze,1,Routine,,0.8197,0.6241,0.5315,0.1195
C002193,2023-12-08,Store,Store,Aegean,45-54,Gold,1,Growth,2024-01-07,1.4134,0.66,0.3679,0.123
C002194,2022-12-22,Store,Store,Marmara,45-54,Silver,1,Deal Seeker,2025-02-09,0.7962,0.6613,0.7003,0.346
C002195,2025-03-02,Web,Web,Black Sea,25-34,Platinum,1,High Value Loyal,,1.2906,0.7962,0.2449,0.0792
C002196,2024-04-21,Store,Store,Aegean,35-44,Gold,1,High Value Loyal,,1.413,0.8744,0.0801,0.1475
C002197,2025-03-08,Web,Web,Marmara,25-34,Silver,1,Routine,2025-04-07,0.897,0.5375,0.4143,0.153
C002198,2022-06-26,Web,Web,Central Anatolia,45-54,Bronze,1,One-time,2022-11-23,0.5969,0.271,0.6672,0.448
C002199,2024-11-12,Mobile App,Mobile App,Aegean,45-54,Bronze,1,One-time,2024-12-12,0.5321,0.1338,0.6659,0.5336
C002200,2024-09-21,Web,Web,Central Anatolia,35-44,Bronze,1,Routine,,0.891,0.5301,0.3053,0.3413
C002201,2022-11-16,Mobile App,Mobile App,Aegean,25-34,Platinum,1,High Value Loyal,,2.164,0.9316,0.05,0.112
C002202,2022-07-12,Marketplace,Marketplace,Marmara,35-44,Bronze,1,One-time,2022-08-11,0.7441,0.2973,0.6153,0.2485
C002203,2023-01-04,Store,Store,Marmara,55+,Bronze,1,Routine,2023-02-03,0.9222,0.5062,0.1869,0.2577
C002204,2022-07-05,Marketplace,Marketplace,Marmara,45-54,Bronze,0,Deal Seeker,2023-03-02,0.7784,0.5083,0.9584,0.3027
C002205,2025-04-14,Mobile App,Mobile App,Marmara,45-54,Gold,1,Growth,,1.6351,0.6126,0.2514,0.1357
C002206,2025-11-10,Store,Store,Mediterranean,18-24,Gold,1,At Risk,,0.7601,0.2717,0.545,0.4376
C002207,2022-10-03,Marketplace,Marketplace,Central Anatolia,18-24,Bronze,1,Routine,,0.8476,0.4761,0.2594,0.1509
C002208,2024-04-06,Store,Store,Marmara,25-34,Bronze,1,Routine,,0.8944,0.6188,0.3306,0.2243
C002209,2025-06-26,Store,Store,Eastern Anatolia,35-44,Silver,1,Growth,,1.1395,0.6831,0.4841,0.1197
C002210,2023-02-02,Store,Store,Eastern Anatolia,35-44,Bronze,1,Routine,,0.8312,0.541,0.4431,0.1979
C002211,2025-11-15,Mobile App,Mobile App,Marmara,18-24,Bronze,1,Deal Seeker,,1.0518,0.6291,0.9487,0.1788
C002212,2025-11-09,Marketplace,Marketplace,Central Anatolia,45-54,Silver,0,Routine,,0.6552,0.517,0.2885,0.1901
C002213,2024-08-05,Mobile App,Mobile App,Eastern Anatolia,35-44,Gold,1,High Value Loyal,,1.9055,0.7845,0.2151,0.1821
C002214,2022-10-25,Web,Web,Marmara,45-54,Gold,1,Growth,,1.1443,0.7437,0.5137,0.0889
C002215,2023-11-20,Web,Web,Marmara,35-44,Silver,1,At Risk,,1.1984,0.3737,0.6402,0.4123
C002216,2024-01-20,Web,Web,Southeastern Anatolia,25-34,Gold,1,High Value Loyal,,2.1707,0.942,0.235,0.1856
C002217,2023-05-23,Marketplace,Marketplace,Southeastern Anatolia,25-34,Bronze,1,Deal Seeker,,0.8978,0.6138,0.8774,0.2505
C002218,2022-09-10,Web,Web,Mediterranean,18-24,Bronze,0,Routine,,0.7563,0.6782,0.5527,0.0602
C002219,2022-10-24,Mobile App,Mobile App,Southeastern Anatolia,18-24,Silver,1,At Risk,2023-10-19,1.1225,0.4952,0.5715,0.4002
C002220,2023-11-09,Web,Web,Marmara,25-34,Gold,1,Growth,,1.5324,0.8469,0.3046,0.2333
C002221,2023-04-21,Web,Web,Marmara,25-34,Gold,1,High Value Loyal,,1.5638,0.819,0.1874,0.1337
C002222,2024-06-14,Web,Web,Marmara,45-54,Gold,1,High Value Loyal,,1.8015,0.6829,0.1931,0.02
C002223,2025-02-19,Mobile App,Mobile App,Marmara,18-24,Bronze,1,Deal Seeker,2025-10-17,0.8059,0.6762,0.794,0.239
C002224,2023-09-02,Mobile App,Mobile App,Southeastern Anatolia,35-44,Silver,1,Routine,,0.6963,0.3461,0.3799,0.1145
C002225,2025-04-22,Marketplace,Marketplace,Marmara,35-44,Silver,0,At Risk,,0.8923,0.2738,0.5166,0.368
C002226,2024-09-15,Mobile App,Mobile App,Black Sea,25-34,Silver,1,At Risk,,1.1902,0.3448,0.3607,0.5354
C002227,2024-06-09,Mobile App,Mobile App,Central Anatolia,35-44,Gold,1,At Risk,2025-09-02,0.8835,0.332,0.4679,0.4292
C002228,2025-02-09,Mobile App,Mobile App,Aegean,35-44,Gold,1,High Value Loyal,,2.125,0.6754,0.1415,0.1465
C002229,2025-12-03,Web,Web,Aegean,35-44,Bronze,1,Deal Seeker,,1.1606,0.7279,0.8535,0.1598
C002230,2024-03-08,Marketplace,Marketplace,Marmara,55+,Gold,1,High Value Loyal,,2.2418,0.8137,0.2372,0.0974
C002231,2023-11-15,Mobile App,Mobile App,Central Anatolia,18-24,Bronze,1,Routine,2025-01-08,0.7063,0.4398,0.3333,0.207
C002232,2022-06-25,Mobile App,Mobile App,Mediterranean,25-34,Silver,1,Growth,,1.0654,0.5761,0.4026,0.0579
C002233,2023-08-07,Mobile App,Mobile App,Central Anatolia,25-34,Silver,1,Deal Seeker,2024-06-02,0.8371,0.6058,0.6935,0.2729
C002234,2023-11-20,Mobile App,Mobile App,Marmara,25-34,Silver,1,Growth,,1.2164,0.7198,0.3942,0.0793
C002235,2024-03-05,Marketplace,Marketplace,Central Anatolia,55+,Silver,1,Routine,,0.9197,0.5855,0.3697,0.2103
C002236,2024-08-05,Web,Web,Black Sea,35-44,Bronze,1,Deal Seeker,2025-10-29,1.1948,0.6676,0.8057,0.1631
C002237,2025-03-05,Marketplace,Marketplace,Mediterranean,25-34,Silver,1,Routine,,0.6901,0.4076,0.3256,0.1336
C002238,2025-10-03,Mobile App,Mobile App,Aegean,45-54,Silver,1,Routine,,0.9984,0.6345,0.3161,0.3155
C002239,2023-12-03,Mobile App,Mobile App,Marmara,25-34,Gold,1,Growth,,1.5068,0.6676,0.3501,0.1441
C002240,2025-03-05,Mobile App,Mobile App,Marmara,45-54,Bronze,1,Routine,,0.6552,0.5846,0.2825,0.177
C002241,2025-01-19,Marketplace,Marketplace,Marmara,35-44,Silver,1,Routine,,0.7634,0.5221,0.3283,0.2491
C002242,2024-09-01,Web,Web,Marmara,55+,Silver,1,Routine,,1.0085,0.4426,0.5137,0.133
C002243,2024-12-17,Mobile App,Mobile App,Mediterranean,55+,Gold,0,High Value Loyal,,1.7742,0.9221,0.1874,0.167
C002244,2023-12-03,Web,Web,Central Anatolia,45-54,Gold,1,High Value Loyal,,1.4478,0.8648,0.1622,0.0641
C002245,2024-03-18,Store,Store,Marmara,35-44,Bronze,1,Deal Seeker,2024-05-17,0.7628,0.7269,0.7093,0.1928
C002246,2025-08-13,Mobile App,Mobile App,Marmara,25-34,Bronze,1,Routine,,1.0861,0.5841,0.4983,0.1865
C002247,2022-05-12,Mobile App,Mobile App,Mediterranean,45-54,Gold,1,At Risk,2023-02-06,1.1255,0.2501,0.2982,0.4988
C002248,2022-06-09,Mobile App,Mobile App,Aegean,18-24,Gold,1,Growth,2025-05-24,1.2786,0.6895,0.5761,0.1362
C002249,2025-07-21,Mobile App,Mobile App,Marmara,35-44,Silver,1,Routine,,0.8615,0.468,0.288,0.2684
C002250,2023-01-10,Store,Store,Southeastern Anatolia,35-44,Silver,1,Deal Seeker,2025-02-28,0.7908,0.565,0.7147,0.1162
C002251,2025-09-24,Mobile App,Mobile App,Black Sea,25-34,Bronze,1,One-time,2025-10-24,0.6989,0.1422,0.5597,0.3089
C002252,2024-05-06,Marketplace,Marketplace,Black Sea,45-54,Bronze,1,Deal Seeker,,0.7042,0.5562,0.8878,0.2104
C002253,2023-06-01,Web,Web,Black Sea,25-34,Silver,1,At Risk,2023-10-29,1.1213,0.3525,0.5308,0.5395
C002254,2025-11-06,Store,Store,Marmara,45-54,Gold,1,High Value Loyal,,1.5911,0.9045,0.1707,0.1333
C002255,2023-01-05,Web,Web,Eastern Anatolia,25-34,Gold,1,High Value Loyal,,1.7606,0.7795,0.166,0.0344
C002256,2023-06-14,Marketplace,Marketplace,Aegean,18-24,Bronze,1,One-time,2023-08-13,0.6076,0.2834,0.6343,0.3956
C002257,2024-11-07,Mobile App,Mobile App,Black Sea,35-44,Silver,1,Deal Seeker,,0.7583,0.5914,0.6707,0.3481
C002258,2025-10-13,Web,Web,Aegean,25-34,Bronze,1,Routine,,0.9591,0.4427,0.4826,0.3267
C002259,2025-06-23,Web,Web,Mediterranean,55+,Bronze,1,Routine,,0.679,0.5303,0.4632,0.0202
C002260,2024-08-25,Marketplace,Marketplace,Aegean,35-44,Bronze,1,One-time,2024-12-23,0.7933,0.1728,0.6463,0.3739
C002261,2024-09-22,Mobile App,Mobile App,Central Anatolia,45-54,Bronze,1,Routine,2025-02-19,0.8579,0.5598,0.4203,0.2657
C002262,2022-06-14,Mobile App,Mobile App,Marmara,35-44,Gold,0,At Risk,2023-04-10,1.0836,0.3596,0.3946,0.552
C002263,2025-02-15,Marketplace,Marketplace,Mediterranean,55+,Gold,1,High Value Loyal,2025-11-12,2.0159,0.98,0.2328,0.02
C002264,2024-10-12,Web,Web,Southeastern Anatolia,25-34,Gold,1,Growth,,1.2906,0.8077,0.5282,0.1389
C002265,2025-01-18,Web,Web,Mediterranean,18-24,Silver,1,Routine,,0.6282,0.4254,0.3761,0.1839
C002266,2022-11-24,Web,Web,Mediterranean,25-34,Silver,1,At Risk,,1.1138,0.3937,0.551,0.666
C002267,2023-12-18,Mobile App,Mobile App,Black Sea,25-34,Silver,1,Deal Seeker,,0.7611,0.7338,0.6743,0.2038
C002268,2023-02-06,Mobile App,Mobile App,Marmara,55+,Bronze,1,Routine,2023-08-05,0.6686,0.5183,0.3436,0.1554
C002269,2024-09-18,Web,Web,Mediterranean,45-54,Silver,1,Growth,2024-10-18,1.3322,0.7036,0.2905,0.0541
C002270,2025-02-19,Mobile App,Mobile App,Marmara,35-44,Bronze,1,One-time,2025-06-19,0.7288,0.4116,0.5557,0.3397
C002271,2024-06-13,Store,Store,Central Anatolia,35-44,Silver,1,Routine,,0.903,0.6017,0.3763,0.1697
C002272,2025-05-09,Mobile App,Mobile App,Marmara,55+,Bronze,1,Deal Seeker,,0.863,0.6126,0.7958,0.3814
C002273,2024-04-12,Mobile App,Mobile App,Central Anatolia,45-54,Silver,1,Deal Seeker,2024-07-11,0.8904,0.6656,0.7399,0.2921
C002274,2024-03-19,Web,Web,Eastern Anatolia,25-34,Gold,1,High Value Loyal,2024-08-16,1.4808,0.9059,0.05,0.1737
C002275,2023-05-19,Store,Store,Central Anatolia,25-34,Silver,1,Growth,,1.5469,0.6664,0.2977,0.2564
C002276,2022-12-15,Mobile App,Mobile App,Central Anatolia,25-34,Gold,1,At Risk,2023-09-11,1.1823,0.3469,0.3588,0.4328
C002277,2025-11-21,Web,Web,Black Sea,25-34,Gold,1,High Value Loyal,,1.8879,0.7005,0.2677,0.02
C002278,2024-06-16,Web,Web,Black Sea,55+,Silver,1,Growth,2024-07-16,1.1398,0.6503,0.3084,0.1717
C002279,2025-02-17,Store,Store,Aegean,35-44,Gold,1,High Value Loyal,,2.0393,0.6824,0.3497,0.1104
C002280,2023-11-14,Mobile App,Mobile App,Marmara,55+,Silver,1,Deal Seeker,2024-02-12,0.9727,0.4638,0.7268,0.3564
C002281,2022-05-08,Marketplace,Marketplace,Marmara,25-34,Gold,1,Growth,,1.1515,0.7413,0.4221,0.2991
C002282,2024-07-15,Web,Web,Marmara,35-44,Silver,1,At Risk,2025-08-09,0.9574,0.4534,0.5023,0.4941
C002283,2023-10-22,Marketplace,Marketplace,Aegean,35-44,Silver,0,Routine,,1.0358,0.5208,0.4552,0.194
C002284,2022-03-25,Web,Web,Marmara,45-54,Silver,1,Deal Seeker,,0.9137,0.637,0.6224,0.1803
C002285,2024-04-06,Web,Web,Marmara,45-54,Bronze,1,Deal Seeker,,1.1433,0.5648,0.9322,0.2173
C002286,2025-02-15,Mobile App,Mobile App,Mediterranean,35-44,Silver,0,Routine,,0.6461,0.512,0.4217,0.2162
C002287,2024-06-04,Marketplace,Marketplace,Aegean,18-24,Bronze,1,Routine,,0.7888,0.5488,0.3302,0.2138
C002288,2025-03-08,Web,Web,Marmara,25-34,Bronze,1,Deal Seeker,,0.9015,0.6436,0.7981,0.2457
C002289,2025-12-26,Marketplace,Marketplace,Marmara,18-24,Bronze,1,Deal Seeker,,0.8606,0.7129,0.939,0.1685
C002290,2025-05-10,Store,Store,Marmara,55+,Silver,0,Deal Seeker,,1.0422,0.7136,0.9064,0.2892
C002291,2022-05-05,Store,Store,Marmara,25-34,Bronze,1,Routine,2023-11-26,0.9111,0.4325,0.2465,0.278
C002292,2025-11-13,Store,Store,Marmara,55+,Bronze,0,Routine,,0.6396,0.4861,0.3266,0.1653
C002293,2024-09-17,Store,Store,Marmara,35-44,Bronze,1,One-time,2024-10-17,0.5996,0.1281,0.5829,0.306
C002294,2025-12-10,Store,Store,Marmara,25-34,Bronze,0,One-time,,0.7974,0.3076,0.4754,0.3801
C002295,2022-06-09,Mobile App,Mobile App,Marmara,35-44,Silver,1,Routine,,0.8946,0.5439,0.201,0.219
C002296,2022-05-10,Mobile App,Mobile App,Marmara,25-34,Bronze,1,Deal Seeker,,0.9628,0.4564,0.8913,0.2448
C002297,2025-04-21,Mobile App,Mobile App,Mediterranean,25-34,Bronze,1,Deal Seeker,,1.3616,0.6528,0.8626,0.4042
C002298,2024-03-11,Mobile App,Mobile App,Central Anatolia,25-34,Bronze,1,Routine,2024-05-10,0.8595,0.4382,0.4374,0.2162
C002299,2023-06-01,Web,Web,Marmara,45-54,Silver,1,Growth,,1.3025,0.8573,0.4745,0.0856
C002300,2024-08-08,Web,Web,Southeastern Anatolia,25-34,Bronze,1,One-time,2025-11-01,0.5565,0.1963,0.6609,0.4891
C002301,2025-04-06,Marketplace,Marketplace,Marmara,25-34,Silver,1,Growth,,1.8062,0.6578,0.4127,0.2159
C002302,2023-01-23,Web,Web,Marmara,18-24,Platinum,1,High Value Loyal,,1.8453,0.8229,0.0958,0.0697
C002303,2023-05-19,Mobile App,Mobile App,Central Anatolia,25-34,Silver,1,Routine,2024-04-13,1.2127,0.5454,0.382,0.307
C002304,2023-05-17,Marketplace,Marketplace,Central Anatolia,35-44,Bronze,1,Routine,2025-03-07,0.8321,0.5629,0.4561,0.2141
C002305,2023-05-03,Marketplace,Marketplace,Mediterranean,45-54,Silver,0,Deal Seeker,,0.8717,0.6459,0.8232,0.2328
C002306,2023-06-20,Mobile App,Mobile App,Aegean,35-44,Silver,1,Growth,,1.3149,0.8054,0.3561,0.0834
C002307,2025-12-19,Mobile App,Mobile App,Aegean,35-44,Bronze,1,Routine,,0.7581,0.4418,0.3644,0.2474
C002308,2025-12-18,Mobile App,Mobile App,Marmara,25-34,Bronze,1,Routine,,0.8566,0.5983,0.3333,0.2744
C002309,2024-12-05,Mobile App,Mobile App,Mediterranean,18-24,Silver,0,Routine,,0.7615,0.5758,0.3087,0.2838
C002310,2023-09-10,Store,Store,Central Anatolia,35-44,Bronze,1,One-time,2023-10-10,0.8728,0.05,0.6421,0.3712
C002311,2025-09-22,Web,Web,Central Anatolia,25-34,Gold,1,Growth,,0.9953,0.6411,0.4585,0.129
C002312,2025-11-05,Mobile App,Mobile App,Central Anatolia,18-24,Gold,0,Growth,,1.4513,0.8525,0.4332,0.2292
C002313,2022-12-13,Mobile App,Mobile App,Marmara,18-24,Gold,1,Growth,2024-12-02,1.279,0.6393,0.2623,0.2316
C002314,2022-06-25,Web,Web,Marmara,35-44,Bronze,0,Routine,,1.03,0.3457,0.3963,0.263
C002315,2025-12-17,Web,Web,Southeastern Anatolia,35-44,Silver,1,Routine,,0.8335,0.5257,0.3271,0.02
C002316,2023-06-03,Store,Store,Aegean,35-44,Bronze,1,One-time,2023-07-03,0.9089,0.1626,0.7529,0.2401
C002317,2025-10-04,Mobile App,Mobile App,Mediterranean,18-24,Silver,1,Deal Seeker,,0.7635,0.6645,0.654,0.263
C002318,2023-09-16,Mobile App,Mobile App,Mediterranean,45-54,Silver,1,Deal Seeker,2025-02-07,0.9165,0.6555,0.6652,0.248
C002319,2024-10-19,Web,Web,Central Anatolia,35-44,Silver,1,Growth,,1.2319,0.7557,0.476,0.1762
C002320,2024-04-15,Web,Web,Marmara,25-34,Bronze,1,One-time,2025-03-11,0.8654,0.1918,0.6267,0.421
C002321,2024-02-16,Web,Web,Marmara,35-44,Silver,1,Routine,,1.0024,0.4553,0.3365,0.2622
C002322,2024-05-16,Store,Store,Central Anatolia,45-54,Platinum,1,High Value Loyal,,1.3578,0.8701,0.1319,0.1788
C002323,2024-07-16,Mobile App,Mobile App,Marmara,45-54,Bronze,1,Routine,,0.8809,0.4513,0.3719,0.2215
C002324,2024-07-10,Mobile App,Mobile App,Aegean,25-34,Silver,1,Growth,,1.3507,0.7143,0.3696,0.1385
C002325,2023-12-23,Mobile App,Mobile App,Aegean,35-44,Bronze,1,Deal Seeker,2024-03-22,0.8887,0.6719,0.7753,0.2834
C002326,2025-08-12,Marketplace,Marketplace,Black Sea,35-44,Silver,0,Routine,,0.7521,0.5136,0.2678,0.2162
C002327,2025-12-18,Store,Store,Southeastern Anatolia,35-44,Gold,1,At Risk,,1.2116,0.3055,0.3878,0.5769
C002328,2024-10-24,Web,Web,Marmara,55+,Silver,1,Deal Seeker,2025-06-21,0.6822,0.631,0.7095,0.2167
C002329,2025-06-20,Marketplace,Marketplace,Black Sea,35-44,Gold,0,High Value Loyal,,1.8538,0.8445,0.3,0.1079
C002330,2025-11-15,Marketplace,Marketplace,Black Sea,25-34,Gold,1,Growth,,0.9068,0.5532,0.3776,0.1547
C002331,2023-09-08,Mobile App,Mobile App,Mediterranean,35-44,Gold,1,At Risk,2023-12-07,1.1043,0.2854,0.48,0.5941
C002332,2025-09-26,Web,Web,Southeastern Anatolia,35-44,Silver,0,Routine,,0.8853,0.4296,0.347,0.197
C002333,2025-03-02,Mobile App,Mobile App,Aegean,35-44,Bronze,1,Routine,,0.707,0.5825,0.3273,0.173
C002334,2024-10-15,Web,Web,Marmara,25-34,Silver,1,Deal Seeker,,0.984,0.5617,0.7706,0.3537
C002335,2023-03-08,Marketplace,Marketplace,Mediterranean,45-54,Silver,1,Routine,,0.8563,0.5487,0.2479,0.2643
C002336,2022-02-11,Web,Web,Central Anatolia,35-44,Bronze,1,Routine,,0.8281,0.584,0.3038,0.1466
C002337,2025-12-04,Mobile App,Mobile App,Southeastern Anatolia,18-24,Platinum,1,High Value Loyal,,1.5241,0.7127,0.3255,0.0867
C002338,2024-08-16,Web,Web,Marmara,55+,Bronze,1,Routine,2024-12-14,0.7866,0.496,0.306,0.2769
C002339,2025-06-11,Marketplace,Marketplace,Eastern Anatolia,35-44,Silver,1,Growth,,1.0028,0.6797,0.4277,0.0858
C002340,2025-09-14,Mobile App,Mobile App,Marmara,25-34,Gold,1,Growth,,1.5643,0.5951,0.3558,0.2071
C002341,2024-10-23,Mobile App,Mobile App,Aegean,25-34,Gold,1,Growth,2025-04-21,1.1196,0.7225,0.3532,0.2327
C002342,2025-04-18,Web,Web,Aegean,25-34,Gold,1,High Value Loyal,,1.6261,0.8454,0.0835,0.0879
C002343,2022-12-21,Mobile App,Mobile App,Marmara,18-24,Platinum,1,High Value Loyal,,1.5795,0.8299,0.0675,0.0786
C002344,2024-05-11,Mobile App,Mobile App,Aegean,55+,Silver,1,Growth,,1.07,0.7184,0.3224,0.0892
C002345,2024-10-07,Mobile App,Mobile App,Eastern Anatolia,25-34,Bronze,1,Deal Seeker,,0.944,0.528,0.6967,0.1945
C002346,2025-12-15,Mobile App,Mobile App,Mediterranean,25-34,Gold,1,At Risk,,1.0421,0.3652,0.3143,0.5011
C002347,2025-07-16,Mobile App,Mobile App,Mediterranean,45-54,Silver,1,Growth,,1.1635,0.8588,0.3723,0.1292
C002348,2025-11-22,Store,Store,Aegean,25-34,Silver,0,Deal Seeker,,0.6666,0.5694,0.738,0.1431
C002349,2024-06-16,Mobile App,Mobile App,Central Anatolia,25-34,Silver,1,Deal Seeker,2024-07-16,0.818,0.4748,0.7029,0.2575
C002350,2025-12-10,Marketplace,Marketplace,Aegean,25-34,Bronze,1,Deal Seeker,,0.8904,0.6562,0.8935,0.1844
C002351,2024-05-02,Store,Store,Mediterranean,55+,Bronze,1,One-time,2024-06-01,0.7938,0.2836,0.535,0.3905
C002352,2024-02-20,Marketplace,Marketplace,Eastern Anatolia,35-44,Bronze,1,Routine,,0.7608,0.5152,0.2169,0.1251
C002353,2025-07-08,Mobile App,Mobile App,Mediterranean,35-44,Silver,1,At Risk,,0.9155,0.3908,0.5693,0.5239
C002354,2022-11-11,Web,Web,Southeastern Anatolia,45-54,Bronze,1,Routine,2023-01-10,0.6899,0.5317,0.5135,0.0819
C002355,2024-01-25,Mobile App,Mobile App,Mediterranean,25-34,Silver,1,Routine,2024-05-24,0.7686,0.4064,0.3108,0.1941
C002356,2022-09-12,Web,Web,Marmara,18-24,Silver,1,Deal Seeker,,0.8406,0.5256,0.7239,0.2225
C002357,2022-09-01,Web,Web,Central Anatolia,45-54,Bronze,1,One-time,2022-10-01,0.5303,0.3907,0.6719,0.3387
C002358,2023-04-23,Mobile App,Mobile App,Marmara,55+,Bronze,1,Deal Seeker,2024-12-13,0.6974,0.4551,0.8182,0.2225
C002359,2025-08-20,Web,Web,Mediterranean,25-34,Bronze,1,Routine,,0.6051,0.4721,0.3085,0.2489
C002360,2025-12-14,Store,Store,Marmara,25-34,Silver,1,Growth,,1.3134,0.8078,0.4395,0.0794
C002361,2025-12-16,Web,Web,Marmara,25-34,Bronze,1,Routine,,1.059,0.6105,0.3924,0.1938
C002362,2025-04-05,Web,Web,Marmara,18-24,Silver,1,At Risk,,1.5592,0.4357,0.4305,0.4548
C002363,2023-07-24,Marketplace,Marketplace,Aegean,18-24,Silver,1,Growth,2023-11-21,0.9639,0.896,0.3153,0.2474
C002364,2022-02-07,Mobile App,Mobile App,Aegean,25-34,Bronze,1,Deal Seeker,,0.8565,0.7055,0.8117,0.2566
C002365,2023-10-07,Mobile App,Mobile App,Marmara,35-44,Gold,1,At Risk,2025-04-29,0.9194,0.4571,0.4196,0.4683
C002366,2025-12-14,Marketplace,Marketplace,Southeastern Anatolia,35-44,Platinum,1,High Value Loyal,,3.3591,0.908,0.3107,0.1491
C002367,2025-12-08,Marketplace,Marketplace,Marmara,45-54,Silver,1,Deal Seeker,,0.7968,0.6871,0.644,0.1177
C002368,2023-05-16,Marketplace,Marketplace,Southeastern Anatolia,18-24,Gold,1,Growth,,1.0958,0.7728,0.3306,0.0521
C002369,2025-01-12,Mobile App,Mobile App,Marmara,25-34,Silver,1,Routine,,0.6505,0.4259,0.4295,0.1547
C002370,2022-02-17,Web,Web,Southeastern Anatolia,18-24,Gold,1,High Value Loyal,,2.4805,0.8152,0.2737,0.02
C002371,2024-08-23,Web,Web,Marmara,25-34,Bronze,1,One-time,2025-01-20,0.8015,0.2786,0.7402,0.3566
C002372,2025-02-13,Mobile App,Mobile App,Marmara,18-24,Silver,1,Routine,,0.6554,0.5652,0.4952,0.2604
C002373,2025-01-24,Web,Web,Eastern Anatolia,25-34,Silver,1,Routine,,0.838,0.5429,0.3918,0.209
C002374,2023-01-15,Mobile App,Mobile App,Mediterranean,55+,Bronze,1,Routine,,0.6821,0.6386,0.1423,0.1323
C002375,2022-03-04,Web,Web,Central Anatolia,35-44,Silver,1,Growth,2022-07-02,1.144,0.5184,0.1244,0.024
C002376,2022-04-25,Store,Store,Marmara,45-54,Bronze,1,Routine,,0.8223,0.503,0.4014,0.1309
C002377,2023-12-22,Marketplace,Marketplace,Marmara,25-34,Platinum,1,High Value Loyal,2025-05-15,1.5905,0.8211,0.2984,0.2217
C002378,2022-10-22,Web,Web,Eastern Anatolia,35-44,Bronze,0,One-time,2022-11-21,0.6933,0.1168,0.6133,0.3464
C002379,2023-01-17,Store,Store,Marmara,25-34,Silver,1,Routine,2025-08-04,0.7667,0.5935,0.3694,0.1913
C002380,2024-11-01,Mobile App,Mobile App,Aegean,35-44,Bronze,1,Deal Seeker,2025-06-29,0.9883,0.5041,0.6825,0.1926
C002381,2024-10-11,Store,Store,Marmara,18-24,Silver,1,Deal Seeker,2025-05-09,0.923,0.6286,0.98,0.2546
C002382,2025-09-21,Store,Store,Mediterranean,35-44,Bronze,0,Deal Seeker,,0.9886,0.6271,0.6918,0.2541
C002383,2025-03-25,Store,Store,Marmara,45-54,Gold,1,Growth,,1.2414,0.6056,0.2918,0.1065
C002384,2025-04-06,Mobile App,Mobile App,Aegean,45-54,Bronze,1,Deal Seeker,,0.8683,0.5749,0.9154,0.2796
C002385,2022-08-12,Web,Web,Aegean,35-44,Bronze,1,One-time,2022-11-10,0.7886,0.2374,0.6394,0.3863
C002386,2023-12-16,Web,Web,Central Anatolia,25-34,Silver,1,At Risk,2025-04-09,0.8948,0.4002,0.386,0.3875
C002387,2024-04-09,Mobile App,Mobile App,Marmara,25-34,Silver,1,Growth,,1.4746,0.6942,0.4895,0.02
C002388,2024-01-03,Web,Web,Mediterranean,18-24,Bronze,1,Routine,,0.9062,0.5787,0.3132,0.215
C002389,2023-11-05,Mobile App,Mobile App,Southeastern Anatolia,55+,Gold,1,Growth,2025-10-25,1.4429,0.6722,0.5344,0.2298
C002390,2023-08-09,Marketplace,Marketplace,Mediterranean,35-44,Silver,1,Routine,,1.0515,0.5283,0.2967,0.2502
C002391,2023-12-17,Web,Web,Aegean,35-44,Gold,1,High Value Loyal,,1.3969,0.8487,0.166,0.0219
C002392,2022-05-11,Marketplace,Marketplace,Marmara,35-44,Gold,1,Growth,2024-04-30,0.9791,0.6763,0.3615,0.2374
C002393,2024-01-25,Store,Store,Marmara,55+,Silver,1,At Risk,2024-11-20,1.0543,0.3071,0.5483,0.4934
C002394,2023-12-10,Web,Web,Marmara,55+,Silver,1,At Risk,2024-01-09,1.0996,0.385,0.4242,0.5022
C002395,2024-02-11,Web,Web,Central Anatolia,25-34,Bronze,1,Deal Seeker,,0.5752,0.6887,0.8044,0.1574
C002396,2024-03-05,Mobile App,Mobile App,Central Anatolia,35-44,Bronze,1,Routine,,0.4996,0.5024,0.2877,0.1088
C002397,2023-09-19,Mobile App,Mobile App,Central Anatolia,35-44,Bronze,1,Routine,2023-12-18,0.7824,0.3862,0.3884,0.1319
C002398,2024-10-01,Mobile App,Mobile App,Southeastern Anatolia,25-34,Silver,1,Routine,2025-11-25,0.692,0.5377,0.3481,0.2247
C002399,2024-05-05,Marketplace,Marketplace,Aegean,25-34,Bronze,1,One-time,2025-03-01,0.8393,0.2291,0.6781,0.3834
C002400,2024-12-05,Mobile App,Mobile App,Central Anatolia,25-34,Silver,1,At Risk,2025-01-04,1.2129,0.3986,0.5273,0.4135
C002401,2025-11-24,Web,Web,Mediterranean,25-34,Bronze,1,Deal Seeker,,0.9364,0.6505,0.6723,0.3136
C002402,2025-03-23,Web,Web,Marmara,35-44,Silver,1,Deal Seeker,,1.0385,0.6455,0.9748,0.0794
C002403,2025-09-05,Store,Store,Marmara,55+,Silver,1,Routine,,0.8043,0.5378,0.5004,0.2162
C002404,2025-12-21,Web,Web,Marmara,45-54,Silver,0,Routine,,0.7311,0.6342,0.2737,0.02
C002405,2025-02-01,Web,Web,Central Anatolia,45-54,Silver,1,Growth,,1.0768,0.7137,0.2613,0.2963
C002406,2025-04-11,Mobile App,Mobile App,Marmara,55+,Bronze,1,Deal Seeker,,0.8708,0.6032,0.8948,0.191
C002407,2025-11-11,Web,Web,Southeastern Anatolia,25-34,Silver,1,Growth,,1.6843,0.7668,0.3818,0.1672
C002408,2023-09-26,Web,Web,Mediterranean,25-34,Bronze,1,Deal Seeker,,0.8473,0.7079,0.6422,0.2527
C002409,2022-01-05,Mobile App,Mobile App,Southeastern Anatolia,25-34,Gold,1,High Value Loyal,2023-11-26,2.1691,0.7755,0.128,0.1005
C002410,2025-07-03,Mobile App,Mobile App,Central Anatolia,45-54,Bronze,1,Routine,,0.8119,0.4869,0.3355,0.121
C002411,2023-08-06,Mobile App,Mobile App,Eastern Anatolia,45-54,Gold,1,At Risk,2024-07-01,0.9434,0.4093,0.5678,0.4279
C002412,2022-09-25,Mobile App,Mobile App,Central Anatolia,25-34,Bronze,1,Deal Seeker,2022-12-24,1.1134,0.5387,0.98,0.2713
C002413,2024-12-19,Marketplace,Marketplace,Marmara,35-44,Bronze,1,Routine,,0.7444,0.6332,0.3804,0.1097
C002414,2023-06-21,Mobile App,Mobile App,Aegean,25-34,Gold,1,Growth,,1.2543,0.7708,0.5091,0.1813
C002415,2024-03-17,Mobile App,Mobile App,Mediterranean,35-44,Gold,1,Growth,,1.1083,0.8329,0.3385,0.0774
C002416,2024-11-14,Store,Store,Black Sea,18-24,Bronze,1,Routine,2024-12-14,0.8482,0.5337,0.3424,0.24
C002417,2025-08-16,Mobile App,Mobile App,Central Anatolia,35-44,Bronze,1,Deal Seeker,,0.6588,0.5851,0.8938,0.3145
C002418,2025-08-07,Mobile App,Mobile App,Marmara,25-34,Bronze,1,Deal Seeker,,0.7286,0.615,0.6074,0.0827
C002419,2024-01-26,Web,Web,Mediterranean,35-44,Bronze,1,Deal Seeker,2025-02-19,1.0104,0.4589,0.918,0.2489
C002420,2025-11-17,Web,Web,Central Anatolia,35-44,Silver,1,Routine,,0.8407,0.4356,0.4369,0.1546
C002421,2023-05-08,Mobile App,Mobile App,Aegean,35-44,Bronze,1,Routine,2024-07-31,0.5739,0.4198,0.3475,0.2011
C002422,2023-08-11,Mobile App,Mobile App,Marmara,55+,Silver,1,At Risk,2025-09-29,1.037,0.3391,0.2835,0.4815
C002423,2025-02-17,Mobile App,Mobile App,Aegean,55+,Bronze,0,One-time,2025-06-17,0.6602,0.2402,0.7049,0.3759
C002424,2025-12-20,Mobile App,Mobile App,Mediterranean,25-34,Bronze,1,Deal Seeker,,0.9885,0.6603,0.7221,0.3025
C002425,2024-07-04,Store,Store,Marmara,25-34,Silver,1,Growth,2025-01-30,1.3936,0.6934,0.4173,0.2454
C002426,2025-03-18,Web,Web,Central Anatolia,25-34,Silver,1,Growth,,1.343,0.7768,0.4665,0.0904
C002427,2025-07-25,Marketplace,Marketplace,Central Anatolia,35-44,Bronze,1,Routine,,0.5592,0.4835,0.1729,0.1669
C002428,2023-08-09,Web,Web,Mediterranean,45-54,Bronze,1,Deal Seeker,,1.0425,0.518,0.7461,0.2573
C002429,2023-03-22,Store,Store,Marmara,25-34,Silver,1,At Risk,2024-10-12,1.0929,0.4049,0.3783,0.4506
C002430,2024-10-16,Web,Web,Central Anatolia,25-34,Bronze,1,Deal Seeker,,1.0625,0.6026,0.8213,0.2542
C002431,2023-09-05,Marketplace,Marketplace,Marmara,25-34,Bronze,1,One-time,2023-10-05,0.8923,0.3862,0.7532,0.3337
C002432,2025-09-25,Marketplace,Marketplace,Black Sea,25-34,Silver,1,Deal Seeker,,0.8687,0.6072,0.98,0.2611
C002433,2025-09-08,Mobile App,Mobile App,Marmara,25-34,Silver,1,Routine,,0.6616,0.4452,0.4509,0.186
C002434,2022-05-12,Mobile App,Mobile App,Central Anatolia,45-54,Gold,1,High Value Loyal,2024-08-29,1.666,0.8426,0.0549,0.1265
C002435,2022-03-10,Web,Web,Aegean,25-34,Silver,1,At Risk,2023-02-03,1.2278,0.3344,0.5184,0.5585
C002436,2022-01-09,Marketplace,Marketplace,Marmara,25-34,Bronze,1,Deal Seeker,2022-04-09,0.9873,0.6864,0.6899,0.1245
C002437,2024-06-16,Web,Web,Central Anatolia,35-44,Gold,1,Growth,2024-07-16,0.9235,0.7798,0.2848,0.3073
C002438,2025-07-06,Store,Store,Mediterranean,25-34,Bronze,1,Routine,,0.704,0.6229,0.2863,0.2338
C002439,2025-11-09,Web,Web,Southeastern Anatolia,45-54,Silver,1,Growth,,0.9513,0.655,0.5389,0.1936
C002440,2025-12-26,Mobile App,Mobile App,Southeastern Anatolia,45-54,Gold,1,High Value Loyal,,1.3325,0.8584,0.1251,0.1428
C002441,2024-11-01,Web,Web,Central Anatolia,25-34,Platinum,1,High Value Loyal,,1.8465,0.642,0.3592,0.1643
C002442,2023-11-17,Marketplace,Marketplace,Mediterranean,25-34,Bronze,1,Routine,2024-06-14,0.9674,0.4126,0.3227,0.1623
C002443,2024-04-08,Marketplace,Marketplace,Aegean,35-44,Bronze,1,Routine,,0.9355,0.4296,0.4253,0.0931
C002444,2025-02-12,Web,Web,Marmara,55+,Silver,1,Growth,,1.3034,0.7301,0.3525,0.1219
C002445,2022-07-18,Web,Web,Black Sea,18-24,Bronze,1,Routine,,0.8364,0.589,0.445,0.2027
C002446,2024-03-08,Store,Store,Southeastern Anatolia,35-44,Silver,1,Routine,2025-03-03,0.8727,0.4602,0.2617,0.2389
C002447,2024-02-20,Web,Web,Marmara,35-44,Silver,1,Routine,,0.5971,0.4151,0.4357,0.1531
C002448,2025-02-05,Mobile App,Mobile App,Black Sea,25-34,Silver,1,Growth,,1.0816,0.6418,0.2619,0.202
C002449,2024-02-08,Mobile App,Mobile App,Marmara,25-34,Bronze,1,Routine,,0.7213,0.5443,0.276,0.2805
C002450,2022-07-18,Marketplace,Marketplace,Aegean,25-34,Gold,1,High Value Loyal,,1.3489,0.8393,0.2097,0.0294
C002451,2023-01-21,Web,Web,Eastern Anatolia,35-44,Gold,1,At Risk,,1.1416,0.3166,0.6015,0.4315
C002452,2023-06-04,Web,Web,Marmara,55+,Gold,1,At Risk,2024-04-29,1.0545,0.1952,0.466,0.6101
C002453,2022-12-03,Store,Store,Mediterranean,55+,Gold,1,Growth,,0.9829,0.7459,0.2858,0.1149
C002454,2023-05-06,Mobile App,Mobile App,Mediterranean,55+,Silver,1,Deal Seeker,2024-01-01,0.9875,0.5561,0.8471,0.2335
C002455,2025-08-21,Web,Web,Marmara,35-44,Silver,1,Deal Seeker,,0.7811,0.7289,0.8103,0.1648
C002456,2025-01-03,Web,Web,Marmara,35-44,Gold,1,At Risk,2025-08-01,1.3815,0.3267,0.3948,0.5251
C002457,2024-07-08,Store,Store,Black Sea,45-54,Silver,1,At Risk,2024-09-06,0.8916,0.3921,0.414,0.4607
C002458,2022-11-13,Mobile App,Mobile App,Marmara,25-34,Silver,1,Growth,,1.6121,0.5972,0.3188,0.0868
C002459,2024-01-25,Web,Web,Mediterranean,35-44,Bronze,1,Routine,,0.9203,0.6,0.4827,0.2354
C002460,2022-10-21,Marketplace,Marketplace,Mediterranean,55+,Gold,0,High Value Loyal,,2.0925,0.904,0.1889,0.0875
C002461,2023-07-03,Web,Web,Marmara,25-34,Silver,1,Deal Seeker,2023-11-30,1.1899,0.6609,0.7686,0.206
C002462,2022-07-18,Mobile App,Mobile App,Aegean,18-24,Platinum,1,High Value Loyal,,1.7075,0.8345,0.2504,0.24
C002463,2024-09-25,Marketplace,Marketplace,Marmara,25-34,Silver,1,Growth,,1.0411,0.6924,0.2583,0.1606
C002464,2022-10-20,Store,Store,Marmara,45-54,Silver,1,Growth,,1.4999,0.6831,0.3588,0.0638
C002465,2025-11-01,Mobile App,Mobile App,Marmara,25-34,Silver,1,Deal Seeker,,0.8622,0.4057,0.7796,0.183
C002466,2023-11-04,Marketplace,Marketplace,Mediterranean,25-34,Silver,1,Growth,,1.0028,0.615,0.4114,0.2896
C002467,2024-08-18,Mobile App,Mobile App,Marmara,25-34,Bronze,1,Routine,,0.666,0.4694,0.4672,0.1746
C002468,2025-11-01,Marketplace,Marketplace,Aegean,35-44,Silver,0,Routine,,1.1356,0.6186,0.3335,0.2788
C002469,2023-02-18,Web,Web,Aegean,35-44,Bronze,1,Routine,2024-09-10,0.7765,0.5092,0.2775,0.2043
C002470,2025-03-11,Marketplace,Marketplace,Marmara,25-34,Silver,1,Growth,,1.3047,0.6204,0.1919,0.2071
C002471,2025-08-05,Mobile App,Mobile App,Black Sea,35-44,Silver,1,Growth,2025-09-04,1.3601,0.558,0.4534,0.1115
C002472,2023-07-05,Mobile App,Mobile App,Marmara,25-34,Gold,1,Growth,2024-09-27,1.4494,0.7034,0.2907,0.1009
C002473,2024-11-01,Mobile App,Mobile App,Mediterranean,45-54,Gold,1,At Risk,,1.0974,0.2753,0.5834,0.6048
C002474,2025-10-11,Mobile App,Mobile App,Southeastern Anatolia,35-44,Bronze,1,Deal Seeker,,1.0423,0.5829,0.8371,0.2783
C002475,2024-10-14,Store,Store,Central Anatolia,18-24,Bronze,1,Routine,,0.7976,0.4171,0.3691,0.1655
C002476,2024-07-04,Web,Web,Marmara,25-34,Silver,1,At Risk,2025-12-26,1.1165,0.5356,0.4268,0.5221
C002477,2025-11-07,Marketplace,Marketplace,Central Anatolia,18-24,Bronze,1,Routine,,0.721,0.6729,0.4165,0.1471
C002478,2022-02-01,Web,Web,Central Anatolia,25-34,Silver,1,Growth,2024-05-21,0.8229,0.6378,0.2613,0.2505
C002479,2024-07-11,Web,Web,Marmara,45-54,Platinum,1,High Value Loyal,,1.586,0.7899,0.2148,0.0497
C002480,2022-07-09,Marketplace,Marketplace,Aegean,55+,Silver,0,Growth,2024-07-28,1.5338,0.8054,0.4733,0.1893
C002481,2023-10-15,Mobile App,Mobile App,Marmara,25-34,Gold,1,Growth,2025-11-03,1.0973,0.7631,0.4203,0.1262
C002482,2024-06-16,Store,Store,Mediterranean,55+,Silver,0,Routine,2025-02-11,0.7078,0.3979,0.2783,0.2767
C002483,2024-05-10,Mobile App,Mobile App,Marmara,25-34,Gold,1,High Value Loyal,,1.2363,0.8322,0.4171,0.0986
C002484,2025-05-25,Web,Web,Marmara,45-54,Silver,1,Deal Seeker,,0.8058,0.4944,0.7975,0.1609
C002485,2024-11-14,Web,Web,Aegean,45-54,Bronze,1,One-time,2025-03-14,0.6473,0.1757,0.5811,0.2647
C002486,2023-07-25,Mobile App,Mobile App,Marmara,25-34,Silver,1,Growth,,1.3018,0.7209,0.4254,0.2147
C002487,2025-03-26,Store,Store,Southeastern Anatolia,25-34,Silver,0,Routine,,1.0087,0.5252,0.5083,0.2022
C002488,2024-09-15,Web,Web,Marmara,25-34,Silver,1,Routine,,0.7216,0.6038,0.3222,0.2284
C002489,2023-12-13,Mobile App,Mobile App,Marmara,35-44,Bronze,1,Routine,2024-04-11,0.7308,0.4509,0.4468,0.1619
C002490,2023-05-17,Web,Web,Marmara,45-54,Bronze,1,One-time,2023-06-16,1.0994,0.4976,0.5692,0.4612
C002491,2025-05-16,Marketplace,Marketplace,Marmara,35-44,Silver,1,Routine,,0.8019,0.4943,0.3557,0.1794
C002492,2023-06-19,Mobile App,Mobile App,Marmara,35-44,Bronze,1,Routine,,0.6838,0.4846,0.2359,0.1575
C002493,2024-05-10,Marketplace,Marketplace,Marmara,25-34,Silver,0,Growth,2024-10-07,0.9479,0.748,0.3686,0.1579
C002494,2023-03-12,Web,Web,Marmara,18-24,Platinum,1,High Value Loyal,,1.5758,0.6167,0.2016,0.02
C002495,2025-09-17,Web,Web,Mediterranean,25-34,Silver,1,Deal Seeker,2025-10-17,1.0258,0.5986,0.6906,0.2537
C002496,2023-11-07,Store,Store,Southeastern Anatolia,35-44,Gold,1,Growth,,0.9645,0.7832,0.3467,0.1982
C002497,2022-05-17,Mobile App,Mobile App,Marmara,35-44,Platinum,1,High Value Loyal,,1.5765,0.7982,0.2779,0.0638
C002498,2024-11-13,Web,Web,Eastern Anatolia,45-54,Bronze,0,Routine,,0.9343,0.5206,0.332,0.1357
C002499,2025-12-21,Marketplace,Marketplace,Aegean,25-34,Bronze,1,Routine,,1.041,0.4716,0.3786,0.2334
C002500,2025-11-14,Web,Web,Central Anatolia,18-24,Silver,1,Growth,,1.1111,0.8617,0.27,0.1863
C002501,2025-06-26,Marketplace,Marketplace,Black Sea,25-34,Platinum,1,High Value Loyal,,1.5945,0.8956,0.2055,0.1102
C002502,2023-09-15,Web,Web,Central Anatolia,55+,Bronze,1,Routine,2023-10-15,0.7336,0.4172,0.4404,0.2306
C002503,2025-07-24,Mobile App,Mobile App,Central Anatolia,25-34,Gold,1,High Value Loyal,,1.2633,0.9263,0.3609,0.0732
C002504,2022-06-02,Mobile App,Mobile App,Central Anatolia,25-34,Gold,0,Growth,2023-02-27,1.5463,0.9395,0.3169,0.2627
C002505,2022-08-10,Marketplace,Marketplace,Marmara,25-34,Gold,1,Growth,2022-09-09,1.0758,0.7716,0.3532,0.2032
C002506,2025-02-24,Web,Web,Black Sea,25-34,Silver,1,Deal Seeker,2025-03-26,0.9349,0.4892,0.886,0.3527
C002507,2025-07-04,Web,Web,Central Anatolia,25-34,Silver,1,Growth,,1.4691,0.7002,0.4795,0.1332
C002508,2024-05-22,Web,Web,Marmara,35-44,Bronze,1,Routine,,0.7381,0.6311,0.4758,0.1
C002509,2025-04-22,Mobile App,Mobile App,Aegean,35-44,Bronze,1,Routine,,0.7645,0.4433,0.4412,0.0909
C002510,2025-02-01,Mobile App,Mobile App,Eastern Anatolia,35-44,Silver,1,Routine,,0.7256,0.7062,0.3032,0.0797
C002511,2025-09-14,Store,Store,Black Sea,25-34,Platinum,1,High Value Loyal,,2.2597,0.8732,0.1167,0.0922
C002512,2023-04-19,Mobile App,Mobile App,Marmara,25-34,Bronze,1,Deal Seeker,,0.9067,0.6829,0.7598,0.0881
C002513,2024-08-13,Store,Store,Marmara,45-54,Bronze,1,Routine,,0.8856,0.609,0.5235,0.2945
C002514,2024-12-24,Mobile App,Mobile App,Mediterranean,18-24,Platinum,1,High Value Loyal,,1.7917,0.7885,0.2268,0.2017
C002515,2023-12-12,Marketplace,Marketplace,Mediterranean,18-24,Silver,1,Deal Seeker,2024-01-11,0.9631,0.4562,0.8823,0.2153
C002516,2023-09-23,Mobile App,Mobile App,Central Anatolia,35-44,Bronze,1,Routine,2023-11-22,1.2004,0.5709,0.4581,0.2265
C002517,2025-03-17,Mobile App,Mobile App,Mediterranean,35-44,Bronze,1,Routine,,0.9837,0.62,0.4209,0.2271
C002518,2025-04-22,Web,Web,Eastern Anatolia,55+,Silver,1,Deal Seeker,2025-11-18,0.9501,0.5449,0.9233,0.2332
C002519,2024-07-13,Mobile App,Mobile App,Marmara,45-54,Gold,1,High Value Loyal,,1.8612,0.7227,0.1811,0.0783
C002520,2024-08-03,Mobile App,Mobile App,Southeastern Anatolia,25-34,Bronze,1,Deal Seeker,,0.8948,0.5668,0.9689,0.1431
C002521,2023-02-01,Mobile App,Mobile App,Black Sea,25-34,Platinum,1,High Value Loyal,,1.6509,0.9467,0.2233,0.1571
C002522,2025-08-19,Web,Web,Central Anatolia,25-34,Gold,1,High Value Loyal,,2.0514,0.8355,0.2302,0.2234
C002523,2024-06-24,Mobile App,Mobile App,Mediterranean,25-34,Silver,1,Growth,2025-07-19,1.4473,0.7154,0.4115,0.1854
C002524,2025-11-06,Marketplace,Marketplace,Black Sea,25-34,Silver,1,Growth,,1.4174,0.6766,0.4931,0.2709
C002525,2025-10-06,Mobile App,Mobile App,Southeastern Anatolia,18-24,Silver,1,At Risk,,0.7942,0.3379,0.3781,0.5214
C002526,2024-05-23,Mobile App,Mobile App,Eastern Anatolia,35-44,Bronze,1,Routine,2025-10-15,0.8473,0.6888,0.5473,0.2731
C002527,2025-01-02,Mobile App,Mobile App,Marmara,35-44,Gold,1,High Value Loyal,,1.4793,0.7229,0.2374,0.2095
C002528,2025-04-21,Mobile App,Mobile App,Mediterranean,35-44,Silver,1,At Risk,,1.2545,0.4266,0.4494,0.5994
C002529,2025-01-05,Mobile App,Mobile App,Marmara,45-54,Silver,1,Growth,,1.14,0.675,0.2292,0.1516
C002530,2025-08-16,Mobile App,Mobile App,Aegean,18-24,Gold,1,Growth,2025-10-15,1.2632,0.5713,0.3039,0.2426
C002531,2022-03-25,Marketplace,Marketplace,Marmara,18-24,Bronze,0,Routine,2025-08-06,0.7233,0.4802,0.3793,0.1679
C002532,2025-02-05,Mobile App,Mobile App,Eastern Anatolia,25-34,Silver,0,Routine,,0.8179,0.598,0.3374,0.0918
C002533,2022-11-20,Web,Web,Mediterranean,25-34,Silver,1,At Risk,2023-09-16,1.2822,0.3579,0.4235,0.3925
C002534,2022-08-07,Marketplace,Marketplace,Black Sea,45-54,Bronze,1,Deal Seeker,2024-04-28,0.8951,0.6299,0.8564,0.2603
C002535,2023-09-09,Marketplace,Marketplace,Central Anatolia,55+,Silver,1,Growth,2024-01-07,1.2224,0.635,0.4355,0.2027
C002536,2022-11-22,Web,Web,Black Sea,35-44,Silver,1,Growth,2025-10-07,1.0769,0.7253,0.3228,0.02
C002537,2025-10-26,Marketplace,Marketplace,Central Anatolia,25-34,Gold,1,Growth,,1.352,0.7803,0.4556,0.1143
C002538,2024-07-04,Web,Web,Aegean,25-34,Silver,1,Growth,,1.332,0.5351,0.4949,0.2258
C002539,2023-04-01,Store,Store,Aegean,55+,Gold,1,Growth,2024-09-22,0.941,0.6781,0.2534,0.1971
C002540,2025-11-23,Store,Store,Aegean,35-44,Gold,1,Growth,,1.3737,0.7446,0.3599,0.1812
C002541,2022-04-16,Web,Web,Aegean,25-34,Silver,1,Deal Seeker,,0.7539,0.5029,0.8021,0.2686
C002542,2025-10-06,Store,Store,Marmara,25-34,Silver,1,Deal Seeker,,0.7314,0.6249,0.8344,0.118
C002543,2024-04-26,Marketplace,Marketplace,Marmara,25-34,Bronze,1,Routine,,0.8314,0.4332,0.5317,0.1551
C002544,2023-12-04,Store,Store,Central Anatolia,45-54,Silver,1,Routine,2024-02-02,0.8337,0.3642,0.2648,0.2996
C002545,2025-10-23,Marketplace,Marketplace,Marmara,25-34,Gold,1,High Value Loyal,,1.664,0.8409,0.3639,0.0844
C002546,2025-05-15,Web,Web,Marmara,25-34,Silver,1,Routine,,1.2079,0.5548,0.2092,0.1219
C002547,2025-09-08,Mobile App,Mobile App,Central Anatolia,25-34,Bronze,1,Routine,,0.778,0.4849,0.3568,0.166
C002548,2023-06-01,Mobile App,Mobile App,Southeastern Anatolia,18-24,Gold,1,Growth,,1.4201,0.7513,0.4598,0.0998
C002549,2023-10-07,Web,Web,Marmara,35-44,Silver,1,Growth,2025-12-25,1.4953,0.6501,0.3352,0.2002
C002550,2025-03-07,Mobile App,Mobile App,Aegean,45-54,Silver,1,Growth,,1.2007,0.7788,0.3328,0.1937
C002551,2024-05-03,Mobile App,Mobile App,Aegean,18-24,Gold,1,Growth,,1.2325,0.6524,0.304,0.1489
C002552,2024-09-03,Mobile App,Mobile App,Southeastern Anatolia,45-54,Gold,0,At Risk,2025-08-29,1.0687,0.3763,0.4945,0.5311
C002553,2025-02-19,Store,Store,Southeastern Anatolia,35-44,Gold,1,Growth,,1.296,0.706,0.4819,0.02
C002554,2022-05-04,Web,Web,Central Anatolia,45-54,Silver,1,Growth,2022-06-03,0.7702,0.6657,0.3181,0.1406
C002555,2024-06-21,Web,Web,Marmara,35-44,Silver,1,At Risk,2025-03-18,1.1039,0.5071,0.4549,0.5009
C002556,2025-05-12,Marketplace,Marketplace,Mediterranean,25-34,Bronze,1,Deal Seeker,,0.7181,0.6688,0.8133,0.1169
C002557,2025-11-05,Mobile App,Mobile App,Marmara,45-54,Gold,1,High Value Loyal,,1.4413,0.8607,0.05,0.2209
C002558,2023-11-09,Web,Web,Marmara,35-44,Silver,1,At Risk,2024-04-07,0.9804,0.3253,0.4665,0.3353
C002559,2025-12-22,Mobile App,Mobile App,Central Anatolia,18-24,Silver,1,Routine,,1.0108,0.4888,0.3341,0.1221
C002560,2023-08-06,Web,Web,Mediterranean,45-54,Gold,1,At Risk,2024-04-02,1.117,0.2788,0.3979,0.4991
C002561,2022-08-23,Mobile App,Mobile App,Marmara,25-34,Gold,1,At Risk,2023-09-17,1.0357,0.4037,0.3889,0.4346
C002562,2024-04-24,Marketplace,Marketplace,Marmara,25-34,Silver,1,Growth,,1.3487,0.7996,0.3027,0.2177
C002563,2022-05-16,Marketplace,Marketplace,Marmara,45-54,Silver,0,Growth,2022-06-15,0.9663,0.6526,0.2547,0.322
C002564,2023-05-13,Store,Store,Marmara,35-44,Silver,1,At Risk,2025-10-29,1.1748,0.3058,0.5957,0.53
C002565,2025-06-08,Web,Web,Mediterranean,35-44,Silver,1,Growth,,1.3766,0.6455,0.4509,0.2147
C002566,2024-02-12,Marketplace,Marketplace,Aegean,18-24,Bronze,1,Deal Seeker,2024-03-13,1.3394,0.6347,0.8679,0.2788
C002567,2023-09-23,Web,Web,Aegean,45-54,Silver,1,Growth,,1.2142,0.7872,0.4142,0.1976
C002568,2024-05-04,Web,Web,Marmara,18-24,Platinum,1,High Value Loyal,,1.553,0.7998,0.05,0.0962
C002569,2023-12-20,Mobile App,Mobile App,Mediterranean,35-44,Bronze,1,Deal Seeker,,0.8598,0.6261,0.8099,0.1732
C002570,2024-07-05,Marketplace,Marketplace,Mediterranean,35-44,Gold,0,Growth,,1.0931,0.6863,0.4429,0.2233
C002571,2023-11-02,Marketplace,Marketplace,Aegean,35-44,Silver,1,Deal Seeker,,1.0876,0.7625,0.8638,0.181
C002572,2024-08-10,Mobile App,Mobile App,Southeastern Anatolia,45-54,Bronze,1,One-time,2025-02-06,0.6849,0.3008,0.574,0.3399
C002573,2024-09-03,Mobile App,Mobile App,Marmara,25-34,Silver,1,Routine,,0.8414,0.5281,0.3481,0.2505
C002574,2022-02-15,Mobile App,Mobile App,Aegean,25-34,Gold,1,Growth,,1.3655,0.6599,0.2382,0.1318
C002575,2024-07-14,Store,Store,Black Sea,25-34,Bronze,1,Routine,,0.7505,0.4149,0.2741,0.1851
C002576,2023-09-23,Marketplace,Marketplace,Central Anatolia,45-54,Bronze,1,Deal Seeker,,0.9059,0.6436,0.8685,0.2404
C002577,2024-02-18,Store,Store,Central Anatolia,35-44,Platinum,1,High Value Loyal,,1.9719,0.8863,0.2655,0.0404
C002578,2024-11-24,Marketplace,Marketplace,Black Sea,35-44,Platinum,1,High Value Loyal,,1.5844,0.846,0.2977,0.1049
C002579,2024-04-26,Web,Web,Mediterranean,25-34,Gold,1,High Value Loyal,,1.639,0.8357,0.0966,0.0227
C002580,2023-02-10,Mobile App,Mobile App,Marmara,45-54,Bronze,1,Routine,,0.8457,0.3668,0.0999,0.3161
C002581,2024-12-09,Mobile App,Mobile App,Mediterranean,25-34,Gold,1,At Risk,2025-03-09,0.8958,0.4139,0.253,0.4474
C002582,2025-04-12,Mobile App,Mobile App,Aegean,18-24,Bronze,1,Routine,,0.8018,0.6455,0.2126,0.0718
C002583,2025-05-21,Mobile App,Mobile App,Southeastern Anatolia,25-34,Silver,1,Routine,,0.6705,0.4961,0.4663,0.1744
C002584,2022-04-04,Web,Web,Mediterranean,35-44,Gold,1,Growth,2024-03-24,0.7635,0.6515,0.3692,0.1308
C002585,2025-11-26,Marketplace,Marketplace,Central Anatolia,25-34,Gold,1,Growth,,1.1745,0.7364,0.3768,0.1141
C002586,2024-03-06,Store,Store,Marmara,18-24,Silver,1,Growth,2025-12-26,1.4002,0.781,0.4664,0.0422
C002587,2022-11-24,Web,Web,Mediterranean,55+,Silver,1,Deal Seeker,2022-12-24,0.9217,0.4861,0.6998,0.338
C002588,2024-12-01,Web,Web,Central Anatolia,35-44,Gold,1,High Value Loyal,,1.5318,0.8595,0.2697,0.2132
C002589,2025-01-25,Store,Store,Marmara,55+,Bronze,0,Routine,,0.7888,0.5816,0.3518,0.1631
C002590,2023-12-10,Marketplace,Marketplace,Central Anatolia,45-54,Platinum,1,High Value Loyal,,1.4386,0.8112,0.0589,0.0776
C002591,2025-07-22,Marketplace,Marketplace,Marmara,25-34,Silver,1,Routine,,0.8346,0.4385,0.3869,0.1963
C002592,2023-04-18,Store,Store,Marmara,18-24,Silver,1,Growth,,1.1757,0.6184,0.4599,0.214
C002593,2024-12-23,Mobile App,Mobile App,Aegean,35-44,Silver,1,Routine,,0.749,0.4931,0.472,0.3029
C002594,2022-11-08,Marketplace,Marketplace,Black Sea,18-24,Bronze,1,Deal Seeker,2024-01-02,0.8041,0.6947,0.8232,0.2648
C002595,2025-02-18,Marketplace,Marketplace,Marmara,55+,Bronze,1,Deal Seeker,,0.8049,0.6334,0.829,0.1924
C002596,2024-11-02,Mobile App,Mobile App,Central Anatolia,25-34,Silver,1,Routine,,0.6455,0.4692,0.344,0.1769
C002597,2024-05-12,Marketplace,Marketplace,Central Anatolia,45-54,Silver,1,Deal Seeker,2025-08-05,0.724,0.6819,0.8507,0.3214
C002598,2024-07-05,Store,Store,Southeastern Anatolia,55+,Gold,0,Growth,,1.2327,0.7512,0.3117,0.0679
C002599,2023-06-11,Mobile App,Mobile App,Aegean,35-44,Bronze,1,One-time,2024-04-06,0.7981,0.2192,0.7526,0.3556
C002600,2025-08-07,Web,Web,Southeastern Anatolia,35-44,Bronze,1,Routine,,0.7332,0.5643,0.3444,0.2112
C002601,2022-04-11,Store,Store,Central Anatolia,45-54,Bronze,1,Routine,2022-05-11,0.8823,0.5832,0.3244,0.2355
C002602,2023-12-14,Marketplace,Marketplace,Black Sea,55+,Silver,1,Growth,2025-03-08,0.9256,0.6212,0.3843,0.1729
C002603,2025-12-02,Mobile App,Mobile App,Aegean,18-24,Gold,1,Growth,,1.0624,0.7607,0.3569,0.0799
C002604,2024-02-20,Web,Web,Aegean,25-34,Silver,1,Deal Seeker,,0.9364,0.5667,0.7751,0.2193
C002605,2023-05-17,Web,Web,Aegean,35-44,Silver,1,Routine,2024-02-11,1.1227,0.4005,0.3529,0.2356
C002606,2025-11-15,Marketplace,Marketplace,Aegean,55+,Silver,1,Routine,,1.0508,0.6669,0.3408,0.1508
C002607,2025-09-08,Web,Web,Marmara,25-34,Silver,1,At Risk,,0.887,0.3035,0.3893,0.3442
C002608,2024-12-19,Web,Web,Marmara,45-54,Bronze,1,Routine,,0.8457,0.4567,0.3832,0.0751
C002609,2025-10-04,Mobile App,Mobile App,Central Anatolia,35-44,Bronze,1,One-time,,0.7874,0.2428,0.6436,0.4135
C002610,2024-04-16,Mobile App,Mobile App,Central Anatolia,35-44,Silver,1,Growth,,1.1987,0.6113,0.3673,0.2907
C002611,2022-05-04,Marketplace,Marketplace,Aegean,55+,Silver,1,Routine,2023-03-30,0.7082,0.5367,0.3118,0.2406
C002612,2025-02-22,Mobile App,Mobile App,Marmara,55+,Silver,1,Routine,,0.95,0.7108,0.3547,0.1563
C002613,2023-01-07,Mobile App,Mobile App,Southeastern Anatolia,45-54,Bronze,1,Routine,2025-05-26,0.8287,0.4321,0.44,0.1584
C002614,2024-09-09,Marketplace,Marketplace,Black Sea,35-44,Platinum,1,High Value Loyal,2025-10-04,1.2899,0.8406,0.319,0.0986
C002615,2024-12-05,Marketplace,Marketplace,Marmara,45-54,Silver,1,Growth,,0.9863,0.7375,0.5585,0.1279
C002616,2022-11-05,Web,Web,Marmara,45-54,Platinum,1,High Value Loyal,,1.32,0.7583,0.4515,0.0683
C002617,2023-02-17,Marketplace,Marketplace,Marmara,18-24,Silver,1,Growth,2024-12-08,1.0525,0.7471,0.3406,0.0816
C002618,2023-06-21,Web,Web,Black Sea,25-34,Bronze,1,Routine,2025-05-11,0.7909,0.4768,0.4654,0.22
C002619,2022-12-22,Mobile App,Mobile App,Aegean,25-34,Bronze,1,Routine,,0.9494,0.4672,0.358,0.2105
C002620,2024-03-20,Store,Store,Aegean,45-54,Bronze,1,One-time,2024-06-18,0.8204,0.1149,0.5418,0.3394
C002621,2025-11-21,Marketplace,Marketplace,Aegean,25-34,Bronze,1,Routine,,0.8916,0.6963,0.4298,0.1861
C002622,2023-10-26,Marketplace,Marketplace,Black Sea,18-24,Silver,0,Growth,,1.2941,0.7117,0.54,0.2055
C002623,2023-03-12,Marketplace,Marketplace,Marmara,25-34,Bronze,1,Deal Seeker,2023-04-11,1.3458,0.5912,0.7677,0.2992
C002624,2025-03-01,Web,Web,Black Sea,18-24,Gold,1,Growth,,1.1805,0.6055,0.3081,0.1487
C002625,2025-07-14,Mobile App,Mobile App,Marmara,18-24,Gold,1,High Value Loyal,2025-08-13,1.7079,0.893,0.2488,0.1161
C002626,2025-04-24,Web,Web,Aegean,18-24,Bronze,1,One-time,2025-10-21,0.7989,0.2518,0.6924,0.4394
C002627,2022-08-02,Web,Web,Marmara,18-24,Bronze,1,Deal Seeker,2023-07-28,1.0245,0.7398,0.839,0.1578
C002628,2023-06-21,Store,Store,Marmara,55+,Platinum,1,High Value Loyal,,1.8612,0.8309,0.2601,0.02
C002629,2025-02-06,Mobile App,Mobile App,Aegean,25-34,Bronze,1,Routine,,0.7355,0.6579,0.3453,0.2863
C002630,2022-01-21,Marketplace,Marketplace,Marmara,25-34,Silver,1,Growth,,1.0478,0.7659,0.4664,0.2511
C002631,2025-04-01,Store,Store,Marmara,25-34,Bronze,1,Routine,,0.7306,0.5849,0.2828,0.2093
C002632,2025-04-26,Web,Web,Central Anatolia,18-24,Platinum,1,High Value Loyal,,1.8329,0.8829,0.2122,0.1064
C002633,2025-12-13,Store,Store,Central Anatolia,35-44,Silver,1,Growth,,1.1444,0.7606,0.3611,0.1088
C002634,2022-11-10,Marketplace,Marketplace,Marmara,35-44,Bronze,0,One-time,2022-12-10,0.6003,0.3389,0.7421,0.3452
C002635,2025-05-21,Web,Web,Central Anatolia,35-44,Silver,1,At Risk,,1.3167,0.2778,0.4096,0.4022
C002636,2025-08-03,Web,Web,Mediterranean,35-44,Bronze,1,One-time,,0.9555,0.1814,0.4211,0.4411
C002637,2024-02-04,Mobile App,Mobile App,Central Anatolia,18-24,Silver,0,Deal Seeker,2024-10-31,0.7947,0.6251,0.6526,0.2273
C002638,2025-09-04,Marketplace,Marketplace,Mediterranean,45-54,Gold,1,At Risk,2025-11-03,1.1831,0.3787,0.4505,0.4406
C002639,2022-04-08,Web,Web,Aegean,25-34,Bronze,1,One-time,2022-08-06,0.8729,0.2995,0.6919,0.3677
C002640,2022-11-10,Web,Web,Black Sea,55+,Bronze,1,One-time,2023-03-10,0.6555,0.3809,0.7222,0.3387
C002641,2024-10-25,Store,Store,Marmara,35-44,Bronze,1,One-time,,0.6745,0.1835,0.6399,0.3408
C002642,2025-12-13,Marketplace,Marketplace,Marmara,55+,Silver,1,Growth,,1.4101,0.7869,0.3526,0.1142
C002643,2024-12-09,Store,Store,Marmara,35-44,Gold,1,High Value Loyal,,1.6487,0.8404,0.3433,0.0848
C002644,2025-12-26,Web,Web,Aegean,35-44,Bronze,1,Deal Seeker,,0.7975,0.6253,0.8795,0.3773
C002645,2022-11-16,Marketplace,Marketplace,Central Anatolia,25-34,Bronze,1,Routine,2025-07-03,0.8339,0.5392,0.3663,0.1893
C002646,2022-05-15,Web,Web,Marmara,25-34,Bronze,1,Routine,2022-10-12,0.6617,0.5072,0.4628,0.0893
C002647,2025-05-10,Web,Web,Marmara,18-24,Silver,1,Routine,,0.7516,0.6091,0.4601,0.2664
C002648,2025-03-22,Store,Store,Marmara,45-54,Bronze,1,Routine,,0.9439,0.507,0.3967,0.1878
C002649,2023-10-22,Mobile App,Mobile App,Marmara,35-44,Silver,1,Growth,,0.7772,0.7668,0.461,0.2232
C002650,2023-05-25,Mobile App,Mobile App,Black Sea,18-24,Gold,1,High Value Loyal,,1.5879,0.9269,0.0892,0.1059
C002651,2022-05-12,Web,Web,Central Anatolia,25-34,Gold,0,High Value Loyal,2022-08-10,1.6274,0.8267,0.3198,0.02
C002652,2022-08-17,Web,Web,Black Sea,18-24,Platinum,1,High Value Loyal,,1.7652,0.8033,0.2379,0.1262
C002653,2023-01-13,Web,Web,Central Anatolia,25-34,Gold,1,Growth,,1.2042,0.6668,0.5431,0.175
C002654,2025-01-06,Marketplace,Marketplace,Black Sea,25-34,Bronze,1,One-time,2025-12-02,0.6896,0.3207,0.7044,0.3862
C002655,2023-12-16,Store,Store,Aegean,45-54,Silver,1,Deal Seeker,,1.1133,0.5792,0.8283,0.2263
C002656,2022-04-09,Mobile App,Mobile App,Mediterranean,35-44,Silver,1,Deal Seeker,2023-04-04,0.7374,0.7046,0.706,0.201
C002657,2022-01-08,Store,Store,Marmara,35-44,Silver,1,Deal Seeker,,0.9351,0.6469,0.9259,0.1495
C002658,2023-05-22,Web,Web,Marmara,25-34,Silver,1,Growth,2024-11-12,1.0222,0.6658,0.4049,0.0849
C002659,2024-06-19,Marketplace,Marketplace,Marmara,25-34,Bronze,1,Routine,,0.7429,0.4651,0.3888,0.1387
C002660,2025-02-12,Store,Store,Marmara,25-34,Silver,1,At Risk,,1.0984,0.3651,0.3785,0.5068
C002661,2022-05-11,Mobile App,Mobile App,Central Anatolia,25-34,Bronze,1,Routine,,0.9191,0.3872,0.4161,0.2287
C002662,2022-10-22,Store,Store,Mediterranean,45-54,Bronze,1,Deal Seeker,2023-05-20,0.8044,0.5021,0.6662,0.1412
C002663,2025-12-16,Web,Web,Aegean,25-34,Gold,1,High Value Loyal,,1.8599,0.9596,0.1341,0.1316
C002664,2025-04-26,Marketplace,Marketplace,Black Sea,55+,Silver,1,Routine,,0.7204,0.4781,0.4378,0.3356
C002665,2022-02-02,Marketplace,Marketplace,Marmara,35-44,Gold,1,Growth,2024-04-22,1.1339,0.6092,0.2815,0.1028
C002666,2023-01-07,Mobile App,Mobile App,Central Anatolia,25-34,Gold,0,Growth,2024-08-29,1.3753,0.7224,0.3193,0.1888
C002667,2022-05-14,Store,Store,Central Anatolia,55+,Gold,1,At Risk,2022-09-11,0.9636,0.349,0.4198,0.498
C002668,2022-12-23,Mobile App,Mobile App,Southeastern Anatolia,18-24,Silver,1,Routine,,1.0193,0.5362,0.2903,0.3078
C002669,2024-04-03,Marketplace,Marketplace,Mediterranean,18-24,Gold,1,High Value Loyal,,2.2039,0.7831,0.1664,0.1606
C002670,2023-07-19,Web,Web,Marmara,35-44,Bronze,1,Routine,,0.7784,0.6217,0.2761,0.1879
C002671,2025-08-19,Marketplace,Marketplace,Marmara,25-34,Gold,1,Growth,,1.3268,0.8416,0.2539,0.158
C002672,2023-08-23,Mobile App,Mobile App,Marmara,55+,Bronze,0,Routine,2023-09-22,0.8923,0.4443,0.3687,0.1088
C002673,2022-05-04,Marketplace,Marketplace,Eastern Anatolia,35-44,Gold,1,At Risk,2024-04-23,1.2987,0.5018,0.4783,0.5084
C002674,2022-12-08,Mobile App,Mobile App,Marmara,45-54,Silver,1,Routine,2024-06-30,0.6459,0.5158,0.451,0.1476
C002675,2025-02-02,Mobile App,Mobile App,Black Sea,35-44,Silver,1,Deal Seeker,,0.9649,0.4994,0.8557,0.2424
C002676,2025-06-11,Mobile App,Mobile App,Marmara,25-34,Silver,1,Routine,,0.8055,0.454,0.2545,0.245
C002677,2023-04-14,Web,Web,Aegean,25-34,Silver,1,Routine,2024-11-04,0.7248,0.4523,0.3637,0.2739
C002678,2025-05-04,Web,Web,Eastern Anatolia,35-44,Platinum,1,High Value Loyal,,2.1804,0.8786,0.0792,0.1006
C002679,2023-07-15,Store,Store,Mediterranean,45-54,Gold,1,High Value Loyal,,1.5852,0.8262,0.2444,0.0971
C002680,2024-02-03,Marketplace,Marketplace,Mediterranean,35-44,Silver,1,Growth,,1.3737,0.6694,0.4092,0.2033
C002681,2025-08-21,Mobile App,Mobile App,Marmara,35-44,Bronze,1,Routine,,0.7275,0.495,0.3848,0.2798
C002682,2024-11-24,Web,Web,Marmara,35-44,Silver,1,Routine,2025-03-24,0.8885,0.4925,0.311,0.1286
C002683,2025-10-05,Mobile App,Mobile App,Marmara,45-54,Silver,1,Deal Seeker,,0.9398,0.652,0.9082,0.1479
C002684,2025-09-21,Marketplace,Marketplace,Marmara,55+,Gold,1,Growth,,1.2538,0.7067,0.2121,0.1457
C002685,2025-07-10,Mobile App,Mobile App,Black Sea,18-24,Platinum,1,High Value Loyal,,1.6464,0.7492,0.261,0.1902
C002686,2025-12-04,Web,Web,Mediterranean,35-44,Bronze,1,Deal Seeker,,0.7983,0.6299,0.8021,0.2413
C002687,2024-11-11,Web,Web,Mediterranean,35-44,Gold,0,At Risk,,1.2093,0.2237,0.4431,0.6279
C002688,2024-11-05,Marketplace,Marketplace,Marmara,35-44,Bronze,1,One-time,2025-11-30,0.7638,0.2975,0.6157,0.4662
C002689,2023-09-20,Web,Web,Marmara,18-24,Silver,1,Deal Seeker,2024-02-17,0.771,0.6781,0.906,0.1641
C002690,2023-04-17,Marketplace,Marketplace,Central Anatolia,55+,Bronze,0,Routine,,0.8114,0.4888,0.255,0.1826
C002691,2023-04-05,Mobile App,Mobile App,Eastern Anatolia,45-54,Silver,1,At Risk,2023-10-02,1.4241,0.3856,0.323,0.4875
C002692,2025-04-18,Mobile App,Mobile App,Marmara,35-44,Silver,1,At Risk,,1.0129,0.3935,0.4257,0.4812
C002693,2022-06-01,Mobile App,Mobile App,Central Anatolia,55+,Silver,1,Growth,2024-02-21,1.1116,0.813,0.3018,0.1396
C002694,2024-05-16,Mobile App,Mobile App,Aegean,35-44,Silver,1,Deal Seeker,,1.0088,0.5259,0.8819,0.3772
C002695,2025-06-05,Marketplace,Marketplace,Central Anatolia,25-34,Gold,1,Growth,2025-09-03,1.0149,0.665,0.3192,0.1872
C002696,2022-05-01,Mobile App,Mobile App,Aegean,55+,Bronze,1,Routine,2022-05-31,0.8303,0.6139,0.3816,0.0992
C002697,2025-06-09,Web,Web,Aegean,25-34,Gold,1,Growth,,1.1022,0.7094,0.3459,0.1923
C002698,2023-06-12,Marketplace,Marketplace,Southeastern Anatolia,55+,Bronze,1,Routine,2023-12-09,1.2042,0.5127,0.3422,0.1143
C002699,2024-01-12,Marketplace,Marketplace,Marmara,25-34,Platinum,0,High Value Loyal,,1.3142,0.7567,0.1439,0.1006
C002700,2024-11-02,Mobile App,Mobile App,Marmara,55+,Silver,1,At Risk,2025-05-01,1.1609,0.4345,0.4381,0.4475
C002701,2025-07-02,Mobile App,Mobile App,Aegean,25-34,Silver,1,Growth,2025-09-30,0.8057,0.7927,0.501,0.2184
C002702,2025-03-06,Marketplace,Marketplace,Marmara,45-54,Platinum,1,High Value Loyal,2025-04-05,1.9196,0.8976,0.1506,0.2847
C002703,2025-10-14,Marketplace,Marketplace,Marmara,35-44,Gold,1,At Risk,,1.0322,0.4102,0.4155,0.4587
C002704,2022-12-21,Web,Web,Central Anatolia,25-34,Bronze,1,Routine,,0.663,0.3657,0.3948,0.1772
C002705,2025-04-04,Marketplace,Marketplace,Aegean,35-44,Gold,1,High Value Loyal,,1.8639,0.7786,0.1092,0.1137
C002706,2025-11-25,Web,Web,Eastern Anatolia,55+,Gold,1,At Risk,,1.018,0.398,0.3973,0.4558
C002707,2023-08-04,Mobile App,Mobile App,Aegean,35-44,Bronze,1,Routine,,0.9569,0.6515,0.5967,0.2455
C002708,2024-06-25,Web,Web,Mediterranean,25-34,Silver,1,Growth,,1.4259,0.619,0.4689,0.2388
C002709,2025-06-11,Marketplace,Marketplace,Mediterranean,25-34,Silver,1,Routine,,0.7427,0.492,0.3274,0.1034
C002710,2023-07-01,Store,Store,Marmara,25-34,Bronze,1,One-time,2023-09-29,0.6611,0.201,0.5881,0.3081
C002711,2025-12-11,Web,Web,Black Sea,25-34,Gold,0,High Value Loyal,,1.3641,0.7886,0.1407,0.1108
C002712,2024-03-25,Web,Web,Marmara,35-44,Platinum,1,High Value Loyal,,1.4829,0.8708,0.1603,0.0701
C002713,2023-03-11,Mobile App,Mobile App,Black Sea,35-44,Silver,1,Growth,2023-04-10,0.9847,0.7732,0.2974,0.1733
C002714,2023-07-16,Web,Web,Central Anatolia,25-34,Gold,0,At Risk,,0.8673,0.3986,0.4476,0.3707
C002715,2024-09-26,Mobile App,Mobile App,Central Anatolia,25-34,Gold,1,Growth,,1.2594,0.7732,0.2385,0.2333
C002716,2025-02-17,Marketplace,Marketplace,Eastern Anatolia,35-44,Silver,1,Routine,,0.6438,0.6467,0.4156,0.3018
C002717,2024-11-16,Web,Web,Central Anatolia,35-44,Silver,1,Routine,,0.8076,0.434,0.4149,0.2254
C002718,2024-03-08,Web,Web,Central Anatolia,45-54,Silver,1,Routine,,0.7801,0.5572,0.4697,0.1451
C002719,2023-12-06,Marketplace,Marketplace,Black Sea,45-54,Silver,1,At Risk,2024-04-04,0.9558,0.2033,0.6127,0.446
C002720,2023-10-17,Web,Web,Mediterranean,35-44,Silver,1,Deal Seeker,2023-11-16,1.0465,0.5345,0.6715,0.3699
C002721,2025-08-02,Web,Web,Mediterranean,35-44,Bronze,1,Deal Seeker,,0.7869,0.5032,0.8905,0.2237
C002722,2023-01-16,Web,Web,Southeastern Anatolia,35-44,Bronze,1,Deal Seeker,,1.0673,0.7697,0.7557,0.1299
C002723,2024-03-19,Mobile App,Mobile App,Southeastern Anatolia,35-44,Bronze,1,Deal Seeker,2024-09-15,1.0787,0.6562,0.8367,0.1294
C002724,2025-11-15,Marketplace,Marketplace,Marmara,45-54,Gold,0,High Value Loyal,,2.2749,0.8417,0.2714,0.071
C002725,2025-01-16,Web,Web,Central Anatolia,25-34,Gold,1,Growth,2025-08-14,1.1825,0.69,0.3421,0.069
C002726,2022-12-25,Web,Web,Marmara,45-54,Gold,1,High Value Loyal,2025-07-12,1.8514,0.7991,0.2199,0.0824
C002727,2024-12-06,Mobile App,Mobile App,Marmara,55+,Platinum,1,High Value Loyal,,1.7491,0.7437,0.1956,0.1011
C002728,2022-01-10,Marketplace,Marketplace,Marmara,35-44,Silver,1,Growth,,1.5178,0.8612,0.5578,0.2438
C002729,2022-04-21,Web,Web,Black Sea,18-24,Bronze,1,Routine,2022-10-18,0.7723,0.4052,0.438,0.136
C002730,2022-04-08,Web,Web,Mediterranean,45-54,Bronze,1,Deal Seeker,2023-07-02,0.7133,0.5763,0.6959,0.2161
C002731,2025-05-04,Web,Web,Southeastern Anatolia,18-24,Silver,1,At Risk,2025-06-03,0.9648,0.284,0.3334,0.4019
C002732,2025-07-21,Mobile App,Mobile App,Aegean,35-44,Gold,1,Growth,2025-08-20,1.3349,0.7178,0.3068,0.173
C002733,2024-10-07,Web,Web,Marmara,45-54,Bronze,0,Routine,2025-06-04,0.5707,0.5303,0.1944,0.1655
C002734,2025-09-25,Web,Web,Marmara,45-54,Silver,1,Growth,,1.1372,0.7959,0.4184,0.1446
C002735,2024-04-17,Store,Store,Marmara,18-24,Bronze,1,Deal Seeker,2025-06-11,0.91,0.5888,0.9756,0.1504
C002736,2024-07-13,Web,Web,Marmara,35-44,Silver,1,Routine,,0.9356,0.5278,0.2748,0.2725
C002737,2022-11-19,Store,Store,Aegean,18-24,Silver,1,Deal Seeker,2024-04-12,1.0212,0.6481,0.8705,0.1715
C002738,2022-12-26,Web,Web,Central Anatolia,35-44,Bronze,1,Deal Seeker,2023-05-25,0.9741,0.4231,0.7553,0.3522
C002739,2022-07-25,Web,Web,Southeastern Anatolia,45-54,Silver,0,Routine,2024-02-15,0.848,0.6335,0.4274,0.0664
C002740,2022-04-18,Marketplace,Marketplace,Marmara,25-34,Gold,1,High Value Loyal,,2.0206,0.757,0.0577,0.0804
C002741,2022-11-10,Mobile App,Mobile App,Marmara,45-54,Platinum,1,High Value Loyal,,2.3622,0.7212,0.05,0.1176
C002742,2025-10-05,Mobile App,Mobile App,Southeastern Anatolia,18-24,Gold,1,At Risk,,1.2106,0.252,0.34,0.409
C002743,2025-02-02,Marketplace,Marketplace,Central Anatolia,35-44,Silver,1,Growth,,1.3778,0.6534,0.4444,0.1821
C002744,2023-02-19,Marketplace,Marketplace,Mediterranean,45-54,Silver,1,Routine,2024-12-10,0.8936,0.4153,0.2726,0.1498
C002745,2022-06-10,Mobile App,Mobile App,Marmara,45-54,Silver,0,Growth,,1.0831,0.6089,0.4965,0.2244
C002746,2025-03-08,Web,Web,Mediterranean,45-54,Silver,1,Routine,,0.7842,0.4301,0.2665,0.238
C002747,2024-11-21,Marketplace,Marketplace,Marmara,55+,Silver,0,Deal Seeker,2025-11-16,0.7592,0.5838,0.7134,0.2582
C002748,2022-12-03,Web,Web,Black Sea,35-44,Silver,1,Deal Seeker,2025-02-20,0.721,0.6734,0.7053,0.2678
C002749,2025-03-25,Web,Web,Southeastern Anatolia,45-54,Silver,1,Routine,2025-09-21,0.7382,0.5076,0.5228,0.2701
C002750,2023-05-21,Mobile App,Mobile App,Marmara,45-54,Gold,1,High Value Loyal,,1.7057,0.8872,0.2225,0.1465
C002751,2023-02-14,Store,Store,Mediterranean,45-54,Gold,1,High Value Loyal,2025-07-03,1.8412,0.7828,0.05,0.1106
C002752,2023-03-20,Mobile App,Mobile App,Black Sea,18-24,Bronze,1,Deal Seeker,2024-08-11,0.8194,0.6841,0.98,0.2795
C002753,2022-03-12,Mobile App,Mobile App,Marmara,35-44,Platinum,1,High Value Loyal,,1.5374,0.6279,0.05,0.1119
C002754,2024-10-02,Mobile App,Mobile App,Central Anatolia,25-34,Gold,1,Growth,,1.504,0.681,0.3908,0.2574
C002755,2024-10-15,Mobile App,Mobile App,Central Anatolia,35-44,Bronze,1,Deal Seeker,,0.7773,0.6371,0.6475,0.1485
C002756,2023-11-03,Mobile App,Mobile App,Marmara,25-34,Silver,1,Routine,2024-11-27,0.6656,0.4737,0.3259,0.1946
C002757,2023-06-09,Mobile App,Mobile App,Southeastern Anatolia,18-24,Bronze,1,Deal Seeker,2023-07-09,0.8209,0.5433,0.8147,0.2209
C002758,2024-04-26,Marketplace,Marketplace,Marmara,18-24,Silver,1,At Risk,2025-09-18,1.1598,0.2226,0.5315,0.5679
C002759,2023-11-23,Mobile App,Mobile App,Black Sea,18-24,Bronze,1,One-time,2024-10-18,0.9289,0.1757,0.7419,0.2627
C002760,2023-12-05,Mobile App,Mobile App,Black Sea,25-34,Bronze,1,Deal Seeker,2024-10-30,1.0288,0.4871,0.8356,0.3247
C002761,2025-12-10,Web,Web,Marmara,18-24,Bronze,1,Deal Seeker,,1.1352,0.6379,0.7403,0.3208
C002762,2024-02-26,Store,Store,Marmara,35-44,Silver,1,Growth,,1.046,0.8231,0.5014,0.2063
C002763,2024-02-10,Web,Web,Mediterranean,18-24,Gold,0,High Value Loyal,,1.3314,0.7442,0.1987,0.204
C002764,2024-05-12,Web,Web,Marmara,35-44,Bronze,1,Routine,2025-08-05,0.7432,0.6344,0.3674,0.2395
C002765,2025-04-15,Marketplace,Marketplace,Aegean,18-24,Platinum,0,High Value Loyal,,1.63,0.7705,0.2334,0.0821
C002766,2025-06-01,Web,Web,Marmara,35-44,Bronze,1,Deal Seeker,,1.1935,0.5208,0.8215,0.1773
C002767,2022-12-15,Mobile App,Mobile App,Black Sea,45-54,Gold,1,Growth,2023-07-13,1.1546,0.7516,0.346,0.0378
C002768,2023-12-23,Marketplace,Marketplace,Marmara,45-54,Silver,0,Growth,,1.0361,0.5754,0.4287,0.2147
C002769,2022-09-25,Mobile App,Mobile App,Marmara,45-54,Gold,1,Growth,2025-11-08,1.2726,0.6528,0.3872,0.1717
C002770,2025-06-23,Mobile App,Mobile App,Marmara,18-24,Silver,1,Growth,,0.9571,0.7557,0.421,0.0937
C002771,2022-02-16,Web,Web,Central Anatolia,45-54,Silver,1,At Risk,,0.6943,0.3609,0.4298,0.4847
C002772,2024-10-11,Store,Store,Southeastern Anatolia,35-44,Gold,1,Growth,2025-05-09,0.9739,0.691,0.4335,0.1906
C002773,2025-05-20,Web,Web,Southeastern Anatolia,55+,Bronze,1,Routine,,0.8357,0.3976,0.3152,0.1284
C002774,2024-12-14,Marketplace,Marketplace,Black Sea,18-24,Silver,1,Routine,2025-05-13,0.6383,0.6448,0.4513,0.1403
C002775,2025-07-22,Marketplace,Marketplace,Marmara,25-34,Bronze,1,Deal Seeker,2025-08-21,0.9863,0.6489,0.8944,0.2262
C002776,2025-12-17,Mobile App,Mobile App,Black Sea,25-34,Bronze,1,One-time,,0.774,0.2804,0.6941,0.3293
C002777,2023-06-16,Store,Store,Marmara,45-54,Gold,1,At Risk,2024-05-11,1.3151,0.3306,0.3912,0.4202
C002778,2022-12-17,Mobile App,Mobile App,Southeastern Anatolia,55+,Gold,1,At Risk,2025-09-02,1.1325,0.3503,0.4645,0.5361
C002779,2024-12-15,Marketplace,Marketplace,Central Anatolia,18-24,Silver,1,Growth,,1.2181,0.7381,0.4142,0.2533
C002780,2023-03-12,Store,Store,Central Anatolia,45-54,Gold,1,At Risk,,1.1195,0.4035,0.3723,0.528
C002781,2025-12-02,Mobile App,Mobile App,Mediterranean,18-24,Silver,1,Deal Seeker,,1.1598,0.5859,0.8045,0.1196
C002782,2023-05-25,Mobile App,Mobile App,Black Sea,45-54,Gold,1,At Risk,2023-08-23,1.2827,0.4209,0.5212,0.5508
C002783,2024-12-20,Marketplace,Marketplace,Aegean,25-34,Silver,1,Routine,,0.6369,0.521,0.3198,0.208
C002784,2024-09-25,Mobile App,Mobile App,Southeastern Anatolia,25-34,Bronze,1,Routine,,0.8286,0.3829,0.376,0.1538
C002785,2024-05-09,Mobile App,Mobile App,Marmara,25-34,Bronze,1,Routine,2025-03-05,0.7769,0.4976,0.4058,0.1877
C002786,2024-02-15,Marketplace,Marketplace,Aegean,35-44,Bronze,1,Routine,2024-03-16,1.025,0.4366,0.2589,0.2776
C002787,2024-12-19,Store,Store,Marmara,45-54,Bronze,1,One-time,2025-10-15,0.6777,0.1818,0.793,0.2533
C002788,2023-11-15,Store,Store,Aegean,45-54,Silver,1,Deal Seeker,,0.9912,0.6364,0.8189,0.2268
C002789,2022-11-05,Web,Web,Aegean,35-44,Gold,1,At Risk,2023-09-01,1.0481,0.5655,0.5381,0.4946
C002790,2022-04-26,Marketplace,Marketplace,Mediterranean,25-34,Gold,1,High Value Loyal,,1.9859,0.7755,0.2095,0.0417
C002791,2025-09-08,Store,Store,Aegean,25-34,Silver,1,Deal Seeker,,0.9322,0.6467,0.8947,0.215
C002792,2023-10-02,Mobile App,Mobile App,Black Sea,35-44,Bronze,1,Deal Seeker,2023-12-01,0.6471,0.6905,0.7842,0.3079
C002793,2024-11-08,Store,Store,Central Anatolia,55+,Silver,1,Routine,2025-08-05,0.9682,0.5907,0.3411,0.2517
C002794,2023-09-19,Marketplace,Marketplace,Aegean,45-54,Silver,1,Growth,2024-03-17,1.0235,0.8267,0.3891,0.2225
C002795,2024-11-01,Store,Store,Central Anatolia,35-44,Bronze,1,One-time,2025-07-29,0.8788,0.3337,0.8639,0.3295
C002796,2024-01-19,Marketplace,Marketplace,Southeastern Anatolia,25-34,Silver,1,Deal Seeker,2024-02-18,0.7382,0.5694,0.8155,0.2637
C002797,2023-08-10,Mobile App,Mobile App,Marmara,18-24,Silver,0,Deal Seeker,,0.9342,0.6164,0.7462,0.1654
C002798,2024-10-24,Web,Web,Marmara,35-44,Silver,1,Growth,,1.0757,0.5947,0.3026,0.048
C002799,2023-04-05,Web,Web,Southeastern Anatolia,45-54,Silver,0,At Risk,2023-12-31,1.2109,0.3501,0.3044,0.4724
C002800,2025-08-06,Marketplace,Marketplace,Central Anatolia,35-44,Bronze,1,One-time,,0.5266,0.1931,0.7028,0.1682
C002801,2023-06-05,Web,Web,Marmara,35-44,Silver,1,Deal Seeker,,0.8118,0.6302,0.9476,0.3127
C002802,2022-08-19,Web,Web,Marmara,18-24,Bronze,1,One-time,2022-09-18,0.9398,0.2284,0.6692,0.3617
C002803,2025-03-09,Marketplace,Marketplace,Central Anatolia,35-44,Silver,1,Routine,,0.8515,0.5033,0.4406,0.1305
C002804,2025-01-22,Mobile App,Mobile App,Aegean,25-34,Platinum,1,High Value Loyal,,2.232,0.935,0.1528,0.1813
C002805,2025-08-19,Marketplace,Marketplace,Marmara,45-54,Gold,1,Growth,,1.1354,0.5956,0.2776,0.1609
C002806,2025-09-10,Web,Web,Mediterranean,45-54,Silver,1,Routine,,0.6734,0.5206,0.2093,0.0548
C002807,2022-07-23,Marketplace,Marketplace,Mediterranean,45-54,Gold,1,At Risk,2025-02-07,0.8228,0.3935,0.4276,0.5855
C002808,2022-04-12,Web,Web,Aegean,18-24,Silver,1,Growth,2025-04-26,1.1533,0.68,0.3094,0.2809
C002809,2024-07-26,Mobile App,Mobile App,Aegean,18-24,Bronze,1,Routine,,0.6005,0.5428,0.3404,0.2957
C002810,2024-02-03,Marketplace,Marketplace,Black Sea,55+,Gold,1,High Value Loyal,,2.0302,0.98,0.3618,0.0655
C002811,2022-01-14,Web,Web,Black Sea,25-34,Silver,1,At Risk,2022-08-12,0.7898,0.4175,0.4828,0.4279
C002812,2024-04-14,Mobile App,Mobile App,Marmara,35-44,Bronze,1,Routine,2024-08-12,0.6251,0.494,0.271,0.1839
C002813,2025-02-17,Web,Web,Marmara,18-24,Platinum,1,High Value Loyal,2025-03-19,1.7959,0.7724,0.2115,0.1103
C002814,2023-04-18,Marketplace,Marketplace,Mediterranean,35-44,Gold,1,Growth,2024-12-08,1.6184,0.6488,0.3981,0.1578
C002815,2025-07-15,Store,Store,Marmara,45-54,Silver,1,Routine,,0.8569,0.4568,0.2626,0.2301
C002816,2023-01-13,Web,Web,Marmara,35-44,Gold,1,Growth,2023-08-11,1.493,0.7522,0.405,0.2421
C002817,2024-12-05,Web,Web,Mediterranean,45-54,Silver,1,Growth,,1.1881,0.6851,0.2241,0.1478
C002818,2025-06-15,Store,Store,Mediterranean,25-34,Gold,1,Growth,,0.9247,0.525,0.4642,0.2823
C002819,2023-05-10,Marketplace,Marketplace,Mediterranean,45-54,Silver,1,Routine,,0.6674,0.5756,0.2819,0.2496
C002820,2024-10-24,Web,Web,Eastern Anatolia,25-34,Bronze,1,Deal Seeker,2024-11-23,1.113,0.5677,0.8033,0.2851
C002821,2022-10-03,Web,Web,Black Sea,35-44,Gold,1,Growth,,1.342,0.5417,0.2492,0.1636
C002822,2023-10-22,Marketplace,Marketplace,Mediterranean,35-44,Platinum,1,High Value Loyal,,1.2458,0.6868,0.1437,0.1159
C002823,2024-03-12,Mobile App,Mobile App,Marmara,25-34,Gold,1,Growth,,0.9217,0.6178,0.4448,0.2265
C002824,2022-12-10,Web,Web,Marmara,35-44,Gold,1,Growth,2024-06-02,1.2146,0.774,0.4958,0.2334
C002825,2025-08-04,Marketplace,Marketplace,Central Anatolia,55+,Silver,1,Deal Seeker,,0.9292,0.601,0.8623,0.2235
C002826,2025-11-11,Mobile App,Mobile App,Marmara,18-24,Gold,1,Growth,,1.2264,0.6749,0.3212,0.1733
C002827,2025-12-21,Store,Store,Aegean,35-44,Silver,0,At Risk,,1.0081,0.3953,0.4204,0.3922
C002828,2024-09-14,Store,Store,Southeastern Anatolia,25-34,Gold,1,At Risk,,0.8461,0.2951,0.4601,0.4172
C002829,2024-06-13,Store,Store,Marmara,25-34,Bronze,1,Routine,,0.9135,0.5153,0.4674,0.1991
C002830,2023-10-24,Web,Web,Marmara,35-44,Silver,1,Routine,,0.721,0.5627,0.2462,0.1455
C002831,2022-10-23,Web,Web,Marmara,18-24,Gold,1,At Risk,2023-04-21,0.751,0.3269,0.3235,0.434
C002832,2025-08-02,Marketplace,Marketplace,Marmara,25-34,Silver,1,Routine,,0.81,0.626,0.2112,0.2161
C002833,2022-02-05,Store,Store,Mediterranean,25-34,Bronze,1,Deal Seeker,2023-04-01,0.8856,0.6095,0.6187,0.2174
C002834,2024-06-16,Marketplace,Marketplace,Marmara,25-34,Bronze,1,Routine,,0.8183,0.4688,0.2217,0.1443
C002835,2022-12-12,Marketplace,Marketplace,Eastern Anatolia,45-54,Silver,1,Growth,,1.0642,0.665,0.3648,0.1839
C002836,2023-09-23,Web,Web,Southeastern Anatolia,25-34,Bronze,1,Routine,2025-01-15,0.7267,0.5948,0.351,0.2037
C002837,2024-05-03,Marketplace,Marketplace,Marmara,35-44,Platinum,1,High Value Loyal,,1.2946,0.7816,0.2008,0.0544
C002838,2025-03-07,Marketplace,Marketplace,Central Anatolia,45-54,Bronze,1,One-time,,0.5059,0.2634,0.6187,0.1941
C002839,2022-05-01,Mobile App,Mobile App,Mediterranean,45-54,Bronze,1,Deal Seeker,2023-07-25,0.8812,0.5877,0.9491,0.1979
C002840,2025-04-23,Web,Web,Central Anatolia,35-44,Bronze,1,One-time,2025-05-23,0.6419,0.2672,0.7497,0.3806
C002841,2024-01-26,Marketplace,Marketplace,Aegean,55+,Bronze,1,Routine,2024-09-22,1.0531,0.5347,0.3513,0.1364
C002842,2022-10-23,Web,Web,Southeastern Anatolia,18-24,Gold,1,At Risk,2023-05-21,0.8693,0.2679,0.3094,0.5262
C002843,2025-04-01,Store,Store,Marmara,45-54,Gold,1,Growth,,1.081,0.7465,0.4065,0.1301
C002844,2022-04-21,Mobile App,Mobile App,Marmara,35-44,Bronze,1,One-time,2022-05-21,0.5168,0.255,0.7577,0.2935
C002845,2023-04-26,Marketplace,Marketplace,Marmara,45-54,Silver,1,Deal Seeker,2024-03-21,0.8849,0.5767,0.8416,0.1651
C002846,2024-01-25,Web,Web,Southeastern Anatolia,35-44,Gold,0,Growth,2025-01-19,1.1709,0.6695,0.2992,0.1106
C002847,2023-10-23,Web,Web,Central Anatolia,18-24,Bronze,1,Routine,2025-10-12,0.8281,0.5149,0.3168,0.1918
C002848,2023-10-03,Web,Web,Marmara,25-34,Silver,1,Growth,2025-08-23,1.0279,0.7861,0.3168,0.1951
C002849,2023-04-09,Store,Store,Central Anatolia,25-34,Bronze,1,Deal Seeker,,0.9719,0.5935,0.69,0.1319
C002850,2025-12-19,Web,Web,Central Anatolia,35-44,Silver,1,Growth,,1.2223,0.607,0.4211,0.1796
C002851,2025-04-07,Web,Web,Southeastern Anatolia,25-34,Silver,1,At Risk,2025-06-06,0.9934,0.513,0.4825,0.4373
C002852,2025-08-04,Mobile App,Mobile App,Marmara,55+,Bronze,1,Deal Seeker,,1.06,0.581,0.7337,0.3732
C002853,2024-07-15,Mobile App,Mobile App,Marmara,35-44,Silver,1,Routine,,1.0799,0.3971,0.4046,0.3117
C002854,2025-07-01,Mobile App,Mobile App,Marmara,25-34,Gold,1,High Value Loyal,,1.7772,0.8382,0.2914,0.1423
C002855,2022-02-12,Mobile App,Mobile App,Central Anatolia,35-44,Silver,1,Routine,2022-08-11,0.8536,0.6481,0.515,0.0948
C002856,2025-06-15,Store,Store,Aegean,35-44,Silver,1,Routine,,0.9984,0.4251,0.2646,0.2462
C002857,2023-04-04,Web,Web,Marmara,45-54,Bronze,1,One-time,2023-12-30,0.8217,0.2346,0.6572,0.2848
C002858,2023-06-14,Mobile App,Mobile App,Central Anatolia,25-34,Platinum,1,High Value Loyal,,1.2464,0.98,0.0891,0.1194
C002859,2023-05-14,Store,Store,Marmara,35-44,Silver,1,Growth,2023-11-10,1.0688,0.6024,0.2175,0.2178
C002860,2024-11-24,Marketplace,Marketplace,Black Sea,25-34,Gold,1,Growth,,1.1433,0.8092,0.175,0.2076
C002861,2024-06-23,Mobile App,Mobile App,Eastern Anatolia,18-24,Silver,1,Deal Seeker,,1.0803,0.612,0.8127,0.3276
C002862,2022-02-15,Mobile App,Mobile App,Mediterranean,25-34,Gold,1,High Value Loyal,2023-03-12,1.3895,0.9498,0.1513,0.1202
C002863,2023-07-26,Web,Web,Marmara,45-54,Silver,1,Routine,,0.5674,0.3611,0.4728,0.2039
C002864,2022-11-10,Store,Store,Southeastern Anatolia,45-54,Bronze,0,Routine,2022-12-10,0.6023,0.5397,0.3596,0.1977
C002865,2024-05-19,Web,Web,Central Anatolia,25-34,Bronze,0,Routine,,0.8786,0.5441,0.1749,0.1412
C002866,2025-08-19,Web,Web,Central Anatolia,35-44,Bronze,1,One-time,,0.5925,0.3236,0.6282,0.3653
C002867,2024-09-10,Web,Web,Aegean,45-54,Bronze,1,Deal Seeker,2025-03-09,0.7284,0.7024,0.8923,0.1618
C002868,2023-04-23,Store,Store,Central Anatolia,35-44,Silver,1,Routine,2023-06-22,0.8506,0.5338,0.3499,0.1151
C002869,2023-05-04,Store,Store,Central Anatolia,35-44,Bronze,1,One-time,2024-04-28,0.7249,0.4236,0.6025,0.347
C002870,2025-05-26,Mobile App,Mobile App,Aegean,45-54,Gold,1,High Value Loyal,,1.6816,0.7777,0.1796,0.1175
C002871,2023-08-15,Web,Web,Aegean,55+,Silver,1,Deal Seeker,,0.797,0.6302,0.9013,0.2271
C002872,2023-12-11,Web,Web,Mediterranean,25-34,Silver,0,Routine,2024-03-10,0.6381,0.5226,0.3028,0.1354
C002873,2025-02-09,Mobile App,Mobile App,Marmara,25-34,Silver,1,Growth,,1.5854,0.6235,0.3349,0.2423
C002874,2025-12-19,Marketplace,Marketplace,Central Anatolia,25-34,Silver,1,Growth,,1.0959,0.7231,0.2735,0.1645
C002875,2023-06-07,Mobile App,Mobile App,Aegean,45-54,Bronze,1,Routine,,0.9559,0.4937,0.292,0.3343
C002876,2023-04-24,Web,Web,Mediterranean,25-34,Silver,1,At Risk,2023-10-21,1.0648,0.4592,0.3649,0.5713
C002877,2024-12-14,Marketplace,Marketplace,Mediterranean,25-34,Gold,1,High Value Loyal,,2.1655,0.8238,0.1809,0.1333
C002878,2025-03-11,Web,Web,Mediterranean,35-44,Gold,1,High Value Loyal,,1.2329,0.8087,0.2797,0.0953
C002879,2023-11-07,Marketplace,Marketplace,Southeastern Anatolia,18-24,Silver,1,Routine,,1.144,0.5364,0.3854,0.3118
C002880,2024-04-26,Mobile App,Mobile App,Southeastern Anatolia,45-54,Bronze,1,One-time,2024-05-26,0.6499,0.2279,0.6523,0.2666
C002881,2022-08-04,Web,Web,Black Sea,25-34,Silver,1,Routine,2025-02-19,0.7671,0.4016,0.4203,0.2362
C002882,2023-08-24,Mobile App,Mobile App,Marmara,55+,Silver,1,At Risk,2025-02-14,1.1457,0.3949,0.365,0.4737
C002883,2022-10-20,Web,Web,Southeastern Anatolia,25-34,Bronze,1,Routine,2023-03-19,0.7027,0.5083,0.6055,0.0879
C002884,2022-11-08,Mobile App,Mobile App,Marmara,45-54,Bronze,1,Deal Seeker,2025-08-24,0.9244,0.5859,0.8168,0.2374
C002885,2022-06-05,Marketplace,Marketplace,Mediterranean,35-44,Silver,1,Deal Seeker,2022-07-05,0.996,0.4777,0.8236,0.2078
C002886,2024-12-24,Web,Web,Marmara,18-24,Bronze,1,Deal Seeker,,0.9196,0.5225,0.7181,0.2629
C002887,2022-06-03,Web,Web,Marmara,45-54,Gold,1,At Risk,2022-10-01,1.2169,0.386,0.6193,0.4505
C002888,2024-11-06,Web,Web,Marmara,25-34,Silver,1,Deal Seeker,2025-12-31,0.8502,0.5836,0.8417,0.1913
C002889,2022-09-19,Web,Web,Marmara,25-34,Gold,1,High Value Loyal,2025-05-06,1.3994,0.7836,0.1664,0.02
C002890,2024-05-19,Marketplace,Marketplace,Southeastern Anatolia,35-44,Silver,1,At Risk,2025-02-13,1.3194,0.57,0.4502,0.4526
C002891,2025-04-04,Marketplace,Marketplace,Marmara,35-44,Silver,1,Growth,,1.3548,0.5464,0.509,0.1237
C002892,2025-06-15,Web,Web,Marmara,25-34,Gold,1,Growth,,0.7255,0.6622,0.3503,0.1054
C002893,2024-02-18,Web,Web,Marmara,25-34,Bronze,1,Routine,,0.7392,0.6054,0.4464,0.1742
C002894,2024-06-16,Web,Web,Marmara,25-34,Bronze,1,Routine,,1.0365,0.4444,0.3896,0.1259
C002895,2025-02-14,Mobile App,Mobile App,Black Sea,55+,Silver,1,Growth,,1.1393,0.7421,0.4311,0.1155
C002896,2025-12-10,Web,Web,Mediterranean,25-34,Gold,0,High Value Loyal,,1.6486,0.8425,0.3106,0.141
C002897,2025-08-25,Web,Web,Marmara,25-34,Silver,1,Routine,,0.7697,0.5001,0.3718,0.0918
C002898,2025-09-01,Marketplace,Marketplace,Central Anatolia,25-34,Silver,1,Routine,,0.7309,0.5876,0.3921,0.2746
C002899,2022-11-12,Marketplace,Marketplace,Eastern Anatolia,35-44,Platinum,0,High Value Loyal,2023-07-10,2.0247,0.7611,0.2434,0.2314
C002900,2022-02-03,Marketplace,Marketplace,Mediterranean,18-24,Bronze,0,Deal Seeker,,0.9076,0.5906,0.8027,0.1415
C002901,2025-03-01,Mobile App,Mobile App,Marmara,18-24,Platinum,1,High Value Loyal,,1.4927,0.7596,0.4314,0.1881
C002902,2024-11-09,Mobile App,Mobile App,Black Sea,18-24,Gold,1,Growth,2024-12-09,1.2608,0.6849,0.4653,0.056
C002903,2024-08-17,Marketplace,Marketplace,Mediterranean,35-44,Gold,1,At Risk,2025-10-11,0.9145,0.4282,0.4303,0.6448
C002904,2024-01-03,Mobile App,Mobile App,Marmara,35-44,Gold,1,High Value Loyal,,1.3523,0.7114,0.3125,0.0828
C002905,2025-08-18,Web,Web,Aegean,35-44,Gold,1,High Value Loyal,,1.59,0.79,0.2428,0.1071
C002906,2024-07-24,Web,Web,Aegean,35-44,Silver,1,Routine,,0.754,0.5227,0.3249,0.1572
C002907,2023-06-13,Marketplace,Marketplace,Central Anatolia,25-34,Bronze,0,Routine,2023-12-10,0.7554,0.5499,0.1725,0.1173
C002908,2024-05-17,Web,Web,Central Anatolia,25-34,Bronze,1,Routine,,0.7628,0.4862,0.349,0.2031
C002909,2023-09-07,Marketplace,Marketplace,Marmara,25-34,Silver,1,Growth,,1.0265,0.5421,0.2922,0.0477
C002910,2022-12-13,Web,Web,Marmara,35-44,Silver,1,At Risk,2023-03-13,0.8005,0.3242,0.3413,0.5267
C002911,2025-11-18,Marketplace,Marketplace,Marmara,25-34,Bronze,1,Routine,,0.7267,0.6353,0.3323,0.2378
C002912,2024-04-12,Marketplace,Marketplace,Marmara,25-34,Silver,1,Growth,,1.2238,0.6051,0.5149,0.1285
C002913,2025-02-10,Mobile App,Mobile App,Black Sea,25-34,Bronze,1,Deal Seeker,,1.0042,0.5332,0.9069,0.2638
C002914,2023-09-11,Marketplace,Marketplace,Central Anatolia,18-24,Silver,0,Routine,,0.8085,0.4923,0.3648,0.1717
C002915,2023-11-10,Mobile App,Mobile App,Mediterranean,35-44,Silver,1,At Risk,,1.2214,0.2998,0.4011,0.5144
C002916,2023-07-10,Marketplace,Marketplace,Eastern Anatolia,35-44,Silver,1,Growth,,1.207,0.6271,0.4533,0.2684
C002917,2023-04-17,Mobile App,Mobile App,Black Sea,55+,Silver,1,Growth,,1.4182,0.5714,0.28,0.1785
C002918,2024-09-26,Web,Web,Central Anatolia,25-34,Silver,1,Routine,,0.8589,0.513,0.443,0.1461
C002919,2022-11-02,Marketplace,Marketplace,Aegean,18-24,Bronze,1,Routine,,0.7405,0.6003,0.2823,0.2372
C002920,2023-06-07,Mobile App,Mobile App,Black Sea,25-34,Silver,1,At Risk,,0.8897,0.3094,0.4234,0.4516
C002921,2022-07-09,Marketplace,Marketplace,Aegean,25-34,Bronze,1,Routine,,0.8084,0.4437,0.4955,0.1652
C002922,2025-12-12,Mobile App,Mobile App,Mediterranean,35-44,Silver,1,At Risk,,1.0999,0.3133,0.357,0.5634
C002923,2024-12-16,Mobile App,Mobile App,Black Sea,25-34,Silver,1,Routine,,0.8654,0.3785,0.2882,0.1114
C002924,2024-01-26,Mobile App,Mobile App,Central Anatolia,35-44,Bronze,1,Routine,,0.5547,0.5443,0.4369,0.2076
C002925,2024-11-05,Mobile App,Mobile App,Eastern Anatolia,35-44,Silver,1,Deal Seeker,,1.0884,0.5851,0.8133,0.3049
C002926,2022-05-03,Web,Web,Marmara,25-34,Silver,1,Growth,2025-05-17,1.7845,0.718,0.1986,0.1725
C002927,2024-01-11,Mobile App,Mobile App,Marmara,25-34,Bronze,1,Routine,,0.7031,0.4116,0.3849,0.2209
C002928,2025-01-14,Mobile App,Mobile App,Marmara,18-24,Bronze,1,One-time,2025-02-13,0.9052,0.3322,0.4991,0.2868
C002929,2025-09-02,Web,Web,Central Anatolia,35-44,Bronze,1,Routine,,1.0259,0.5628,0.3238,0.264
C002930,2024-01-21,Web,Web,Mediterranean,25-34,Silver,1,Growth,,0.8945,0.555,0.5912,0.1288
C002931,2023-10-26,Web,Web,Black Sea,25-34,Gold,1,At Risk,2023-12-25,0.9208,0.3682,0.4711,0.6521
C002932,2023-12-06,Store,Store,Aegean,25-34,Silver,1,Deal Seeker,2025-06-28,0.8847,0.6425,0.8306,0.1746
C002933,2024-04-07,Mobile App,Mobile App,Central Anatolia,45-54,Bronze,1,Deal Seeker,,0.7893,0.5152,0.8803,0.2481
C002934,2025-11-11,Mobile App,Mobile App,Central Anatolia,35-44,Bronze,1,Deal Seeker,,0.7804,0.6528,0.7791,0.1892
C002935,2022-06-08,Mobile App,Mobile App,Mediterranean,18-24,Silver,1,Growth,2025-12-19,0.9095,0.707,0.3081,0.1826
C002936,2024-12-23,Store,Store,Aegean,35-44,Silver,1,At Risk,,1.2056,0.4396,0.5765,0.4623
C002937,2025-11-25,Web,Web,Marmara,35-44,Platinum,1,High Value Loyal,,1.9807,0.8881,0.2834,0.02
C002938,2025-12-11,Marketplace,Marketplace,Southeastern Anatolia,25-34,Gold,1,Growth,,1.1233,0.6694,0.4446,0.1699
C002939,2024-07-04,Marketplace,Marketplace,Aegean,35-44,Platinum,1,High Value Loyal,,1.1636,0.8094,0.1964,0.0665
C002940,2025-05-05,Marketplace,Marketplace,Marmara,55+,Bronze,1,Deal Seeker,,0.7369,0.6692,0.6095,0.1529
C002941,2023-11-10,Mobile App,Mobile App,Marmara,55+,Bronze,1,Routine,2024-11-04,0.7653,0.486,0.4578,0.1842
C002942,2023-08-18,Mobile App,Mobile App,Black Sea,35-44,Gold,1,Growth,,1.0417,0.7478,0.547,0.1985
C002943,2025-09-24,Marketplace,Marketplace,Aegean,25-34,Silver,1,Growth,,1.0865,0.6816,0.5254,0.2642
C002944,2023-04-12,Web,Web,Marmara,35-44,Bronze,1,Routine,,0.7095,0.5038,0.4211,0.1292
C002945,2022-10-09,Web,Web,Mediterranean,18-24,Silver,1,At Risk,2022-11-08,0.8875,0.2191,0.4225,0.4845
C002946,2023-06-07,Marketplace,Marketplace,Aegean,55+,Bronze,0,Routine,2024-09-29,0.9148,0.4323,0.4227,0.2025
C002947,2023-12-09,Mobile App,Mobile App,Eastern Anatolia,25-34,Bronze,1,Routine,2024-03-08,0.936,0.4555,0.5421,0.1999
C002948,2023-02-14,Store,Store,Marmara,35-44,Silver,0,Deal Seeker,2024-07-08,0.9465,0.6489,0.7951,0.2172
C002949,2022-03-08,Marketplace,Marketplace,Aegean,35-44,Bronze,1,One-time,2022-12-03,1.0478,0.2104,0.4453,0.2765
C002950,2023-12-09,Marketplace,Marketplace,Marmara,18-24,Silver,1,Growth,2024-03-08,0.9513,0.5694,0.3178,0.1965
C002951,2022-08-11,Marketplace,Marketplace,Mediterranean,45-54,Gold,1,High Value Loyal,,2.2013,0.8221,0.1095,0.0887
C002952,2023-01-23,Mobile App,Mobile App,Aegean,25-34,Silver,1,Growth,,1.1527,0.6029,0.2287,0.1691
C002953,2024-10-08,Mobile App,Mobile App,Mediterranean,25-34,Gold,1,Growth,,1.5154,0.7253,0.4001,0.2014
C002954,2024-09-15,Marketplace,Marketplace,Eastern Anatolia,18-24,Silver,1,At Risk,2025-03-14,1.1225,0.2411,0.4708,0.5141
C002955,2024-12-01,Web,Web,Black Sea,25-34,Silver,1,Growth,,1.2023,0.794,0.2213,0.1881
C002956,2022-07-21,Web,Web,Black Sea,25-34,Bronze,1,One-time,2022-11-18,0.6551,0.3024,0.6953,0.3484
C002957,2025-03-09,Marketplace,Marketplace,Marmara,18-24,Platinum,1,High Value Loyal,,1.2134,0.858,0.4866,0.1128
C002958,2025-10-26,Store,Store,Aegean,25-34,Bronze,1,Routine,2025-11-25,0.9119,0.5259,0.3253,0.1427
C002959,2025-10-05,Web,Web,Eastern Anatolia,18-24,Silver,1,Routine,,0.8003,0.5146,0.5076,0.0237
C002960,2022-07-10,Mobile App,Mobile App,Black Sea,45-54,Bronze,1,Routine,2023-04-06,0.7767,0.4561,0.5029,0.2009
C002961,2024-09-22,Mobile App,Mobile App,Marmara,55+,Gold,1,Growth,,0.9825,0.7354,0.3733,0.159
C002962,2025-10-03,Mobile App,Mobile App,Mediterranean,25-34,Silver,0,Growth,,1.1791,0.7035,0.3787,0.1334
C002963,2023-09-11,Mobile App,Mobile App,Mediterranean,55+,Silver,1,Growth,2025-08-31,1.0292,0.6823,0.3269,0.1111
C002964,2024-08-26,Marketplace,Marketplace,Black Sea,18-24,Gold,1,At Risk,2024-09-25,1.0333,0.3135,0.4148,0.4088
C002965,2025-06-08,Marketplace,Marketplace,Marmara,35-44,Gold,1,At Risk,,1.1653,0.292,0.4397,0.583
C002966,2023-02-03,Web,Web,Marmara,45-54,Gold,1,Growth,,1.1082,0.6114,0.3807,0.2152
C002967,2024-08-19,Mobile App,Mobile App,Central Anatolia,35-44,Bronze,1,One-time,2024-11-17,0.5984,0.1938,0.6573,0.303
C002968,2024-07-22,Web,Web,Southeastern Anatolia,35-44,Silver,0,Routine,2024-08-21,1.0053,0.4982,0.2094,0.2485
C002969,2023-01-10,Mobile App,Mobile App,Marmara,25-34,Silver,1,Growth,2025-10-26,1.4538,0.6793,0.4174,0.2182
C002970,2022-10-11,Mobile App,Mobile App,Eastern Anatolia,25-34,Bronze,0,Deal Seeker,,0.9881,0.5729,0.8318,0.2613
C002971,2024-10-09,Mobile App,Mobile App,Black Sea,25-34,Gold,1,Growth,,1.4045,0.7789,0.2025,0.1865
C002972,2025-01-13,Web,Web,Mediterranean,25-34,Silver,1,Growth,,1.3565,0.8394,0.3998,0.2565
C002973,2023-11-01,Store,Store,Aegean,35-44,Silver,1,Growth,2024-02-29,1.0118,0.708,0.4552,0.2261
C002974,2023-11-25,Marketplace,Marketplace,Marmara,45-54,Bronze,1,Deal Seeker,2025-10-15,0.9549,0.6442,0.6047,0.1515
C002975,2022-12-08,Mobile App,Mobile App,Marmara,25-34,Platinum,1,High Value Loyal,,2.2802,0.7396,0.1204,0.1146
C002976,2025-11-21,Mobile App,Mobile App,Marmara,55+,Bronze,1,Deal Seeker,,0.8774,0.4234,0.8437,0.2731
C002977,2025-05-23,Web,Web,Marmara,35-44,Bronze,1,Routine,,0.8936,0.6747,0.3929,0.2923
C002978,2024-10-17,Store,Store,Marmara,35-44,Gold,0,At Risk,,0.7931,0.3347,0.5727,0.5933
C002979,2023-10-21,Mobile App,Mobile App,Central Anatolia,25-34,Silver,1,Routine,,0.7553,0.5996,0.2313,0.1126
C002980,2024-12-23,Web,Web,Aegean,35-44,Gold,0,Growth,2025-01-22,1.3087,0.6921,0.2863,0.1968
C002981,2024-03-12,Web,Web,Black Sea,18-24,Silver,1,Deal Seeker,,0.8098,0.7279,0.7828,0.1873
C002982,2025-01-11,Mobile App,Mobile App,Aegean,55+,Silver,1,Routine,,1.0489,0.6244,0.3176,0.1896
C002983,2022-12-08,Web,Web,Central Anatolia,25-34,Silver,1,Growth,,1.2331,0.6459,0.3281,0.1606
C002984,2022-01-22,Mobile App,Mobile App,Marmara,18-24,Bronze,1,Routine,,0.8718,0.591,0.3388,0.1912
C002985,2025-12-13,Web,Web,Marmara,35-44,Silver,1,Growth,,1.1472,0.6394,0.4119,0.1801
C002986,2023-07-24,Mobile App,Mobile App,Marmara,45-54,Platinum,1,High Value Loyal,,1.68,0.7874,0.1517,0.1584
C002987,2023-10-21,Mobile App,Mobile App,Marmara,45-54,Gold,1,Growth,,0.963,0.7752,0.408,0.0955
C002988,2023-12-13,Marketplace,Marketplace,Central Anatolia,25-34,Bronze,1,Routine,2025-05-06,1.0108,0.3296,0.6377,0.2124
C002989,2022-10-15,Web,Web,Southeastern Anatolia,45-54,Bronze,1,Deal Seeker,,1.0824,0.6221,0.737,0.1165
C002990,2023-03-15,Marketplace,Marketplace,Southeastern Anatolia,55+,Bronze,1,Deal Seeker,2023-04-14,0.8922,0.7362,0.8748,0.3274
C002991,2024-12-09,Marketplace,Marketplace,Black Sea,35-44,Silver,1,Growth,,0.8256,0.6632,0.5345,0.177
C002992,2024-12-20,Mobile App,Mobile App,Black Sea,35-44,Silver,1,Growth,,1.2845,0.7367,0.2266,0.1932
C002993,2025-04-26,Mobile App,Mobile App,Marmara,55+,Silver,1,Routine,,0.6699,0.5885,0.3769,0.2338
C002994,2022-07-11,Mobile App,Mobile App,Marmara,25-34,Gold,1,At Risk,2022-08-10,1.0824,0.3747,0.5751,0.5215
C002995,2022-06-09,Web,Web,Aegean,18-24,Silver,0,Routine,,1.185,0.6547,0.3966,0.0735
C002996,2024-10-26,Mobile App,Mobile App,Mediterranean,35-44,Bronze,1,One-time,2024-11-25,0.7813,0.3264,0.8311,0.2746
C002997,2023-01-09,Mobile App,Mobile App,Marmara,25-34,Silver,1,Growth,2023-10-06,1.1714,0.7107,0.4721,0.1689
C002998,2024-08-09,Web,Web,Eastern Anatolia,35-44,Silver,1,Routine,,0.7704,0.4856,0.3503,0.2097
C002999,2023-07-03,Marketplace,Marketplace,Mediterranean,45-54,Silver,1,Growth,,0.9826,0.6182,0.3522,0.1731
C003000,2024-12-10,Store,Store,Marmara,35-44,Bronze,1,Routine,,0.8002,0.6948,0.4258,0.1979
C003001,2024-09-18,Store,Store,Marmara,25-34,Bronze,1,Deal Seeker,,1.0015,0.5927,0.8544,0.3173
C003002,2023-08-05,Mobile App,Mobile App,Marmara,25-34,Silver,1,Growth,,1.5701,0.6878,0.2871,0.1784
C003003,2025-10-21,Mobile App,Mobile App,Mediterranean,18-24,Silver,1,Routine,2025-11-20,0.7526,0.7251,0.373,0.3216
C003004,2023-04-13,Web,Web,Aegean,35-44,Silver,1,Routine,,0.915,0.6657,0.3808,0.2391
C003005,2024-11-21,Marketplace,Marketplace,Marmara,25-34,Silver,1,Growth,2025-09-17,1.4486,0.7898,0.5015,0.02
C003006,2023-11-19,Mobile App,Mobile App,Central Anatolia,35-44,Silver,1,Growth,2024-05-17,1.177,0.7704,0.3895,0.2329
C003007,2025-08-21,Mobile App,Mobile App,Mediterranean,35-44,Bronze,1,Deal Seeker,,0.5619,0.7041,0.7379,0.2521
C003008,2024-02-25,Store,Store,Marmara,45-54,Bronze,1,Deal Seeker,2024-05-25,1.1981,0.6901,0.8803,0.1898
C003009,2025-04-08,Web,Web,Marmara,18-24,Silver,1,Deal Seeker,2025-08-06,1.0162,0.649,0.7163,0.2208
C003010,2025-09-24,Marketplace,Marketplace,Marmara,25-34,Bronze,1,Deal Seeker,,0.7153,0.6094,0.7566,0.2366
C003011,2025-07-01,Mobile App,Mobile App,Aegean,25-34,Silver,1,At Risk,2025-07-31,1.1695,0.2462,0.4576,0.4054
C003012,2025-03-07,Web,Web,Central Anatolia,45-54,Bronze,1,Routine,,1.5146,0.6155,0.383,0.2181
C003013,2022-10-26,Store,Store,Central Anatolia,25-34,Silver,1,Deal Seeker,2025-02-12,0.8568,0.8056,0.7048,0.2764
C003014,2025-11-22,Mobile App,Mobile App,Marmara,18-24,Gold,1,High Value Loyal,,1.5894,0.7778,0.131,0.0668
C003015,2022-10-16,Store,Store,Southeastern Anatolia,45-54,Gold,1,Growth,2024-08-06,1.4714,0.5939,0.3336,0.3606
C003016,2023-04-12,Marketplace,Marketplace,Marmara,25-34,Silver,1,Growth,,1.3922,0.7221,0.4578,0.02
C003017,2025-06-13,Web,Web,Central Anatolia,18-24,Gold,1,Growth,,0.8638,0.7235,0.3653,0.1939
C003018,2023-09-26,Web,Web,Marmara,45-54,Bronze,1,Routine,2024-08-21,1.028,0.5668,0.2593,0.1396
C003019,2022-03-22,Store,Store,Marmara,35-44,Silver,1,Growth,2024-05-10,1.2465,0.7093,0.5257,0.2145
C003020,2022-12-24,Store,Store,Central Anatolia,25-34,Bronze,0,Deal Seeker,2023-03-24,1.0817,0.6798,0.7773,0.1757
C003021,2024-10-05,Mobile App,Mobile App,Southeastern Anatolia,18-24,Silver,1,Growth,2024-11-04,1.5738,0.6759,0.3809,0.1411
C003022,2025-05-20,Mobile App,Mobile App,Central Anatolia,18-24,Bronze,1,Deal Seeker,,1.2029,0.6811,0.709,0.2852
C003023,2023-09-08,Mobile App,Mobile App,Marmara,35-44,Silver,1,Routine,2023-10-08,0.722,0.601,0.3114,0.1168
C003024,2022-11-05,Mobile App,Mobile App,Marmara,45-54,Bronze,1,Routine,2023-08-02,0.742,0.5641,0.2606,0.2102
C003025,2023-09-19,Mobile App,Mobile App,Aegean,25-34,Bronze,1,Routine,,0.8098,0.5537,0.3603,0.2769
C003026,2022-03-04,Mobile App,Mobile App,Marmara,45-54,Bronze,1,Deal Seeker,,1.0151,0.5845,0.8567,0.1958
C003027,2024-12-04,Web,Web,Black Sea,45-54,Silver,1,Growth,,1.2438,0.721,0.4116,0.278
C003028,2025-08-10,Web,Web,Central Anatolia,18-24,Silver,1,Growth,,1.1665,0.703,0.2883,0.2193
C003029,2022-11-26,Web,Web,Aegean,35-44,Platinum,1,High Value Loyal,,2.2814,0.8621,0.178,0.177
C003030,2025-04-11,Mobile App,Mobile App,Central Anatolia,35-44,Bronze,1,Routine,2025-11-07,0.9075,0.4183,0.4018,0.3736
C003031,2023-01-13,Marketplace,Marketplace,Marmara,35-44,Bronze,1,One-time,2023-05-13,0.7684,0.3161,0.6896,0.2483
C003032,2022-04-21,Web,Web,Central Anatolia,55+,Silver,1,At Risk,2023-09-13,1.4887,0.3101,0.5841,0.4265
C003033,2025-01-01,Web,Web,Mediterranean,18-24,Silver,1,At Risk,,0.9665,0.2713,0.3436,0.4738
C003034,2025-06-14,Web,Web,Black Sea,45-54,Gold,1,High Value Loyal,,1.5483,0.8718,0.2415,0.02
C003035,2024-05-09,Mobile App,Mobile App,Aegean,55+,Silver,1,Growth,,1.2832,0.7071,0.5505,0.0717
C003036,2024-12-21,Mobile App,Mobile App,Marmara,55+,Silver,1,Routine,2025-01-20,0.6772,0.5135,0.4105,0.0749
C003037,2024-11-18,Web,Web,Central Anatolia,25-34,Silver,0,Routine,,0.7383,0.3326,0.3077,0.107
C003038,2022-03-08,Marketplace,Marketplace,Central Anatolia,35-44,Silver,1,At Risk,2025-12-17,1.0673,0.424,0.3674,0.49
C003039,2022-11-16,Web,Web,Marmara,35-44,Silver,1,Deal Seeker,2023-04-15,0.6712,0.706,0.7568,0.2195
C003040,2025-11-08,Web,Web,Southeastern Anatolia,25-34,Bronze,1,One-time,,0.5737,0.1774,0.4946,0.4017
C003041,2023-10-16,Mobile App,Mobile App,Eastern Anatolia,45-54,Silver,1,Growth,2024-07-12,0.9788,0.8008,0.416,0.142
C003042,2022-06-08,Marketplace,Marketplace,Southeastern Anatolia,18-24,Silver,1,At Risk,2023-08-02,1.1485,0.3786,0.2994,0.4967
C003043,2022-12-15,Mobile App,Mobile App,Marmara,55+,Silver,1,Growth,2025-08-31,1.0161,0.8141,0.3945,0.1373
C003044,2023-07-04,Mobile App,Mobile App,Mediterranean,35-44,Silver,1,Growth,,1.0049,0.6547,0.3885,0.199
C003045,2023-12-14,Web,Web,Mediterranean,25-34,Platinum,1,High Value Loyal,,1.4289,0.7671,0.1076,0.1954
C003046,2024-04-12,Marketplace,Marketplace,Marmara,35-44,Bronze,1,Deal Seeker,,0.6657,0.6516,0.8535,0.1336
C003047,2022-07-26,Marketplace,Marketplace,Mediterranean,35-44,Gold,1,Growth,,1.791,0.7575,0.2277,0.1787
C003048,2023-07-13,Web,Web,Mediterranean,35-44,Bronze,1,One-time,2023-09-11,0.6021,0.4219,0.5774,0.3336
C003049,2025-09-05,Web,Web,Marmara,45-54,Silver,1,Growth,,1.0686,0.572,0.3096,0.02
C003050,2023-12-22,Store,Store,Marmara,25-34,Silver,1,At Risk,,1.0377,0.3356,0.5947,0.4627
C003051,2022-03-03,Marketplace,Marketplace,Marmara,45-54,Silver,0,At Risk,2023-10-24,1.0286,0.3994,0.3417,0.5055
C003052,2022-04-09,Marketplace,Marketplace,Marmara,45-54,Bronze,1,Deal Seeker,2023-02-03,1.1572,0.597,0.8821,0.2234
C003053,2025-01-09,Mobile App,Mobile App,Central Anatolia,35-44,Gold,1,Growth,,1.3326,0.7011,0.4335,0.297
C003054,2023-09-09,Mobile App,Mobile App,Mediterranean,35-44,Silver,1,At Risk,2025-09-28,0.8345,0.3409,0.318,0.3572
C003055,2023-11-02,Mobile App,Mobile App,Eastern Anatolia,45-54,Platinum,1,High Value Loyal,,2.2605,0.6449,0.0963,0.0679
C003056,2025-12-20,Store,Store,Marmara,18-24,Platinum,1,High Value Loyal,,1.4997,0.7506,0.2205,0.1294
C003057,2025-05-13,Mobile App,Mobile App,Marmara,35-44,Silver,1,At Risk,,0.9524,0.2909,0.4911,0.5094
C003058,2025-12-16,Mobile App,Mobile App,Central Anatolia,35-44,Gold,1,Growth,,1.1029,0.6484,0.4586,0.2373
C003059,2024-11-04,Store,Store,Marmara,25-34,Bronze,1,One-time,2024-12-04,0.7215,0.136,0.6251,0.3346
C003060,2025-02-08,Mobile App,Mobile App,Marmara,35-44,Gold,1,Growth,,1.1983,0.7431,0.3725,0.0953
C003061,2025-01-15,Web,Web,Marmara,45-54,Bronze,1,Routine,,0.7507,0.5355,0.3014,0.1639
C003062,2024-09-15,Web,Web,Southeastern Anatolia,35-44,Gold,1,At Risk,2025-09-10,1.2537,0.2805,0.4058,0.4481
C003063,2022-12-20,Web,Web,Marmara,25-34,Bronze,1,One-time,2023-10-16,0.7126,0.1702,0.6432,0.4648
C003064,2023-06-17,Web,Web,Aegean,55+,Bronze,1,Routine,,0.5771,0.4417,0.2562,0.2448
C003065,2023-12-25,Web,Web,Central Anatolia,45-54,Silver,1,Routine,,0.8754,0.4994,0.2479,0.0238
C003066,2023-01-03,Store,Store,Black Sea,18-24,Bronze,1,One-time,2023-09-30,0.6008,0.4256,0.7993,0.4588
C003067,2024-03-24,Web,Web,Marmara,45-54,Bronze,1,Routine,,0.6524,0.4615,0.3966,0.195
C003068,2022-05-19,Web,Web,Central Anatolia,25-34,Bronze,1,Routine,2024-08-06,0.7322,0.4729,0.3685,0.1059
C003069,2025-12-09,Marketplace,Marketplace,Eastern Anatolia,35-44,Bronze,1,Routine,,0.9785,0.5555,0.3887,0.2229
C003070,2024-12-13,Web,Web,Marmara,35-44,Silver,1,Routine,,1.0489,0.5883,0.3025,0.2184
C003071,2022-08-17,Marketplace,Marketplace,Marmara,55+,Silver,1,Growth,,1.1533,0.7214,0.3324,0.0448
C003072,2023-09-16,Web,Web,Mediterranean,25-34,Silver,1,Deal Seeker,2024-07-12,0.7354,0.5519,0.8858,0.2764
C003073,2022-05-04,Marketplace,Marketplace,Central Anatolia,25-34,Gold,1,Growth,,0.9201,0.6311,0.3314,0.2016
C003074,2023-04-04,Mobile App,Mobile App,Black Sea,35-44,Bronze,1,Routine,2025-08-21,0.8586,0.4458,0.3016,0.2844
C003075,2025-11-22,Web,Web,Marmara,25-34,Silver,1,At Risk,,1.3525,0.3807,0.4579,0.4698
C003076,2022-07-21,Store,Store,Central Anatolia,35-44,Silver,1,Growth,,1.1011,0.7778,0.2679,0.2421
C003077,2023-01-20,Mobile App,Mobile App,Aegean,45-54,Gold,1,Growth,2024-06-13,1.2598,0.6167,0.3604,0.1159
C003078,2025-07-21,Web,Web,Marmara,25-34,Bronze,1,Routine,,0.946,0.6427,0.4091,0.2024
C003079,2024-07-12,Web,Web,Marmara,18-24,Silver,1,Deal Seeker,,0.8757,0.6467,0.9269,0.3326
C003080,2022-02-18,Mobile App,Mobile App,Eastern Anatolia,35-44,Silver,1,Growth,2025-09-30,1.4029,0.6482,0.3632,0.2338
C003081,2022-03-22,Store,Store,Black Sea,25-34,Silver,1,Routine,2025-10-02,0.7317,0.4807,0.4391,0.2423
C003082,2025-09-15,Mobile App,Mobile App,Aegean,55+,Bronze,1,Deal Seeker,,0.8417,0.6575,0.9087,0.2712
C003083,2023-11-09,Marketplace,Marketplace,Aegean,35-44,Bronze,1,Routine,2024-06-06,0.8434,0.4369,0.369,0.3521
C003084,2024-03-20,Web,Web,Marmara,35-44,Gold,0,High Value Loyal,2024-06-18,1.8149,0.9478,0.2375,0.02
C003085,2022-12-16,Mobile App,Mobile App,Marmara,25-34,Silver,1,Growth,,1.2717,0.6567,0.5435,0.1108
C003086,2024-06-24,Web,Web,Aegean,18-24,Gold,1,High Value Loyal,,1.7349,0.7288,0.1219,0.0872
C003087,2024-12-23,Marketplace,Marketplace,Central Anatolia,25-34,Platinum,1,High Value Loyal,,1.5325,0.9175,0.2831,0.2017
C003088,2022-02-24,Web,Web,Southeastern Anatolia,35-44,Gold,1,High Value Loyal,,1.7303,0.8646,0.1216,0.0946
C003089,2023-08-11,Mobile App,Mobile App,Eastern Anatolia,35-44,Silver,1,Routine,2024-09-04,0.7313,0.3208,0.1514,0.2531
C003090,2022-08-11,Web,Web,Aegean,25-34,Gold,1,Growth,2022-10-10,1.113,0.8192,0.3151,0.2186
C003091,2025-04-06,Mobile App,Mobile App,Aegean,35-44,Gold,1,Growth,,1.1678,0.6445,0.3644,0.1686
C003092,2022-04-10,Mobile App,Mobile App,Central Anatolia,25-34,Gold,1,High Value Loyal,,1.9029,0.7696,0.3004,0.1706
C003093,2025-11-24,Mobile App,Mobile App,Marmara,18-24,Bronze,1,Routine,,0.6166,0.5883,0.409,0.1528
C003094,2023-01-05,Marketplace,Marketplace,Central Anatolia,18-24,Bronze,1,Routine,2024-07-28,0.8047,0.5929,0.6393,0.2265
C003095,2023-10-26,Mobile App,Mobile App,Marmara,45-54,Silver,1,Routine,2024-04-23,0.621,0.4984,0.3569,0.2302
C003096,2025-10-01,Store,Store,Marmara,25-34,Gold,1,High Value Loyal,,1.9207,0.8066,0.3446,0.181
C003097,2024-09-19,Web,Web,Marmara,45-54,Silver,1,Growth,,1.0963,0.6939,0.5569,0.2564
C003098,2025-03-12,Mobile App,Mobile App,Eastern Anatolia,18-24,Silver,1,Deal Seeker,,1.0641,0.5761,0.7645,0.2088
C003099,2025-11-04,Mobile App,Mobile App,Marmara,25-34,Silver,1,At Risk,,1.3278,0.3876,0.3746,0.4317
C003100,2025-11-02,Marketplace,Marketplace,Marmara,35-44,Bronze,0,One-time,2025-12-02,1.1159,0.2815,0.6271,0.3604
C003101,2024-09-20,Mobile App,Mobile App,Marmara,45-54,Gold,1,High Value Loyal,,1.9579,0.8968,0.2437,0.137
C003102,2022-10-24,Mobile App,Mobile App,Marmara,55+,Bronze,1,Routine,2023-11-18,0.7402,0.4708,0.3898,0.0613
C003103,2023-05-15,Web,Web,Marmara,35-44,Bronze,1,Deal Seeker,,0.935,0.6884,0.7508,0.186
C003104,2025-02-16,Mobile App,Mobile App,Central Anatolia,25-34,Silver,0,Growth,2025-09-14,1.607,0.6753,0.3656,0.1601
C003105,2024-08-25,Web,Web,Central Anatolia,25-34,Bronze,1,Routine,,1.237,0.735,0.263,0.143
C003106,2025-01-04,Web,Web,Mediterranean,35-44,Gold,1,Growth,2025-05-04,1.1863,0.6525,0.438,0.2306
C003107,2024-02-10,Mobile App,Mobile App,Marmara,25-34,Bronze,1,Routine,2024-09-07,0.8145,0.4446,0.2902,0.2489
C003108,2024-12-01,Store,Store,Central Anatolia,25-34,Bronze,1,Deal Seeker,2025-05-30,0.7126,0.6482,0.6998,0.3212
C003109,2025-07-25,Web,Web,Black Sea,25-34,Silver,1,Deal Seeker,,0.7633,0.6581,0.8168,0.1868
C003110,2024-04-17,Web,Web,Black Sea,25-34,Silver,1,At Risk,,0.9054,0.4896,0.4268,0.5217
C003111,2025-07-11,Marketplace,Marketplace,Marmara,18-24,Bronze,0,Routine,,0.8928,0.5434,0.3924,0.3635
C003112,2022-03-08,Web,Web,Mediterranean,45-54,Silver,1,Deal Seeker,2022-07-06,1.2747,0.7735,0.865,0.186
C003113,2023-06-01,Mobile App,Mobile App,Aegean,25-34,Bronze,1,Routine,,0.9367,0.5065,0.2901,0.1948
C003114,2025-11-23,Marketplace,Marketplace,Mediterranean,25-34,Silver,1,Growth,,1.3285,0.6636,0.3493,0.1479
C003115,2024-04-06,Store,Store,Marmara,25-34,Silver,1,At Risk,2024-05-06,1.0841,0.406,0.5678,0.4853
C003116,2022-11-05,Mobile App,Mobile App,Central Anatolia,55+,Bronze,1,Routine,,1.0348,0.6304,0.3098,0.223
C003117,2025-11-24,Marketplace,Marketplace,Aegean,25-34,Silver,1,At Risk,,0.7952,0.1222,0.3356,0.5118
C003118,2024-05-21,Mobile App,Mobile App,Black Sea,35-44,Silver,1,Routine,,0.9552,0.4542,0.216,0.1329
C003119,2024-11-02,Web,Web,Central Anatolia,25-34,Bronze,1,Routine,,0.7121,0.669,0.2579,0.1542
C003120,2024-11-08,Store,Store,Southeastern Anatolia,18-24,Gold,0,Growth,,1.021,0.7625,0.2728,0.2676
C003121,2024-10-10,Web,Web,Marmara,55+,Gold,1,High Value Loyal,,2.7444,0.9425,0.2722,0.0429
C003122,2025-11-24,Web,Web,Marmara,25-34,Bronze,1,Routine,,0.5723,0.5771,0.3438,0.1493
C003123,2023-04-20,Store,Store,Southeastern Anatolia,35-44,Bronze,1,Routine,,1.0016,0.4458,0.3364,0.1704
C003124,2025-07-24,Store,Store,Mediterranean,35-44,Bronze,1,Routine,2025-09-22,0.871,0.6625,0.3771,0.1227
C003125,2022-11-18,Marketplace,Marketplace,Black Sea,35-44,Gold,1,High Value Loyal,,1.5568,0.6777,0.2276,0.02
C003126,2023-08-11,Web,Web,Central Anatolia,35-44,Bronze,1,One-time,2023-09-10,0.8624,0.2819,0.7322,0.2891
C003127,2023-07-08,Web,Web,Eastern Anatolia,35-44,Silver,1,At Risk,2024-11-29,1.1195,0.3384,0.2546,0.3827
C003128,2022-01-05,Web,Web,Marmara,18-24,Gold,1,At Risk,2022-05-05,1.3323,0.3038,0.4522,0.4854
C003129,2023-08-06,Marketplace,Marketplace,Central Anatolia,25-34,Bronze,1,Deal Seeker,,0.6038,0.6767,0.8006,0.1296
C003130,2024-11-25,Marketplace,Marketplace,Mediterranean,18-24,Bronze,1,Routine,2025-11-20,0.9731,0.5078,0.2458,0.1941
C003131,2025-06-13,Web,Web,Marmara,35-44,Gold,1,At Risk,2025-07-13,1.4596,0.3413,0.5957,0.3086
C003132,2025-02-14,Mobile App,Mobile App,Central Anatolia,35-44,Silver,1,Deal Seeker,2025-07-14,0.9765,0.6714,0.7654,0.286
C003133,2025-07-18,Store,Store,Aegean,35-44,Bronze,1,Deal Seeker,2025-08-17,0.8358,0.6601,0.9114,0.2487
C003134,2024-10-09,Mobile App,Mobile App,Marmara,35-44,Silver,1,Routine,,0.8891,0.4953,0.1457,0.1818
C003135,2023-01-22,Web,Web,Aegean,25-34,Bronze,1,Deal Seeker,2024-08-14,1.0663,0.5588,0.7637,0.2967
C003136,2023-10-16,Store,Store,Central Anatolia,25-34,Gold,1,High Value Loyal,,1.8556,0.848,0.1464,0.0727
C003137,2024-08-16,Mobile App,Mobile App,Marmara,45-54,Gold,1,At Risk,2025-04-13,0.9041,0.259,0.4818,0.5936
C003138,2024-08-18,Mobile App,Mobile App,Black Sea,55+,Bronze,1,Deal Seeker,2025-08-13,1.1378,0.7665,0.7772,0.2021
C003139,2025-08-11,Web,Web,Mediterranean,35-44,Platinum,1,High Value Loyal,,1.4012,0.831,0.1613,0.0998
C003140,2025-12-17,Marketplace,Marketplace,Eastern Anatolia,35-44,Gold,1,Growth,,1.3493,0.748,0.4192,0.1094
C003141,2022-03-14,Store,Store,Marmara,35-44,Bronze,1,Deal Seeker,,0.9885,0.5226,0.6726,0.231
C003142,2025-01-25,Marketplace,Marketplace,Marmara,25-34,Gold,0,Growth,,1.2646,0.5603,0.2591,0.1111
C003143,2025-06-11,Store,Store,Black Sea,25-34,Bronze,0,Deal Seeker,,0.7754,0.4956,0.7717,0.2138
C003144,2024-12-15,Mobile App,Mobile App,Central Anatolia,25-34,Silver,1,Deal Seeker,,0.7833,0.5383,0.7198,0.149
C003145,2024-04-20,Web,Web,Mediterranean,35-44,Gold,1,At Risk,,1.2483,0.3137,0.3977,0.4418
C003146,2024-11-12,Web,Web,Black Sea,25-34,Gold,1,Growth,,1.4447,0.8096,0.5319,0.2387
C003147,2025-11-23,Mobile App,Mobile App,Aegean,35-44,Gold,1,Growth,,1.0476,0.6369,0.2534,0.1245
C003148,2025-07-17,Mobile App,Mobile App,Aegean,25-34,Platinum,1,High Value Loyal,,1.8398,0.9304,0.3054,0.1213
C003149,2025-04-18,Marketplace,Marketplace,Marmara,35-44,Silver,0,At Risk,,0.9306,0.3776,0.4872,0.5392
C003150,2025-09-21,Store,Store,Marmara,18-24,Bronze,1,Routine,,1.0325,0.4835,0.4465,0.0258
C003151,2025-12-22,Mobile App,Mobile App,Aegean,18-24,Silver,1,Growth,,0.9218,0.7671,0.4662,0.1768
C003152,2025-06-19,Web,Web,Mediterranean,25-34,Bronze,1,Routine,,0.8388,0.5457,0.2835,0.2407
C003153,2025-02-12,Marketplace,Marketplace,Eastern Anatolia,55+,Silver,1,Routine,,0.746,0.5314,0.3418,0.2169
C003154,2024-11-20,Marketplace,Marketplace,Aegean,45-54,Gold,1,High Value Loyal,,1.9633,0.8179,0.1043,0.02
C003155,2025-02-26,Mobile App,Mobile App,Mediterranean,25-34,Gold,1,Growth,,1.4228,0.6562,0.4387,0.2043
C003156,2025-06-02,Web,Web,Aegean,25-34,Silver,1,Deal Seeker,2025-12-29,0.879,0.6771,0.8846,0.1925
C003157,2025-04-11,Web,Web,Central Anatolia,35-44,Silver,1,Deal Seeker,2025-11-07,1.2547,0.6111,0.8132,0.2091
C003158,2022-11-10,Web,Web,Aegean,45-54,Silver,1,Routine,2022-12-10,0.8195,0.589,0.2917,0.167
C003159,2023-11-09,Mobile App,Mobile App,Central Anatolia,25-34,Bronze,1,Routine,,0.6767,0.5741,0.3106,0.053
C003160,2024-12-09,Mobile App,Mobile App,Marmara,35-44,Bronze,1,Deal Seeker,2025-11-04,0.8405,0.5766,0.8371,0.184
C003161,2025-10-11,Web,Web,Central Anatolia,18-24,Silver,1,At Risk,,1.1295,0.1676,0.4573,0.3515
C003162,2023-12-23,Mobile App,Mobile App,Marmara,25-34,Silver,1,Growth,,0.9962,0.6062,0.2504,0.1755
C003163,2023-09-18,Marketplace,Marketplace,Central Anatolia,55+,Silver,1,Routine,2025-06-09,1.0057,0.4828,0.4121,0.1883
C003164,2022-10-09,Mobile App,Mobile App,Southeastern Anatolia,25-34,Silver,1,Deal Seeker,2022-11-08,0.9113,0.6316,0.7912,0.2798
C003165,2023-05-21,Marketplace,Marketplace,Marmara,35-44,Silver,1,Growth,,0.9992,0.6771,0.402,0.2792
C003166,2023-10-21,Web,Web,Southeastern Anatolia,25-34,Bronze,1,Routine,,0.7483,0.503,0.3764,0.1125
C003167,2025-12-07,Web,Web,Marmara,55+,Silver,1,Deal Seeker,,1.024,0.7177,0.7515,0.3228
C003168,2025-10-09,Marketplace,Marketplace,Aegean,45-54,Platinum,0,High Value Loyal,,1.7171,0.7357,0.1255,0.0961
C003169,2024-12-19,Web,Web,Mediterranean,35-44,Gold,1,At Risk,,0.935,0.3262,0.3808,0.5064
C003170,2022-11-09,Mobile App,Mobile App,Marmara,18-24,Silver,1,Growth,2023-11-04,1.0767,0.7578,0.3562,0.2014
C003171,2022-04-21,Web,Web,Mediterranean,18-24,Gold,1,Growth,2023-04-16,1.1883,0.6148,0.2291,0.1392
C003172,2024-03-06,Web,Web,Aegean,25-34,Silver,1,At Risk,2025-03-01,1.1456,0.4155,0.5367,0.5301
C003173,2025-05-15,Store,Store,Aegean,55+,Bronze,0,Deal Seeker,2025-12-11,0.7607,0.5988,0.9089,0.2126
C003174,2025-09-08,Mobile App,Mobile App,Marmara,45-54,Silver,1,Routine,,0.6372,0.4878,0.3458,0.2109
C003175,2023-07-22,Store,Store,Mediterranean,35-44,Bronze,1,Routine,2024-04-17,1.0577,0.434,0.3049,0.1047
C003176,2024-12-08,Mobile App,Mobile App,Marmara,18-24,Silver,1,Growth,,0.8984,0.7042,0.2912,0.1373
C003177,2023-04-25,Web,Web,Marmara,18-24,Bronze,0,Routine,2024-05-19,1.027,0.4551,0.2854,0.1476
C003178,2024-12-15,Mobile App,Mobile App,Aegean,25-34,Bronze,1,Deal Seeker,,1.1576,0.5772,0.748,0.1779
C003179,2022-09-25,Marketplace,Marketplace,Central Anatolia,25-34,Silver,1,At Risk,,1.0061,0.3089,0.3414,0.4895
C003180,2022-06-07,Mobile App,Mobile App,Aegean,25-34,Silver,1,Routine,,0.9194,0.5565,0.3972,0.2754
C003181,2022-12-07,Marketplace,Marketplace,Marmara,25-34,Bronze,0,Routine,2024-07-29,0.7375,0.5308,0.4101,0.1631
C003182,2023-11-12,Mobile App,Mobile App,Aegean,45-54,Gold,1,High Value Loyal,,2.0447,0.8216,0.2142,0.0825
C003183,2023-11-11,Web,Web,Black Sea,55+,Bronze,1,One-time,2024-05-09,0.7149,0.2301,0.7731,0.4622
C003184,2022-02-14,Marketplace,Marketplace,Aegean,45-54,Bronze,1,Routine,2025-07-28,0.8573,0.6228,0.3551,0.2379
C003185,2022-12-15,Store,Store,Marmara,45-54,Bronze,0,One-time,2024-01-09,0.8444,0.1883,0.6445,0.1713
C003186,2025-09-15,Marketplace,Marketplace,Central Anatolia,25-34,Bronze,1,Deal Seeker,,0.8669,0.7357,0.8596,0.195
C003187,2023-01-01,Mobile App,Mobile App,Southeastern Anatolia,55+,Gold,1,High Value Loyal,,1.5531,0.8397,0.1873,0.0993
C003188,2024-03-22,Store,Store,Mediterranean,25-34,Silver,1,Growth,2024-07-20,1.1474,0.5779,0.4657,0.193
C003189,2025-02-14,Store,Store,Eastern Anatolia,45-54,Bronze,1,Routine,,0.5187,0.5683,0.4148,0.0538
C003190,2023-03-10,Marketplace,Marketplace,Mediterranean,55+,Gold,1,High Value Loyal,,2.0613,0.794,0.1078,0.1249
C003191,2025-11-23,Mobile App,Mobile App,Marmara,25-34,Gold,1,Growth,,1.0901,0.701,0.4929,0.1104
C003192,2022-12-21,Web,Web,Black Sea,25-34,Platinum,1,High Value Loyal,,2.019,0.8812,0.2413,0.02
C003193,2025-02-13,Store,Store,Central Anatolia,45-54,Bronze,1,Deal Seeker,,0.8074,0.7084,0.7847,0.2946
C003194,2024-05-01,Web,Web,Marmara,35-44,Silver,1,At Risk,2024-05-31,1.1278,0.2493,0.3239,0.5182
C003195,2025-12-24,Web,Web,Marmara,45-54,Bronze,1,Routine,,0.9179,0.5215,0.5099,0.1173
C003196,2022-07-04,Store,Store,Aegean,45-54,Silver,1,Routine,2023-11-26,0.6207,0.4835,0.588,0.2704
C003197,2023-01-26,Mobile App,Mobile App,Aegean,35-44,Bronze,1,Routine,,0.8529,0.4379,0.3405,0.1836
C003198,2025-07-10,Web,Web,Marmara,35-44,Bronze,1,Deal Seeker,,0.7848,0.5664,0.7978,0.2184
C003199,2025-01-07,Marketplace,Marketplace,Central Anatolia,18-24,Bronze,0,Routine,,0.8374,0.3945,0.4301,0.0325
C003200,2025-04-19,Web,Web,Marmara,45-54,Gold,0,High Value Loyal,,1.7798,0.7176,0.2699,0.0943
C003201,2023-10-20,Mobile App,Mobile App,Marmara,18-24,Bronze,0,Routine,,0.5718,0.5719,0.4364,0.1587
C003202,2024-04-06,Web,Web,Marmara,45-54,Silver,1,Growth,,1.3136,0.5954,0.4598,0.2089
C003203,2025-03-23,Marketplace,Marketplace,Central Anatolia,35-44,Bronze,1,Deal Seeker,2025-07-21,0.734,0.5347,0.8994,0.194
C003204,2023-07-25,Marketplace,Marketplace,Eastern Anatolia,45-54,Gold,1,High Value Loyal,,2.0311,0.8767,0.286,0.02
C003205,2022-04-24,Web,Web,Marmara,35-44,Silver,1,Growth,2025-08-06,1.2893,0.7975,0.5473,0.1587
C003206,2025-06-15,Web,Web,Black Sea,35-44,Silver,1,Growth,2025-07-15,1.106,0.773,0.4308,0.1276
C003207,2023-06-23,Mobile App,Mobile App,Aegean,45-54,Bronze,1,Routine,2023-09-21,0.8465,0.4845,0.3831,0.2687
C003208,2024-07-10,Mobile App,Mobile App,Aegean,25-34,Silver,1,At Risk,,1.0673,0.1702,0.5164,0.4917
C003209,2025-04-12,Web,Web,Central Anatolia,25-34,Silver,1,Routine,,0.8153,0.6161,0.2376,0.2295
C003210,2022-07-11,Mobile App,Mobile App,Mediterranean,35-44,Silver,1,Routine,2023-07-06,0.9533,0.4269,0.4115,0.1533
C003211,2023-08-02,Mobile App,Mobile App,Marmara,18-24,Silver,1,Growth,,1.5498,0.7015,0.3768,0.1361
C003212,2022-04-07,Mobile App,Mobile App,Marmara,45-54,Bronze,1,One-time,2022-09-04,0.6635,0.1771,0.7138,0.302
C003213,2022-11-17,Marketplace,Marketplace,Southeastern Anatolia,35-44,Gold,0,Growth,2024-03-11,1.1647,0.6922,0.4762,0.2072
C003214,2025-02-05,Mobile App,Mobile App,Southeastern Anatolia,25-34,Silver,1,Deal Seeker,,0.8602,0.8256,0.6704,0.1852
C003215,2022-10-11,Mobile App,Mobile App,Aegean,45-54,Silver,1,Routine,2025-09-25,1.0468,0.4196,0.2498,0.3188
C003216,2024-01-05,Web,Web,Aegean,45-54,Gold,1,High Value Loyal,,1.7127,0.814,0.2508,0.0589
C003217,2024-01-16,Web,Web,Marmara,18-24,Silver,1,Routine,2025-10-07,0.7168,0.5175,0.3579,0.2085
C003218,2025-08-24,Mobile App,Mobile App,Aegean,35-44,Silver,1,At Risk,2025-11-22,1.0975,0.2496,0.4721,0.5097
C003219,2024-05-06,Marketplace,Marketplace,Southeastern Anatolia,45-54,Bronze,1,Routine,2025-05-01,1.0838,0.4902,0.4624,0.0803
C003220,2023-05-20,Mobile App,Mobile App,Aegean,55+,Gold,1,At Risk,2025-11-05,1.0444,0.312,0.4931,0.402
C003221,2024-09-15,Mobile App,Mobile App,Marmara,25-34,Bronze,1,Deal Seeker,,1.1122,0.6902,0.7967,0.206
C003222,2022-11-17,Mobile App,Mobile App,Marmara,55+,Bronze,1,One-time,2023-06-15,0.583,0.1949,0.7004,0.2884
C003223,2025-04-11,Store,Store,Eastern Anatolia,35-44,Silver,1,Routine,,0.6824,0.6304,0.539,0.2742
C003224,2023-12-16,Web,Web,Marmara,45-54,Bronze,1,Routine,2024-01-15,1.0152,0.4613,0.3134,0.2835
C003225,2023-10-01,Web,Web,Mediterranean,35-44,Bronze,1,Routine,,1.1499,0.3766,0.3601,0.2189
C003226,2023-10-01,Mobile App,Mobile App,Marmara,25-34,Silver,1,Deal Seeker,2024-06-27,0.7037,0.7537,0.9772,0.2147
C003227,2025-03-04,Store,Store,Southeastern Anatolia,18-24,Bronze,0,Deal Seeker,,1.064,0.5707,0.6449,0.2651
C003228,2023-10-06,Web,Web,Central Anatolia,18-24,Bronze,1,Deal Seeker,2025-05-28,0.883,0.5116,0.8638,0.2422
C003229,2023-09-09,Marketplace,Marketplace,Mediterranean,35-44,Silver,0,Routine,,0.822,0.5706,0.345,0.0932
C003230,2023-11-05,Store,Store,Central Anatolia,45-54,Gold,1,Growth,,1.1352,0.586,0.3017,0.1398
C003231,2024-09-23,Mobile App,Mobile App,Central Anatolia,35-44,Platinum,0,High Value Loyal,,1.5922,0.7702,0.3289,0.0851
C003232,2025-04-09,Mobile App,Mobile App,Marmara,25-34,Silver,1,Growth,,1.3161,0.7026,0.326,0.1918
C003233,2023-05-15,Mobile App,Mobile App,Marmara,25-34,Bronze,1,Deal Seeker,2025-04-04,0.9498,0.6386,0.6695,0.2471
C003234,2024-11-09,Marketplace,Marketplace,Aegean,55+,Bronze,1,Deal Seeker,,0.8214,0.6458,0.8819,0.249
C003235,2024-01-18,Marketplace,Marketplace,Black Sea,25-34,Bronze,1,Routine,,0.867,0.427,0.3438,0.1519
C003236,2024-11-25,Marketplace,Marketplace,Marmara,45-54,Silver,1,At Risk,2025-09-21,1.1246,0.3799,0.3183,0.666
C003237,2024-12-16,Mobile App,Mobile App,Marmara,45-54,Gold,1,Growth,2025-09-12,1.3407,0.7191,0.3681,0.2263
C003238,2022-12-17,Mobile App,Mobile App,Marmara,25-34,Platinum,1,High Value Loyal,,1.7423,0.8501,0.3008,0.1418
C003239,2024-02-08,Mobile App,Mobile App,Marmara,25-34,Silver,1,At Risk,2024-05-08,1.257,0.2842,0.4216,0.5125
C003240,2025-12-05,Store,Store,Central Anatolia,45-54,Silver,1,Deal Seeker,,0.8707,0.6877,0.9649,0.1828
C003241,2024-07-21,Web,Web,Marmara,35-44,Bronze,1,Deal Seeker,,0.9016,0.6226,0.9675,0.1656
C003242,2025-11-07,Store,Store,Central Anatolia,35-44,Gold,1,At Risk,,1.2132,0.2367,0.4591,0.5783
C003243,2022-08-18,Mobile App,Mobile App,Black Sea,25-34,Bronze,1,Deal Seeker,,0.8318,0.6462,0.7698,0.3149
C003244,2025-04-25,Marketplace,Marketplace,Marmara,35-44,Silver,1,Deal Seeker,2025-06-24,0.9778,0.5097,0.8801,0.3227
C003245,2022-12-11,Web,Web,Marmara,35-44,Bronze,1,Deal Seeker,2024-10-01,0.8178,0.6387,0.7062,0.1082
C003246,2024-12-26,Mobile App,Mobile App,Aegean,25-34,Silver,1,Deal Seeker,2025-04-25,0.8935,0.6009,0.9296,0.3148
C003247,2025-12-21,Web,Web,Marmara,35-44,Silver,1,At Risk,,1.1366,0.3535,0.4291,0.5161
C003248,2024-09-02,Mobile App,Mobile App,Black Sea,18-24,Bronze,1,One-time,2024-11-01,0.8922,0.3071,0.5673,0.4394
C003249,2022-03-11,Store,Store,Central Anatolia,25-34,Silver,0,Growth,2024-01-30,0.8602,0.6661,0.4295,0.3235
C003250,2022-06-09,Web,Web,Mediterranean,45-54,Platinum,1,High Value Loyal,2022-11-06,1.7798,0.9508,0.2373,0.2576
C003251,2025-07-06,Store,Store,Southeastern Anatolia,25-34,Silver,1,Deal Seeker,,0.7323,0.4656,0.718,0.1721
C003252,2024-12-15,Mobile App,Mobile App,Marmara,35-44,Silver,1,Deal Seeker,,1.1929,0.5397,0.8493,0.1742
C003253,2022-07-23,Mobile App,Mobile App,Marmara,35-44,Gold,1,At Risk,2024-09-10,0.9332,0.3547,0.4017,0.5417
C003254,2023-11-13,Web,Web,Central Anatolia,35-44,Gold,0,Growth,2024-11-07,1.3144,0.8408,0.4566,0.3593
C003255,2025-07-20,Mobile App,Mobile App,Central Anatolia,55+,Silver,1,Growth,,1.2372,0.8032,0.3641,0.2172
C003256,2024-03-17,Mobile App,Mobile App,Mediterranean,35-44,Gold,0,Growth,,1.2317,0.7788,0.3557,0.0966
C003257,2025-05-13,Mobile App,Mobile App,Aegean,25-34,Silver,1,At Risk,,0.8116,0.2169,0.5038,0.5769
C003258,2023-10-11,Mobile App,Mobile App,Central Anatolia,18-24,Gold,1,Growth,2025-09-30,0.977,0.6323,0.3544,0.3348
C003259,2025-11-22,Mobile App,Mobile App,Eastern Anatolia,35-44,Bronze,1,Routine,,0.8652,0.4634,0.4682,0.3277
C003260,2025-11-12,Marketplace,Marketplace,Aegean,25-34,Silver,1,Growth,,1.3187,0.8225,0.5113,0.117
C003261,2024-03-15,Web,Web,Eastern Anatolia,35-44,Gold,0,At Risk,,1.0891,0.4104,0.3088,0.5035
C003262,2025-08-10,Mobile App,Mobile App,Central Anatolia,35-44,Silver,1,Growth,,1.0345,0.8092,0.4334,0.2298
C003263,2025-12-15,Store,Store,Mediterranean,25-34,Bronze,1,Routine,,0.7348,0.4374,0.5246,0.2021
C003264,2024-11-14,Web,Web,Aegean,35-44,Silver,1,Routine,,0.8753,0.4878,0.3991,0.1201
C003265,2024-11-13,Web,Web,Marmara,35-44,Silver,1,Routine,,0.629,0.5677,0.3063,0.1806
C003266,2023-05-26,Web,Web,Mediterranean,35-44,Gold,1,Growth,,0.9981,0.8317,0.5706,0.02
C003267,2024-04-19,Marketplace,Marketplace,Marmara,25-34,Gold,1,High Value Loyal,,1.8159,0.748,0.183,0.1742
C003268,2025-03-20,Marketplace,Marketplace,Marmara,55+,Bronze,0,Deal Seeker,,0.794,0.6461,0.763,0.1435
C003269,2025-03-15,Mobile App,Mobile App,Black Sea,45-54,Silver,1,Growth,,1.7526,0.7935,0.5321,0.0224
C003270,2025-01-01,Web,Web,Central Anatolia,35-44,Silver,1,Routine,,0.6643,0.7472,0.3881,0.182
C003271,2025-04-15,Web,Web,Aegean,18-24,Platinum,1,High Value Loyal,,2.311,0.9166,0.3404,0.02
C003272,2025-11-01,Mobile App,Mobile App,Aegean,25-34,Silver,1,Growth,,1.6482,0.793,0.468,0.2639
C003273,2025-05-05,Mobile App,Mobile App,Marmara,35-44,Gold,1,At Risk,,1.0495,0.3147,0.3938,0.4068
C003274,2025-06-25,Marketplace,Marketplace,Central Anatolia,35-44,Silver,1,Deal Seeker,2025-07-25,0.8559,0.6051,0.8631,0.2492
C003275,2022-06-19,Marketplace,Marketplace,Black Sea,45-54,Silver,1,Deal Seeker,2024-07-08,0.8709,0.589,0.8112,0.2392
C003276,2025-12-22,Store,Store,Black Sea,55+,Bronze,1,Deal Seeker,,0.7205,0.5477,0.8587,0.2608
C003277,2025-09-01,Mobile App,Mobile App,Eastern Anatolia,35-44,Silver,1,Growth,,1.0892,0.6197,0.3601,0.2033
C003278,2023-10-24,Web,Web,Marmara,35-44,Gold,1,Growth,2025-09-13,1.3051,0.6452,0.3765,0.108
C003279,2025-12-26,Web,Web,Marmara,55+,Bronze,1,Deal Seeker,,0.792,0.6688,0.6404,0.2927
C003280,2024-10-08,Marketplace,Marketplace,Central Anatolia,45-54,Bronze,1,Routine,,1.0311,0.5468,0.359,0.2947
C003281,2022-08-14,Mobile App,Mobile App,Central Anatolia,55+,Platinum,1,High Value Loyal,2023-04-11,1.9068,0.98,0.156,0.0373
C003282,2025-09-14,Marketplace,Marketplace,Black Sea,25-34,Silver,1,Growth,,1.0925,0.5211,0.4021,0.1236
C003283,2024-01-26,Web,Web,Central Anatolia,35-44,Gold,1,Growth,,1.1554,0.7714,0.5045,0.2127
C003284,2025-02-13,Store,Store,Marmara,35-44,Platinum,1,High Value Loyal,,1.1325,0.8828,0.2053,0.1504
C003285,2024-02-18,Mobile App,Mobile App,Marmara,35-44,Silver,1,Routine,,0.6754,0.5561,0.4853,0.2088
C003286,2025-04-19,Marketplace,Marketplace,Central Anatolia,45-54,Gold,0,Growth,,1.4714,0.5635,0.3459,0.208
C003287,2024-06-02,Store,Store,Marmara,45-54,Gold,1,At Risk,,0.8808,0.3041,0.3574,0.498
C003288,2022-10-07,Mobile App,Mobile App,Aegean,18-24,Bronze,1,One-time,2022-12-06,0.7082,0.3505,0.5418,0.2861
C003289,2025-11-17,Web,Web,Aegean,25-34,Silver,1,Growth,,1.1388,0.7078,0.3493,0.1688
C003290,2024-01-02,Web,Web,Mediterranean,45-54,Gold,1,High Value Loyal,,1.5961,0.8039,0.0882,0.0663
C003291,2023-12-25,Web,Web,Black Sea,18-24,Silver,1,Growth,,1.6632,0.8116,0.4498,0.041
C003292,2023-10-12,Mobile App,Mobile App,Central Anatolia,18-24,Silver,1,Growth,,0.9873,0.7404,0.513,0.1737
C003293,2022-12-25,Web,Web,Mediterranean,25-34,Silver,1,Routine,,0.7917,0.4518,0.399,0.1193
C003294,2025-06-13,Store,Store,Mediterranean,35-44,Bronze,1,One-time,,0.6277,0.1914,0.6545,0.2925
C003295,2023-03-18,Mobile App,Mobile App,Marmara,35-44,Silver,1,Growth,2023-11-13,1.0004,0.6619,0.2865,0.1786
C003296,2024-09-14,Mobile App,Mobile App,Aegean,25-34,Bronze,1,Routine,,0.785,0.5394,0.3246,0.02
C003297,2025-04-12,Marketplace,Marketplace,Marmara,45-54,Silver,1,At Risk,,1.0617,0.3877,0.4316,0.4335
C003298,2022-12-02,Store,Store,Mediterranean,45-54,Silver,1,Routine,2023-04-01,0.7203,0.581,0.2861,0.2207
C003299,2024-12-16,Marketplace,Marketplace,Mediterranean,35-44,Gold,1,Growth,,1.0811,0.7573,0.2439,0.1436
C003300,2025-12-16,Mobile App,Mobile App,Southeastern Anatolia,18-24,Silver,1,Deal Seeker,,0.9996,0.6005,0.9431,0.1911
C003301,2024-07-09,Marketplace,Marketplace,Central Anatolia,25-34,Gold,0,Growth,,1.2085,0.754,0.2196,0.1652
C003302,2024-11-21,Mobile App,Mobile App,Central Anatolia,35-44,Silver,0,At Risk,,0.8823,0.377,0.4634,0.4712
C003303,2024-03-22,Web,Web,Central Anatolia,35-44,Silver,1,Deal Seeker,2025-05-16,1.0968,0.6737,0.7307,0.12
C003304,2025-05-21,Mobile App,Mobile App,Black Sea,45-54,Bronze,1,One-time,,0.7816,0.2301,0.6039,0.4424
C003305,2025-11-03,Marketplace,Marketplace,Central Anatolia,45-54,Gold,1,At Risk,,0.895,0.2158,0.4512,0.4625
C003306,2022-12-12,Mobile App,Mobile App,Mediterranean,18-24,Gold,1,Growth,2023-01-11,1.3122,0.6709,0.3984,0.1381
C003307,2025-02-02,Store,Store,Southeastern Anatolia,18-24,Platinum,1,High Value Loyal,,1.5956,0.7328,0.2008,0.1397
C003308,2024-02-18,Marketplace,Marketplace,Marmara,35-44,Gold,1,High Value Loyal,,2.2522,0.7514,0.2136,0.165
C003309,2025-08-17,Web,Web,Southeastern Anatolia,18-24,Silver,1,Deal Seeker,,0.9867,0.7284,0.762,0.0638
C003310,2023-09-24,Store,Store,Southeastern Anatolia,35-44,Bronze,1,Routine,2023-11-23,0.8956,0.3894,0.4481,0.1393
C003311,2024-02-18,Mobile App,Mobile App,Marmara,18-24,Bronze,1,Deal Seeker,2025-01-13,0.6367,0.5473,0.8686,0.3022
C003312,2022-03-17,Mobile App,Mobile App,Aegean,18-24,Platinum,1,High Value Loyal,2024-09-02,2.0161,0.9258,0.0741,0.0261
C003313,2022-04-18,Store,Store,Marmara,25-34,Silver,1,Routine,,1.0327,0.4652,0.3671,0.0891
C003314,2023-11-16,Web,Web,Marmara,55+,Gold,1,At Risk,,1.1991,0.3709,0.4678,0.4887
C003315,2025-10-19,Mobile App,Mobile App,Mediterranean,25-34,Silver,1,Routine,,0.7496,0.417,0.5064,0.2715
C003316,2022-02-26,Mobile App,Mobile App,Mediterranean,35-44,Bronze,1,Deal Seeker,2023-03-23,1.0617,0.4888,0.7306,0.3085
C003317,2024-05-02,Store,Store,Marmara,18-24,Platinum,1,High Value Loyal,2024-12-28,1.8511,0.9651,0.195,0.1113
C003318,2025-08-09,Web,Web,Marmara,25-34,Bronze,1,Deal Seeker,2025-09-08,1.126,0.5816,0.9117,0.3124
C003319,2024-12-26,Store,Store,Marmara,25-34,Bronze,1,Deal Seeker,,0.7906,0.6169,0.673,0.3888
C003320,2025-10-20,Web,Web,Mediterranean,25-34,Gold,1,High Value Loyal,,2.1748,0.7874,0.2276,0.02
C003321,2025-03-20,Web,Web,Marmara,18-24,Bronze,1,Deal Seeker,2025-12-15,0.9358,0.555,0.8851,0.2972
C003322,2022-10-06,Marketplace,Marketplace,Aegean,35-44,Bronze,1,Deal Seeker,,1.0125,0.5797,0.785,0.2926
C003323,2025-02-04,Web,Web,Central Anatolia,25-34,Silver,1,Deal Seeker,,0.7925,0.6146,0.898,0.363
C003324,2022-12-19,Mobile App,Mobile App,Mediterranean,18-24,Gold,1,Growth,2023-09-15,1.3433,0.7491,0.3423,0.097
C003325,2025-12-22,Mobile App,Mobile App,Southeastern Anatolia,25-34,Gold,1,High Value Loyal,,1.7856,0.8866,0.2679,0.0979
C003326,2023-08-11,Marketplace,Marketplace,Central Anatolia,25-34,Bronze,1,Routine,2024-03-08,0.8586,0.6214,0.2609,0.286
C003327,2025-06-16,Store,Store,Marmara,18-24,Gold,1,High Value Loyal,,2.1362,0.8204,0.0674,0.1014
C003328,2024-08-17,Web,Web,Central Anatolia,18-24,Gold,1,At Risk,,0.8727,0.3869,0.4855,0.4147
C003329,2025-08-16,Mobile App,Mobile App,Marmara,25-34,Platinum,1,High Value Loyal,,1.7738,0.9729,0.139,0.02
C003330,2023-11-01,Marketplace,Marketplace,Marmara,55+,Bronze,1,Deal Seeker,,0.7567,0.5872,0.8783,0.3521
C003331,2025-08-06,Store,Store,Central Anatolia,45-54,Bronze,0,Routine,,0.9921,0.5329,0.4245,0.1803
C003332,2025-05-01,Mobile App,Mobile App,Black Sea,35-44,Platinum,1,High Value Loyal,,1.7673,0.9424,0.1358,0.02
C003333,2024-11-22,Marketplace,Marketplace,Marmara,25-34,Bronze,1,Routine,,0.9213,0.4532,0.3297,0.2018
C003334,2023-07-26,Mobile App,Mobile App,Marmara,25-34,Silver,1,Routine,2024-01-22,0.8876,0.4537,0.3289,0.1899
C003335,2023-08-18,Mobile App,Mobile App,Black Sea,25-34,Silver,1,Routine,,0.8492,0.6377,0.0875,0.2106
C003336,2025-03-19,Marketplace,Marketplace,Central Anatolia,35-44,Gold,1,Growth,,1.4441,0.7796,0.4167,0.1139
C003337,2024-05-23,Web,Web,Marmara,35-44,Silver,1,Growth,,1.2918,0.6225,0.4259,0.1114
C003338,2022-06-21,Store,Store,Central Anatolia,35-44,Bronze,1,Deal Seeker,2023-09-14,0.7004,0.7883,0.7823,0.3581
C003339,2024-08-25,Web,Web,Marmara,45-54,Gold,1,Growth,,1.3151,0.759,0.4466,0.1349
C003340,2024-11-26,Marketplace,Marketplace,Aegean,18-24,Gold,1,Growth,,1.4795,0.7802,0.3099,0.2145
C003341,2024-04-14,Web,Web,Central Anatolia,25-34,Silver,1,Routine,,0.8106,0.4718,0.319,0.154
C003342,2022-12-17,Marketplace,Marketplace,Marmara,35-44,Bronze,0,Routine,,0.8272,0.6062,0.4201,0.1331
C003343,2025-07-03,Web,Web,Southeastern Anatolia,35-44,Silver,0,Routine,,0.8372,0.5869,0.2725,0.2198
C003344,2025-06-23,Web,Web,Marmara,35-44,Bronze,1,Routine,,0.632,0.6479,0.4075,0.0314
C003345,2025-12-24,Web,Web,Marmara,25-34,Gold,1,Growth,,0.9569,0.6115,0.3679,0.02
C003346,2025-07-22,Mobile App,Mobile App,Black Sea,25-34,Gold,1,Growth,,1.2506,0.6391,0.3383,0.0988
C003347,2022-11-21,Web,Web,Marmara,25-34,Gold,1,High Value Loyal,2024-04-14,1.6111,0.7773,0.2117,0.1727
C003348,2025-06-13,Web,Web,Mediterranean,35-44,Bronze,0,One-time,2025-07-13,1.0051,0.1983,0.5702,0.2337
C003349,2023-09-13,Web,Web,Marmara,55+,Silver,1,Routine,,0.5542,0.3989,0.4767,0.1218
C003350,2025-05-20,Mobile App,Mobile App,Marmara,25-34,Bronze,1,Deal Seeker,,0.7569,0.6655,0.8087,0.2985
C003351,2022-06-25,Mobile App,Mobile App,Marmara,45-54,Gold,0,At Risk,2023-06-20,1.2911,0.288,0.3806,0.4553
C003352,2025-10-07,Marketplace,Marketplace,Marmara,35-44,Gold,1,High Value Loyal,,2.2573,0.8832,0.208,0.02
C003353,2024-12-13,Mobile App,Mobile App,Marmara,35-44,Gold,1,Growth,,1.0952,0.6735,0.391,0.2339
C003354,2025-05-07,Store,Store,Marmara,18-24,Bronze,1,Deal Seeker,,0.9234,0.5541,0.8182,0.2982
C003355,2025-08-21,Web,Web,Marmara,35-44,Bronze,1,Deal Seeker,,0.9332,0.564,0.8007,0.2908
C003356,2025-03-08,Marketplace,Marketplace,Marmara,25-34,Silver,0,Routine,,0.6498,0.4243,0.2767,0.2245
C003357,2025-04-01,Mobile App,Mobile App,Marmara,25-34,Silver,1,At Risk,,1.4137,0.3308,0.4496,0.4971
C003358,2023-05-25,Store,Store,Aegean,45-54,Bronze,1,One-time,2023-10-22,0.9358,0.2485,0.7498,0.2304
C003359,2022-11-14,Marketplace,Marketplace,Black Sea,35-44,Silver,1,Growth,2023-05-13,1.5188,0.6103,0.4316,0.1819
C003360,2024-10-03,Store,Store,Southeastern Anatolia,35-44,Gold,0,High Value Loyal,,1.6367,0.8002,0.1887,0.083
C003361,2025-05-08,Marketplace,Marketplace,Aegean,45-54,Bronze,1,Routine,2025-09-05,0.7594,0.5145,0.3742,0.1316
C003362,2024-11-20,Mobile App,Mobile App,Marmara,18-24,Bronze,1,Deal Seeker,,0.647,0.6449,0.7903,0.2204
C003363,2025-06-16,Marketplace,Marketplace,Aegean,35-44,Bronze,1,Routine,,0.928,0.647,0.2673,0.2376
C003364,2023-10-11,Mobile App,Mobile App,Black Sea,45-54,Bronze,1,One-time,2024-03-09,0.5086,0.2231,0.7701,0.3569
C003365,2022-09-04,Mobile App,Mobile App,Marmara,45-54,Silver,0,Deal Seeker,2024-11-22,0.8314,0.5917,0.6781,0.0714
C003366,2024-05-22,Web,Web,Eastern Anatolia,45-54,Gold,1,High Value Loyal,2024-06-21,1.1703,0.8892,0.1824,0.0641
C003367,2025-08-17,Marketplace,Marketplace,Aegean,25-34,Gold,1,Growth,,0.9645,0.7987,0.5756,0.2644
C003368,2023-08-22,Mobile App,Mobile App,Mediterranean,45-54,Gold,1,Growth,2023-09-21,1.1142,0.6585,0.3108,0.1484
C003369,2025-03-03,Web,Web,Marmara,35-44,Silver,1,Deal Seeker,,0.9435,0.6223,0.9403,0.1458
C003370,2023-09-23,Web,Web,Aegean,35-44,Gold,1,Growth,,1.1658,0.7063,0.4521,0.2121
C003371,2023-05-17,Store,Store,Black Sea,25-34,Silver,1,Growth,2023-10-14,1.065,0.6917,0.3821,0.0629
C003372,2023-12-19,Marketplace,Marketplace,Marmara,18-24,Silver,0,Deal Seeker,2024-07-16,0.5658,0.7219,0.8845,0.1786
C003373,2023-12-14,Mobile App,Mobile App,Eastern Anatolia,18-24,Silver,1,Deal Seeker,,0.9298,0.769,0.7201,0.2697
C003374,2023-06-25,Store,Store,Mediterranean,35-44,Silver,1,Routine,2023-10-23,0.6386,0.4418,0.4868,0.1365
C003375,2023-07-20,Marketplace,Marketplace,Marmara,35-44,Bronze,0,Routine,2025-04-10,1.0962,0.7369,0.3271,0.1247
C003376,2024-03-14,Marketplace,Marketplace,Marmara,25-34,Bronze,1,Deal Seeker,2025-01-08,1.181,0.5742,0.8922,0.2628
C003377,2025-10-04,Mobile App,Mobile App,Marmara,35-44,Bronze,1,One-time,,0.8649,0.1304,0.7096,0.2424
C003378,2022-07-18,Web,Web,Black Sea,45-54,Platinum,1,High Value Loyal,,1.6914,0.7964,0.1002,0.258
C003379,2025-04-22,Marketplace,Marketplace,Marmara,25-34,Silver,1,At Risk,,1.2758,0.3693,0.6208,0.3812
C003380,2024-12-18,Mobile App,Mobile App,Marmara,25-34,Bronze,1,Deal Seeker,,0.7371,0.634,0.7275,0.2342
C003381,2023-09-22,Marketplace,Marketplace,Marmara,45-54,Silver,1,Routine,2025-02-13,0.5565,0.5698,0.3819,0.2234
C003382,2022-05-04,Store,Store,Mediterranean,25-34,Silver,1,Routine,2022-11-30,0.6441,0.614,0.3127,0.152
C003383,2023-08-23,Mobile App,Mobile App,Marmara,18-24,Platinum,1,High Value Loyal,,1.9924,0.8993,0.2735,0.0291
C003384,2025-10-17,Mobile App,Mobile App,Marmara,18-24,Gold,1,High Value Loyal,,1.9781,0.6627,0.129,0.0764
C003385,2024-11-25,Marketplace,Marketplace,Marmara,35-44,Gold,1,Growth,2025-07-23,1.2916,0.6839,0.4838,0.1521
C003386,2023-12-23,Mobile App,Mobile App,Marmara,25-34,Gold,1,At Risk,,1.2201,0.3604,0.5377,0.4679
C003387,2025-04-01,Mobile App,Mobile App,Marmara,18-24,Bronze,1,One-time,2025-05-31,0.5986,0.2545,0.7032,0.3942
C003388,2024-05-17,Web,Web,Mediterranean,45-54,Bronze,1,Routine,2025-10-09,0.8964,0.5757,0.1814,0.221
C003389,2023-10-09,Mobile App,Mobile App,Central Anatolia,45-54,Silver,1,At Risk,,0.9355,0.3715,0.2566,0.5358
C003390,2023-05-19,Marketplace,Marketplace,Aegean,25-34,Bronze,1,One-time,2023-09-16,1.0286,0.2767,0.6408,0.3878
C003391,2024-02-04,Marketplace,Marketplace,Marmara,35-44,Bronze,1,Routine,,0.8779,0.7199,0.2785,0.2492
C003392,2023-05-02,Web,Web,Central Anatolia,45-54,Silver,1,Growth,2024-08-24,1.0645,0.7117,0.5747,0.1408
C003393,2025-06-24,Mobile App,Mobile App,Marmara,25-34,Gold,1,High Value Loyal,,2.1434,0.6279,0.1403,0.1576
C003394,2023-02-25,Mobile App,Mobile App,Marmara,25-34,Bronze,1,Deal Seeker,2024-02-20,0.9523,0.8563,0.8798,0.2092
C003395,2023-11-02,Mobile App,Mobile App,Marmara,25-34,Gold,1,High Value Loyal,2024-09-27,2.0457,0.7616,0.0931,0.02
C003396,2025-06-26,Marketplace,Marketplace,Marmara,25-34,Gold,0,At Risk,,1.3428,0.4001,0.3711,0.469
C003397,2022-12-23,Mobile App,Mobile App,Marmara,35-44,Silver,1,Routine,2023-02-21,0.795,0.5726,0.459,0.2091
C003398,2025-02-10,Web,Web,Marmara,35-44,Silver,1,Routine,,0.858,0.5684,0.3356,0.319
C003399,2022-11-02,Web,Web,Marmara,25-34,Gold,1,Growth,2024-07-24,1.1273,0.6914,0.4656,0.2821
C003400,2025-11-09,Mobile App,Mobile App,Mediterranean,55+,Bronze,1,Routine,,0.7793,0.5279,0.4216,0.02
C003401,2025-04-24,Mobile App,Mobile App,Southeastern Anatolia,55+,Silver,1,Growth,,1.0912,0.6921,0.3398,0.1195
C003402,2023-10-13,Marketplace,Marketplace,Southeastern Anatolia,25-34,Gold,1,High Value Loyal,,1.2601,0.7828,0.278,0.1045
C003403,2025-10-21,Marketplace,Marketplace,Aegean,25-34,Bronze,1,Routine,,0.691,0.5408,0.2695,0.2104
C003404,2024-04-10,Web,Web,Marmara,18-24,Silver,1,Routine,,0.6833,0.4189,0.4298,0.1725
C003405,2025-11-13,Mobile App,Mobile App,Central Anatolia,18-24,Silver,1,Deal Seeker,,1.0618,0.5633,0.8567,0.2889
C003406,2024-05-18,Web,Web,Central Anatolia,45-54,Platinum,0,High Value Loyal,2025-07-12,1.834,0.7847,0.1391,0.0488
C003407,2025-08-07,Marketplace,Marketplace,Marmara,25-34,Platinum,0,High Value Loyal,2025-09-06,2.5583,0.8829,0.1172,0.1265
C003408,2023-11-05,Web,Web,Central Anatolia,25-34,Bronze,1,Deal Seeker,2025-10-25,0.8202,0.5129,0.9018,0.2575
C003409,2022-11-14,Mobile App,Mobile App,Central Anatolia,18-24,Gold,1,High Value Loyal,2024-04-07,2.0166,0.8029,0.2772,0.1361
C003410,2024-01-20,Mobile App,Mobile App,Central Anatolia,25-34,Silver,1,Routine,,1.1702,0.5057,0.3298,0.2248
C003411,2023-10-22,Marketplace,Marketplace,Central Anatolia,25-34,Gold,1,High Value Loyal,,1.4092,0.7016,0.2079,0.135
C003412,2022-11-10,Mobile App,Mobile App,Aegean,35-44,Gold,1,Growth,2022-12-10,1.2004,0.7778,0.3624,0.1632
C003413,2023-04-11,Mobile App,Mobile App,Marmara,45-54,Silver,1,Deal Seeker,,1.1806,0.458,0.9396,0.2413
C003414,2023-03-25,Web,Web,Aegean,35-44,Bronze,1,Routine,,0.8297,0.4659,0.3355,0.2198
C003415,2025-11-26,Mobile App,Mobile App,Southeastern Anatolia,55+,Bronze,1,One-time,2025-12-26,0.6912,0.2971,0.9216,0.3323
C003416,2023-02-01,Marketplace,Marketplace,Black Sea,25-34,Silver,1,At Risk,2025-02-20,0.6737,0.2892,0.3989,0.4338
C003417,2022-12-24,Web,Web,Central Anatolia,55+,Silver,1,At Risk,2024-02-17,0.8155,0.1949,0.4264,0.3451
C003418,2024-12-07,Store,Store,Marmara,18-24,Silver,1,Deal Seeker,,0.9206,0.5708,0.8641,0.2599
C003419,2024-02-13,Web,Web,Southeastern Anatolia,35-44,Platinum,1,High Value Loyal,,1.9587,0.9415,0.2371,0.0701
C003420,2025-11-23,Mobile App,Mobile App,Marmara,18-24,Gold,1,At Risk,,1.0709,0.3109,0.5056,0.4782
C003421,2023-04-04,Marketplace,Marketplace,Mediterranean,35-44,Gold,1,High Value Loyal,,1.1237,0.6921,0.156,0.1336
C003422,2022-02-08,Mobile App,Mobile App,Aegean,25-34,Gold,1,High Value Loyal,2023-02-03,1.4139,0.8849,0.288,0.1657
C003423,2022-01-05,Mobile App,Mobile App,Marmara,25-34,Silver,1,Routine,2022-08-03,0.8753,0.4015,0.382,0.2628
C003424,2025-04-18,Web,Web,Mediterranean,35-44,Silver,1,Deal Seeker,,1.1276,0.5279,0.7652,0.2495
C003425,2023-11-26,Mobile App,Mobile App,Marmara,25-34,Silver,1,Routine,2024-03-25,0.8472,0.5086,0.3628,0.1747
C003426,2023-12-24,Mobile App,Mobile App,Southeastern Anatolia,25-34,Silver,1,At Risk,,1.3252,0.2599,0.5107,0.4884
C003427,2024-11-17,Marketplace,Marketplace,Central Anatolia,55+,Silver,1,At Risk,2025-11-12,1.0626,0.4037,0.2756,0.585
C003428,2024-06-18,Web,Web,Mediterranean,35-44,Bronze,1,One-time,2024-10-16,0.7644,0.1376,0.6077,0.2865
C003429,2023-07-18,Marketplace,Marketplace,Eastern Anatolia,35-44,Gold,1,High Value Loyal,,1.6137,0.8471,0.2145,0.0324
C003430,2024-02-07,Mobile App,Mobile App,Southeastern Anatolia,25-34,Bronze,1,One-time,2025-08-30,0.8119,0.1535,0.6286,0.4917
C003431,2023-07-20,Marketplace,Marketplace,Central Anatolia,18-24,Silver,1,Routine,,0.5746,0.4562,0.3711,0.1774
C003432,2022-01-13,Web,Web,Southeastern Anatolia,25-34,Silver,1,Deal Seeker,2022-08-11,0.829,0.747,0.8473,0.2441
C003433,2022-02-07,Mobile App,Mobile App,Aegean,25-34,Silver,1,Growth,,1.0924,0.5556,0.3223,0.2359
C003434,2023-06-26,Store,Store,Central Anatolia,55+,Gold,1,Growth,,1.4175,0.5366,0.2553,0.0265
C003435,2022-09-23,Web,Web,Marmara,35-44,Bronze,1,One-time,2024-12-11,0.833,0.1654,0.5094,0.3785
C003436,2023-10-20,Web,Web,Central Anatolia,35-44,Silver,1,Growth,,1.3166,0.6502,0.4217,0.0631
C003437,2025-02-14,Store,Store,Mediterranean,25-34,Gold,1,High Value Loyal,,1.2743,0.8741,0.286,0.0469
C003438,2023-04-09,Mobile App,Mobile App,Marmara,35-44,Bronze,1,Routine,,0.6355,0.4656,0.2195,0.3142
C003439,2024-01-06,Marketplace,Marketplace,Central Anatolia,25-34,Bronze,0,One-time,2024-10-02,0.7596,0.2139,0.5318,0.3096
C003440,2022-06-18,Marketplace,Marketplace,Aegean,35-44,Silver,1,Routine,,0.6478,0.5294,0.4468,0.1614
C003441,2022-07-12,Marketplace,Marketplace,Marmara,25-34,Silver,0,At Risk,2024-08-30,0.9469,0.317,0.4237,0.4388
C003442,2024-06-05,Store,Store,Mediterranean,18-24,Platinum,1,High Value Loyal,,2.0849,0.7288,0.3074,0.2971
C003443,2023-11-12,Mobile App,Mobile App,Marmara,25-34,Bronze,1,Deal Seeker,,1.0008,0.6271,0.7993,0.3313
C003444,2025-04-06,Web,Web,Marmara,55+,Silver,1,Growth,,0.8588,0.6715,0.4257,0.1036
C003445,2024-12-05,Store,Store,Eastern Anatolia,18-24,Silver,1,At Risk,,0.8214,0.3728,0.4444,0.4082
C003446,2025-01-23,Mobile App,Mobile App,Marmara,45-54,Silver,1,Growth,2025-02-22,1.1351,0.5701,0.2757,0.0905
C003447,2023-07-02,Store,Store,Mediterranean,35-44,Gold,1,Growth,2023-09-30,1.2756,0.8231,0.4663,0.1176
C003448,2023-12-13,Mobile App,Mobile App,Aegean,35-44,Silver,1,Routine,,0.6838,0.4589,0.3528,0.0793
C003449,2024-11-20,Marketplace,Marketplace,Marmara,25-34,Bronze,1,One-time,2025-12-15,0.9183,0.3047,0.6822,0.4416
C003450,2025-04-18,Marketplace,Marketplace,Marmara,25-34,Gold,1,Growth,2025-09-15,1.0287,0.7461,0.4644,0.1182
C003451,2022-10-17,Web,Web,Marmara,35-44,Silver,1,Growth,2023-10-12,1.5048,0.6722,0.3789,0.1748
C003452,2022-11-15,Marketplace,Marketplace,Aegean,18-24,Silver,1,Growth,,1.512,0.7553,0.3486,0.02
C003453,2022-11-04,Marketplace,Marketplace,Aegean,35-44,Gold,0,Growth,2024-11-23,1.5049,0.6915,0.3705,0.2375
C003454,2025-09-08,Web,Web,Black Sea,55+,Silver,1,At Risk,,0.9849,0.3022,0.5321,0.5355
C003455,2023-11-07,Mobile App,Mobile App,Marmara,35-44,Silver,1,At Risk,2024-10-02,0.9169,0.3884,0.4854,0.5577
C003456,2023-10-09,Marketplace,Marketplace,Central Anatolia,45-54,Gold,1,High Value Loyal,,1.7193,0.7181,0.2594,0.0934
C003457,2025-03-24,Mobile App,Mobile App,Central Anatolia,25-34,Silver,1,Routine,,1.1033,0.5911,0.3525,0.2028
C003458,2025-05-16,Marketplace,Marketplace,Marmara,25-34,Bronze,1,One-time,,0.798,0.2596,0.7387,0.3624
C003459,2024-05-20,Web,Web,Marmara,18-24,Gold,1,High Value Loyal,2025-01-15,1.5192,0.7053,0.2576,0.1464
C003460,2022-02-13,Marketplace,Marketplace,Central Anatolia,35-44,Silver,1,Growth,2023-08-07,1.1968,0.7429,0.1686,0.1659
C003461,2025-05-19,Store,Store,Black Sea,18-24,Bronze,1,Routine,,1.0513,0.4963,0.5896,0.2092
C003462,2024-03-20,Web,Web,Southeastern Anatolia,45-54,Bronze,1,Routine,,0.6142,0.616,0.2675,0.2371
C003463,2025-02-09,Marketplace,Marketplace,Marmara,45-54,Bronze,1,One-time,2025-03-11,0.926,0.2526,0.8116,0.3873
C003464,2022-09-09,Web,Web,Marmara,18-24,Gold,1,At Risk,2022-12-08,1.1269,0.3279,0.3671,0.614
C003465,2023-07-03,Mobile App,Mobile App,Mediterranean,45-54,Silver,1,Routine,,0.7779,0.6261,0.2535,0.2459
C003466,2023-10-11,Mobile App,Mobile App,Central Anatolia,25-34,Platinum,1,High Value Loyal,,1.3992,0.7435,0.2481,0.0231
C003467,2024-01-23,Marketplace,Marketplace,Aegean,35-44,Gold,1,High Value Loyal,2024-12-18,2.3869,0.8614,0.1646,0.02
C003468,2025-07-15,Mobile App,Mobile App,Marmara,45-54,Silver,1,Routine,,0.7703,0.4188,0.2663,0.099
C003469,2025-05-08,Web,Web,Central Anatolia,35-44,Gold,1,Growth,,1.4833,0.7343,0.4648,0.2822
C003470,2023-07-19,Store,Store,Marmara,45-54,Silver,1,At Risk,2024-04-14,0.8297,0.1804,0.4254,0.4475
C003471,2023-12-04,Store,Store,Mediterranean,25-34,Silver,0,Routine,,0.9396,0.4957,0.3654,0.0938
C003472,2022-05-13,Mobile App,Mobile App,Central Anatolia,35-44,Silver,1,Deal Seeker,,0.9571,0.5435,0.98,0.29
C003473,2023-01-12,Store,Store,Central Anatolia,25-34,Silver,1,Deal Seeker,2024-01-07,0.7751,0.6482,0.9166,0.2293
C003474,2023-09-05,Store,Store,Aegean,35-44,Gold,0,Growth,,1.4155,0.7998,0.3863,0.153
C003475,2022-10-17,Mobile App,Mobile App,Marmara,25-34,Silver,1,At Risk,2023-10-12,1.0391,0.2978,0.3725,0.4769
C003476,2025-08-11,Marketplace,Marketplace,Central Anatolia,25-34,Silver,1,Routine,,0.648,0.4425,0.3858,0.2248
C003477,2024-11-13,Store,Store,Aegean,25-34,Bronze,0,One-time,2025-02-11,0.8751,0.3054,0.7686,0.3557
C003478,2025-01-02,Web,Web,Mediterranean,18-24,Silver,1,Routine,,0.8288,0.5026,0.3147,0.153
C003479,2023-10-16,Store,Store,Aegean,25-34,Bronze,1,Deal Seeker,2025-04-08,0.9035,0.5516,0.7971,0.1837
C003480,2023-10-14,Web,Web,Marmara,35-44,Bronze,1,Deal Seeker,2024-11-07,0.8322,0.6096,0.9048,0.2071
C003481,2024-03-16,Marketplace,Marketplace,Southeastern Anatolia,45-54,Bronze,1,One-time,2025-01-10,0.7813,0.3836,0.7228,0.3335
C003482,2024-08-11,Mobile App,Mobile App,Southeastern Anatolia,25-34,Silver,0,At Risk,2024-09-10,1.0372,0.3707,0.5111,0.3913
C003483,2022-05-03,Marketplace,Marketplace,Black Sea,18-24,Silver,0,Growth,,1.0211,0.6658,0.2787,0.0703
C003484,2025-09-08,Mobile App,Mobile App,Eastern Anatolia,35-44,Gold,1,High Value Loyal,,2.4397,0.7901,0.4277,0.1324
C003485,2022-05-25,Mobile App,Mobile App,Aegean,55+,Bronze,1,Routine,2025-01-09,0.7698,0.3924,0.3703,0.1784
C003486,2024-04-19,Mobile App,Mobile App,Aegean,25-34,Bronze,1,Deal Seeker,,0.97,0.7374,0.8354,0.1593
C003487,2024-11-24,Mobile App,Mobile App,Black Sea,35-44,Bronze,1,Deal Seeker,2025-06-22,1.0104,0.5039,0.8863,0.2189
C003488,2024-01-25,Marketplace,Marketplace,Central Anatolia,18-24,Bronze,0,Routine,2025-11-15,0.8085,0.4005,0.3407,0.0737
C003489,2025-07-26,Web,Web,Black Sea,25-34,Bronze,1,Deal Seeker,,1.0661,0.5577,0.633,0.0395
C003490,2022-02-23,Web,Web,Marmara,45-54,Bronze,1,One-time,2024-07-12,0.7967,0.2901,0.7451,0.292
C003491,2023-10-07,Marketplace,Marketplace,Mediterranean,25-34,Bronze,1,Deal Seeker,2025-01-29,0.8576,0.575,0.9706,0.286
C003492,2022-10-14,Marketplace,Marketplace,Marmara,35-44,Gold,1,High Value Loyal,,1.6732,0.8098,0.1904,0.118
C003493,2022-08-19,Mobile App,Mobile App,Central Anatolia,45-54,Gold,1,At Risk,2024-03-11,1.0548,0.3651,0.388,0.489
C003494,2025-08-05,Mobile App,Mobile App,Marmara,25-34,Bronze,1,Routine,,1.1015,0.555,0.4979,0.1713
C003495,2025-03-22,Marketplace,Marketplace,Central Anatolia,45-54,Silver,1,Deal Seeker,,0.6575,0.6108,0.8324,0.343
C003496,2023-02-11,Store,Store,Central Anatolia,55+,Silver,1,Growth,2023-10-09,1.1848,0.7569,0.2929,0.127
C003497,2022-12-07,Store,Store,Marmara,18-24,Bronze,1,One-time,2023-10-03,0.7264,0.28,0.5973,0.2999
C003498,2022-01-03,Mobile App,Mobile App,Mediterranean,45-54,Silver,1,Routine,,0.8759,0.4682,0.3293,0.1105
C003499,2024-11-13,Store,Store,Central Anatolia,25-34,Bronze,0,Deal Seeker,2025-07-11,0.7872,0.6022,0.7506,0.1416
C003500,2023-12-21,Mobile App,Mobile App,Marmara,45-54,Silver,1,Growth,,1.6912,0.7211,0.3897,0.1748
C003501,2023-10-15,Web,Web,Aegean,25-34,Bronze,1,Routine,,1.1022,0.4587,0.4651,0.2352
C003502,2022-03-06,Store,Store,Black Sea,25-34,Bronze,0,Routine,2022-11-01,0.6661,0.4029,0.3632,0.1583
C003503,2023-01-24,Marketplace,Marketplace,Mediterranean,35-44,Gold,1,High Value Loyal,,1.9441,0.7948,0.2719,0.0485
C003504,2023-04-02,Web,Web,Marmara,25-34,Platinum,0,High Value Loyal,,1.3396,0.8679,0.103,0.1621
C003505,2024-07-04,Mobile App,Mobile App,Eastern Anatolia,55+,Gold,1,Growth,,1.4215,0.6488,0.3859,0.1592
C003506,2023-02-02,Web,Web,Marmara,25-34,Silver,1,At Risk,2023-03-04,0.9695,0.3486,0.4799,0.5028
C003507,2024-11-04,Mobile App,Mobile App,Marmara,45-54,Silver,1,Growth,,1.3968,0.5783,0.4226,0.259
C003508,2023-01-11,Mobile App,Mobile App,Aegean,35-44,Gold,1,Growth,,1.4436,0.6459,0.4177,0.1542
C003509,2025-02-08,Marketplace,Marketplace,Southeastern Anatolia,45-54,Gold,1,At Risk,2025-07-08,0.987,0.2787,0.4719,0.4379
C003510,2023-03-21,Marketplace,Marketplace,Marmara,25-34,Silver,1,Deal Seeker,,0.7212,0.6684,0.7367,0.2908
C003511,2022-10-20,Web,Web,Marmara,35-44,Gold,1,Growth,2023-03-19,1.0328,0.6462,0.3141,0.2732
C003512,2024-04-09,Web,Web,Marmara,25-34,Gold,1,High Value Loyal,,1.7206,0.7329,0.05,0.0296
C003513,2022-12-09,Marketplace,Marketplace,Aegean,18-24,Gold,1,Growth,,1.1119,0.758,0.4732,0.3026
C003514,2025-06-10,Mobile App,Mobile App,Marmara,55+,Platinum,1,High Value Loyal,,1.8202,0.7245,0.1922,0.0226
C003515,2025-02-15,Web,Web,Aegean,55+,Bronze,1,One-time,2025-09-13,0.8354,0.3676,0.6916,0.3802
C003516,2022-12-23,Web,Web,Central Anatolia,25-34,Silver,1,Growth,2024-07-15,0.9815,0.6534,0.2728,0.1657
C003517,2022-05-10,Mobile App,Mobile App,Mediterranean,55+,Silver,1,At Risk,2024-12-25,1.1277,0.2241,0.2503,0.4073
C003518,2024-07-19,Store,Store,Central Anatolia,18-24,Platinum,0,High Value Loyal,,2.2597,0.7701,0.1066,0.0711
C003519,2023-06-09,Mobile App,Mobile App,Southeastern Anatolia,18-24,Silver,1,Deal Seeker,2024-01-05,0.8882,0.6675,0.7493,0.3349
C003520,2022-02-04,Mobile App,Mobile App,Black Sea,18-24,Gold,1,At Risk,2022-03-06,0.9212,0.1863,0.4841,0.3307
C003521,2025-12-11,Web,Web,Aegean,35-44,Silver,1,At Risk,,1.3307,0.2786,0.5156,0.5258
C003522,2024-02-21,Mobile App,Mobile App,Aegean,25-34,Bronze,1,Routine,2025-09-13,0.766,0.5041,0.352,0.3162
C003523,2023-09-17,Web,Web,Marmara,35-44,Gold,1,High Value Loyal,,1.4048,0.8301,0.3217,0.0294
C003524,2024-02-14,Web,Web,Central Anatolia,45-54,Bronze,1,Deal Seeker,2024-03-15,0.9518,0.7019,0.8557,0.1751
C003525,2022-04-17,Marketplace,Marketplace,Marmara,25-34,Gold,1,Growth,2023-07-11,1.3151,0.7893,0.3344,0.1554
C003526,2022-03-03,Web,Web,Marmara,25-34,Silver,1,Routine,,0.7521,0.5078,0.3662,0.1527
C003527,2023-01-26,Store,Store,Black Sea,45-54,Silver,1,Growth,2024-07-19,1.1263,0.7338,0.2452,0.1056
C003528,2024-07-26,Mobile App,Mobile App,Mediterranean,25-34,Bronze,1,Routine,,0.8601,0.481,0.2954,0.2445
C003529,2023-10-03,Mobile App,Mobile App,Marmara,35-44,Gold,1,Growth,2025-04-25,1.0562,0.6594,0.6167,0.1243
C003530,2022-10-18,Web,Web,Central Anatolia,45-54,Bronze,1,Routine,2024-03-11,1.0006,0.5113,0.2705,0.2045
C003531,2023-11-12,Marketplace,Marketplace,Central Anatolia,35-44,Silver,1,Growth,,1.0349,0.5778,0.4016,0.141
C003532,2023-01-03,Mobile App,Mobile App,Marmara,25-34,Bronze,1,Routine,2023-02-02,0.9858,0.6509,0.3282,0.1729
C003533,2023-08-05,Marketplace,Marketplace,Marmara,25-34,Bronze,1,One-time,2024-05-01,0.7157,0.2559,0.7129,0.2273
C003534,2022-04-05,Mobile App,Mobile App,Marmara,25-34,Gold,1,High Value Loyal,,1.7004,0.7489,0.1022,0.2336
C003535,2025-05-22,Mobile App,Mobile App,Southeastern Anatolia,25-34,Silver,1,Deal Seeker,,0.7974,0.589,0.7297,0.2867
C003536,2024-12-25,Web,Web,Marmara,45-54,Bronze,1,Routine,2025-11-20,0.831,0.445,0.5459,0.2369
C003537,2025-04-11,Mobile App,Mobile App,Marmara,45-54,Bronze,1,Routine,,0.7843,0.4466,0.4996,0.1857
C003538,2022-03-20,Store,Store,Marmara,18-24,Bronze,0,Routine,2023-05-14,0.7797,0.4798,0.4013,0.1589
C003539,2022-08-14,Web,Web,Marmara,18-24,Bronze,1,Deal Seeker,2022-09-13,1.0588,0.7352,0.8235,0.2167
C003540,2024-05-25,Store,Store,Aegean,35-44,Silver,1,Routine,,0.7976,0.5024,0.3546,0.1223
C003541,2023-12-24,Mobile App,Mobile App,Mediterranean,45-54,Bronze,1,Deal Seeker,,0.9569,0.637,0.7407,0.2294
C003542,2024-07-05,Web,Web,Southeastern Anatolia,25-34,Silver,1,Routine,,0.7729,0.4511,0.3861,0.0634
C003543,2022-08-26,Mobile App,Mobile App,Southeastern Anatolia,18-24,Silver,1,Growth,,1.1183,0.6526,0.2079,0.2094
C003544,2023-05-18,Web,Web,Black Sea,45-54,Silver,1,Routine,2025-12-03,0.6437,0.6467,0.3771,0.1222
C003545,2024-07-09,Mobile App,Mobile App,Marmara,35-44,Bronze,1,Routine,,0.636,0.6873,0.3974,0.1889
C003546,2024-07-10,Web,Web,Central Anatolia,35-44,Silver,1,Growth,,1.3201,0.6872,0.3949,0.21
C003547,2023-03-07,Mobile App,Mobile App,Mediterranean,25-34,Silver,1,Deal Seeker,2023-10-03,0.9595,0.6104,0.7735,0.3149
C003548,2025-09-04,Web,Web,Aegean,45-54,Bronze,1,Routine,,1.119,0.565,0.4928,0.2961
C003549,2022-09-19,Web,Web,Aegean,35-44,Silver,1,Routine,2024-04-11,0.7557,0.5554,0.2709,0.1634
C003550,2024-02-01,Store,Store,Marmara,25-34,Gold,1,Growth,2025-01-26,1.2142,0.5964,0.3291,0.1754
C003551,2023-06-25,Mobile App,Mobile App,Marmara,35-44,Bronze,1,Deal Seeker,,0.8906,0.6602,0.7331,0.2982
C003552,2025-11-23,Mobile App,Mobile App,Marmara,55+,Bronze,1,Routine,,0.7749,0.6283,0.3948,0.3529
C003553,2025-10-11,Mobile App,Mobile App,Mediterranean,35-44,Bronze,1,Routine,2025-11-10,0.9416,0.4836,0.2839,0.2068
C003554,2023-12-21,Mobile App,Mobile App,Black Sea,25-34,Platinum,1,High Value Loyal,2025-08-12,1.8631,0.7363,0.245,0.1027
C003555,2025-05-18,Mobile App,Mobile App,Marmara,35-44,Bronze,1,One-time,2025-08-16,0.6916,0.1281,0.5954,0.408
C003556,2023-09-20,Web,Web,Marmara,35-44,Gold,1,Growth,,1.1984,0.7528,0.4208,0.4003
C003557,2023-09-05,Mobile App,Mobile App,Black Sea,35-44,Bronze,1,Routine,,0.6498,0.5032,0.4979,0.1897
C003558,2022-09-15,Web,Web,Marmara,18-24,Silver,1,At Risk,2025-08-30,1.4703,0.3877,0.4416,0.5518
C003559,2023-12-03,Web,Web,Southeastern Anatolia,45-54,Bronze,1,Deal Seeker,2024-04-01,1.0258,0.5422,0.8157,0.2765
C003560,2025-10-08,Mobile App,Mobile App,Central Anatolia,55+,Silver,1,At Risk,,0.9986,0.2835,0.5649,0.4187
C003561,2024-01-04,Mobile App,Mobile App,Central Anatolia,18-24,Bronze,1,Deal Seeker,,0.9058,0.6161,0.7484,0.2906
C003562,2024-09-13,Marketplace,Marketplace,Aegean,35-44,Bronze,1,Deal Seeker,,0.9771,0.5262,0.6493,0.2008
C003563,2023-01-17,Web,Web,Eastern Anatolia,25-34,Bronze,0,Deal Seeker,2024-09-08,0.7469,0.6856,0.8536,0.2836
C003564,2023-08-13,Web,Web,Southeastern Anatolia,25-34,Silver,1,Routine,2025-07-03,0.8662,0.4883,0.3014,0.2038
C003565,2025-05-25,Web,Web,Marmara,35-44,Silver,1,Routine,,0.7615,0.5326,0.4881,0.2525
C003566,2025-03-15,Marketplace,Marketplace,Mediterranean,45-54,Silver,1,At Risk,,0.9398,0.4823,0.3475,0.6321
C003567,2024-01-12,Mobile App,Mobile App,Marmara,35-44,Bronze,0,Routine,2025-12-02,1.1152,0.5297,0.433,0.1504
C003568,2025-11-01,Store,Store,Aegean,25-34,Bronze,1,Routine,,0.9372,0.4939,0.4186,0.0579
C003569,2023-01-24,Mobile App,Mobile App,Aegean,35-44,Gold,1,Growth,2023-03-25,1.4545,0.5346,0.3532,0.1117
C003570,2022-05-03,Mobile App,Mobile App,Central Anatolia,35-44,Silver,1,Routine,,0.6877,0.5559,0.2663,0.116
C003571,2025-11-02,Web,Web,Marmara,35-44,Silver,1,Deal Seeker,2025-12-02,1.1168,0.769,0.8325,0.1566
C003572,2022-06-18,Mobile App,Mobile App,Marmara,25-34,Silver,1,At Risk,2023-07-13,1.1907,0.3125,0.3872,0.5969
C003573,2023-09-24,Mobile App,Mobile App,Mediterranean,45-54,Silver,1,Growth,2024-08-19,1.1003,0.7118,0.4816,0.2609
C003574,2024-01-16,Mobile App,Mobile App,Central Anatolia,45-54,Silver,1,Growth,2024-02-15,0.6978,0.5692,0.4028,0.0811
C003575,2025-08-04,Store,Store,Central Anatolia,45-54,Silver,0,Deal Seeker,,0.8593,0.7353,0.7882,0.3415
C003576,2023-10-21,Web,Web,Central Anatolia,35-44,Gold,1,High Value Loyal,,1.7773,0.7696,0.237,0.02
C003577,2023-06-14,Web,Web,Marmara,35-44,Silver,1,At Risk,2025-08-02,0.7077,0.4663,0.379,0.5033
C003578,2024-05-21,Web,Web,Southeastern Anatolia,35-44,Bronze,1,Routine,2025-08-14,0.8008,0.4565,0.4326,0.2042
C003579,2025-02-09,Web,Web,Mediterranean,18-24,Gold,1,High Value Loyal,,2.3168,0.7111,0.2481,0.02
C003580,2024-11-09,Mobile App,Mobile App,Mediterranean,25-34,Silver,1,Routine,,0.5926,0.4813,0.3741,0.2106
C003581,2023-06-01,Mobile App,Mobile App,Marmara,55+,Bronze,1,Routine,,0.6936,0.5835,0.4903,0.2638
C003582,2024-10-04,Mobile App,Mobile App,Aegean,45-54,Bronze,1,Deal Seeker,2025-10-29,0.924,0.6512,0.9411,0.1755
C003583,2022-06-09,Mobile App,Mobile App,Marmara,18-24,Gold,1,High Value Loyal,2022-08-08,1.3311,0.8201,0.2729,0.1164
C003584,2023-05-14,Mobile App,Mobile App,Mediterranean,35-44,Bronze,1,One-time,2024-02-08,0.8209,0.1778,0.7058,0.2817
C003585,2025-09-08,Mobile App,Mobile App,Marmara,25-34,Silver,0,Deal Seeker,2025-11-07,1.1632,0.6538,0.8669,0.2468
C003586,2024-06-08,Web,Web,Southeastern Anatolia,45-54,Silver,1,At Risk,,1.0387,0.4062,0.4434,0.4527
C003587,2022-09-24,Web,Web,Marmara,35-44,Gold,1,High Value Loyal,,1.6389,0.8262,0.1871,0.2064
C003588,2022-07-22,Marketplace,Marketplace,Central Anatolia,18-24,Gold,1,Growth,2022-09-20,0.9137,0.8084,0.4087,0.0421
C003589,2023-02-24,Mobile App,Mobile App,Black Sea,18-24,Bronze,1,Deal Seeker,2025-01-14,0.8234,0.5684,0.7775,0.2109
C003590,2025-04-11,Web,Web,Marmara,18-24,Gold,1,At Risk,2025-07-10,0.9692,0.4379,0.403,0.4893
C003591,2023-06-16,Store,Store,Marmara,25-34,Gold,1,At Risk,2024-07-10,1.4762,0.2454,0.4314,0.5368
C003592,2023-05-25,Marketplace,Marketplace,Central Anatolia,35-44,Bronze,1,Deal Seeker,2024-01-20,1.0633,0.6417,0.7546,0.2508
C003593,2025-11-20,Web,Web,Central Anatolia,25-34,Bronze,1,Deal Seeker,,0.8819,0.5542,0.7769,0.2303
C003594,2024-12-11,Marketplace,Marketplace,Marmara,25-34,Silver,1,Deal Seeker,2025-09-07,1.1645,0.6558,0.7467,0.3832
C003595,2022-05-24,Mobile App,Mobile App,Mediterranean,35-44,Gold,1,Growth,,1.0243,0.7558,0.415,0.095
C003596,2024-01-09,Web,Web,Marmara,55+,Gold,1,High Value Loyal,,1.3993,0.9493,0.1379,0.1544
C003597,2024-09-17,Web,Web,Aegean,35-44,Platinum,1,High Value Loyal,,2.2889,0.8913,0.2472,0.1783
C003598,2025-10-25,Marketplace,Marketplace,Aegean,35-44,Silver,1,Growth,,1.1444,0.5722,0.2177,0.12
C003599,2023-07-22,Mobile App,Mobile App,Mediterranean,35-44,Gold,1,Growth,2023-12-19,1.0638,0.6682,0.3359,0.102
C003600,2025-09-13,Store,Store,Marmara,35-44,Bronze,1,One-time,2025-10-13,0.6544,0.2661,0.7352,0.4579
C003601,2024-05-13,Mobile App,Mobile App,Marmara,35-44,Silver,1,Routine,,1.0599,0.5568,0.3767,0.045
C003602,2024-07-07,Mobile App,Mobile App,Eastern Anatolia,35-44,Gold,0,At Risk,2025-02-02,1.2435,0.2687,0.6502,0.5357
C003603,2022-07-18,Web,Web,Mediterranean,25-34,Silver,1,Deal Seeker,2023-02-13,0.9642,0.601,0.7666,0.3879
C003604,2025-08-17,Store,Store,Marmara,35-44,Silver,1,At Risk,,0.8415,0.3339,0.565,0.5271
C003605,2023-11-09,Marketplace,Marketplace,Marmara,35-44,Bronze,1,Deal Seeker,,0.6352,0.5743,0.7214,0.2021
C003606,2025-03-03,Store,Store,Marmara,25-34,Bronze,0,Routine,,0.7137,0.5792,0.438,0.1196
C003607,2022-08-05,Mobile App,Mobile App,Black Sea,35-44,Gold,1,Growth,2024-10-23,1.0778,0.769,0.4288,0.2143
C003608,2025-10-09,Store,Store,Marmara,25-34,Bronze,1,One-time,2025-12-08,0.746,0.2554,0.8155,0.4049
C003609,2023-12-26,Marketplace,Marketplace,Central Anatolia,35-44,Silver,0,Routine,2025-09-16,1.1855,0.4007,0.3726,0.3086
C003610,2023-11-01,Store,Store,Marmara,25-34,Bronze,1,Routine,,1.1333,0.4402,0.4074,0.3329
C003611,2023-11-09,Store,Store,Marmara,45-54,Bronze,0,One-time,2024-01-08,1.0038,0.2588,0.5841,0.3487
C003612,2025-10-26,Marketplace,Marketplace,Eastern Anatolia,25-34,Gold,1,High Value Loyal,,1.7314,0.9267,0.2957,0.1314
C003613,2024-12-18,Mobile App,Mobile App,Marmara,35-44,Gold,1,At Risk,,1.0788,0.2007,0.3909,0.5791
C003614,2023-06-13,Mobile App,Mobile App,Central Anatolia,25-34,Bronze,1,Routine,,0.8635,0.6575,0.3458,0.3332
C003615,2025-07-25,Mobile App,Mobile App,Eastern Anatolia,25-34,Gold,1,High Value Loyal,,1.8468,0.8938,0.2884,0.1598
C003616,2023-07-18,Store,Store,Aegean,18-24,Gold,1,Growth,,0.7988,0.6914,0.5247,0.1554
C003617,2022-05-13,Web,Web,Eastern Anatolia,35-44,Gold,1,At Risk,2025-03-28,1.1866,0.489,0.4502,0.369
C003618,2023-05-12,Marketplace,Marketplace,Mediterranean,45-54,Bronze,1,Deal Seeker,,1.3855,0.6351,0.9296,0.2595
C003619,2023-04-18,Mobile App,Mobile App,Mediterranean,25-34,Bronze,1,Routine,2023-06-17,0.7034,0.4212,0.2631,0.2645
C003620,2023-09-15,Store,Store,Marmara,18-24,Gold,0,High Value Loyal,,1.4477,0.8208,0.1606,0.1877
C003621,2023-06-26,Marketplace,Marketplace,Marmara,25-34,Bronze,1,One-time,2023-07-26,0.9376,0.2751,0.7984,0.2432
C003622,2024-07-06,Mobile App,Mobile App,Southeastern Anatolia,25-34,Bronze,1,Routine,,0.8,0.5345,0.4569,0.1764
C003623,2022-10-26,Marketplace,Marketplace,Mediterranean,35-44,Silver,1,Growth,,0.951,0.609,0.3312,0.187
C003624,2023-04-20,Mobile App,Mobile App,Marmara,55+,Silver,1,Routine,,0.9444,0.5894,0.4203,0.1068
C003625,2022-11-24,Store,Store,Central Anatolia,25-34,Bronze,1,Deal Seeker,2023-03-24,1.1994,0.6466,0.805,0.1446
C003626,2025-10-19,Marketplace,Marketplace,Black Sea,55+,Silver,1,Growth,,1.2792,0.7017,0.4286,0.1295
C003627,2025-04-08,Web,Web,Marmara,55+,Silver,1,Deal Seeker,,0.8839,0.6974,0.7913,0.3013
C003628,2023-08-25,Marketplace,Marketplace,Marmara,25-34,Silver,0,Routine,2023-11-23,0.9645,0.4929,0.4616,0.252
C003629,2023-07-17,Mobile App,Mobile App,Marmara,25-34,Silver,1,Routine,,0.8536,0.5867,0.4587,0.309
C003630,2025-10-03,Web,Web,Black Sea,45-54,Bronze,1,Routine,,0.741,0.5982,0.4417,0.2171
C003631,2024-12-04,Mobile App,Mobile App,Mediterranean,35-44,Silver,1,Routine,2025-09-30,0.9232,0.5213,0.3618,0.185
C003632,2023-05-09,Store,Store,Mediterranean,45-54,Bronze,1,One-time,2023-06-08,0.6939,0.1345,0.6429,0.3643
C003633,2023-10-17,Web,Web,Marmara,45-54,Bronze,1,Deal Seeker,,0.8962,0.5447,0.6878,0.4392
C003634,2025-07-12,Web,Web,Aegean,35-44,Bronze,1,Deal Seeker,,0.9323,0.6172,0.6846,0.2149
C003635,2024-09-23,Mobile App,Mobile App,Marmara,35-44,Bronze,1,Deal Seeker,2024-11-22,0.7682,0.5678,0.7459,0.2215
C003636,2023-11-13,Mobile App,Mobile App,Black Sea,25-34,Silver,1,Deal Seeker,2025-02-05,1.1677,0.722,0.8174,0.3437
C003637,2024-08-14,Web,Web,Marmara,45-54,Platinum,1,High Value Loyal,2024-10-13,1.879,0.8908,0.05,0.02
C003638,2023-07-21,Marketplace,Marketplace,Marmara,18-24,Bronze,0,Routine,,0.9422,0.6242,0.2944,0.2253
C003639,2025-04-25,Web,Web,Marmara,25-34,Silver,0,Routine,2025-07-24,0.7464,0.5353,0.3911,0.1579
C003640,2025-11-01,Web,Web,Mediterranean,25-34,Bronze,1,Deal Seeker,,0.7158,0.6937,0.8942,0.131
C003641,2023-08-01,Marketplace,Marketplace,Aegean,55+,Bronze,1,Deal Seeker,,1.1116,0.599,0.8723,0.2448
C003642,2024-12-12,Store,Store,Mediterranean,18-24,Bronze,1,Deal Seeker,,0.88,0.8284,0.9131,0.3291
C003643,2023-03-04,Store,Store,Black Sea,18-24,Silver,1,Routine,2023-04-03,0.7326,0.594,0.3087,0.1335
C003644,2023-06-23,Marketplace,Marketplace,Marmara,25-34,Silver,1,Routine,,0.6501,0.4398,0.3525,0.1621
C003645,2025-04-08,Web,Web,Marmara,25-34,Bronze,1,Routine,,0.6275,0.4311,0.3147,0.1877
C003646,2023-11-06,Mobile App,Mobile App,Mediterranean,25-34,Silver,1,Growth,2025-01-29,0.9833,0.7343,0.2337,0.186
C003647,2022-12-11,Mobile App,Mobile App,Marmara,18-24,Silver,1,Deal Seeker,2024-05-04,0.7501,0.6101,0.8307,0.2668
C003648,2024-12-15,Marketplace,Marketplace,Mediterranean,55+,Platinum,1,High Value Loyal,,1.5814,0.8862,0.3454,0.1736
C003649,2022-12-23,Mobile App,Mobile App,Southeastern Anatolia,25-34,Gold,1,High Value Loyal,,1.8972,0.7976,0.236,0.0245
C003650,2025-02-25,Store,Store,Black Sea,25-34,Gold,1,High Value Loyal,,1.9306,0.5902,0.1033,0.0484
C003651,2023-07-01,Mobile App,Mobile App,Central Anatolia,18-24,Silver,1,Deal Seeker,,1.0819,0.7144,0.767,0.1564
C003652,2023-08-02,Marketplace,Marketplace,Aegean,18-24,Silver,0,At Risk,2024-06-27,0.9442,0.3579,0.432,0.3283
C003653,2025-08-14,Store,Store,Marmara,25-34,Silver,1,Deal Seeker,2025-10-13,0.7317,0.6462,0.6239,0.0531
C003654,2024-12-22,Web,Web,Southeastern Anatolia,25-34,Bronze,1,Routine,,0.8102,0.4819,0.1718,0.1564
C003655,2023-10-15,Mobile App,Mobile App,Southeastern Anatolia,25-34,Silver,1,Growth,,1.6068,0.7505,0.3402,0.348
C003656,2025-07-23,Mobile App,Mobile App,Aegean,35-44,Bronze,1,One-time,2025-10-21,1.0008,0.4177,0.6597,0.3853
C003657,2022-11-08,Web,Web,Marmara,18-24,Silver,1,At Risk,2022-12-08,1.054,0.2737,0.4592,0.5006
C003658,2025-10-13,Mobile App,Mobile App,Central Anatolia,45-54,Gold,0,At Risk,,0.9325,0.2196,0.4514,0.4657
C003659,2024-02-22,Mobile App,Mobile App,Marmara,35-44,Silver,1,Growth,,1.4646,0.7192,0.2385,0.2926
C003660,2023-02-14,Mobile App,Mobile App,Aegean,25-34,Silver,1,Growth,2025-10-01,1.3595,0.7435,0.4105,0.0879
C003661,2023-08-06,Web,Web,Aegean,35-44,Bronze,1,Routine,,1.2465,0.5065,0.5349,0.2031
C003662,2025-10-01,Web,Web,Central Anatolia,18-24,Gold,1,At Risk,,1.5145,0.2932,0.5105,0.4107
C003663,2025-10-12,Web,Web,Marmara,25-34,Silver,1,Growth,,1.2316,0.6426,0.288,0.2173
C003664,2025-10-26,Mobile App,Mobile App,Marmara,18-24,Bronze,0,Deal Seeker,,1.1659,0.6544,0.696,0.2786
C003665,2025-02-02,Marketplace,Marketplace,Aegean,35-44,Platinum,1,High Value Loyal,,2.0107,0.6872,0.2102,0.0567
C003666,2025-02-08,Web,Web,Aegean,35-44,Bronze,1,Deal Seeker,,0.7674,0.5672,0.6397,0.3724
C003667,2025-07-09,Mobile App,Mobile App,Aegean,35-44,Platinum,1,High Value Loyal,2025-08-08,2.0087,0.8353,0.1902,0.0642
C003668,2025-01-07,Web,Web,Marmara,25-34,Silver,1,Deal Seeker,,1.0242,0.6526,0.9541,0.1727
C003669,2023-01-08,Store,Store,Black Sea,35-44,Gold,1,At Risk,2025-10-24,1.3346,0.3054,0.576,0.3971
C003670,2023-10-16,Marketplace,Marketplace,Marmara,25-34,Silver,1,At Risk,2023-11-15,0.8551,0.3823,0.4403,0.4665
C003671,2023-10-06,Web,Web,Marmara,18-24,Silver,1,Growth,2024-01-04,1.1381,0.7881,0.4113,0.0791
C003672,2024-10-15,Web,Web,Central Anatolia,18-24,Bronze,1,Routine,,0.7714,0.4712,0.3071,0.22
C003673,2025-01-03,Marketplace,Marketplace,Black Sea,35-44,Silver,1,Growth,,0.9557,0.6498,0.2457,0.153
C003674,2025-02-26,Mobile App,Mobile App,Mediterranean,18-24,Bronze,1,Deal Seeker,2025-04-27,0.9179,0.6943,0.98,0.217
C003675,2025-12-14,Mobile App,Mobile App,Marmara,18-24,Silver,1,Growth,,0.9742,0.6948,0.4264,0.2725
C003676,2024-01-25,Marketplace,Marketplace,Central Anatolia,25-34,Gold,0,High Value Loyal,,1.1902,0.833,0.1824,0.02
C003677,2022-01-05,Web,Web,Central Anatolia,25-34,Gold,1,Growth,2023-11-26,1.0973,0.7906,0.4337,0.1037
C003678,2022-07-07,Mobile App,Mobile App,Marmara,35-44,Bronze,1,One-time,2022-12-04,0.6967,0.2857,0.6373,0.2771
C003679,2023-08-13,Store,Store,Central Anatolia,35-44,Silver,1,Routine,,0.9426,0.4797,0.2772,0.263
C003680,2024-11-25,Mobile App,Mobile App,Black Sea,45-54,Gold,1,At Risk,2025-01-24,0.9102,0.3677,0.4784,0.5336
C003681,2025-02-25,Web,Web,Marmara,25-34,Bronze,1,Routine,2025-11-22,1.0673,0.5125,0.4067,0.0212
C003682,2022-12-19,Marketplace,Marketplace,Marmara,45-54,Bronze,0,Deal Seeker,2023-08-16,1.2875,0.5951,0.7483,0.1982
C003683,2024-05-20,Marketplace,Marketplace,Mediterranean,45-54,Silver,0,Routine,2024-07-19,0.8739,0.5245,0.1873,0.2292
C003684,2025-06-23,Web,Web,Aegean,25-34,Silver,1,Routine,2025-07-23,0.8535,0.4924,0.2735,0.2604
C003685,2025-04-08,Marketplace,Marketplace,Mediterranean,45-54,Silver,1,Deal Seeker,,0.6012,0.7754,0.8297,0.2881
C003686,2024-05-22,Web,Web,Marmara,25-34,Silver,1,Routine,,0.7546,0.5152,0.2851,0.2337
C003687,2022-05-12,Marketplace,Marketplace,Marmara,25-34,Bronze,1,Deal Seeker,2023-06-06,0.8335,0.7292,0.8482,0.2166
C003688,2025-07-05,Mobile App,Mobile App,Eastern Anatolia,25-34,Silver,1,Deal Seeker,,0.7362,0.601,0.7901,0.1184
C003689,2022-03-06,Mobile App,Mobile App,Marmara,35-44,Platinum,1,High Value Loyal,2024-03-25,1.4147,0.7477,0.1814,0.1202
C003690,2023-05-02,Mobile App,Mobile App,Marmara,18-24,Bronze,1,Deal Seeker,2025-01-21,0.8537,0.5748,0.7627,0.3295
C003691,2024-01-04,Marketplace,Marketplace,Black Sea,25-34,Platinum,1,High Value Loyal,2024-02-03,1.8047,0.98,0.292,0.0255
C003692,2022-09-22,Mobile App,Mobile App,Mediterranean,35-44,Gold,1,High Value Loyal,,1.357,0.8532,0.2206,0.163
C003693,2024-04-22,Mobile App,Mobile App,Marmara,25-34,Bronze,1,Routine,,0.9404,0.7017,0.2828,0.2903
C003694,2023-02-05,Mobile App,Mobile App,Central Anatolia,35-44,Bronze,1,One-time,2025-06-24,0.8256,0.3502,0.672,0.4273
C003695,2023-11-19,Web,Web,Marmara,25-34,Silver,1,At Risk,2024-05-17,1.0644,0.3185,0.3943,0.512
C003696,2024-11-16,Marketplace,Marketplace,Southeastern Anatolia,25-34,Silver,1,Growth,,1.7677,0.7664,0.4517,0.2059
C003697,2023-04-26,Web,Web,Southeastern Anatolia,35-44,Gold,1,High Value Loyal,2023-05-26,1.73,0.6794,0.1846,0.1251
C003698,2023-05-26,Store,Store,Marmara,55+,Bronze,1,Deal Seeker,,0.9093,0.7043,0.6818,0.2246
C003699,2025-06-20,Store,Store,Black Sea,45-54,Bronze,1,Deal Seeker,,0.9522,0.5417,0.7314,0.2489
C003700,2024-12-02,Store,Store,Marmara,18-24,Silver,1,At Risk,2025-10-28,1.4165,0.385,0.3238,0.4543
C003701,2023-04-10,Store,Store,Central Anatolia,25-34,Bronze,1,Routine,2023-06-09,0.8909,0.5928,0.5333,0.3615
C003702,2022-05-15,Mobile App,Mobile App,Aegean,25-34,Bronze,1,Deal Seeker,2025-02-28,1.0517,0.4809,0.7696,0.3058
C003703,2025-08-06,Web,Web,Marmara,25-34,Silver,0,At Risk,,1.0285,0.4081,0.5487,0.4163
C003704,2024-06-17,Marketplace,Marketplace,Central Anatolia,25-34,Silver,1,Deal Seeker,2024-10-15,1.2084,0.5377,0.7637,0.1599
C003705,2022-05-05,Mobile App,Mobile App,Marmara,25-34,Silver,1,Routine,2022-12-31,0.7887,0.6225,0.4733,0.2391
C003706,2024-11-16,Mobile App,Mobile App,Eastern Anatolia,25-34,Bronze,1,Deal Seeker,2025-02-14,0.8417,0.603,0.7774,0.2552
C003707,2025-01-02,Marketplace,Marketplace,Central Anatolia,35-44,Gold,1,High Value Loyal,,1.5861,0.7749,0.4078,0.2142
C003708,2025-09-02,Marketplace,Marketplace,Marmara,45-54,Silver,1,Deal Seeker,,0.8962,0.5955,0.7579,0.2256
C003709,2025-09-12,Mobile App,Mobile App,Aegean,25-34,Silver,1,Deal Seeker,,1.0218,0.5216,0.693,0.1826
C003710,2024-01-08,Marketplace,Marketplace,Marmara,35-44,Silver,1,Routine,2024-02-07,1.0041,0.598,0.3561,0.2645
C003711,2024-12-23,Web,Web,Marmara,25-34,Bronze,1,Routine,,1.1757,0.5593,0.3276,0.0788
C003712,2025-11-09,Mobile App,Mobile App,Marmara,35-44,Bronze,1,Routine,,0.8685,0.5626,0.3859,0.2508
C003713,2023-12-25,Mobile App,Mobile App,Aegean,55+,Silver,1,Routine,,0.7343,0.5625,0.4143,0.1408
C003714,2025-09-15,Web,Web,Central Anatolia,25-34,Silver,1,Growth,,1.3001,0.6357,0.5806,0.1898
C003715,2023-02-06,Store,Store,Southeastern Anatolia,35-44,Bronze,1,One-time,2023-09-04,0.7785,0.2306,0.739,0.3522
C003716,2022-04-20,Store,Store,Central Anatolia,25-34,Silver,1,Deal Seeker,2024-01-10,1.085,0.6212,0.8246,0.2101
C003717,2025-11-16,Web,Web,Marmara,55+,Bronze,1,Routine,,0.764,0.5973,0.2961,0.2266
C003718,2025-07-04,Store,Store,Marmara,18-24,Silver,1,Routine,,0.9441,0.5211,0.4254,0.052
C003719,2024-05-18,Mobile App,Mobile App,Aegean,25-34,Silver,1,Growth,,1.3327,0.5643,0.342,0.2346
C003720,2022-10-25,Web,Web,Central Anatolia,18-24,Bronze,1,Routine,,0.7363,0.5836,0.3743,0.1834
C003721,2025-06-08,Web,Web,Central Anatolia,35-44,Gold,1,At Risk,2025-07-08,1.2112,0.2994,0.5221,0.4988
C003722,2023-09-05,Mobile App,Mobile App,Aegean,25-34,Silver,1,Deal Seeker,2025-03-28,1.2351,0.5192,0.7941,0.1483
C003723,2023-08-03,Marketplace,Marketplace,Black Sea,35-44,Gold,1,Growth,,1.3295,0.6892,0.3631,0.2321
C003724,2023-05-10,Web,Web,Mediterranean,18-24,Silver,1,Growth,,1.0531,0.6426,0.2486,0.1453
C003725,2024-09-19,Store,Store,Central Anatolia,18-24,Bronze,1,Deal Seeker,2024-11-18,1.0149,0.6732,0.8831,0.2659
C003726,2024-01-07,Mobile App,Mobile App,Mediterranean,25-34,Silver,1,Routine,2025-05-31,0.7571,0.5937,0.3934,0.1039
C003727,2024-08-05,Store,Store,Mediterranean,55+,Silver,1,Growth,,2.3289,0.6321,0.2622,0.2699
C003728,2024-01-26,Marketplace,Marketplace,Marmara,18-24,Silver,1,Routine,,0.8409,0.5402,0.2953,0.229
C003729,2025-05-20,Mobile App,Mobile App,Central Anatolia,45-54,Gold,0,Growth,,1.2117,0.6121,0.3221,0.1362
C003730,2025-11-12,Web,Web,Black Sea,45-54,Bronze,1,Routine,,0.7723,0.4581,0.3611,0.2576
C003731,2022-09-26,Mobile App,Mobile App,Mediterranean,18-24,Bronze,1,Deal Seeker,2022-10-26,0.8456,0.6635,0.7882,0.1829
C003732,2025-06-08,Web,Web,Marmara,45-54,Bronze,1,Deal Seeker,,0.6818,0.6322,0.7638,0.2905
C003733,2025-04-23,Mobile App,Mobile App,Marmara,35-44,Silver,0,Deal Seeker,,0.9155,0.4642,0.6507,0.2807
C003734,2025-09-21,Web,Web,Aegean,25-34,Bronze,1,Routine,2025-11-20,0.7731,0.33,0.3733,0.1794
C003735,2023-09-13,Web,Web,Southeastern Anatolia,45-54,Gold,1,Growth,,1.2292,0.5799,0.4886,0.1296
C003736,2025-12-23,Marketplace,Marketplace,Central Anatolia,18-24,Silver,1,Growth,,0.9757,0.7861,0.3997,0.181
C003737,2023-09-19,Web,Web,Central Anatolia,25-34,Bronze,1,One-time,2024-01-17,0.7061,0.2869,0.678,0.4387
C003738,2024-12-06,Mobile App,Mobile App,Mediterranean,25-34,Bronze,1,Routine,,0.665,0.6262,0.338,0.2313
C003739,2023-08-25,Mobile App,Mobile App,Black Sea,35-44,Bronze,1,Routine,2024-06-20,0.7486,0.5283,0.2783,0.1908
C003740,2025-05-26,Mobile App,Mobile App,Marmara,35-44,Silver,1,Growth,,1.3085,0.692,0.2147,0.1297
C003741,2024-05-13,Mobile App,Mobile App,Aegean,35-44,Silver,1,Deal Seeker,2024-10-10,0.747,0.5882,0.7659,0.2442
C003742,2025-03-08,Store,Store,Mediterranean,18-24,Silver,0,Routine,,0.8231,0.6443,0.2503,0.1505
C003743,2023-06-26,Mobile App,Mobile App,Black Sea,25-34,Silver,1,Routine,2024-06-20,0.991,0.4029,0.3726,0.1042
C003744,2023-07-10,Store,Store,Aegean,25-34,Bronze,1,Deal Seeker,2023-11-07,1.0451,0.5842,0.7414,0.1879
C003745,2023-07-17,Web,Web,Central Anatolia,25-34,Silver,0,Routine,,0.6088,0.5198,0.3116,0.2484
C003746,2024-10-17,Mobile App,Mobile App,Black Sea,25-34,Silver,1,Growth,2025-05-15,1.0071,0.6778,0.3026,0.1687
C003747,2025-06-05,Web,Web,Marmara,45-54,Bronze,1,Routine,,0.9211,0.5576,0.3609,0.1854
C003748,2024-10-08,Marketplace,Marketplace,Mediterranean,35-44,Silver,1,At Risk,2025-04-06,1.2157,0.3593,0.4915,0.4864
C003749,2024-06-15,Web,Web,Marmara,25-34,Gold,1,High Value Loyal,,1.7397,0.7193,0.1188,0.12
C003750,2023-05-18,Web,Web,Aegean,45-54,Bronze,1,Deal Seeker,,0.7495,0.6369,0.7418,0.2029
C003751,2024-05-10,Mobile App,Mobile App,Central Anatolia,45-54,Bronze,1,Routine,,0.7708,0.5118,0.3009,0.2379
C003752,2023-02-14,Web,Web,Central Anatolia,55+,Silver,1,Routine,,0.773,0.4832,0.4575,0.0397
C003753,2022-01-07,Store,Store,Aegean,25-34,Silver,1,At Risk,2022-05-07,1.0059,0.3787,0.4174,0.4799
C003754,2025-06-08,Store,Store,Eastern Anatolia,18-24,Silver,1,Growth,,1.2577,0.6701,0.4303,0.0847
C003755,2025-04-19,Store,Store,Eastern Anatolia,35-44,Gold,1,High Value Loyal,,1.3925,0.7123,0.2298,0.1311
C003756,2025-12-08,Marketplace,Marketplace,Marmara,18-24,Silver,1,Deal Seeker,,1.3992,0.5974,0.9262,0.1071
C003757,2025-11-19,Mobile App,Mobile App,Central Anatolia,25-34,Silver,1,At Risk,,1.2082,0.3553,0.3396,0.5082
C003758,2024-10-12,Store,Store,Central Anatolia,18-24,Platinum,1,High Value Loyal,,1.6207,0.8799,0.2528,0.02
C003759,2023-05-14,Mobile App,Mobile App,Marmara,18-24,Gold,1,Growth,2024-09-05,1.4429,0.7282,0.4606,0.2053
C003760,2022-10-13,Marketplace,Marketplace,Black Sea,45-54,Silver,1,Deal Seeker,2023-02-10,0.9135,0.689,0.7558,0.14
C003761,2023-12-02,Mobile App,Mobile App,Marmara,25-34,Silver,1,Growth,,1.4177,0.6684,0.4866,0.1229
C003762,2023-12-11,Mobile App,Mobile App,Marmara,25-34,Silver,1,Routine,,0.7513,0.3595,0.2616,0.2496
C003763,2022-08-12,Mobile App,Mobile App,Eastern Anatolia,25-34,Silver,1,Growth,2024-07-02,1.008,0.5816,0.3461,0.2444
C003764,2022-02-05,Mobile App,Mobile App,Marmara,35-44,Bronze,1,Routine,,0.6935,0.4654,0.4365,0.2504
C003765,2025-03-06,Store,Store,Eastern Anatolia,35-44,Bronze,1,One-time,2025-07-04,0.8459,0.3358,0.6435,0.4198
C003766,2023-11-22,Marketplace,Marketplace,Aegean,35-44,Bronze,1,Routine,,0.7055,0.664,0.4216,0.1274
C003767,2025-11-12,Store,Store,Marmara,25-34,Bronze,1,Deal Seeker,,0.8247,0.5203,0.8486,0.1672
C003768,2025-06-08,Mobile App,Mobile App,Marmara,35-44,Bronze,1,Deal Seeker,,0.977,0.55,0.7688,0.188
C003769,2024-07-03,Web,Web,Southeastern Anatolia,35-44,Bronze,1,Deal Seeker,,0.9205,0.6703,0.8011,0.2191
C003770,2022-01-15,Mobile App,Mobile App,Marmara,35-44,Gold,1,At Risk,2023-07-09,1.1315,0.2445,0.5897,0.5042
C003771,2022-12-10,Mobile App,Mobile App,Eastern Anatolia,45-54,Gold,1,At Risk,,0.7974,0.3475,0.4187,0.5227
C003772,2025-11-24,Web,Web,Marmara,35-44,Bronze,1,Routine,,0.9652,0.4732,0.3935,0.0838
C003773,2023-02-14,Mobile App,Mobile App,Marmara,45-54,Silver,1,Routine,2024-04-09,0.8113,0.6743,0.3089,0.2218
C003774,2025-11-14,Web,Web,Aegean,25-34,Silver,1,Deal Seeker,,0.9378,0.6883,0.8646,0.2047
C003775,2022-09-05,Mobile App,Mobile App,Marmara,25-34,Bronze,1,Routine,2023-03-04,0.8535,0.4155,0.2501,0.2037
C003776,2022-10-07,Marketplace,Marketplace,Marmara,45-54,Bronze,1,One-time,2023-06-04,0.6899,0.3734,0.6521,0.4521
C003777,2024-02-12,Store,Store,Mediterranean,35-44,Silver,1,Routine,,0.6668,0.522,0.358,0.1438
C003778,2023-02-14,Mobile App,Mobile App,Mediterranean,25-34,Platinum,1,High Value Loyal,,1.5616,0.7617,0.0838,0.1549
C003779,2025-10-01,Store,Store,Central Anatolia,45-54,Platinum,1,High Value Loyal,,1.63,0.8442,0.2134,0.1085
C003780,2025-11-03,Mobile App,Mobile App,Marmara,45-54,Bronze,1,Routine,,0.8613,0.4608,0.3898,0.2232
C003781,2023-03-13,Mobile App,Mobile App,Marmara,45-54,Gold,1,High Value Loyal,,1.6063,0.7797,0.1584,0.0762
C003782,2025-09-22,Mobile App,Mobile App,Black Sea,25-34,Silver,1,Growth,,1.1613,0.6636,0.4634,0.1663
C003783,2024-05-03,Marketplace,Marketplace,Marmara,25-34,Silver,1,Growth,,1.1823,0.7689,0.4481,0.1073
C003784,2023-05-19,Mobile App,Mobile App,Aegean,35-44,Silver,1,At Risk,2023-12-15,1.2205,0.2686,0.5894,0.4533
C003785,2024-08-08,Web,Web,Aegean,55+,Gold,0,High Value Loyal,,1.293,0.6599,0.3822,0.02
C003786,2024-10-03,Mobile App,Mobile App,Marmara,25-34,Gold,1,High Value Loyal,2025-10-28,1.3897,0.8687,0.1948,0.1465
C003787,2023-05-13,Marketplace,Marketplace,Central Anatolia,25-34,Bronze,1,Routine,2024-01-08,0.6097,0.5168,0.4686,0.2384
C003788,2024-06-18,Store,Store,Marmara,35-44,Silver,1,At Risk,,1.0609,0.4065,0.4305,0.4538
C003789,2024-03-18,Store,Store,Aegean,35-44,Silver,0,At Risk,2024-06-16,0.8282,0.3197,0.4199,0.4557
C003790,2023-10-05,Mobile App,Mobile App,Marmara,55+,Bronze,1,One-time,2023-12-04,0.7191,0.3371,0.533,0.4566
C003791,2022-07-23,Web,Web,Black Sea,25-34,Silver,0,Growth,,1.3392,0.6517,0.3971,0.0923
C003792,2025-03-20,Store,Store,Aegean,55+,Bronze,1,One-time,,0.8931,0.3054,0.8678,0.3523
C003793,2024-10-04,Mobile App,Mobile App,Aegean,45-54,Gold,1,Growth,,1.0049,0.5987,0.3543,0.0458
C003794,2025-03-15,Mobile App,Mobile App,Marmara,25-34,Bronze,0,Deal Seeker,2025-06-13,1.1798,0.5086,0.717,0.1446
C003795,2025-04-16,Mobile App,Mobile App,Marmara,35-44,Silver,1,Deal Seeker,2025-08-14,0.9006,0.6011,0.8136,0.1936
C003796,2023-11-18,Web,Web,Aegean,25-34,Gold,1,High Value Loyal,,1.7071,0.8727,0.2915,0.1948
C003797,2025-11-23,Mobile App,Mobile App,Marmara,35-44,Platinum,1,High Value Loyal,,1.4549,0.7307,0.05,0.2187
C003798,2025-04-19,Web,Web,Aegean,25-34,Silver,1,Deal Seeker,,0.7776,0.5642,0.7375,0.1595
C003799,2022-06-03,Store,Store,Central Anatolia,55+,Silver,0,Growth,2024-12-19,1.2036,0.7333,0.1772,0.216
C003800,2024-09-22,Store,Store,Aegean,18-24,Silver,1,Routine,,1.3152,0.5548,0.2777,0.2392
C003801,2023-02-14,Mobile App,Mobile App,Black Sea,35-44,Silver,1,Deal Seeker,2025-12-30,0.8856,0.7085,0.8601,0.275
C003802,2024-09-20,Web,Web,Aegean,25-34,Silver,1,Routine,,0.534,0.4002,0.4611,0.1692
C003803,2025-08-16,Mobile App,Mobile App,Black Sea,35-44,Silver,1,Growth,,1.806,0.652,0.2662,0.1917
C003804,2025-03-16,Web,Web,Marmara,35-44,Gold,1,Growth,2025-08-13,1.0892,0.6574,0.5315,0.3061
C003805,2025-07-25,Mobile App,Mobile App,Central Anatolia,35-44,Silver,1,Growth,,1.3086,0.6626,0.5194,0.0429
C003806,2022-06-25,Marketplace,Marketplace,Southeastern Anatolia,55+,Silver,1,Routine,2024-05-15,1.1985,0.5501,0.2551,0.2651
C003807,2024-03-02,Web,Web,Southeastern Anatolia,25-34,Platinum,1,High Value Loyal,2025-04-26,1.3762,0.972,0.0567,0.1581
C003808,2024-07-23,Marketplace,Marketplace,Central Anatolia,45-54,Bronze,1,One-time,2024-08-22,0.7168,0.3328,0.7099,0.3632
C003809,2025-11-14,Mobile App,Mobile App,Marmara,25-34,Bronze,1,Deal Seeker,,1.2532,0.5847,0.6931,0.2276
C003810,2024-11-26,Store,Store,Black Sea,18-24,Platinum,1,High Value Loyal,,1.667,0.8477,0.2252,0.2056
C003811,2025-09-07,Marketplace,Marketplace,Aegean,18-24,Gold,1,High Value Loyal,,1.6266,0.7373,0.1685,0.165
C003812,2024-09-04,Web,Web,Marmara,25-34,Bronze,1,Deal Seeker,,1.0865,0.5929,0.9137,0.4075
C003813,2022-04-14,Mobile App,Mobile App,Marmara,25-34,Bronze,1,Routine,2022-05-14,0.7115,0.472,0.3142,0.1942
C003814,2022-08-14,Web,Web,Marmara,35-44,Bronze,1,Routine,2025-07-29,0.5799,0.649,0.3061,0.1803
C003815,2025-05-02,Mobile App,Mobile App,Central Anatolia,25-34,Silver,1,Growth,,1.0073,0.8901,0.3979,0.0901
C003816,2025-05-07,Mobile App,Mobile App,Aegean,35-44,Silver,1,At Risk,2025-06-06,1.4941,0.5064,0.6003,0.4987
C003817,2024-04-12,Store,Store,Aegean,25-34,Bronze,1,Routine,2024-05-12,0.9182,0.4506,0.369,0.2881
C003818,2025-03-20,Mobile App,Mobile App,Central Anatolia,18-24,Bronze,1,Routine,,1.0481,0.4591,0.3064,0.1548
C003819,2023-03-07,Mobile App,Mobile App,Southeastern Anatolia,35-44,Bronze,1,Routine,,0.724,0.4954,0.3799,0.1721
C003820,2023-06-23,Store,Store,Aegean,35-44,Silver,1,Growth,,1.1549,0.6791,0.3454,0.1064
C003821,2025-03-24,Store,Store,Black Sea,25-34,Gold,1,Growth,,1.2352,0.5205,0.5221,0.1932
C003822,2025-11-04,Store,Store,Aegean,45-54,Silver,0,At Risk,,0.976,0.1854,0.4446,0.4166
C003823,2025-11-07,Store,Store,Marmara,35-44,Gold,1,High Value Loyal,,1.8344,0.9326,0.2734,0.0339
C003824,2023-05-19,Store,Store,Aegean,18-24,Bronze,1,Routine,,0.4746,0.469,0.468,0.2613
C003825,2025-11-21,Marketplace,Marketplace,Central Anatolia,45-54,Bronze,0,Routine,,0.5791,0.3736,0.2975,0.3057
C003826,2022-10-21,Web,Web,Marmara,35-44,Gold,1,High Value Loyal,2025-11-04,1.1823,0.8947,0.257,0.0727
C003827,2022-09-21,Store,Store,Aegean,55+,Silver,1,Deal Seeker,,0.825,0.5178,0.7834,0.3669
C003828,2023-03-07,Web,Web,Central Anatolia,45-54,Gold,1,At Risk,2024-06-29,0.8611,0.3507,0.3678,0.3845
C003829,2025-01-19,Store,Store,Southeastern Anatolia,35-44,Bronze,1,Routine,,0.8394,0.5303,0.3682,0.1498
C003830,2025-02-22,Marketplace,Marketplace,Central Anatolia,45-54,Platinum,1,High Value Loyal,,2.0037,0.8134,0.3201,0.0695
C003831,2025-05-01,Store,Store,Central Anatolia,18-24,Silver,1,Deal Seeker,,0.688,0.67,0.7894,0.2551
C003832,2023-01-04,Store,Store,Central Anatolia,25-34,Gold,1,High Value Loyal,,1.9807,0.7988,0.3764,0.1159
C003833,2023-01-07,Marketplace,Marketplace,Aegean,55+,Bronze,1,Routine,,0.7068,0.5927,0.1797,0.1924
C003834,2023-03-16,Marketplace,Marketplace,Marmara,45-54,Silver,1,Deal Seeker,2025-12-30,1.1035,0.4772,0.7696,0.2691
C003835,2023-07-16,Marketplace,Marketplace,Marmara,35-44,Gold,1,Growth,,1.1545,0.7548,0.3753,0.2223
C003836,2022-08-15,Mobile App,Mobile App,Aegean,35-44,Gold,1,High Value Loyal,,1.4206,0.8642,0.1631,0.0808
C003837,2022-08-05,Mobile App,Mobile App,Central Anatolia,18-24,Bronze,1,One-time,2022-12-03,0.8315,0.4144,0.5672,0.3129
C003838,2025-08-05,Mobile App,Mobile App,Marmara,35-44,Silver,1,At Risk,,0.9893,0.26,0.4583,0.4517
C003839,2025-10-01,Mobile App,Mobile App,Aegean,35-44,Bronze,1,Routine,,0.8602,0.4488,0.3242,0.1897
C003840,2024-10-23,Marketplace,Marketplace,Central Anatolia,35-44,Bronze,1,Routine,,0.7081,0.4843,0.3803,0.2241
C003841,2022-04-11,Web,Web,Marmara,25-34,Silver,1,At Risk,2022-07-10,0.869,0.2979,0.4429,0.5214
C003842,2024-02-14,Store,Store,Marmara,18-24,Silver,0,Routine,2025-02-08,0.9773,0.5683,0.4245,0.1417
C003843,2023-11-20,Marketplace,Marketplace,Black Sea,35-44,Silver,1,Growth,,1.021,0.5672,0.3228,0.2701
C003844,2022-10-16,Mobile App,Mobile App,Eastern Anatolia,55+,Silver,1,Deal Seeker,2023-02-13,0.6523,0.637,0.6608,0.1772
C003845,2024-12-07,Web,Web,Marmara,55+,Bronze,1,Routine,,0.8776,0.6173,0.4136,0.3067
C003846,2024-03-20,Web,Web,Marmara,35-44,Silver,1,Deal Seeker,,0.8733,0.6132,0.8793,0.3137
C003847,2024-11-15,Store,Store,Marmara,18-24,Silver,1,Routine,,0.9555,0.6639,0.2671,0.1573
C003848,2025-10-25,Mobile App,Mobile App,Marmara,18-24,Silver,1,Routine,,0.7591,0.6279,0.2228,0.2435
C003849,2022-08-03,Mobile App,Mobile App,Marmara,45-54,Bronze,0,Routine,2023-07-29,0.9767,0.568,0.4658,0.2371
C003850,2022-11-08,Web,Web,Aegean,35-44,Gold,1,Growth,,1.103,0.6694,0.4108,0.2651
C003851,2023-07-15,Marketplace,Marketplace,Central Anatolia,18-24,Silver,1,Routine,,0.7537,0.4922,0.272,0.1943
C003852,2025-05-03,Web,Web,Central Anatolia,25-34,Silver,1,Deal Seeker,,0.8636,0.6154,0.8124,0.1707
C003853,2024-12-23,Mobile App,Mobile App,Southeastern Anatolia,45-54,Silver,1,At Risk,,1.1919,0.2534,0.517,0.4109
C003854,2022-11-07,Marketplace,Marketplace,Central Anatolia,25-34,Platinum,1,High Value Loyal,,1.7026,0.7021,0.1846,0.0571
C003855,2022-12-14,Web,Web,Marmara,25-34,Gold,1,At Risk,2024-05-07,1.2394,0.2399,0.542,0.3726
C003856,2024-05-07,Marketplace,Marketplace,Black Sea,25-34,Gold,1,High Value Loyal,,2.5394,0.7648,0.261,0.02
C003857,2024-10-17,Web,Web,Central Anatolia,45-54,Bronze,1,Deal Seeker,,0.7559,0.5573,0.7316,0.3619
C003858,2024-06-22,Store,Store,Aegean,25-34,Silver,1,At Risk,,0.8819,0.3242,0.5646,0.3597
C003859,2023-09-03,Marketplace,Marketplace,Marmara,35-44,Gold,1,At Risk,2024-01-01,1.0232,0.3842,0.5388,0.5378
C003860,2022-11-05,Marketplace,Marketplace,Mediterranean,45-54,Silver,1,Routine,2023-05-04,1.0005,0.6088,0.4771,0.2749
C003861,2023-06-04,Mobile App,Mobile App,Southeastern Anatolia,25-34,Bronze,1,Routine,2024-01-30,0.8339,0.5557,0.3837,0.2535
C003862,2024-02-18,Store,Store,Southeastern Anatolia,35-44,Silver,1,Deal Seeker,2024-04-18,0.8928,0.6017,0.7189,0.3204
C003863,2022-12-13,Mobile App,Mobile App,Mediterranean,35-44,Silver,1,Routine,,0.8536,0.4617,0.4023,0.2102
C003864,2022-03-14,Mobile App,Mobile App,Marmara,25-34,Silver,1,At Risk,2022-04-13,1.1447,0.3271,0.3802,0.4225
C003865,2022-11-02,Web,Web,Mediterranean,45-54,Silver,1,Routine,2023-01-31,0.843,0.4362,0.3277,0.2319
C003866,2025-07-12,Web,Web,Black Sea,25-34,Gold,1,High Value Loyal,,1.9295,0.8685,0.2823,0.1174
C003867,2023-10-25,Marketplace,Marketplace,Black Sea,25-34,Silver,1,Deal Seeker,2024-07-21,1.2141,0.572,0.8132,0.2114
C003868,2022-07-17,Mobile App,Mobile App,Eastern Anatolia,35-44,Silver,1,At Risk,2023-11-09,1.0276,0.2022,0.5087,0.4897
C003869,2025-08-10,Marketplace,Marketplace,Central Anatolia,35-44,Bronze,1,Routine,,0.6715,0.5825,0.4454,0.0429
C003870,2025-05-08,Mobile App,Mobile App,Black Sea,25-34,Bronze,1,One-time,2025-11-04,0.6304,0.2261,0.5287,0.3477
C003871,2023-01-15,Marketplace,Marketplace,Marmara,18-24,Bronze,1,Routine,2023-02-14,1.1685,0.5689,0.3393,0.0901
C003872,2023-11-04,Web,Web,Marmara,35-44,Platinum,1,High Value Loyal,2025-10-24,1.531,0.7315,0.2217,0.1251
C003873,2022-08-05,Web,Web,Marmara,35-44,Bronze,1,Deal Seeker,2023-06-01,1.0727,0.5583,0.8721,0.1956
C003874,2022-04-22,Mobile App,Mobile App,Southeastern Anatolia,25-34,Bronze,1,Deal Seeker,2024-06-10,0.9678,0.5588,0.7222,0.2962
C003875,2023-01-08,Web,Web,Marmara,25-34,Bronze,1,Deal Seeker,,0.6458,0.6222,0.7577,0.26
C003876,2024-10-25,Web,Web,Mediterranean,18-24,Gold,1,High Value Loyal,2024-11-24,1.0378,0.8976,0.342,0.0879
C003877,2022-11-21,Store,Store,Central Anatolia,55+,Silver,1,Deal Seeker,2023-11-16,0.7261,0.6629,0.7584,0.1785
C003878,2025-05-16,Web,Web,Marmara,35-44,Silver,1,At Risk,,1.2454,0.2611,0.463,0.4177
C003879,2023-08-02,Mobile App,Mobile App,Southeastern Anatolia,18-24,Silver,1,Growth,,1.5123,0.7964,0.2753,0.1087
C003880,2024-10-21,Mobile App,Mobile App,Southeastern Anatolia,55+,Silver,1,At Risk,,1.1648,0.2868,0.4067,0.3306
C003881,2025-05-16,Marketplace,Marketplace,Mediterranean,18-24,Bronze,1,Deal Seeker,2025-12-12,1.0281,0.7544,0.7085,0.2642
C003882,2023-02-19,Marketplace,Marketplace,Marmara,25-34,Gold,1,Growth,,0.9175,0.6918,0.4374,0.0895
C003883,2025-06-08,Marketplace,Marketplace,Marmara,35-44,Bronze,0,Deal Seeker,,1.1348,0.5744,0.98,0.2542
C003884,2024-05-20,Mobile App,Mobile App,Marmara,45-54,Bronze,1,Routine,,1.0659,0.6113,0.3281,0.1041
C003885,2022-08-01,Web,Web,Mediterranean,18-24,Gold,1,High Value Loyal,2023-09-25,1.5318,0.9129,0.3026,0.0277
C003886,2025-01-15,Mobile App,Mobile App,Marmara,45-54,Bronze,1,Routine,,0.9503,0.5416,0.3846,0.1508
C003887,2025-09-06,Mobile App,Mobile App,Mediterranean,25-34,Bronze,1,Routine,,1.0896,0.5858,0.2213,0.173
C003888,2024-08-07,Web,Web,Aegean,35-44,Bronze,1,One-time,2024-09-06,0.8574,0.2674,0.8695,0.4403
C003889,2023-02-03,Mobile App,Mobile App,Marmara,25-34,Silver,1,Routine,,0.7302,0.4141,0.3599,0.2288
C003890,2022-10-01,Web,Web,Marmara,45-54,Bronze,0,Routine,2023-02-28,0.8547,0.4991,0.3523,0.182
C003891,2025-09-03,Marketplace,Marketplace,Central Anatolia,35-44,Silver,1,At Risk,2025-10-03,1.4388,0.3654,0.4755,0.5335
C003892,2025-12-25,Mobile App,Mobile App,Marmara,25-34,Silver,1,Routine,,0.7475,0.483,0.4502,0.2337
C003893,2023-07-18,Web,Web,Central Anatolia,18-24,Silver,1,Routine,,0.9294,0.5528,0.2247,0.2219
C003894,2024-03-17,Marketplace,Marketplace,Black Sea,55+,Silver,1,Routine,,0.7889,0.4878,0.4228,0.3509
C003895,2024-11-24,Store,Store,Aegean,35-44,Silver,0,Routine,,1.2808,0.4367,0.4345,0.0928
C003896,2024-11-18,Mobile App,Mobile App,Mediterranean,25-34,Bronze,1,Routine,,1.016,0.5528,0.3262,0.1627
C003897,2024-03-19,Marketplace,Marketplace,Marmara,35-44,Silver,1,At Risk,,1.1961,0.2751,0.4832,0.4318
C003898,2023-12-19,Marketplace,Marketplace,Black Sea,25-34,Bronze,1,One-time,2024-04-17,0.7702,0.1635,0.5641,0.4469
C003899,2023-05-06,Web,Web,Central Anatolia,35-44,Silver,1,Growth,,1.566,0.7205,0.4206,0.2039
C003900,2024-08-10,Mobile App,Mobile App,Black Sea,25-34,Bronze,1,Deal Seeker,,0.8971,0.4514,0.819,0.2213
C003901,2022-05-18,Store,Store,Southeastern Anatolia,18-24,Silver,1,Growth,2023-04-13,1.4513,0.6357,0.4052,0.2096
C003902,2022-12-18,Marketplace,Marketplace,Black Sea,25-34,Silver,1,Growth,2024-06-10,1.3426,0.7347,0.3204,0.3131
C003903,2024-05-01,Mobile App,Mobile App,Aegean,45-54,Silver,1,Deal Seeker,,0.926,0.6634,0.8936,0.3144
C003904,2025-08-10,Web,Web,Marmara,25-34,Gold,1,High Value Loyal,,1.94,0.8454,0.0957,0.1485
C003905,2025-12-17,Marketplace,Marketplace,Marmara,25-34,Bronze,1,Deal Seeker,,0.9788,0.6142,0.8074,0.313
C003906,2025-04-12,Marketplace,Marketplace,Southeastern Anatolia,55+,Silver,1,Growth,2025-08-10,1.3915,0.6246,0.4366,0.1881
C003907,2025-05-01,Web,Web,Black Sea,55+,Silver,1,Growth,,0.9624,0.6293,0.254,0.3601
C003908,2024-01-14,Store,Store,Mediterranean,35-44,Gold,1,High Value Loyal,2024-03-14,1.4095,0.865,0.156,0.02
C003909,2022-11-02,Mobile App,Mobile App,Marmara,18-24,Bronze,0,One-time,2022-12-02,0.6549,0.1557,0.8124,0.3824
C003910,2023-11-04,Web,Web,Mediterranean,25-34,Gold,1,High Value Loyal,,2.0406,0.7959,0.1138,0.1662
C003911,2023-08-17,Web,Web,Aegean,18-24,Bronze,0,Routine,,0.9362,0.6114,0.3736,0.02
C003912,2025-10-19,Web,Web,Southeastern Anatolia,35-44,Bronze,1,Routine,2025-12-18,0.9178,0.4655,0.2211,0.2802
C003913,2024-04-17,Mobile App,Mobile App,Aegean,35-44,Silver,1,Growth,2024-07-16,1.0073,0.8333,0.2681,0.1419
C003914,2025-11-07,Marketplace,Marketplace,Southeastern Anatolia,55+,Silver,1,Deal Seeker,,1.1261,0.8051,0.7762,0.1034
C003915,2024-07-05,Mobile App,Mobile App,Aegean,25-34,Silver,0,Deal Seeker,,0.8193,0.7339,0.8703,0.3331
C003916,2023-04-01,Mobile App,Mobile App,Central Anatolia,45-54,Bronze,1,One-time,2023-05-01,0.7448,0.1716,0.5789,0.3617
C003917,2024-07-02,Mobile App,Mobile App,Marmara,25-34,Gold,1,At Risk,2024-11-29,0.9024,0.2715,0.5573,0.4127
C003918,2024-10-21,Web,Web,Mediterranean,18-24,Silver,1,Deal Seeker,2025-04-19,0.6076,0.6459,0.5676,0.2816
C003919,2025-03-18,Mobile App,Mobile App,Aegean,35-44,Bronze,1,Routine,,0.7408,0.5996,0.1605,0.2648
C003920,2022-01-17,Marketplace,Marketplace,Aegean,45-54,Silver,1,At Risk,2022-02-16,1.3348,0.2255,0.5602,0.5399
C003921,2023-10-06,Mobile App,Mobile App,Black Sea,18-24,Bronze,1,One-time,2024-11-29,0.6977,0.2176,0.762,0.3722
C003922,2024-05-23,Web,Web,Aegean,25-34,Gold,1,Growth,2024-11-19,1.8364,0.7219,0.4001,0.2008
C003923,2023-12-22,Web,Web,Marmara,25-34,Bronze,1,Routine,,0.7822,0.3907,0.3744,0.1501
C003924,2022-12-16,Mobile App,Mobile App,Mediterranean,18-24,Gold,1,At Risk,2023-03-16,0.8629,0.2932,0.5502,0.52
C003925,2024-08-04,Store,Store,Aegean,35-44,Silver,1,Growth,,0.9814,0.7485,0.3706,0.0749
C003926,2022-05-13,Web,Web,Aegean,18-24,Gold,1,Growth,2023-02-07,1.2883,0.8047,0.4095,0.1866
C003927,2025-08-02,Web,Web,Black Sea,18-24,Bronze,1,One-time,,0.7128,0.2389,0.7064,0.2256
C003928,2022-05-14,Web,Web,Central Anatolia,35-44,Bronze,1,Routine,2022-08-12,0.8712,0.5615,0.3284,0.1893
C003929,2023-02-21,Mobile App,Mobile App,Central Anatolia,55+,Silver,1,Routine,,0.9551,0.6405,0.4465,0.02
C003930,2024-05-22,Mobile App,Mobile App,Marmara,25-34,Silver,1,Growth,2025-07-16,1.3749,0.5775,0.4698,0.1509
C003931,2023-06-09,Marketplace,Marketplace,Marmara,35-44,Silver,0,Growth,2025-10-26,1.1488,0.5745,0.3853,0.02
C003932,2024-07-19,Mobile App,Mobile App,Eastern Anatolia,18-24,Gold,1,Growth,,0.9791,0.6894,0.3578,0.1641
C003933,2024-10-26,Mobile App,Mobile App,Marmara,35-44,Gold,1,Growth,,1.1552,0.641,0.485,0.1727
C003934,2024-02-26,Web,Web,Aegean,25-34,Gold,1,Growth,,1.3971,0.6485,0.4398,0.1515
C003935,2025-11-15,Web,Web,Aegean,25-34,Silver,1,Routine,,0.9525,0.694,0.3775,0.2179
C003936,2025-09-23,Mobile App,Mobile App,Eastern Anatolia,35-44,Bronze,1,Routine,,1.1012,0.4942,0.3279,0.1873
C003937,2022-05-05,Mobile App,Mobile App,Black Sea,18-24,Silver,1,Growth,2022-07-04,1.7258,0.7547,0.4215,0.2559
C003938,2024-10-21,Web,Web,Central Anatolia,25-34,Bronze,1,One-time,,0.5618,0.2158,0.6746,0.177
C003939,2024-11-07,Marketplace,Marketplace,Eastern Anatolia,55+,Bronze,1,Routine,,1.0673,0.5596,0.4217,0.2111
C003940,2024-04-25,Mobile App,Mobile App,Marmara,45-54,Silver,1,Routine,2025-09-17,0.8125,0.3671,0.3384,0.2319
C003941,2023-10-11,Store,Store,Aegean,55+,Silver,0,At Risk,2024-08-06,1.0903,0.3909,0.4188,0.7292
C003942,2022-03-03,Marketplace,Marketplace,Southeastern Anatolia,35-44,Silver,1,Growth,2022-12-28,1.2543,0.6061,0.3824,0.1213
C003943,2023-12-10,Mobile App,Mobile App,Central Anatolia,45-54,Silver,1,Deal Seeker,2025-07-02,0.9023,0.6334,0.7771,0.1968
C003944,2024-11-05,Web,Web,Marmara,25-34,Bronze,1,Routine,,0.8633,0.3575,0.4194,0.1933
C003945,2025-09-05,Web,Web,Aegean,18-24,Bronze,1,Deal Seeker,,1.0446,0.5468,0.886,0.285
C003946,2024-05-03,Marketplace,Marketplace,Southeastern Anatolia,25-34,Bronze,1,Routine,2025-11-24,0.8154,0.4249,0.4598,0.3042
C003947,2025-09-19,Web,Web,Marmara,45-54,Gold,1,At Risk,,0.9495,0.408,0.587,0.4822
C003948,2024-06-12,Web,Web,Mediterranean,35-44,Silver,1,Growth,,1.1028,0.6223,0.3536,0.1752
C003949,2025-02-09,Web,Web,Aegean,25-34,Bronze,1,Routine,2025-09-07,1.0403,0.66,0.4552,0.262
C003950,2022-12-02,Web,Web,Mediterranean,18-24,Gold,1,At Risk,2024-11-21,1.3625,0.2024,0.402,0.4895
C003951,2023-11-02,Mobile App,Mobile App,Central Anatolia,25-34,Bronze,1,Routine,,1.0835,0.5036,0.4658,0.1484
C003952,2024-07-18,Mobile App,Mobile App,Marmara,35-44,Gold,1,Growth,,1.3754,0.8234,0.3851,0.2164
C003953,2025-08-05,Store,Store,Southeastern Anatolia,25-34,Silver,1,Routine,2025-09-04,0.7685,0.5065,0.3945,0.1941
C003954,2024-11-17,Web,Web,Aegean,35-44,Bronze,1,Routine,,0.7351,0.5507,0.3131,0.2016
C003955,2025-05-11,Web,Web,Eastern Anatolia,25-34,Silver,1,Deal Seeker,,1.1287,0.711,0.8913,0.3098
C003956,2025-01-20,Web,Web,Marmara,18-24,Bronze,1,One-time,,0.8008,0.256,0.7321,0.2473
C003957,2024-11-07,Marketplace,Marketplace,Aegean,35-44,Bronze,1,Deal Seeker,,0.9868,0.5788,0.7082,0.3485
C003958,2023-09-05,Mobile App,Mobile App,Marmara,35-44,Gold,1,Growth,,1.3054,0.7397,0.3661,0.1262
C003959,2024-05-18,Web,Web,Black Sea,35-44,Bronze,1,Routine,,0.7664,0.5204,0.5509,0.2605
C003960,2023-02-16,Mobile App,Mobile App,Marmara,25-34,Bronze,1,Routine,,1.0128,0.6072,0.325,0.2295
C003961,2025-11-10,Store,Store,Marmara,25-34,Silver,0,Deal Seeker,,0.891,0.487,0.6627,0.1513
C003962,2024-04-22,Mobile App,Mobile App,Marmara,25-34,Silver,1,At Risk,,1.1431,0.2961,0.3663,0.4628
C003963,2024-11-13,Web,Web,Marmara,45-54,Gold,1,High Value Loyal,,1.9844,0.9213,0.1959,0.0647
C003964,2024-11-04,Store,Store,Marmara,45-54,Bronze,1,One-time,2025-01-03,0.6326,0.2681,0.7064,0.2898
C003965,2024-06-22,Mobile App,Mobile App,Marmara,45-54,Silver,1,Growth,,0.972,0.7314,0.29,0.2234
C003966,2025-11-11,Marketplace,Marketplace,Marmara,35-44,Bronze,1,One-time,2025-12-11,0.91,0.3346,0.6023,0.4401
C003967,2022-10-08,Web,Web,Aegean,45-54,Silver,1,At Risk,,1.3035,0.3621,0.46,0.4544
C003968,2024-09-22,Mobile App,Mobile App,Central Anatolia,35-44,Gold,1,Growth,,1.2346,0.762,0.3814,0.1251
C003969,2025-05-13,Web,Web,Black Sea,18-24,Silver,1,Routine,,0.7414,0.6541,0.4363,0.153
C003970,2022-02-13,Web,Web,Southeastern Anatolia,35-44,Gold,1,High Value Loyal,2022-12-10,1.6736,0.8505,0.0611,0.1237
C003971,2025-04-08,Web,Web,Black Sea,25-34,Gold,1,Growth,2025-07-07,1.5002,0.7721,0.3959,0.1487
C003972,2022-12-06,Mobile App,Mobile App,Southeastern Anatolia,55+,Bronze,1,Deal Seeker,2023-12-31,0.9937,0.615,0.7631,0.2584
C003973,2025-02-10,Mobile App,Mobile App,Aegean,45-54,Silver,1,Growth,,1.3147,0.5944,0.4464,0.197
C003974,2024-05-15,Store,Store,Mediterranean,18-24,Gold,1,At Risk,2024-09-12,1.0519,0.3879,0.2762,0.561
C003975,2025-05-04,Web,Web,Black Sea,55+,Silver,1,Routine,,1.0887,0.5146,0.4271,0.1836
C003976,2025-03-17,Mobile App,Mobile App,Mediterranean,35-44,Bronze,0,One-time,2025-04-16,0.7328,0.1645,0.7508,0.341
C003977,2022-02-01,Marketplace,Marketplace,Aegean,18-24,Gold,1,At Risk,2022-12-28,1.206,0.314,0.4548,0.4165
C003978,2023-03-16,Store,Store,Marmara,25-34,Gold,1,At Risk,,1.2689,0.466,0.3562,0.4452
C003979,2023-07-16,Store,Store,Marmara,45-54,Platinum,1,High Value Loyal,,1.2241,0.8289,0.2197,0.1521
C003980,2024-06-25,Marketplace,Marketplace,Central Anatolia,35-44,Silver,1,Growth,,1.2992,0.6276,0.3544,0.0206
C003981,2022-12-01,Web,Web,Central Anatolia,55+,Silver,1,Deal Seeker,2023-03-31,0.942,0.4614,0.7499,0.2387
C003982,2022-08-09,Mobile App,Mobile App,Mediterranean,18-24,Silver,1,Growth,,1.55,0.717,0.1722,0.2293
C003983,2023-07-01,Marketplace,Marketplace,Aegean,18-24,Bronze,1,One-time,2023-11-28,0.7591,0.346,0.6409,0.3046
C003984,2023-05-10,Mobile App,Mobile App,Black Sea,45-54,Bronze,1,One-time,2024-01-05,0.5728,0.142,0.5789,0.4547
C003985,2025-03-26,Marketplace,Marketplace,Southeastern Anatolia,25-34,Silver,1,Routine,,0.8133,0.5262,0.354,0.0719
C003986,2025-09-22,Mobile App,Mobile App,Marmara,25-34,Gold,1,High Value Loyal,,1.3135,0.9525,0.2666,0.197
C003987,2024-04-08,Marketplace,Marketplace,Marmara,25-34,Silver,1,Routine,2024-10-05,0.6846,0.6614,0.5039,0.185
C003988,2024-05-04,Mobile App,Mobile App,Marmara,25-34,Bronze,1,Deal Seeker,2025-02-28,1.0206,0.706,0.7186,0.2376
C003989,2025-06-03,Store,Store,Marmara,25-34,Silver,1,Routine,,0.629,0.5051,0.3821,0.2419
C003990,2024-05-11,Web,Web,Marmara,35-44,Silver,1,Routine,,0.8598,0.3323,0.3766,0.2801
C003991,2023-05-19,Web,Web,Marmara,35-44,Silver,1,At Risk,2023-08-17,1.0248,0.2178,0.4958,0.4838
C003992,2025-11-12,Marketplace,Marketplace,Aegean,18-24,Platinum,1,High Value Loyal,,2.506,0.6675,0.1674,0.1774
C003993,2025-10-18,Store,Store,Central Anatolia,45-54,Silver,1,Routine,,0.7941,0.6272,0.3549,0.1812
C003994,2024-10-13,Marketplace,Marketplace,Marmara,25-34,Silver,1,At Risk,2024-11-12,0.9852,0.2567,0.4676,0.4043
C003995,2025-05-24,Store,Store,Central Anatolia,35-44,Bronze,1,Routine,,0.9431,0.5138,0.3977,0.2306
C003996,2024-12-04,Web,Web,Aegean,25-34,Gold,1,Growth,,1.0202,0.6849,0.3484,0.202
C003997,2025-12-16,Mobile App,Mobile App,Mediterranean,35-44,Silver,1,Growth,,1.0184,0.6375,0.3625,0.2438
C003998,2023-09-13,Web,Web,Marmara,55+,Gold,1,At Risk,2024-05-10,1.1626,0.3521,0.2316,0.5376
C003999,2025-08-04,Mobile App,Mobile App,Aegean,35-44,Gold,1,High Value Loyal,,1.7983,0.7625,0.1263,0.1491
C004000,2024-09-18,Store,Store,Aegean,25-34,Silver,1,Deal Seeker,2024-10-18,0.9932,0.6444,0.8299,0.3007
C004001,2024-05-25,Mobile App,Mobile App,Marmara,25-34,Bronze,1,One-time,2024-06-24,0.7615,0.0666,0.4919,0.4938
C004002,2022-11-06,Mobile App,Mobile App,Southeastern Anatolia,25-34,Silver,1,Growth,2024-11-25,1.3857,0.8713,0.3032,0.1335
C004003,2024-02-02,Marketplace,Marketplace,Marmara,25-34,Bronze,1,Deal Seeker,,1.2638,0.5383,0.6419,0.2161
C004004,2023-05-03,Store,Store,Aegean,25-34,Gold,1,High Value Loyal,,1.138,0.8515,0.2832,0.1725
C004005,2025-11-24,Web,Web,Marmara,35-44,Bronze,1,Deal Seeker,,1.1061,0.6766,0.7921,0.3272
C004006,2024-10-18,Mobile App,Mobile App,Southeastern Anatolia,35-44,Gold,1,Growth,,1.5466,0.7371,0.2672,0.1653
C004007,2022-08-07,Mobile App,Mobile App,Marmara,45-54,Bronze,1,Routine,2025-06-22,0.7935,0.5305,0.4006,0.2688
C004008,2022-09-26,Store,Store,Marmara,45-54,Silver,1,Growth,2023-05-24,1.1843,0.7208,0.4334,0.229
C004009,2025-04-22,Store,Store,Southeastern Anatolia,25-34,Bronze,0,Routine,,1.0183,0.4341,0.5876,0.3593
C004010,2025-11-23,Web,Web,Central Anatolia,35-44,Silver,1,At Risk,,1.2594,0.391,0.3692,0.4788
C004011,2024-05-12,Web,Web,Marmara,35-44,Gold,1,At Risk,,0.7347,0.3733,0.5097,0.5009
C004012,2023-05-14,Web,Web,Eastern Anatolia,25-34,Bronze,1,One-time,2023-10-11,1.0119,0.2932,0.8081,0.2846
C004013,2024-10-17,Web,Web,Marmara,35-44,Bronze,0,Deal Seeker,,0.8567,0.6946,0.829,0.1659
C004014,2022-06-24,Mobile App,Mobile App,Central Anatolia,35-44,Silver,0,Routine,2023-12-16,0.5989,0.5548,0.3486,0.1944
C004015,2024-06-15,Store,Store,Mediterranean,45-54,Gold,1,Growth,,1.3928,0.6896,0.3475,0.2
C004016,2024-01-23,Web,Web,Marmara,55+,Silver,1,Routine,,0.8744,0.6087,0.4459,0.2467
C004017,2023-02-20,Web,Web,Marmara,25-34,Bronze,1,Routine,2024-10-12,0.6497,0.4541,0.3892,0.2322
C004018,2023-10-20,Marketplace,Marketplace,Mediterranean,25-34,Silver,1,Routine,2024-09-14,0.9266,0.3647,0.4038,0.1363
C004019,2024-10-11,Web,Web,Black Sea,25-34,Silver,1,Growth,,1.3813,0.6461,0.2766,0.1704
C004020,2024-05-03,Store,Store,Black Sea,25-34,Bronze,1,Deal Seeker,2024-08-31,0.8542,0.5235,0.9252,0.3489
C004021,2022-10-17,Web,Web,Aegean,25-34,Bronze,1,Routine,,0.8141,0.4258,0.3426,0.2666
C004022,2023-07-17,Marketplace,Marketplace,Central Anatolia,25-34,Bronze,1,Routine,2023-09-15,1.0848,0.4853,0.248,0.2255
C004023,2023-01-18,Store,Store,Mediterranean,45-54,Silver,1,Deal Seeker,,0.972,0.6614,0.6423,0.2372
C004024,2025-12-12,Store,Store,Marmara,18-24,Silver,1,Routine,,0.7364,0.6035,0.3479,0.22
C004025,2025-10-07,Mobile App,Mobile App,Mediterranean,25-34,Bronze,1,One-time,,0.6339,0.1424,0.7364,0.4097
C004026,2024-10-03,Mobile App,Mobile App,Black Sea,35-44,Silver,1,Deal Seeker,,0.8752,0.6981,0.8523,0.2956
C004027,2025-12-10,Mobile App,Mobile App,Central Anatolia,25-34,Silver,1,Routine,,0.7722,0.4704,0.5303,0.2309
C004028,2025-04-03,Store,Store,Marmara,18-24,Bronze,0,Deal Seeker,,1.0125,0.6228,0.98,0.2757
C004029,2022-02-12,Marketplace,Marketplace,Marmara,35-44,Bronze,0,Deal Seeker,2022-07-12,0.7755,0.7381,0.7748,0.2278
C004030,2022-10-18,Mobile App,Mobile App,Central Anatolia,25-34,Silver,1,Growth,,1.3434,0.5144,0.4214,0.2918
C004031,2022-03-03,Web,Web,Mediterranean,45-54,Gold,1,High Value Loyal,2024-02-21,1.5371,0.781,0.1912,0.1463
C004032,2023-03-19,Web,Web,Aegean,25-34,Gold,0,High Value Loyal,,2.0821,0.8824,0.22,0.0709
C004033,2025-08-18,Marketplace,Marketplace,Central Anatolia,55+,Platinum,1,High Value Loyal,,2.4386,0.8776,0.2433,0.0782
C004034,2025-10-12,Mobile App,Mobile App,Mediterranean,55+,Bronze,1,Routine,,0.9563,0.5192,0.4611,0.1251
C004035,2023-11-19,Web,Web,Aegean,25-34,Silver,1,Growth,2025-03-13,1.2268,0.7591,0.3889,0.109
C004036,2025-03-26,Web,Web,Southeastern Anatolia,35-44,Silver,1,At Risk,2025-09-22,0.7597,0.4524,0.3725,0.5627
C004037,2022-10-13,Mobile App,Mobile App,Marmara,35-44,Bronze,1,Routine,2022-12-12,0.8753,0.5574,0.3965,0.2254
C004038,2023-10-06,Store,Store,Marmara,25-34,Gold,1,Growth,,1.3169,0.7089,0.3423,0.1732
C004039,2022-12-19,Mobile App,Mobile App,Aegean,35-44,Silver,1,Growth,,1.1112,0.6688,0.3581,0.0697
C004040,2023-04-03,Web,Web,Southeastern Anatolia,35-44,Gold,1,High Value Loyal,,1.8584,0.8355,0.2086,0.1144
C004041,2023-07-08,Marketplace,Marketplace,Mediterranean,25-34,Platinum,1,High Value Loyal,,1.7923,0.8549,0.1923,0.0367
C004042,2022-09-15,Mobile App,Mobile App,Black Sea,45-54,Bronze,1,Deal Seeker,,0.7652,0.5698,0.7936,0.311
C004043,2024-05-07,Web,Web,Mediterranean,18-24,Bronze,1,Routine,2025-10-29,0.8725,0.5054,0.3583,0.268
C004044,2025-11-23,Web,Web,Southeastern Anatolia,45-54,Silver,1,At Risk,,0.9683,0.344,0.5706,0.371
C004045,2024-10-12,Store,Store,Central Anatolia,45-54,Silver,1,Growth,2025-03-11,1.0394,0.7187,0.5685,0.146
C004046,2025-06-14,Web,Web,Marmara,18-24,Bronze,1,One-time,2025-07-14,0.5915,0.2591,0.47,0.4261
C004047,2023-06-24,Store,Store,Marmara,35-44,Silver,1,Routine,,0.7035,0.6518,0.3236,0.1321
C004048,2023-11-04,Store,Store,Central Anatolia,55+,Bronze,1,Deal Seeker,2025-09-24,0.7203,0.5493,0.688,0.307
C004049,2023-05-18,Mobile App,Mobile App,Marmara,45-54,Bronze,1,Routine,,0.8039,0.5163,0.4539,0.1157
C004050,2023-12-08,Marketplace,Marketplace,Marmara,25-34,Bronze,1,One-time,,0.6577,0.2015,0.6902,0.3392
C004051,2024-12-25,Marketplace,Marketplace,Marmara,45-54,Gold,1,High Value Loyal,,1.5372,0.8271,0.2336,0.0915
C004052,2025-04-11,Store,Store,Marmara,25-34,Bronze,1,Routine,2025-12-07,0.7939,0.5366,0.4281,0.2251
C004053,2024-01-15,Mobile App,Mobile App,Marmara,25-34,Bronze,1,Routine,,1.0193,0.5783,0.2837,0.2057
C004054,2023-08-18,Store,Store,Aegean,25-34,Bronze,1,Deal Seeker,2024-04-14,0.9784,0.5664,0.7722,0.1719
C004055,2022-12-20,Marketplace,Marketplace,Central Anatolia,55+,Silver,1,Growth,,1.4645,0.7075,0.513,0.3657
C004056,2024-02-18,Store,Store,Marmara,25-34,Bronze,1,One-time,2024-03-19,0.7415,0.2977,0.6912,0.4966
C004057,2025-11-11,Web,Web,Marmara,45-54,Bronze,1,One-time,2025-12-11,0.6556,0.3086,0.6879,0.4821
C004058,2024-10-19,Marketplace,Marketplace,Marmara,25-34,Platinum,1,High Value Loyal,,1.7196,0.7945,0.2043,0.1361
C004059,2023-12-02,Mobile App,Mobile App,Marmara,25-34,Silver,1,Routine,,0.7348,0.6407,0.3177,0.2301
C004060,2023-04-18,Mobile App,Mobile App,Marmara,18-24,Gold,1,Growth,2024-10-09,1.4329,0.7407,0.3492,0.0784
C004061,2024-05-25,Web,Web,Central Anatolia,35-44,Silver,1,Deal Seeker,2025-07-19,0.7056,0.6192,0.8513,0.2974
C004062,2024-06-07,Mobile App,Mobile App,Marmara,45-54,Silver,0,Routine,2025-09-30,0.8446,0.552,0.2647,0.1612
C004063,2025-04-17,Web,Web,Marmara,25-34,Silver,1,Deal Seeker,,1.0164,0.5697,0.7828,0.2833
C004064,2024-12-16,Web,Web,Mediterranean,35-44,Bronze,1,Routine,,0.7814,0.5139,0.2794,0.2236
C004065,2024-08-22,Mobile App,Mobile App,Marmara,18-24,Silver,1,At Risk,2025-07-18,1.2695,0.3401,0.2723,0.3537
C004066,2022-05-24,Web,Web,Central Anatolia,55+,Silver,1,At Risk,2022-08-22,0.9635,0.404,0.3963,0.5867
C004067,2024-12-04,Mobile App,Mobile App,Marmara,25-34,Silver,1,Growth,,1.5028,0.7041,0.4976,0.254
C004068,2025-06-21,Mobile App,Mobile App,Southeastern Anatolia,35-44,Bronze,1,Deal Seeker,2025-10-19,0.9559,0.5578,0.8996,0.2782
C004069,2023-08-13,Mobile App,Mobile App,Marmara,45-54,Bronze,1,Routine,,0.8979,0.4396,0.2864,0.2427
C004070,2025-11-13,Web,Web,Mediterranean,25-34,Silver,1,Growth,,1.4303,0.7307,0.285,0.1359
C004071,2023-11-02,Mobile App,Mobile App,Aegean,18-24,Silver,1,Growth,,1.202,0.8301,0.2742,0.1764
C004072,2024-02-14,Web,Web,Marmara,35-44,Silver,1,Deal Seeker,2024-10-11,0.8969,0.5433,0.8853,0.3014
C004073,2023-08-14,Web,Web,Southeastern Anatolia,45-54,Silver,1,Routine,,0.8915,0.5455,0.3877,0.254
C004074,2023-04-20,Marketplace,Marketplace,Eastern Anatolia,18-24,Gold,1,Growth,,1.2693,0.7667,0.4834,0.2507
C004075,2023-04-24,Mobile App,Mobile App,Eastern Anatolia,18-24,Bronze,1,Deal Seeker,,0.7612,0.5154,0.9422,0.2898
C004076,2025-11-17,Web,Web,Central Anatolia,35-44,Silver,1,Routine,2025-12-17,1.0212,0.4296,0.2116,0.1756
C004077,2023-01-07,Web,Web,Marmara,25-34,Silver,1,Growth,,1.4612,0.688,0.392,0.0552
C004078,2024-07-09,Web,Web,Black Sea,35-44,Bronze,1,Routine,2024-11-06,1.0642,0.6186,0.5095,0.0618
C004079,2023-04-06,Mobile App,Mobile App,Black Sea,18-24,Platinum,1,High Value Loyal,,2.08,0.9464,0.1382,0.0799
C004080,2022-08-13,Web,Web,Central Anatolia,18-24,Silver,1,At Risk,2023-08-08,0.7039,0.4761,0.3919,0.4325
C004081,2024-11-05,Mobile App,Mobile App,Southeastern Anatolia,55+,Bronze,1,Deal Seeker,,0.9026,0.5655,0.8556,0.3278
C004082,2022-02-22,Web,Web,Mediterranean,25-34,Gold,1,High Value Loyal,,1.8696,0.892,0.2602,0.2199
C004083,2025-06-14,Web,Web,Southeastern Anatolia,25-34,Silver,1,At Risk,,1.0231,0.4107,0.5511,0.5461
C004084,2025-04-18,Web,Web,Central Anatolia,25-34,Bronze,1,One-time,2025-10-15,0.7307,0.2451,0.7868,0.2898
C004085,2024-11-08,Store,Store,Aegean,25-34,Gold,1,Growth,,1.2827,0.736,0.5036,0.1859
C004086,2022-10-15,Marketplace,Marketplace,Mediterranean,25-34,Bronze,1,Routine,,0.9802,0.5728,0.3745,0.2095
C004087,2023-02-22,Marketplace,Marketplace,Eastern Anatolia,25-34,Bronze,1,Routine,,0.807,0.4823,0.2601,0.0498
C004088,2023-05-02,Store,Store,Marmara,35-44,Silver,1,Routine,2025-04-21,0.8994,0.4947,0.2383,0.2398
C004089,2025-07-26,Store,Store,Aegean,45-54,Bronze,1,One-time,,0.5463,0.1371,0.7333,0.2834
C004090,2025-10-20,Mobile App,Mobile App,Marmara,25-34,Silver,1,Routine,,0.8126,0.6221,0.3898,0.148
C004091,2025-12-17,Web,Web,Eastern Anatolia,25-34,Gold,1,Growth,,1.1677,0.6824,0.4575,0.2067
C004092,2023-09-25,Mobile App,Mobile App,Aegean,25-34,Bronze,1,One-time,2024-04-22,0.6306,0.3768,0.6943,0.293
C004093,2024-10-25,Web,Web,Marmara,35-44,Bronze,1,Routine,,0.687,0.6286,0.3261,0.029
C004094,2024-04-14,Web,Web,Black Sea,55+,Bronze,1,Deal Seeker,2025-02-08,0.6146,0.6573,0.7797,0.1918
C004095,2022-01-12,Mobile App,Mobile App,Aegean,25-34,Bronze,1,Deal Seeker,2024-12-27,1.1318,0.5392,0.8919,0.2215
C004096,2022-02-12,Web,Web,Marmara,35-44,Gold,1,High Value Loyal,,2.4399,0.8838,0.3212,0.1584
C004097,2025-09-18,Mobile App,Mobile App,Marmara,25-34,Platinum,1,High Value Loyal,,1.5653,0.7541,0.2063,0.02
C004098,2025-09-26,Store,Store,Eastern Anatolia,55+,Gold,1,High Value Loyal,,1.3928,0.8686,0.2533,0.02
C004099,2025-08-01,Web,Web,Aegean,25-34,Silver,1,Growth,2025-09-30,1.3513,0.7974,0.4441,0.1597
C004100,2024-11-26,Marketplace,Marketplace,Aegean,25-34,Silver,0,Routine,,1.0657,0.5845,0.397,0.1801
C004101,2022-07-08,Mobile App,Mobile App,Marmara,45-54,Gold,1,Growth,,1.2528,0.6359,0.4463,0.2601
C004102,2025-09-19,Store,Store,Marmara,25-34,Bronze,1,Routine,,0.7781,0.4721,0.4314,0.2491
C004103,2022-09-07,Web,Web,Aegean,25-34,Gold,1,At Risk,2023-03-06,1.4142,0.4056,0.4958,0.397
C004104,2023-08-16,Mobile App,Mobile App,Marmara,25-34,Silver,1,Deal Seeker,,1.0018,0.5833,0.68,0.2635
C004105,2022-12-13,Mobile App,Mobile App,Marmara,25-34,Bronze,1,Routine,2023-09-09,0.6151,0.4861,0.3542,0.2443
C004106,2023-11-09,Marketplace,Marketplace,Marmara,25-34,Bronze,1,Routine,2025-06-01,0.709,0.5764,0.2619,0.1922
C004107,2024-10-25,Marketplace,Marketplace,Marmara,35-44,Silver,1,Growth,2025-02-22,1.3331,0.8032,0.4278,0.1867
C004108,2025-11-22,Web,Web,Marmara,25-34,Bronze,1,Routine,,0.5445,0.5491,0.3068,0.1355
C004109,2022-04-10,Web,Web,Southeastern Anatolia,25-34,Silver,1,Growth,,1.2429,0.5553,0.5641,0.215
C004110,2024-07-22,Mobile App,Mobile App,Mediterranean,45-54,Silver,1,Deal Seeker,,0.9087,0.6205,0.9113,0.2069
C004111,2025-01-10,Marketplace,Marketplace,Marmara,25-34,Silver,0,Growth,2025-11-06,1.0607,0.6508,0.2841,0.1467
C004112,2024-04-11,Web,Web,Southeastern Anatolia,18-24,Bronze,1,Routine,,1.0567,0.5493,0.4844,0.2682
C004113,2025-12-05,Mobile App,Mobile App,Southeastern Anatolia,35-44,Silver,1,Routine,,0.9594,0.6746,0.3553,0.168
C004114,2024-11-01,Marketplace,Marketplace,Mediterranean,45-54,Silver,1,Deal Seeker,,0.8688,0.7246,0.7773,0.2332
C004115,2024-03-14,Web,Web,Aegean,55+,Bronze,1,Deal Seeker,2025-10-05,1.3167,0.5454,0.795,0.1023
C004116,2023-06-22,Web,Web,Marmara,35-44,Gold,1,At Risk,2023-11-19,0.9744,0.2651,0.3919,0.5121
C004117,2022-06-25,Mobile App,Mobile App,Aegean,45-54,Gold,1,Growth,2025-04-10,1.2591,0.6122,0.4899,0.2178
C004118,2023-10-20,Mobile App,Mobile App,Marmara,45-54,Bronze,1,Deal Seeker,2025-09-09,0.88,0.5993,0.6947,0.2911
C004119,2024-02-21,Web,Web,Black Sea,35-44,Silver,1,Deal Seeker,2024-04-21,0.8883,0.5071,0.7357,0.3329
C004120,2025-02-16,Web,Web,Marmara,45-54,Platinum,1,High Value Loyal,2025-04-17,2.6155,0.9158,0.2255,0.2043
C004121,2023-11-16,Marketplace,Marketplace,Central Anatolia,45-54,Bronze,1,Deal Seeker,2024-08-12,0.9361,0.6197,0.8732,0.308
C004122,2023-11-10,Mobile App,Mobile App,Marmara,55+,Gold,1,At Risk,2024-05-08,1.2125,0.3917,0.4091,0.455
C004123,2025-10-08,Marketplace,Marketplace,Marmara,25-34,Silver,0,Growth,2025-11-07,0.9775,0.6084,0.2877,0.0627
C004124,2023-05-19,Web,Web,Marmara,25-34,Bronze,1,One-time,2023-07-18,0.6302,0.3604,0.8274,0.355
C004125,2025-10-25,Marketplace,Marketplace,Aegean,25-34,Bronze,1,Routine,,0.7385,0.4327,0.4296,0.159
C004126,2024-12-11,Store,Store,Marmara,55+,Bronze,1,Routine,,0.705,0.4291,0.2643,0.1117
C004127,2025-12-02,Mobile App,Mobile App,Central Anatolia,25-34,Silver,1,Routine,,0.6519,0.5211,0.3236,0.1559
C004128,2025-10-17,Mobile App,Mobile App,Central Anatolia,25-34,Silver,0,Growth,,1.2701,0.5656,0.4195,0.2006
C004129,2025-01-14,Store,Store,Southeastern Anatolia,55+,Bronze,1,Deal Seeker,,0.8559,0.7783,0.9027,0.249
C004130,2025-11-07,Marketplace,Marketplace,Marmara,25-34,Gold,1,Growth,,0.8737,0.6802,0.393,0.2876
C004131,2025-03-23,Web,Web,Eastern Anatolia,25-34,Silver,1,Routine,,0.6658,0.5431,0.3868,0.1813
C004132,2022-02-04,Mobile App,Mobile App,Marmara,55+,Silver,1,Deal Seeker,2025-06-18,0.9322,0.7208,0.82,0.1533
C004133,2025-11-20,Store,Store,Central Anatolia,55+,Bronze,1,One-time,,0.7528,0.2472,0.732,0.3969
C004134,2023-01-22,Web,Web,Aegean,35-44,Silver,1,Deal Seeker,2024-12-12,1.01,0.7214,0.7152,0.3026
C004135,2022-04-05,Mobile App,Mobile App,Central Anatolia,45-54,Bronze,1,Routine,2023-07-29,1.1865,0.586,0.3474,0.2502
C004136,2024-06-15,Store,Store,Marmara,18-24,Gold,1,At Risk,,1.1288,0.4542,0.3587,0.5628
C004137,2024-10-24,Mobile App,Mobile App,Aegean,45-54,Bronze,1,One-time,2025-01-22,0.5592,0.1618,0.5818,0.4391
C004138,2023-09-23,Mobile App,Mobile App,Marmara,25-34,Gold,1,High Value Loyal,2024-09-17,1.6736,0.8538,0.05,0.1462
C004139,2025-10-18,Store,Store,Marmara,55+,Platinum,0,High Value Loyal,,1.7306,0.7979,0.2851,0.0374
C004140,2024-05-06,Web,Web,Aegean,35-44,Bronze,1,One-time,2025-06-30,0.7906,0.1638,0.6525,0.4454
C004141,2023-11-24,Marketplace,Marketplace,Marmara,25-34,Silver,0,Deal Seeker,,0.9926,0.7931,0.9269,0.4202
C004142,2022-12-14,Store,Store,Marmara,25-34,Gold,1,Growth,2023-04-13,1.2226,0.6718,0.2637,0.1174
C004143,2022-01-10,Marketplace,Marketplace,Marmara,35-44,Gold,1,At Risk,2024-11-25,1.032,0.2148,0.5754,0.4398
C004144,2023-12-17,Web,Web,Marmara,25-34,Platinum,1,High Value Loyal,2024-04-15,1.9589,0.98,0.3063,0.02
C004145,2025-06-14,Mobile App,Mobile App,Marmara,35-44,Bronze,1,One-time,2025-07-14,0.7644,0.2259,0.5268,0.4532
C004146,2024-12-07,Web,Web,Marmara,25-34,Gold,1,Growth,,1.2436,0.6877,0.3785,0.2708
C004147,2023-08-23,Mobile App,Mobile App,Mediterranean,45-54,Gold,1,At Risk,2023-10-22,1.2236,0.3738,0.5399,0.6058
C004148,2024-01-03,Mobile App,Mobile App,Southeastern Anatolia,45-54,Gold,1,Growth,2025-09-24,1.0829,0.8161,0.3525,0.2089
C004149,2025-11-24,Web,Web,Marmara,25-34,Bronze,1,Deal Seeker,,0.8939,0.607,0.7523,0.3459
C004150,2023-05-16,Mobile App,Mobile App,Central Anatolia,35-44,Silver,1,Routine,,0.9969,0.5938,0.4516,0.1827
C004151,2025-01-20,Store,Store,Aegean,35-44,Gold,1,Growth,,1.7167,0.6779,0.3815,0.1232
C004152,2023-06-16,Mobile App,Mobile App,Aegean,35-44,Bronze,1,Routine,2023-12-13,0.9941,0.5123,0.0944,0.2389
C004153,2024-01-22,Mobile App,Mobile App,Central Anatolia,18-24,Gold,1,Growth,,0.8799,0.7768,0.3882,0.275
C004154,2024-12-15,Mobile App,Mobile App,Central Anatolia,18-24,Gold,1,At Risk,,1.1115,0.339,0.4761,0.4775
C004155,2025-09-14,Mobile App,Mobile App,Eastern Anatolia,35-44,Platinum,0,High Value Loyal,2025-10-14,1.479,0.8644,0.2925,0.1528
C004156,2023-01-01,Store,Store,Marmara,25-34,Gold,1,At Risk,2023-11-27,0.7888,0.2999,0.3488,0.5574
C004157,2022-07-15,Web,Web,Southeastern Anatolia,35-44,Silver,1,Deal Seeker,,0.8355,0.6032,0.8956,0.2113
C004158,2022-12-10,Marketplace,Marketplace,Marmara,45-54,Gold,1,Growth,,1.2324,0.6969,0.4352,0.0653
C004159,2022-05-17,Mobile App,Mobile App,Aegean,35-44,Gold,0,Growth,,1.2439,0.6686,0.4254,0.2243
C004160,2022-03-21,Store,Store,Aegean,35-44,Bronze,1,One-time,2022-04-20,0.7668,0.2437,0.5701,0.3032
C004161,2022-12-25,Web,Web,Marmara,35-44,Bronze,1,Routine,,0.8603,0.5126,0.2606,0.1508
C004162,2025-04-04,Store,Store,Central Anatolia,45-54,Gold,1,Growth,2025-05-04,1.0088,0.7851,0.322,0.1386
C004163,2024-10-22,Web,Web,Eastern Anatolia,35-44,Bronze,1,Routine,2025-05-20,0.4979,0.5589,0.2869,0.276
C004164,2024-05-08,Web,Web,Black Sea,35-44,Platinum,1,High Value Loyal,,1.974,0.7065,0.1532,0.02
C004165,2022-04-14,Store,Store,Marmara,35-44,Silver,1,Growth,,1.2804,0.8144,0.4186,0.1823
C004166,2022-10-20,Web,Web,Southeastern Anatolia,55+,Silver,1,At Risk,2023-04-18,0.7654,0.2675,0.4264,0.4005
C004167,2025-07-15,Mobile App,Mobile App,Marmara,25-34,Gold,1,High Value Loyal,,1.905,0.9001,0.05,0.1705
C004168,2023-10-01,Mobile App,Mobile App,Central Anatolia,45-54,Bronze,1,Deal Seeker,,1.6094,0.6696,0.7519,0.2329
C004169,2024-12-03,Mobile App,Mobile App,Mediterranean,55+,Silver,1,Growth,,1.2161,0.7415,0.4429,0.0829
C004170,2024-03-04,Store,Store,Eastern Anatolia,25-34,Silver,1,Growth,,1.479,0.3584,0.426,0.1576
C004171,2022-12-15,Web,Web,Black Sea,35-44,Silver,1,Growth,,1.1378,0.7893,0.4276,0.2245
C004172,2023-07-18,Marketplace,Marketplace,Marmara,35-44,Silver,1,Routine,2024-01-14,1.0923,0.3206,0.2686,0.1984
C004173,2022-09-18,Mobile App,Mobile App,Black Sea,35-44,Bronze,1,Deal Seeker,,0.8733,0.6654,0.7951,0.394
C004174,2025-03-17,Mobile App,Mobile App,Black Sea,35-44,Bronze,1,Deal Seeker,,0.9683,0.5357,0.7352,0.2456
C004175,2025-12-08,Web,Web,Mediterranean,25-34,Silver,1,Growth,,1.1683,0.6506,0.2562,0.2457
C004176,2022-04-23,Mobile App,Mobile App,Marmara,55+,Silver,1,At Risk,2022-11-19,0.9947,0.2947,0.3402,0.4699
C004177,2022-12-07,Web,Web,Southeastern Anatolia,35-44,Gold,1,At Risk,2025-01-25,0.8793,0.2456,0.6085,0.4882
C004178,2024-04-02,Mobile App,Mobile App,Marmara,55+,Bronze,0,Deal Seeker,2024-06-01,1.1809,0.6473,0.7301,0.2139
C004179,2023-05-04,Web,Web,Black Sea,35-44,Silver,1,At Risk,2024-03-29,0.8401,0.3576,0.5064,0.478
C004180,2023-11-17,Mobile App,Mobile App,Aegean,35-44,Silver,1,Routine,,0.8947,0.527,0.4816,0.1938
C004181,2024-01-12,Mobile App,Mobile App,Marmara,55+,Bronze,1,Routine,,0.9459,0.6226,0.2784,0.2952
C004182,2024-11-26,Web,Web,Central Anatolia,18-24,Silver,1,Growth,,1.03,0.6914,0.5678,0.1396
C004183,2023-12-24,Marketplace,Marketplace,Marmara,45-54,Silver,0,Growth,,0.9606,0.7155,0.4649,0.158
C004184,2023-01-20,Web,Web,Black Sea,18-24,Silver,1,Deal Seeker,2025-12-05,0.8213,0.7209,0.7499,0.1898
C004185,2022-12-22,Store,Store,Marmara,55+,Gold,0,High Value Loyal,,1.5292,0.8494,0.1099,0.1506
C004186,2025-04-05,Web,Web,Black Sea,35-44,Bronze,1,Deal Seeker,,1.0298,0.4368,0.8568,0.1388
C004187,2025-02-13,Marketplace,Marketplace,Marmara,45-54,Bronze,1,Deal Seeker,,1.1492,0.6141,0.8911,0.1921
C004188,2024-04-25,Web,Web,Aegean,18-24,Gold,1,High Value Loyal,,1.7897,0.9528,0.077,0.1271
C004189,2022-08-08,Store,Store,Aegean,25-34,Gold,1,At Risk,2025-04-24,1.371,0.4795,0.4001,0.4268
C004190,2024-06-09,Web,Web,Marmara,18-24,Bronze,1,Routine,,0.9927,0.6516,0.334,0.1397
C004191,2024-01-10,Marketplace,Marketplace,Marmara,25-34,Gold,1,High Value Loyal,,2.2443,0.7465,0.3069,0.1276
C004192,2022-10-26,Store,Store,Aegean,45-54,Bronze,1,Routine,,0.9689,0.5003,0.3544,0.1454
C004193,2025-08-07,Mobile App,Mobile App,Aegean,35-44,Silver,1,Routine,,0.9256,0.5378,0.5238,0.0883
C004194,2022-03-18,Web,Web,Mediterranean,25-34,Gold,1,High Value Loyal,2023-02-11,1.4217,0.8196,0.0846,0.1787
C004195,2023-06-22,Mobile App,Mobile App,Southeastern Anatolia,45-54,Bronze,1,One-time,2024-05-17,0.7999,0.2226,0.7387,0.4079
C004196,2025-08-10,Store,Store,Central Anatolia,18-24,Bronze,1,Deal Seeker,,0.8898,0.5152,0.8689,0.1942
C004197,2022-11-14,Web,Web,Aegean,25-34,Gold,1,At Risk,2023-10-10,1.2763,0.5175,0.4932,0.4989
C004198,2024-01-16,Web,Web,Aegean,18-24,Silver,1,Deal Seeker,,1.0033,0.688,0.8351,0.2034
C004199,2024-04-06,Web,Web,Aegean,35-44,Bronze,1,Routine,2025-09-28,0.6689,0.7033,0.2111,0.1012
C004200,2025-12-06,Marketplace,Marketplace,Southeastern Anatolia,35-44,Platinum,1,High Value Loyal,,1.9666,0.7842,0.1992,0.02
C004201,2024-10-14,Mobile App,Mobile App,Aegean,35-44,Gold,1,High Value Loyal,2024-11-13,1.5564,0.7575,0.3395,0.1358
C004202,2024-03-14,Web,Web,Mediterranean,18-24,Bronze,1,Routine,,0.9208,0.4847,0.3448,0.3059
C004203,2025-05-02,Mobile App,Mobile App,Aegean,35-44,Bronze,1,Routine,,0.9061,0.5642,0.3918,0.1469
C004204,2022-12-23,Mobile App,Mobile App,Marmara,18-24,Gold,1,High Value Loyal,,1.8608,0.8085,0.1782,0.1813
C004205,2022-03-09,Web,Web,Marmara,35-44,Gold,1,Growth,2023-07-02,1.4955,0.5958,0.2704,0.1138
C004206,2024-06-10,Marketplace,Marketplace,Marmara,35-44,Gold,1,Growth,,1.292,0.6885,0.2686,0.0816
C004207,2023-04-09,Mobile App,Mobile App,Marmara,25-34,Bronze,1,One-time,2024-07-02,0.6947,0.2155,0.6369,0.314
C004208,2024-06-08,Marketplace,Marketplace,Marmara,45-54,Bronze,0,Deal Seeker,2024-09-06,1.0631,0.566,0.8308,0.1493
C004209,2023-01-01,Mobile App,Mobile App,Black Sea,18-24,Silver,1,At Risk,2025-08-18,0.8845,0.2934,0.4455,0.3893
C004210,2024-09-16,Mobile App,Mobile App,Aegean,35-44,Platinum,1,High Value Loyal,,2.684,0.9136,0.123,0.2034
C004211,2024-12-11,Store,Store,Marmara,35-44,Silver,1,At Risk,,1.2276,0.2562,0.5609,0.4903
C004212,2024-03-17,Mobile App,Mobile App,Central Anatolia,25-34,Silver,0,At Risk,2024-04-16,0.9991,0.2545,0.3681,0.5992
C004213,2023-02-08,Mobile App,Mobile App,Marmara,35-44,Gold,1,Growth,,1.2584,0.8308,0.2775,0.2619
C004214,2025-09-01,Marketplace,Marketplace,Aegean,35-44,Gold,1,High Value Loyal,,2.0549,0.8224,0.305,0.0907
C004215,2023-12-07,Mobile App,Mobile App,Central Anatolia,25-34,Platinum,1,High Value Loyal,,1.7891,0.9424,0.1452,0.0737
C004216,2025-11-05,Web,Web,Black Sea,25-34,Silver,1,At Risk,,0.7304,0.438,0.399,0.4252
C004217,2023-01-18,Marketplace,Marketplace,Black Sea,55+,Gold,1,High Value Loyal,2023-07-17,1.4172,0.8789,0.1183,0.1227
C004218,2022-11-23,Mobile App,Mobile App,Marmara,25-34,Silver,1,Routine,,1.1585,0.5749,0.3575,0.2049
C004219,2024-02-10,Mobile App,Mobile App,Black Sea,55+,Bronze,1,Routine,2025-07-04,0.7445,0.5963,0.3528,0.0592
C004220,2025-07-26,Web,Web,Mediterranean,25-34,Bronze,1,One-time,2025-08-25,0.7227,0.3407,0.6452,0.3568
C004221,2024-08-04,Store,Store,Aegean,25-34,Silver,0,Deal Seeker,,1.0824,0.658,0.7907,0.2062
C004222,2023-04-09,Store,Store,Mediterranean,25-34,Gold,1,Growth,,1.0189,0.654,0.3932,0.1031
C004223,2022-04-02,Web,Web,Eastern Anatolia,35-44,Bronze,1,Deal Seeker,2023-12-23,0.9975,0.7056,0.8631,0.1898
C004224,2025-10-17,Web,Web,Eastern Anatolia,35-44,Silver,1,Growth,,0.8412,0.6844,0.49,0.2153
C004225,2023-08-11,Mobile App,Mobile App,Black Sea,18-24,Silver,1,Growth,,1.1939,0.8413,0.4905,0.1214
C004226,2024-09-19,Store,Store,Aegean,45-54,Bronze,1,One-time,2025-03-18,0.8373,0.3769,0.6837,0.3298
C004227,2025-10-22,Web,Web,Aegean,35-44,Silver,1,Growth,,0.8258,0.6628,0.5224,0.186
C004228,2025-03-19,Web,Web,Marmara,35-44,Bronze,0,Deal Seeker,,0.9871,0.5047,0.7983,0.2637
C004229,2022-12-01,Mobile App,Mobile App,Central Anatolia,35-44,Silver,1,Growth,,1.1227,0.6696,0.3923,0.2271
C004230,2023-05-04,Store,Store,Marmara,45-54,Gold,1,Growth,,1.4327,0.8277,0.1896,0.1253
C004231,2025-06-24,Mobile App,Mobile App,Eastern Anatolia,25-34,Silver,1,Growth,,1.5846,0.6988,0.2318,0.1442
C004232,2024-05-13,Marketplace,Marketplace,Southeastern Anatolia,35-44,Bronze,1,One-time,2025-05-08,0.8356,0.2234,0.6662,0.3869
C004233,2024-04-15,Web,Web,Black Sea,35-44,Bronze,1,Deal Seeker,,0.8922,0.6105,0.8107,0.2822
C004234,2024-12-15,Mobile App,Mobile App,Central Anatolia,18-24,Gold,1,Growth,,1.0745,0.8187,0.4645,0.1549
C004235,2024-01-11,Store,Store,Black Sea,25-34,Silver,1,Routine,,0.7573,0.4741,0.2867,0.2642
C004236,2025-09-01,Mobile App,Mobile App,Aegean,45-54,Silver,1,Routine,,0.8485,0.5069,0.3721,0.1171
C004237,2022-06-05,Web,Web,Black Sea,55+,Bronze,1,Deal Seeker,2024-07-24,0.8838,0.5701,0.6532,0.2982
C004238,2025-12-23,Mobile App,Mobile App,Black Sea,55+,Silver,1,Growth,,1.1027,0.5552,0.3908,0.2371
C004239,2025-09-08,Store,Store,Mediterranean,45-54,Silver,1,Routine,,0.7088,0.5376,0.38,0.0835
C004240,2022-11-19,Store,Store,Marmara,35-44,Gold,1,At Risk,2023-02-17,1.1697,0.2955,0.3031,0.5045
C004241,2023-02-08,Marketplace,Marketplace,Marmara,45-54,Bronze,1,One-time,2023-03-10,0.833,0.2983,0.7902,0.3377
C004242,2024-07-09,Mobile App,Mobile App,Eastern Anatolia,25-34,Gold,1,Growth,2024-12-06,1.4885,0.8312,0.3282,0.1091
C004243,2025-10-11,Mobile App,Mobile App,Marmara,18-24,Silver,1,At Risk,,1.1137,0.3293,0.4913,0.4827
C004244,2023-01-24,Mobile App,Mobile App,Mediterranean,45-54,Silver,1,Deal Seeker,2023-05-24,0.8925,0.6782,0.8153,0.225
C004245,2025-06-13,Mobile App,Mobile App,Southeastern Anatolia,35-44,Silver,1,Routine,2025-12-10,0.8585,0.5163,0.4107,0.2527
C004246,2025-10-09,Web,Web,Aegean,18-24,Bronze,1,Deal Seeker,,0.9515,0.5718,0.7161,0.2376
C004247,2025-06-05,Marketplace,Marketplace,Marmara,25-34,Bronze,1,Deal Seeker,,1.2008,0.4866,0.7763,0.1719
C004248,2025-12-17,Marketplace,Marketplace,Marmara,45-54,Gold,1,Growth,,0.8881,0.5858,0.324,0.02
C004249,2025-02-07,Store,Store,Central Anatolia,18-24,Silver,0,Growth,,1.3783,0.6822,0.5916,0.21
C004250,2023-10-02,Mobile App,Mobile App,Mediterranean,45-54,Bronze,1,Routine,,0.8998,0.4104,0.3345,0.2924
C004251,2025-04-13,Web,Web,Eastern Anatolia,25-34,Silver,1,Growth,,1.2419,0.784,0.4671,0.1194
C004252,2024-08-11,Marketplace,Marketplace,Aegean,35-44,Gold,0,Growth,2025-05-08,0.9979,0.6325,0.4952,0.1634
C004253,2022-12-17,Marketplace,Marketplace,Aegean,55+,Bronze,1,Deal Seeker,2024-03-11,0.958,0.6516,0.8316,0.2901
C004254,2022-02-16,Web,Web,Marmara,18-24,Bronze,1,Routine,2023-01-12,0.798,0.4058,0.2393,0.1857
C004255,2023-11-11,Store,Store,Marmara,25-34,Bronze,1,Deal Seeker,,0.8004,0.5763,0.8709,0.2384
C004256,2022-04-21,Store,Store,Marmara,55+,Bronze,0,Deal Seeker,2025-01-05,1.0589,0.553,0.8431,0.3497
C004257,2025-01-21,Mobile App,Mobile App,Eastern Anatolia,45-54,Platinum,1,High Value Loyal,,1.8205,0.7227,0.05,0.1437
C004258,2024-11-20,Store,Store,Marmara,45-54,Gold,1,At Risk,,1.1426,0.2662,0.3908,0.4534
C004259,2022-10-08,Mobile App,Mobile App,Marmara,25-34,Silver,1,At Risk,2023-03-07,1.1903,0.3169,0.4242,0.4229
C004260,2024-10-12,Marketplace,Marketplace,Marmara,25-34,Bronze,1,Routine,,0.833,0.5196,0.3306,0.1516
C004261,2025-12-03,Store,Store,Marmara,25-34,Silver,1,Deal Seeker,,1.0974,0.5504,0.765,0.2764
C004262,2025-09-05,Web,Web,Eastern Anatolia,35-44,Silver,1,Routine,,0.7502,0.6456,0.5498,0.2268
C004263,2025-05-10,Mobile App,Mobile App,Central Anatolia,55+,Silver,1,Routine,,0.9727,0.4372,0.1235,0.1444
C004264,2023-03-21,Store,Store,Southeastern Anatolia,45-54,Bronze,1,Routine,,0.8375,0.5593,0.4573,0.1512
C004265,2024-09-10,Store,Store,Central Anatolia,25-34,Silver,1,Growth,,1.0156,0.766,0.2231,0.1056
C004266,2023-01-16,Mobile App,Mobile App,Mediterranean,25-34,Bronze,1,Deal Seeker,,1.2212,0.4986,0.98,0.2326
C004267,2024-10-11,Store,Store,Marmara,25-34,Silver,1,Deal Seeker,2025-04-09,0.8033,0.5909,0.8476,0.3588
C004268,2023-10-08,Store,Store,Mediterranean,25-34,Gold,1,High Value Loyal,2025-12-26,2.2196,0.8331,0.33,0.1297
C004269,2022-12-24,Marketplace,Marketplace,Central Anatolia,25-34,Silver,1,Deal Seeker,2024-09-14,1.2804,0.5761,0.9425,0.2782
C004270,2025-05-07,Mobile App,Mobile App,Marmara,35-44,Gold,1,At Risk,2025-07-06,1.2193,0.2478,0.2789,0.4046
C004271,2022-12-18,Marketplace,Marketplace,Marmara,45-54,Silver,1,At Risk,,1.4896,0.335,0.3209,0.5467
C004272,2024-02-14,Store,Store,Mediterranean,25-34,Silver,1,Deal Seeker,,0.9598,0.6494,0.7918,0.2073
C004273,2023-10-25,Marketplace,Marketplace,Aegean,25-34,Gold,1,High Value Loyal,,2.3935,0.7998,0.0923,0.1097
C004274,2025-08-01,Web,Web,Marmara,35-44,Silver,1,Routine,,0.6522,0.5613,0.2888,0.1298
C004275,2025-01-19,Store,Store,Black Sea,18-24,Platinum,0,High Value Loyal,,1.5403,0.9514,0.0661,0.02
C004276,2025-06-15,Marketplace,Marketplace,Black Sea,35-44,Bronze,1,Routine,,0.8673,0.5907,0.2746,0.02
C004277,2022-05-01,Mobile App,Mobile App,Black Sea,35-44,Bronze,1,Deal Seeker,2022-07-30,0.6228,0.6791,0.7411,0.1979
C004278,2023-06-06,Mobile App,Mobile App,Marmara,18-24,Gold,1,High Value Loyal,2025-02-25,2.638,0.8928,0.3247,0.0947
C004279,2022-11-14,Marketplace,Marketplace,Black Sea,35-44,Bronze,1,Routine,2025-06-01,0.9491,0.5645,0.4103,0.2251
C004280,2024-02-21,Store,Store,Eastern Anatolia,25-34,Platinum,1,High Value Loyal,,2.6029,0.9175,0.2385,0.1844
C004281,2022-06-21,Web,Web,Marmara,45-54,Silver,1,Deal Seeker,2023-12-13,0.8979,0.7356,0.8439,0.2601
C004282,2024-06-21,Mobile App,Mobile App,Central Anatolia,25-34,Bronze,1,Routine,,0.8185,0.5159,0.4103,0.1858
C004283,2025-01-19,Store,Store,Marmara,25-34,Silver,1,Deal Seeker,2025-02-18,0.8291,0.6464,0.6947,0.3138
C004284,2024-02-03,Store,Store,Marmara,45-54,Bronze,1,Routine,2025-11-24,0.8769,0.5875,0.3594,0.209
C004285,2024-08-19,Web,Web,Mediterranean,25-34,Gold,1,Growth,,1.2918,0.7082,0.4322,0.1017
C004286,2024-08-06,Mobile App,Mobile App,Central Anatolia,25-34,Gold,1,High Value Loyal,2025-03-04,1.6622,0.8068,0.05,0.1601
C004287,2023-05-23,Web,Web,Marmara,55+,Gold,1,Growth,,1.5399,0.6135,0.4652,0.2249
C004288,2022-04-26,Marketplace,Marketplace,Eastern Anatolia,35-44,Silver,1,Deal Seeker,,0.7583,0.7933,0.6864,0.2356
C004289,2025-11-06,Web,Web,Marmara,25-34,Gold,1,Growth,,1.2095,0.8123,0.3648,0.2278
C004290,2025-12-16,Web,Web,Marmara,25-34,Gold,1,Growth,,1.4616,0.7865,0.3656,0.1274
C004291,2025-08-25,Web,Web,Mediterranean,18-24,Bronze,1,Deal Seeker,,0.9705,0.658,0.8363,0.1643
C004292,2025-07-15,Web,Web,Black Sea,18-24,Silver,1,Routine,,0.8377,0.4345,0.3868,0.0535
C004293,2023-06-17,Store,Store,Marmara,25-34,Bronze,1,Deal Seeker,,1.3228,0.5839,0.8201,0.302
C004294,2025-01-07,Web,Web,Marmara,35-44,Bronze,1,One-time,2025-12-03,0.9809,0.1672,0.7269,0.3547
C004295,2025-08-12,Marketplace,Marketplace,Central Anatolia,45-54,Silver,1,Growth,,0.9768,0.7288,0.501,0.1964
C004296,2022-03-14,Marketplace,Marketplace,Black Sea,18-24,Silver,1,Routine,2023-10-05,0.8283,0.5353,0.3326,0.1517
C004297,2024-04-02,Marketplace,Marketplace,Marmara,35-44,Bronze,1,Deal Seeker,2024-10-29,1.0311,0.552,0.8129,0.1833
C004298,2023-09-26,Store,Store,Marmara,18-24,Silver,1,Growth,,1.0819,0.7915,0.484,0.1844
C004299,2024-09-13,Marketplace,Marketplace,Aegean,45-54,Silver,1,Growth,2025-02-10,1.1044,0.6607,0.3716,0.22
C004300,2023-12-05,Mobile App,Mobile App,Aegean,25-34,Gold,1,High Value Loyal,,1.8262,0.8039,0.2191,0.23
C004301,2023-08-14,Mobile App,Mobile App,Black Sea,35-44,Silver,1,At Risk,2024-01-11,0.9242,0.32,0.4193,0.506
C004302,2024-10-24,Mobile App,Mobile App,Southeastern Anatolia,25-34,Silver,1,Routine,,0.9583,0.3834,0.2999,0.1784
C004303,2025-01-21,Web,Web,Central Anatolia,25-34,Bronze,1,One-time,2025-02-20,0.6104,0.1227,0.7736,0.2855
C004304,2023-11-17,Web,Web,Mediterranean,18-24,Silver,1,At Risk,,1.1525,0.2982,0.3883,0.4488
C004305,2022-10-24,Web,Web,Aegean,25-34,Silver,1,Routine,2023-01-22,0.8483,0.5809,0.2469,0.1957
C004306,2022-12-20,Mobile App,Mobile App,Aegean,25-34,Bronze,1,Routine,2024-04-13,0.7384,0.5064,0.2415,0.2522
C004307,2025-05-09,Store,Store,Marmara,25-34,Bronze,1,Routine,2025-07-08,0.8137,0.5265,0.3382,0.1528
C004308,2025-06-24,Mobile App,Mobile App,Aegean,25-34,Bronze,1,Deal Seeker,,0.9586,0.7656,0.7289,0.1518
C004309,2022-05-22,Marketplace,Marketplace,Southeastern Anatolia,35-44,Gold,1,At Risk,2022-08-20,1.1322,0.2812,0.4591,0.4362
C004310,2025-04-06,Web,Web,Black Sea,25-34,Platinum,1,High Value Loyal,,1.6132,0.9593,0.1251,0.0683
C004311,2022-06-08,Mobile App,Mobile App,Mediterranean,35-44,Silver,1,Growth,2024-08-26,1.1009,0.679,0.4285,0.2044
C004312,2023-04-05,Mobile App,Mobile App,Central Anatolia,55+,Silver,1,Growth,,1.1913,0.7583,0.4153,0.1771
C004313,2022-09-21,Store,Store,Mediterranean,45-54,Silver,0,Routine,2023-06-18,0.7349,0.434,0.3805,0.0411
C004314,2024-11-26,Marketplace,Marketplace,Central Anatolia,35-44,Bronze,0,One-time,2024-12-26,0.8836,0.3142,0.5034,0.3089
C004315,2025-06-10,Web,Web,Marmara,35-44,Gold,1,Growth,,1.3841,0.5599,0.1744,0.2473
C004316,2024-04-11,Store,Store,Marmara,45-54,Silver,1,Growth,2025-11-02,1.5299,0.7193,0.4802,0.0697
C004317,2024-02-07,Store,Store,Central Anatolia,55+,Gold,1,Growth,,0.8452,0.5957,0.3189,0.2305
C004318,2025-12-20,Marketplace,Marketplace,Eastern Anatolia,45-54,Silver,1,At Risk,,0.961,0.2955,0.5133,0.4375
C004319,2025-02-23,Web,Web,Aegean,18-24,Gold,1,Growth,,1.3967,0.823,0.365,0.1356
C004320,2023-09-11,Mobile App,Mobile App,Southeastern Anatolia,35-44,Bronze,1,Deal Seeker,,0.8734,0.7475,0.8916,0.2892
C004321,2024-07-08,Marketplace,Marketplace,Mediterranean,45-54,Gold,1,At Risk,2024-12-05,0.6809,0.2004,0.3541,0.6531
C004322,2023-02-14,Marketplace,Marketplace,Eastern Anatolia,18-24,Silver,1,Deal Seeker,2024-10-06,1.1745,0.6289,0.7548,0.3017
C004323,2025-04-24,Mobile App,Mobile App,Aegean,55+,Platinum,1,High Value Loyal,,1.6937,0.7847,0.0952,0.2762
C004324,2025-08-11,Marketplace,Marketplace,Marmara,25-34,Silver,1,Routine,,0.6451,0.5212,0.5015,0.02
C004325,2025-10-21,Web,Web,Mediterranean,35-44,Silver,1,Routine,,0.831,0.5723,0.4284,0.1427
C004326,2023-08-04,Mobile App,Mobile App,Marmara,18-24,Silver,1,Routine,,0.8313,0.579,0.2104,0.0809
C004327,2025-12-14,Mobile App,Mobile App,Marmara,45-54,Gold,1,High Value Loyal,,1.5154,0.98,0.35,0.0564
C004328,2024-02-22,Store,Store,Aegean,18-24,Platinum,0,High Value Loyal,,1.3352,0.8348,0.1847,0.0597
C004329,2025-08-01,Store,Store,Black Sea,35-44,Bronze,1,Deal Seeker,,1.1375,0.6939,0.6443,0.2278
C004330,2023-04-05,Mobile App,Mobile App,Eastern Anatolia,25-34,Platinum,1,High Value Loyal,,1.3832,0.98,0.2682,0.1388
C004331,2023-01-06,Store,Store,Marmara,35-44,Silver,1,At Risk,2025-03-26,1.0966,0.2794,0.5205,0.5719
C004332,2025-11-24,Web,Web,Mediterranean,35-44,Bronze,1,Deal Seeker,,0.9263,0.6499,0.6206,0.3724
C004333,2022-04-18,Web,Web,Marmara,35-44,Bronze,1,Deal Seeker,2022-05-18,0.8309,0.6504,0.6815,0.3431
C004334,2024-11-06,Mobile App,Mobile App,Aegean,18-24,Gold,1,Growth,,0.9459,0.7008,0.5056,0.2675
C004335,2022-01-03,Web,Web,Marmara,18-24,Silver,1,Deal Seeker,,0.8701,0.6243,0.7592,0.2663
C004336,2025-10-11,Marketplace,Marketplace,Central Anatolia,25-34,Silver,1,At Risk,,1.0964,0.2228,0.3989,0.4735
C004337,2022-03-14,Marketplace,Marketplace,Central Anatolia,25-34,Silver,1,Growth,,1.1184,0.7542,0.4062,0.0779
C004338,2025-06-25,Web,Web,Central Anatolia,35-44,Bronze,1,Routine,,0.9121,0.4464,0.4753,0.2963
C004339,2023-02-01,Store,Store,Marmara,45-54,Bronze,0,Routine,,0.7351,0.4207,0.2779,0.2135
C004340,2023-06-18,Store,Store,Aegean,18-24,Silver,1,Routine,,0.8934,0.4903,0.0944,0.2828
C004341,2023-06-21,Marketplace,Marketplace,Mediterranean,35-44,Gold,1,High Value Loyal,,1.5899,0.7776,0.1574,0.1361
C004342,2025-11-19,Mobile App,Mobile App,Aegean,35-44,Bronze,1,Routine,,0.9826,0.4795,0.4502,0.2516
C004343,2022-12-08,Mobile App,Mobile App,Marmara,35-44,Platinum,1,High Value Loyal,,1.9879,0.9582,0.2946,0.0965
C004344,2025-04-11,Marketplace,Marketplace,Aegean,35-44,Gold,0,Growth,,1.0254,0.7018,0.5022,0.237
C004345,2023-02-09,Web,Web,Marmara,25-34,Silver,1,Routine,2025-08-27,0.9273,0.5123,0.3229,0.1376
C004346,2025-09-02,Mobile App,Mobile App,Aegean,25-34,Gold,1,Growth,,1.1549,0.6992,0.4949,0.1655
C004347,2022-10-06,Mobile App,Mobile App,Marmara,55+,Silver,0,Routine,2025-01-23,0.8139,0.443,0.4387,0.1118
C004348,2025-08-05,Mobile App,Mobile App,Central Anatolia,55+,Silver,1,Growth,2025-09-04,1.2976,0.7297,0.3934,0.3906
C004349,2023-12-24,Mobile App,Mobile App,Black Sea,55+,Gold,1,Growth,2025-07-16,1.781,0.7513,0.3494,0.2955
C004350,2022-12-13,Store,Store,Southeastern Anatolia,25-34,Bronze,0,Deal Seeker,,0.744,0.4353,0.8491,0.2208
C004351,2025-12-12,Mobile App,Mobile App,Marmara,25-34,Bronze,1,Routine,,0.7165,0.4913,0.2596,0.2484
C004352,2023-08-03,Mobile App,Mobile App,Marmara,35-44,Bronze,1,Routine,,0.5399,0.4915,0.2374,0.1863
C004353,2025-04-08,Web,Web,Eastern Anatolia,25-34,Silver,1,Growth,,1.2072,0.7756,0.3543,0.1242
C004354,2024-03-02,Mobile App,Mobile App,Aegean,35-44,Bronze,1,Deal Seeker,2025-05-26,1.0919,0.6076,0.7072,0.2426
C004355,2025-05-05,Store,Store,Aegean,35-44,Bronze,1,One-time,2025-10-02,0.8542,0.1768,0.5276,0.3387
C004356,2024-06-17,Mobile App,Mobile App,Marmara,45-54,Silver,0,Growth,,1.1174,0.7054,0.375,0.1084
C004357,2023-06-13,Web,Web,Central Anatolia,45-54,Platinum,1,High Value Loyal,2025-07-02,1.2951,0.7321,0.3095,0.0695
C004358,2022-10-23,Web,Web,Aegean,35-44,Silver,1,Deal Seeker,,1.2942,0.4795,0.8172,0.3264
C004359,2025-01-05,Marketplace,Marketplace,Black Sea,45-54,Gold,1,At Risk,,1.1667,0.4152,0.3311,0.5718
C004360,2025-05-14,Mobile App,Mobile App,Marmara,18-24,Gold,1,High Value Loyal,,2.0038,0.8298,0.0773,0.0658
C004361,2022-10-09,Mobile App,Mobile App,Aegean,18-24,Silver,1,Routine,2024-03-02,0.8561,0.3758,0.4429,0.1324
C004362,2024-09-12,Web,Web,Central Anatolia,35-44,Gold,1,High Value Loyal,,1.7149,0.7961,0.1217,0.0572
C004363,2025-08-11,Marketplace,Marketplace,Mediterranean,18-24,Gold,1,At Risk,,1.0352,0.2577,0.353,0.5567
C004364,2025-10-13,Mobile App,Mobile App,Marmara,18-24,Bronze,1,Routine,,0.8038,0.5876,0.5507,0.2608
C004365,2024-07-05,Marketplace,Marketplace,Aegean,35-44,Silver,1,Growth,2025-07-30,1.1402,0.5955,0.3787,0.2241
C004366,2023-07-16,Web,Web,Marmara,25-34,Gold,1,High Value Loyal,,1.3786,0.7812,0.2753,0.075
C004367,2023-10-12,Web,Web,Central Anatolia,35-44,Silver,1,At Risk,2024-07-08,0.8317,0.2801,0.4828,0.3954
C004368,2024-04-10,Mobile App,Mobile App,Marmara,35-44,Silver,0,Deal Seeker,,0.7903,0.6866,0.8883,0.2025
C004369,2025-05-08,Web,Web,Mediterranean,45-54,Gold,1,Growth,,1.3506,0.6256,0.2634,0.1205
C004370,2022-09-10,Mobile App,Mobile App,Marmara,45-54,Silver,1,Growth,,1.3055,0.7387,0.4128,0.1719
C004371,2025-09-02,Mobile App,Mobile App,Marmara,35-44,Bronze,1,Routine,,0.8179,0.5349,0.3543,0.1582
C004372,2024-01-22,Mobile App,Mobile App,Mediterranean,35-44,Bronze,1,Routine,,0.9469,0.4202,0.3751,0.2005
C004373,2022-11-03,Store,Store,Marmara,55+,Gold,1,High Value Loyal,,1.4731,0.7873,0.3312,0.0227
C004374,2025-08-25,Marketplace,Marketplace,Aegean,45-54,Silver,1,Growth,,1.335,0.6404,0.1099,0.2243
C004375,2023-05-17,Web,Web,Marmara,25-34,Bronze,1,One-time,2024-02-11,0.8875,0.4125,0.6874,0.3528
C004376,2023-08-11,Marketplace,Marketplace,Aegean,25-34,Silver,1,At Risk,2024-08-05,1.1445,0.3659,0.5279,0.4706
C004377,2023-11-22,Mobile App,Mobile App,Marmara,55+,Silver,1,Deal Seeker,2024-10-17,0.8449,0.4978,0.6944,0.1467
C004378,2025-09-20,Marketplace,Marketplace,Marmara,45-54,Gold,1,Growth,,1.1164,0.6867,0.4525,0.104
C004379,2022-09-15,Web,Web,Aegean,25-34,Platinum,1,High Value Loyal,2023-08-11,1.6413,0.6887,0.2287,0.0626
C004380,2023-08-09,Mobile App,Mobile App,Black Sea,18-24,Bronze,1,Routine,,1.0322,0.5323,0.3463,0.1865
C004381,2025-10-20,Mobile App,Mobile App,Marmara,55+,Bronze,1,Deal Seeker,,0.9543,0.5464,0.7522,0.2637
C004382,2022-04-12,Store,Store,Eastern Anatolia,45-54,Silver,1,Routine,2024-08-29,0.7607,0.4362,0.328,0.2352
C004383,2024-12-17,Store,Store,Marmara,18-24,Bronze,1,Routine,,0.8368,0.4314,0.2668,0.0946
C004384,2023-09-12,Web,Web,Central Anatolia,45-54,Bronze,1,Routine,,0.9859,0.4916,0.3259,0.0359
C004385,2023-09-03,Web,Web,Mediterranean,35-44,Bronze,1,Routine,2024-05-30,0.9799,0.523,0.36,0.1533
C004386,2023-03-04,Web,Web,Aegean,45-54,Bronze,1,One-time,2023-12-29,0.7427,0.3203,0.6884,0.3665
C004387,2023-09-02,Mobile App,Mobile App,Aegean,55+,Gold,1,At Risk,2023-11-01,1.1247,0.276,0.3854,0.4444
C004388,2022-04-25,Web,Web,Marmara,25-34,Silver,1,Growth,2022-08-23,1.2672,0.8782,0.1711,0.0618
C004389,2024-01-06,Mobile App,Mobile App,Central Anatolia,45-54,Silver,1,At Risk,,0.8065,0.4295,0.4668,0.3414
C004390,2022-07-23,Marketplace,Marketplace,Marmara,25-34,Silver,1,Growth,2023-09-16,1.3405,0.8039,0.5515,0.0931
C004391,2024-08-06,Mobile App,Mobile App,Marmara,45-54,Bronze,1,One-time,2024-10-05,0.5846,0.2221,0.5889,0.3451
C004392,2022-10-15,Web,Web,Southeastern Anatolia,35-44,Bronze,1,Deal Seeker,2023-11-09,0.8925,0.5581,0.9707,0.287
C004393,2023-07-09,Marketplace,Marketplace,Marmara,18-24,Silver,1,At Risk,2024-04-04,1.2111,0.3101,0.3671,0.4678
C004394,2024-11-08,Web,Web,Mediterranean,25-34,Silver,1,At Risk,,1.2092,0.2342,0.3178,0.5302
C004395,2022-12-05,Store,Store,Mediterranean,45-54,Silver,1,At Risk,2023-01-04,1.4231,0.3542,0.4166,0.3093
C004396,2024-06-23,Store,Store,Marmara,35-44,Bronze,1,Deal Seeker,,1.0737,0.8331,0.9441,0.364
C004397,2023-02-25,Store,Store,Marmara,35-44,Silver,1,Routine,,0.964,0.433,0.3605,0.02
C004398,2025-02-04,Marketplace,Marketplace,Central Anatolia,25-34,Silver,1,Growth,,0.8469,0.6162,0.3428,0.0491
C004399,2025-08-19,Web,Web,Central Anatolia,25-34,Silver,1,At Risk,,1.0099,0.3661,0.4879,0.4853
C004400,2024-03-19,Mobile App,Mobile App,Aegean,25-34,Silver,1,At Risk,2024-04-18,0.9933,0.2919,0.4364,0.5206
C004401,2024-07-25,Web,Web,Mediterranean,35-44,Platinum,1,High Value Loyal,,1.9113,0.8778,0.3165,0.0562
C004402,2023-08-21,Store,Store,Central Anatolia,35-44,Gold,1,Growth,2025-09-09,1.1024,0.5884,0.3505,0.0998
C004403,2023-09-15,Marketplace,Marketplace,Central Anatolia,25-34,Bronze,1,One-time,2023-12-14,0.7117,0.2948,0.609,0.3992
C004404,2022-06-05,Store,Store,Aegean,45-54,Silver,1,Deal Seeker,2022-09-03,1.0779,0.5818,0.7301,0.2716
C004405,2023-11-25,Web,Web,Black Sea,35-44,Silver,1,Growth,2024-09-20,1.4692,0.5598,0.2579,0.1729
C004406,2023-04-02,Web,Web,Mediterranean,45-54,Bronze,1,Deal Seeker,,0.777,0.5973,0.7456,0.1937
C004407,2022-01-08,Web,Web,Marmara,35-44,Bronze,1,One-time,2023-01-03,0.6213,0.1559,0.7429,0.3776
C004408,2025-09-01,Web,Web,Marmara,25-34,Gold,1,At Risk,,1.0085,0.3748,0.5108,0.5642
C004409,2022-06-18,Web,Web,Aegean,25-34,Gold,1,Growth,2024-01-09,1.3198,0.7244,0.3702,0.1817
C004410,2024-03-11,Mobile App,Mobile App,Marmara,18-24,Bronze,1,Deal Seeker,2025-07-04,0.7608,0.5154,0.7653,0.1567
C004411,2024-08-25,Web,Web,Marmara,25-34,Silver,0,At Risk,2024-10-24,1.204,0.3346,0.4604,0.3926
C004412,2022-11-10,Web,Web,Eastern Anatolia,35-44,Bronze,1,Routine,,0.9391,0.5303,0.2609,0.1875
C004413,2022-11-23,Store,Store,Mediterranean,35-44,Silver,1,At Risk,2023-06-21,0.9426,0.289,0.5346,0.6051
C004414,2025-12-13,Mobile App,Mobile App,Central Anatolia,35-44,Gold,1,High Value Loyal,,1.77,0.8604,0.314,0.0336
C004415,2023-08-06,Web,Web,Aegean,45-54,Silver,1,At Risk,2023-10-05,1.192,0.3323,0.6971,0.3919
C004416,2025-08-22,Store,Store,Mediterranean,55+,Silver,1,Deal Seeker,,1.0689,0.6394,0.8318,0.2366
C004417,2022-11-01,Web,Web,Central Anatolia,25-34,Gold,0,Growth,2022-12-01,1.2157,0.6944,0.3243,0.1353
C004418,2024-06-17,Marketplace,Marketplace,Marmara,35-44,Silver,0,At Risk,,1.144,0.2606,0.3054,0.4583
C004419,2024-02-03,Mobile App,Mobile App,Mediterranean,35-44,Bronze,1,Routine,2024-03-04,0.7509,0.5315,0.3215,0.2429
C004420,2025-02-16,Web,Web,Marmara,18-24,Bronze,1,Deal Seeker,,0.9819,0.7534,0.855,0.2131
C004421,2023-04-19,Store,Store,Central Anatolia,25-34,Gold,1,High Value Loyal,2024-07-12,1.6363,0.8671,0.2875,0.0453
C004422,2024-01-04,Web,Web,Mediterranean,45-54,Silver,1,Routine,,1.0333,0.5938,0.3245,0.127
C004423,2025-08-15,Mobile App,Mobile App,Central Anatolia,55+,Bronze,1,Routine,,0.8806,0.4576,0.388,0.1428
C004424,2024-06-02,Web,Web,Marmara,45-54,Silver,1,Routine,2025-02-27,0.9654,0.5905,0.1793,0.2016
C004425,2025-08-08,Web,Web,Aegean,25-34,Bronze,1,Routine,,0.8376,0.5783,0.05,0.1664
C004426,2022-09-18,Store,Store,Southeastern Anatolia,25-34,Silver,1,At Risk,,0.9291,0.2731,0.3786,0.367
C004427,2025-08-07,Marketplace,Marketplace,Black Sea,35-44,Bronze,1,Routine,,1.0815,0.586,0.4954,0.1852
C004428,2022-12-04,Marketplace,Marketplace,Marmara,25-34,Gold,1,At Risk,2024-02-27,1.2833,0.251,0.4991,0.5112
C004429,2023-03-04,Mobile App,Mobile App,Aegean,45-54,Gold,1,Growth,,1.1135,0.741,0.4258,0.1394
C004430,2022-06-03,Mobile App,Mobile App,Marmara,55+,Bronze,1,One-time,2022-07-03,0.6732,0.2676,0.6941,0.3049
C004431,2024-11-03,Store,Store,Marmara,25-34,Bronze,1,Routine,,0.9168,0.6164,0.3653,0.2757
C004432,2023-11-11,Mobile App,Mobile App,Marmara,25-34,Gold,1,High Value Loyal,,1.839,0.8106,0.0577,0.1229
C004433,2023-05-17,Store,Store,Marmara,45-54,Gold,1,At Risk,2025-05-06,1.0523,0.2255,0.3763,0.5313
C004434,2022-06-14,Marketplace,Marketplace,Marmara,25-34,Platinum,1,High Value Loyal,,1.5686,0.8439,0.1911,0.0892
C004435,2025-10-09,Marketplace,Marketplace,Marmara,25-34,Bronze,1,Deal Seeker,,0.9392,0.6719,0.6725,0.2183
C004436,2024-02-03,Store,Store,Marmara,35-44,Bronze,1,Routine,,0.7595,0.4771,0.3977,0.2087
C004437,2023-11-07,Web,Web,Central Anatolia,18-24,Bronze,1,One-time,2023-12-07,1.0592,0.2206,0.5177,0.39
C004438,2024-06-15,Mobile App,Mobile App,Black Sea,18-24,Platinum,1,High Value Loyal,2025-10-08,2.0212,0.8657,0.177,0.0359
C004439,2022-08-21,Marketplace,Marketplace,Marmara,35-44,Platinum,1,High Value Loyal,,1.6811,0.7005,0.4269,0.1279
C004440,2022-12-10,Mobile App,Mobile App,Mediterranean,25-34,Silver,1,Deal Seeker,2023-05-09,0.7851,0.5613,0.8062,0.1456
C004441,2025-05-19,Mobile App,Mobile App,Marmara,25-34,Silver,1,At Risk,,1.2668,0.2667,0.3081,0.5339
C004442,2022-01-23,Mobile App,Mobile App,Marmara,35-44,Bronze,1,Deal Seeker,2022-12-19,0.9999,0.6295,0.7686,0.292
C004443,2024-09-19,Web,Web,Aegean,35-44,Silver,1,Growth,2024-10-19,1.1618,0.7524,0.5663,0.1205
C004444,2023-02-13,Mobile App,Mobile App,Marmara,35-44,Gold,1,High Value Loyal,2025-04-03,2.0003,0.8997,0.0843,0.1849
C004445,2025-06-21,Marketplace,Marketplace,Southeastern Anatolia,25-34,Silver,1,Routine,,0.8429,0.6431,0.574,0.1855
C004446,2023-04-07,Mobile App,Mobile App,Marmara,18-24,Silver,1,Deal Seeker,,0.9516,0.5654,0.7472,0.2594
C004447,2023-12-11,Store,Store,Central Anatolia,25-34,Silver,1,Growth,,1.3198,0.6337,0.4647,0.2489
C004448,2025-01-12,Mobile App,Mobile App,Central Anatolia,25-34,Bronze,1,Routine,,0.7061,0.4921,0.2458,0.1774
C004449,2025-09-23,Web,Web,Aegean,35-44,Bronze,1,Routine,,0.9578,0.4793,0.3844,0.2464
C004450,2024-03-18,Mobile App,Mobile App,Central Anatolia,25-34,Bronze,1,Deal Seeker,2025-04-12,0.8177,0.6459,0.8022,0.2425
C004451,2025-11-18,Mobile App,Mobile App,Mediterranean,25-34,Bronze,1,One-time,,0.6756,0.1553,0.7458,0.2096
C004452,2024-11-01,Marketplace,Marketplace,Marmara,45-54,Bronze,1,Routine,2025-03-31,0.8235,0.352,0.4757,0.0845
C004453,2023-08-07,Store,Store,Marmara,55+,Bronze,1,Deal Seeker,2024-06-02,0.8578,0.6155,0.7654,0.1567
C004454,2024-07-15,Marketplace,Marketplace,Aegean,35-44,Bronze,1,Routine,,0.8201,0.4969,0.1676,0.2389
C004455,2025-07-14,Web,Web,Central Anatolia,25-34,Silver,1,Growth,,1.2848,0.8469,0.2751,0.175
C004456,2024-12-12,Marketplace,Marketplace,Aegean,35-44,Silver,0,Growth,,1.2342,0.5489,0.3788,0.12
C004457,2025-11-17,Store,Store,Aegean,35-44,Platinum,1,High Value Loyal,,1.7343,0.7401,0.4087,0.02
C004458,2024-01-10,Web,Web,Mediterranean,25-34,Bronze,1,Routine,,0.9304,0.5093,0.5006,0.1506
C004459,2023-12-14,Web,Web,Mediterranean,45-54,Gold,1,Growth,2024-05-12,1.3416,0.7033,0.2599,0.2306
C004460,2023-02-06,Web,Web,Eastern Anatolia,35-44,Silver,1,Routine,2024-06-30,0.7253,0.5893,0.336,0.224
C004461,2025-07-01,Web,Web,Marmara,45-54,Silver,1,Deal Seeker,,0.9849,0.691,0.7053,0.3626
C004462,2025-06-09,Mobile App,Mobile App,Central Anatolia,35-44,Silver,1,Growth,,1.4172,0.6341,0.5835,0.2056
C004463,2024-04-16,Marketplace,Marketplace,Central Anatolia,18-24,Bronze,1,Routine,,0.8872,0.4953,0.2849,0.1748
C004464,2023-11-09,Marketplace,Marketplace,Eastern Anatolia,55+,Platinum,0,High Value Loyal,,1.4671,0.859,0.2143,0.0796
C004465,2024-07-19,Mobile App,Mobile App,Aegean,35-44,Silver,1,Routine,,0.8814,0.4525,0.1978,0.1284
C004466,2024-11-04,Web,Web,Marmara,55+,Gold,1,Growth,,1.4761,0.6909,0.319,0.3273
C004467,2024-12-07,Web,Web,Mediterranean,25-34,Silver,1,Growth,,0.838,0.7803,0.3944,0.0839
C004468,2022-06-07,Web,Web,Aegean,35-44,Silver,1,Deal Seeker,2022-09-05,0.836,0.6121,0.7502,0.1286
C004469,2022-07-10,Marketplace,Marketplace,Black Sea,45-54,Bronze,1,One-time,2023-07-05,0.6972,0.4094,0.7686,0.3179
C004470,2023-10-17,Marketplace,Marketplace,Eastern Anatolia,25-34,Silver,0,Deal Seeker,,0.8268,0.548,0.7906,0.3182
C004471,2022-02-06,Mobile App,Mobile App,Mediterranean,55+,Silver,1,Growth,2025-01-21,0.9289,0.6821,0.5045,0.1339
C004472,2023-12-16,Store,Store,Mediterranean,45-54,Silver,1,At Risk,2025-07-08,0.7159,0.2399,0.4961,0.456
C004473,2024-03-25,Mobile App,Mobile App,Southeastern Anatolia,18-24,Gold,1,High Value Loyal,,2.0311,0.8359,0.2938,0.1066
C004474,2025-04-17,Mobile App,Mobile App,Aegean,55+,Platinum,1,High Value Loyal,,1.7974,0.8026,0.2787,0.1612
C004475,2023-01-24,Marketplace,Marketplace,Black Sea,25-34,Gold,1,Growth,,0.9276,0.7146,0.3968,0.1459
C004476,2024-11-18,Mobile App,Mobile App,Central Anatolia,35-44,Bronze,1,Deal Seeker,,1.1583,0.6512,0.6766,0.2625
C004477,2024-05-26,Store,Store,Central Anatolia,25-34,Bronze,1,One-time,2025-05-21,0.8331,0.2238,0.5982,0.4207
C004478,2025-09-15,Marketplace,Marketplace,Black Sea,35-44,Bronze,0,One-time,2025-11-14,0.76,0.2608,0.764,0.3696
C004479,2024-09-15,Web,Web,Aegean,35-44,Bronze,0,Routine,,0.6912,0.4356,0.4532,0.2267
C004480,2022-11-06,Web,Web,Central Anatolia,35-44,Silver,1,Routine,2025-08-22,0.9893,0.596,0.2874,0.124
C004481,2022-05-24,Marketplace,Marketplace,Central Anatolia,18-24,Bronze,1,One-time,2022-06-23,0.7888,0.2718,0.6544,0.3085
C004482,2024-09-24,Web,Web,Marmara,25-34,Silver,1,Routine,2025-12-18,0.7077,0.5085,0.3759,0.2162
C004483,2025-05-15,Web,Web,Marmara,25-34,Gold,1,Growth,,1.1034,0.622,0.3394,0.1643
C004484,2024-09-19,Web,Web,Mediterranean,55+,Bronze,1,Routine,,0.8096,0.5481,0.3237,0.1614
C004485,2025-02-20,Store,Store,Marmara,18-24,Silver,1,Deal Seeker,,0.8981,0.6113,0.758,0.273
C004486,2023-12-12,Mobile App,Mobile App,Marmara,18-24,Silver,1,Growth,,1.1416,0.8215,0.5042,0.1672
C004487,2023-03-03,Mobile App,Mobile App,Marmara,35-44,Bronze,1,Routine,,0.7729,0.4694,0.3388,0.1452
C004488,2023-03-07,Marketplace,Marketplace,Marmara,35-44,Gold,1,Growth,2024-09-27,0.9221,0.7197,0.3996,0.1633
C004489,2025-05-23,Mobile App,Mobile App,Black Sea,35-44,Gold,1,Growth,,1.1491,0.6067,0.4872,0.3234
C004490,2024-12-06,Web,Web,Marmara,25-34,Gold,1,High Value Loyal,,2.1064,0.6601,0.0506,0.2103
C004491,2024-04-10,Mobile App,Mobile App,Aegean,25-34,Gold,1,At Risk,,1.0926,0.3691,0.4492,0.469
C004492,2022-07-04,Mobile App,Mobile App,Marmara,25-34,Gold,1,High Value Loyal,2024-10-21,1.3167,0.8258,0.2335,0.1781
C004493,2022-05-16,Web,Web,Marmara,35-44,Platinum,1,High Value Loyal,2023-02-10,1.3169,0.8519,0.0956,0.02
C004494,2025-02-11,Mobile App,Mobile App,Black Sea,18-24,Bronze,0,Deal Seeker,,0.9241,0.7141,0.7089,0.2599
C004495,2025-05-12,Web,Web,Central Anatolia,18-24,Gold,1,At Risk,2025-07-11,1.1189,0.4119,0.667,0.4182
C004496,2023-07-16,Marketplace,Marketplace,Eastern Anatolia,18-24,Bronze,1,One-time,2023-08-15,0.7458,0.3052,0.6889,0.415
C004497,2023-07-02,Mobile App,Mobile App,Central Anatolia,18-24,Silver,1,Routine,,1.0707,0.4647,0.4211,0.2092
C004498,2025-07-20,Mobile App,Mobile App,Black Sea,25-34,Bronze,1,Routine,,0.7446,0.5603,0.2301,0.1421
C004499,2025-11-11,Web,Web,Marmara,25-34,Bronze,1,Routine,,0.63,0.613,0.3435,0.0742
C004500,2024-05-22,Mobile App,Mobile App,Central Anatolia,25-34,Gold,1,High Value Loyal,,1.8339,0.7932,0.2513,0.2556
C004501,2025-10-11,Web,Web,Marmara,18-24,Silver,1,Growth,,1.0014,0.7207,0.2903,0.0807
C004502,2022-11-10,Mobile App,Mobile App,Southeastern Anatolia,35-44,Bronze,1,Routine,2025-04-28,1.3445,0.5871,0.3974,0.1864
C004503,2025-09-03,Store,Store,Aegean,25-34,Silver,0,Growth,,1.2884,0.7473,0.5405,0.2162
C004504,2023-07-18,Mobile App,Mobile App,Mediterranean,35-44,Bronze,1,Routine,2024-03-14,1.1045,0.5251,0.1854,0.1831
C004505,2022-08-17,Web,Web,Aegean,25-34,Silver,1,At Risk,,1.391,0.4727,0.4068,0.5048
C004506,2024-08-18,Mobile App,Mobile App,Southeastern Anatolia,18-24,Bronze,1,Routine,,0.7163,0.587,0.2614,0.0678
C004507,2023-08-13,Marketplace,Marketplace,Southeastern Anatolia,18-24,Bronze,1,Deal Seeker,2025-01-04,0.9853,0.5676,0.8996,0.3284
C004508,2024-07-21,Mobile App,Mobile App,Marmara,25-34,Bronze,1,One-time,2024-08-20,0.485,0.1889,0.6691,0.406
C004509,2023-10-03,Web,Web,Mediterranean,35-44,Bronze,0,Deal Seeker,2024-10-27,1.185,0.6634,0.7585,0.2526
C004510,2025-12-06,Web,Web,Central Anatolia,55+,Bronze,1,One-time,,0.5707,0.1904,0.6852,0.3232
C004511,2024-12-04,Mobile App,Mobile App,Marmara,35-44,Silver,1,Deal Seeker,,0.9899,0.4772,0.9005,0.3006
C004512,2024-04-10,Mobile App,Mobile App,Marmara,35-44,Platinum,1,High Value Loyal,,1.2686,0.8466,0.2543,0.075
C004513,2023-04-25,Web,Web,Marmara,35-44,Gold,1,Growth,2024-02-19,1.4911,0.6183,0.3731,0.1696
C004514,2024-02-08,Marketplace,Marketplace,Mediterranean,35-44,Bronze,1,Deal Seeker,,1.0465,0.5385,0.8322,0.3154
C004515,2023-12-18,Mobile App,Mobile App,Southeastern Anatolia,25-34,Bronze,1,Deal Seeker,2025-07-10,1.1197,0.7598,0.8823,0.3186
C004516,2023-12-03,Web,Web,Marmara,25-34,Silver,1,Deal Seeker,,0.8027,0.4553,0.8137,0.2182
C004517,2024-11-01,Web,Web,Marmara,35-44,Bronze,1,Deal Seeker,,0.7004,0.6792,0.7831,0.2988
C004518,2025-06-15,Marketplace,Marketplace,Black Sea,18-24,Silver,1,Growth,,1.2602,0.6767,0.421,0.02
C004519,2022-11-06,Mobile App,Mobile App,Aegean,45-54,Silver,1,Growth,2023-09-02,0.9341,0.7223,0.3493,0.2198
C004520,2024-10-07,Mobile App,Mobile App,Marmara,55+,Platinum,1,High Value Loyal,,1.5262,0.8996,0.1573,0.1893
C004521,2025-08-07,Marketplace,Marketplace,Aegean,45-54,Gold,1,Growth,,1.4504,0.8238,0.4477,0.1472
C004522,2023-05-10,Marketplace,Marketplace,Southeastern Anatolia,25-34,Silver,1,Deal Seeker,2023-11-06,0.8144,0.6201,0.7322,0.2809
C004523,2024-10-03,Web,Web,Marmara,45-54,Silver,1,Routine,,0.7148,0.4882,0.4946,0.0821
C004524,2022-09-01,Web,Web,Black Sea,45-54,Gold,1,Growth,2024-02-23,1.5575,0.6949,0.3768,0.1374
C004525,2024-09-08,Marketplace,Marketplace,Mediterranean,35-44,Silver,0,Growth,,1.4243,0.7721,0.3525,0.2328
C004526,2025-11-06,Web,Web,Marmara,35-44,Bronze,1,One-time,,0.9344,0.3358,0.6325,0.3165
C004527,2022-12-12,Mobile App,Mobile App,Marmara,25-34,Bronze,1,Deal Seeker,2023-11-07,0.9811,0.588,0.9351,0.2356
C004528,2023-02-24,Web,Web,Central Anatolia,55+,Bronze,1,Routine,,0.959,0.4038,0.4059,0.0551
C004529,2024-02-09,Mobile App,Mobile App,Marmara,18-24,Silver,1,Growth,,1.0321,0.8615,0.3599,0.1778
C004530,2024-10-21,Marketplace,Marketplace,Central Anatolia,35-44,Gold,1,High Value Loyal,,2.1812,0.852,0.1402,0.1637
C004531,2022-04-24,Web,Web,Southeastern Anatolia,55+,Platinum,1,High Value Loyal,2025-01-08,1.9484,0.7203,0.1671,0.099
C004532,2022-05-26,Store,Store,Marmara,18-24,Bronze,0,Deal Seeker,,1.0539,0.6042,0.8137,0.3531
C004533,2025-09-17,Marketplace,Marketplace,Central Anatolia,25-34,Bronze,0,Deal Seeker,,0.9451,0.6205,0.8661,0.3487
C004534,2023-12-09,Store,Store,Marmara,25-34,Bronze,0,One-time,2024-01-08,0.6408,0.2248,0.648,0.3564
C004535,2024-08-04,Store,Store,Marmara,45-54,Platinum,1,High Value Loyal,,1.7843,0.7771,0.2277,0.02
C004536,2023-12-23,Mobile App,Mobile App,Marmara,55+,Platinum,1,High Value Loyal,,1.9978,0.7828,0.2455,0.1567
C004537,2025-12-11,Marketplace,Marketplace,Mediterranean,35-44,Bronze,1,Routine,,0.8898,0.5446,0.2617,0.1054
C004538,2022-11-21,Web,Web,Black Sea,25-34,Silver,1,Growth,2024-05-14,1.1184,0.707,0.2827,0.0799
C004539,2025-04-15,Web,Web,Mediterranean,25-34,Silver,1,Routine,,0.8617,0.5412,0.4062,0.1371
C004540,2024-08-03,Store,Store,Mediterranean,35-44,Bronze,1,Routine,,0.9658,0.7062,0.4819,0.1988
C004541,2025-04-23,Web,Web,Central Anatolia,45-54,Gold,1,Growth,2025-06-22,1.5407,0.8279,0.3818,0.1198
C004542,2025-02-04,Web,Web,Marmara,35-44,Gold,1,Growth,,0.9328,0.7296,0.3587,0.2129
C004543,2023-12-16,Web,Web,Marmara,25-34,Gold,1,High Value Loyal,2025-03-10,1.5048,0.8071,0.0702,0.02
C004544,2022-02-06,Mobile App,Mobile App,Aegean,25-34,Bronze,1,Deal Seeker,,0.9079,0.5523,0.8627,0.2906
C004545,2024-08-22,Web,Web,Central Anatolia,35-44,Silver,1,Deal Seeker,,1.1551,0.6488,0.7308,0.3322
C004546,2025-03-06,Web,Web,Marmara,25-34,Bronze,1,Routine,,0.6852,0.645,0.4201,0.1975
C004547,2023-09-05,Mobile App,Mobile App,Marmara,35-44,Silver,1,Deal Seeker,2024-03-03,0.6743,0.6205,0.7057,0.1095
C004548,2024-05-13,Marketplace,Marketplace,Marmara,35-44,Silver,0,Deal Seeker,,0.6158,0.588,0.7605,0.2589
C004549,2024-12-19,Web,Web,Aegean,45-54,Gold,1,At Risk,2025-03-19,1.3671,0.2604,0.5215,0.4385
C004550,2025-06-02,Mobile App,Mobile App,Black Sea,35-44,Silver,1,At Risk,,0.9417,0.2347,0.3905,0.5812
C004551,2025-09-13,Mobile App,Mobile App,Black Sea,45-54,Silver,1,Routine,,0.8974,0.5569,0.3017,0.1121
C004552,2023-05-04,Mobile App,Mobile App,Marmara,18-24,Gold,1,At Risk,2024-02-28,0.9913,0.2388,0.458,0.6157
C004553,2024-03-19,Web,Web,Marmara,25-34,Platinum,1,High Value Loyal,,2.1129,0.7716,0.05,0.1129
C004554,2024-12-03,Web,Web,Aegean,25-34,Silver,1,At Risk,2025-06-01,0.9597,0.2954,0.3395,0.4962
C004555,2023-12-16,Mobile App,Mobile App,Marmara,45-54,Bronze,1,Deal Seeker,2024-07-13,0.8248,0.6097,0.8232,0.2011
C004556,2024-06-08,Mobile App,Mobile App,Marmara,35-44,Silver,1,Growth,,0.9692,0.6588,0.373,0.2334
C004557,2022-07-14,Mobile App,Mobile App,Central Anatolia,35-44,Bronze,1,Routine,,0.7472,0.5862,0.4212,0.289
C004558,2025-03-16,Marketplace,Marketplace,Black Sea,18-24,Bronze,0,One-time,,0.635,0.1444,0.7184,0.3961
C004559,2024-12-09,Store,Store,Central Anatolia,25-34,Gold,1,High Value Loyal,,1.9436,0.9212,0.1568,0.0855
C004560,2025-09-22,Web,Web,Marmara,45-54,Gold,1,High Value Loyal,,1.5599,0.8689,0.275,0.0774
C004561,2023-10-19,Mobile App,Mobile App,Marmara,45-54,Silver,0,Growth,2023-11-18,1.1108,0.6624,0.3154,0.1644
C004562,2023-07-19,Mobile App,Mobile App,Mediterranean,45-54,Bronze,1,Deal Seeker,2023-09-17,1.0012,0.6033,0.811,0.2522
C004563,2025-06-07,Mobile App,Mobile App,Eastern Anatolia,25-34,Gold,1,Growth,,1.0246,0.6543,0.5004,0.3018
C004564,2024-07-19,Marketplace,Marketplace,Aegean,25-34,Silver,1,Growth,,1.1782,0.7176,0.4618,0.1061
C004565,2023-11-22,Mobile App,Mobile App,Southeastern Anatolia,25-34,Bronze,1,Routine,,0.6895,0.5383,0.3048,0.164
C004566,2025-06-13,Store,Store,Marmara,35-44,Bronze,1,Deal Seeker,,0.6996,0.7061,0.7927,0.2563
C004567,2022-09-17,Web,Web,Mediterranean,25-34,Bronze,1,Deal Seeker,2022-11-16,0.8293,0.5661,0.7354,0.2821
C004568,2023-04-14,Mobile App,Mobile App,Black Sea,35-44,Gold,1,Growth,2025-12-29,1.0132,0.549,0.389,0.1828
C004569,2023-08-07,Web,Web,Black Sea,35-44,Gold,1,Growth,,0.9105,0.6612,0.3427,0.2991
C004570,2024-03-07,Marketplace,Marketplace,Mediterranean,55+,Silver,1,Growth,,1.3887,0.6208,0.3548,0.1799
C004571,2025-01-12,Marketplace,Marketplace,Aegean,35-44,Bronze,1,Deal Seeker,,1.0122,0.6205,0.7261,0.2255
C004572,2025-05-23,Mobile App,Mobile App,Marmara,25-34,Bronze,1,Routine,,0.7962,0.4455,0.3706,0.203
C004573,2025-06-13,Store,Store,Marmara,35-44,Bronze,0,Routine,,0.7912,0.4579,0.4613,0.1375
C004574,2023-02-14,Mobile App,Mobile App,Mediterranean,45-54,Platinum,1,High Value Loyal,,1.461,0.8916,0.095,0.1075
C004575,2023-08-18,Web,Web,Central Anatolia,45-54,Bronze,1,Routine,,1.0669,0.4978,0.3491,0.1197
C004576,2023-07-25,Mobile App,Mobile App,Central Anatolia,55+,Gold,1,At Risk,2023-08-24,1.057,0.2571,0.4054,0.5191
C004577,2023-11-10,Store,Store,Marmara,45-54,Bronze,0,Deal Seeker,2025-06-02,1.0702,0.6857,0.8354,0.3738
C004578,2022-12-16,Marketplace,Marketplace,Marmara,25-34,Silver,1,Routine,,0.9591,0.5704,0.2889,0.2335
C004579,2024-11-22,Mobile App,Mobile App,Marmara,25-34,Silver,1,Deal Seeker,2025-12-17,0.8556,0.539,0.7637,0.2727
C004580,2024-03-24,Marketplace,Marketplace,Aegean,45-54,Bronze,0,Routine,2024-12-19,0.9777,0.5723,0.6017,0.2379
C004581,2023-12-22,Mobile App,Mobile App,Aegean,18-24,Silver,1,Routine,,0.8583,0.4045,0.4916,0.0961
C004582,2023-08-22,Mobile App,Mobile App,Marmara,25-34,Silver,1,Deal Seeker,2025-03-14,1.4033,0.6636,0.8522,0.2742
C004583,2022-07-05,Store,Store,Mediterranean,25-34,Silver,0,Growth,,1.0465,0.6893,0.2891,0.2087
C004584,2024-03-03,Mobile App,Mobile App,Marmara,35-44,Platinum,1,High Value Loyal,2024-04-02,1.2737,0.7529,0.3985,0.02
C004585,2023-10-19,Web,Web,Black Sea,35-44,Platinum,1,High Value Loyal,,1.3544,0.7425,0.05,0.02
C004586,2023-01-17,Mobile App,Mobile App,Marmara,45-54,Bronze,1,Routine,2024-05-11,0.8098,0.4441,0.3168,0.1366
C004587,2022-01-10,Web,Web,Aegean,18-24,Platinum,1,High Value Loyal,2023-08-03,1.798,0.7974,0.1218,0.1376
C004588,2023-04-15,Marketplace,Marketplace,Mediterranean,18-24,Gold,1,High Value Loyal,2025-05-04,1.9264,0.7392,0.1388,0.1766
C004589,2023-02-21,Mobile App,Mobile App,Marmara,25-34,Silver,1,Growth,,1.3831,0.7213,0.262,0.2746
C004590,2022-01-11,Mobile App,Mobile App,Mediterranean,25-34,Bronze,1,Routine,2024-06-29,0.6648,0.5467,0.3497,0.1049
C004591,2023-07-01,Web,Web,Marmara,18-24,Gold,1,Growth,2025-10-18,1.1596,0.6044,0.2677,0.2578
C004592,2023-05-17,Mobile App,Mobile App,Black Sea,25-34,Silver,1,At Risk,,0.9703,0.1169,0.441,0.4479
C004593,2023-08-25,Store,Store,Central Anatolia,18-24,Silver,1,Growth,,1.4102,0.6875,0.5829,0.115
C004594,2025-01-26,Marketplace,Marketplace,Black Sea,25-34,Gold,0,At Risk,,0.977,0.4106,0.4494,0.5159
C004595,2024-05-19,Mobile App,Mobile App,Mediterranean,35-44,Silver,1,Deal Seeker,2025-07-13,1.1655,0.4701,0.7206,0.2827
C004596,2023-10-26,Web,Web,Aegean,35-44,Bronze,1,Deal Seeker,,0.9217,0.7726,0.7608,0.1044
C004597,2022-03-06,Web,Web,Aegean,25-34,Gold,1,Growth,,0.8825,0.8159,0.241,0.1062
C004598,2024-07-18,Store,Store,Marmara,25-34,Bronze,0,Deal Seeker,,0.9921,0.6018,0.788,0.3078
C004599,2022-12-16,Mobile App,Mobile App,Marmara,25-34,Silver,1,Growth,,1.108,0.7492,0.3675,0.2469
C004600,2022-09-14,Marketplace,Marketplace,Central Anatolia,35-44,Silver,0,Routine,2022-11-13,0.922,0.5234,0.3215,0.0983
C004601,2024-02-05,Mobile App,Mobile App,Marmara,25-34,Gold,1,Growth,,0.7547,0.7127,0.3621,0.2642
C004602,2025-10-09,Store,Store,Aegean,45-54,Platinum,1,High Value Loyal,,1.3611,0.7543,0.1427,0.02
C004603,2025-04-10,Marketplace,Marketplace,Marmara,35-44,Gold,1,Growth,,1.1675,0.7177,0.3238,0.1639
C004604,2025-07-20,Mobile App,Mobile App,Marmara,55+,Bronze,1,Deal Seeker,2025-08-19,0.6161,0.6411,0.7906,0.2214
C004605,2023-07-24,Marketplace,Marketplace,Black Sea,45-54,Silver,1,Routine,2023-09-22,0.8211,0.4813,0.4656,0.214
C004606,2023-06-08,Marketplace,Marketplace,Central Anatolia,35-44,Bronze,1,Deal Seeker,,0.782,0.5957,0.7173,0.1884
C004607,2025-12-22,Store,Store,Aegean,25-34,Silver,1,At Risk,,0.9545,0.3462,0.4721,0.3861
C004608,2024-10-08,Web,Web,Marmara,35-44,Silver,1,Routine,2025-06-05,1.0146,0.5972,0.3193,0.2078
C004609,2023-01-18,Web,Web,Aegean,55+,Gold,1,Growth,,1.1443,0.6361,0.4037,0.1133
C004610,2023-10-16,Mobile App,Mobile App,Central Anatolia,35-44,Silver,1,Deal Seeker,2023-11-15,1.0145,0.7039,0.7366,0.2332
C004611,2024-12-18,Web,Web,Marmara,25-34,Gold,1,Growth,2025-08-15,0.906,0.6444,0.3375,0.1855
C004612,2022-07-26,Web,Web,Marmara,25-34,Platinum,1,High Value Loyal,,1.6904,0.8417,0.0885,0.2057
C004613,2024-05-19,Web,Web,Central Anatolia,55+,Bronze,1,Routine,,0.5502,0.5769,0.3901,0.1444
C004614,2025-08-09,Web,Web,Central Anatolia,18-24,Silver,1,Growth,,1.1747,0.6947,0.4956,0.1615
C004615,2022-08-06,Mobile App,Mobile App,Central Anatolia,25-34,Platinum,1,High Value Loyal,,1.8461,0.892,0.2241,0.1482
C004616,2025-08-01,Store,Store,Marmara,35-44,Gold,1,High Value Loyal,,1.9946,0.7458,0.0526,0.0799
C004617,2024-10-11,Marketplace,Marketplace,Marmara,18-24,Bronze,1,One-time,2025-02-08,0.7835,0.305,0.697,0.2953
C004618,2023-09-23,Marketplace,Marketplace,Aegean,35-44,Bronze,1,One-time,2023-10-23,0.6579,0.2997,0.6134,0.3833
C004619,2024-11-20,Mobile App,Mobile App,Marmara,35-44,Bronze,1,Deal Seeker,2025-05-19,0.8486,0.5316,0.7231,0.2753
C004620,2025-03-07,Web,Web,Black Sea,18-24,Bronze,1,Routine,,0.7552,0.415,0.4501,0.2414
C004621,2023-02-13,Web,Web,Aegean,45-54,Platinum,1,High Value Loyal,,1.5987,0.7589,0.181,0.02
C004622,2022-09-24,Mobile App,Mobile App,Mediterranean,25-34,Gold,0,Growth,,1.0494,0.8176,0.2787,0.0629
C004623,2023-02-02,Web,Web,Marmara,25-34,Bronze,1,Routine,,0.5621,0.5736,0.3645,0.2035
C004624,2022-11-18,Store,Store,Mediterranean,25-34,Silver,1,Routine,2023-05-17,0.7832,0.4808,0.2351,0.2328
C004625,2023-07-02,Marketplace,Marketplace,Marmara,45-54,Bronze,1,Deal Seeker,,0.6569,0.6042,0.7395,0.245
C004626,2022-06-08,Mobile App,Mobile App,Mediterranean,25-34,Bronze,1,Deal Seeker,2025-05-23,0.7871,0.6416,0.863,0.0482
C004627,2022-12-20,Mobile App,Mobile App,Marmara,45-54,Bronze,0,Deal Seeker,2023-08-17,0.8912,0.6504,0.7413,0.2474
C004628,2023-10-09,Marketplace,Marketplace,Mediterranean,45-54,Bronze,1,Deal Seeker,2024-03-07,1.0107,0.6058,0.779,0.2321
C004629,2023-12-09,Store,Store,Eastern Anatolia,18-24,Silver,1,At Risk,,0.9577,0.269,0.4498,0.4643
C004630,2023-04-20,Marketplace,Marketplace,Black Sea,18-24,Bronze,1,Deal Seeker,2024-07-13,0.8797,0.5737,0.6631,0.3135
C004631,2023-04-16,Marketplace,Marketplace,Central Anatolia,35-44,Gold,1,Growth,2025-07-04,1.1974,0.7945,0.3743,0.1869
C004632,2023-11-13,Web,Web,Mediterranean,25-34,Silver,1,Deal Seeker,2025-02-05,0.8492,0.6216,0.8214,0.3023
C004633,2022-12-09,Web,Web,Central Anatolia,25-34,Silver,1,Routine,2023-01-08,0.9126,0.4561,0.4158,0.126
C004634,2023-02-08,Marketplace,Marketplace,Marmara,35-44,Silver,0,Deal Seeker,2023-06-08,0.8333,0.7654,0.7665,0.3155
C004635,2023-09-17,Web,Web,Marmara,25-34,Bronze,1,Routine,2025-02-08,0.8172,0.5005,0.3483,0.2784
C004636,2022-08-20,Mobile App,Mobile App,Marmara,35-44,Bronze,1,Deal Seeker,,0.8506,0.7089,0.735,0.2071
C004637,2025-09-23,Mobile App,Mobile App,Marmara,25-34,Gold,0,At Risk,,0.9388,0.4622,0.3829,0.5859
C004638,2024-04-05,Store,Store,Black Sea,25-34,Silver,1,Growth,2024-09-02,1.2543,0.6565,0.317,0.1937
C004639,2025-03-10,Store,Store,Central Anatolia,25-34,Bronze,0,Routine,2025-06-08,0.8088,0.5024,0.4928,0.175
C004640,2024-02-04,Marketplace,Marketplace,Aegean,18-24,Silver,1,Deal Seeker,2025-12-25,1.2382,0.5862,0.8947,0.3035
C004641,2025-11-15,Mobile App,Mobile App,Marmara,45-54,Silver,1,Routine,,0.723,0.4229,0.3835,0.1214
C004642,2023-03-16,Marketplace,Marketplace,Southeastern Anatolia,45-54,Gold,0,High Value Loyal,,1.8318,0.6341,0.3072,0.02
C004643,2025-10-18,Web,Web,Southeastern Anatolia,35-44,Silver,0,Routine,,0.8995,0.5615,0.4427,0.1769
C004644,2024-04-21,Web,Web,Eastern Anatolia,25-34,Gold,1,At Risk,,1.0451,0.3629,0.4208,0.4694
C004645,2024-08-12,Web,Web,Southeastern Anatolia,25-34,Silver,1,Routine,,0.7655,0.5898,0.3031,0.0957
C004646,2024-06-14,Web,Web,Marmara,55+,Bronze,1,Routine,,0.7771,0.4209,0.2826,0.2319
C004647,2022-01-05,Marketplace,Marketplace,Central Anatolia,35-44,Silver,1,Routine,2024-12-20,0.6949,0.4827,0.3517,0.2838
C004648,2022-12-09,Web,Web,Central Anatolia,18-24,Silver,0,Growth,,1.1101,0.6676,0.3849,0.2191
C004649,2025-08-17,Marketplace,Marketplace,Marmara,45-54,Silver,1,Deal Seeker,,0.9196,0.6367,0.7881,0.1703
C004650,2024-05-18,Store,Store,Black Sea,18-24,Silver,0,At Risk,2024-08-16,0.898,0.2471,0.5284,0.4542
C004651,2024-02-20,Mobile App,Mobile App,Marmara,25-34,Bronze,1,Routine,,0.7422,0.5513,0.1785,0.1418
C004652,2024-07-07,Marketplace,Marketplace,Aegean,35-44,Bronze,1,Deal Seeker,2024-08-06,0.8063,0.6439,0.7928,0.2079
C004653,2024-01-04,Web,Web,Mediterranean,25-34,Gold,1,Growth,,1.0435,0.8539,0.2391,0.0596
C004654,2024-02-20,Web,Web,Aegean,55+,Gold,1,High Value Loyal,,1.3687,0.8229,0.2584,0.1388
C004655,2025-03-22,Web,Web,Aegean,45-54,Silver,1,At Risk,2025-08-19,1.0331,0.3032,0.3045,0.4817
C004656,2022-12-08,Marketplace,Marketplace,Marmara,25-34,Silver,1,Deal Seeker,2024-05-31,0.8606,0.6031,0.9305,0.2551
C004657,2022-12-24,Marketplace,Marketplace,Black Sea,25-34,Bronze,1,Routine,2024-10-14,0.7334,0.4344,0.2924,0.2926
C004658,2024-11-26,Store,Store,Mediterranean,25-34,Silver,1,Growth,,1.3316,0.6953,0.2064,0.1435
C004659,2024-04-20,Store,Store,Southeastern Anatolia,45-54,Bronze,1,Routine,,0.7918,0.4712,0.3017,0.1405
C004660,2023-04-01,Web,Web,Southeastern Anatolia,25-34,Gold,1,High Value Loyal,,1.6476,0.9205,0.1506,0.2213
C004661,2025-02-03,Web,Web,Aegean,25-34,Silver,1,Growth,,1.7982,0.7627,0.3654,0.1785
C004662,2025-01-12,Web,Web,Marmara,18-24,Bronze,1,Routine,2025-10-09,0.9163,0.4665,0.1842,0.2362
C004663,2022-09-25,Mobile App,Mobile App,Black Sea,18-24,Silver,1,Growth,2022-12-24,1.2966,0.7339,0.4317,0.1811
C004664,2025-01-03,Web,Web,Marmara,35-44,Gold,1,Growth,,1.1109,0.5921,0.5564,0.1329
C004665,2024-11-09,Web,Web,Marmara,25-34,Gold,1,Growth,2025-03-09,1.3003,0.5233,0.5089,0.1843
C004666,2024-02-26,Web,Web,Marmara,18-24,Platinum,1,High Value Loyal,,1.6219,0.8019,0.2595,0.1398
C004667,2024-10-09,Mobile App,Mobile App,Central Anatolia,18-24,Silver,1,Routine,,0.7274,0.4573,0.3172,0.2423
C004668,2023-12-16,Store,Store,Black Sea,25-34,Silver,1,Growth,,1.5777,0.7572,0.3886,0.1412
C004669,2024-05-10,Web,Web,Aegean,35-44,Silver,1,Growth,,1.2038,0.7455,0.4531,0.1738
C004670,2023-02-12,Store,Store,Marmara,35-44,Bronze,1,One-time,2023-03-14,0.6592,0.2766,0.5694,0.3687
C004671,2025-10-02,Web,Web,Mediterranean,18-24,Bronze,0,Routine,,0.6745,0.4401,0.4581,0.1819
C004672,2024-07-10,Marketplace,Marketplace,Central Anatolia,25-34,Platinum,1,High Value Loyal,,1.9195,0.8851,0.2848,0.0671
C004673,2024-12-20,Mobile App,Mobile App,Aegean,35-44,Bronze,1,One-time,2025-02-18,0.6327,0.3036,0.8196,0.3597
C004674,2022-11-16,Web,Web,Marmara,25-34,Gold,1,Growth,2025-11-30,1.1307,0.7324,0.328,0.1661
C004675,2023-05-06,Mobile App,Mobile App,Black Sea,35-44,Silver,1,Growth,,1.5602,0.7122,0.4085,0.2214
C004676,2023-03-21,Mobile App,Mobile App,Marmara,18-24,Bronze,1,One-time,2023-09-17,0.7505,0.171,0.655,0.2484
C004677,2024-02-23,Mobile App,Mobile App,Marmara,35-44,Platinum,1,High Value Loyal,,1.6539,0.8191,0.216,0.045
C004678,2022-10-10,Web,Web,Aegean,18-24,Gold,1,High Value Loyal,,1.6445,0.8253,0.1421,0.1444
C004679,2022-02-08,Marketplace,Marketplace,Marmara,55+,Silver,0,Deal Seeker,2023-12-30,1.532,0.6906,0.8051,0.2511
C004680,2025-02-13,Web,Web,Black Sea,25-34,Bronze,1,Deal Seeker,,0.6303,0.6184,0.9241,0.2042
C004681,2025-08-25,Web,Web,Aegean,45-54,Bronze,1,Deal Seeker,,0.9258,0.5976,0.7753,0.1672
C004682,2025-06-02,Web,Web,Central Anatolia,25-34,Silver,1,Growth,,0.9941,0.6006,0.3874,0.2084
C004683,2024-09-17,Store,Store,Black Sea,25-34,Gold,0,At Risk,2025-02-14,0.9202,0.464,0.4696,0.3444
C004684,2023-10-03,Marketplace,Marketplace,Marmara,25-34,Bronze,0,Deal Seeker,,0.9838,0.6482,0.9302,0.2534
C004685,2024-10-24,Marketplace,Marketplace,Central Anatolia,25-34,Silver,1,Deal Seeker,,0.6681,0.5895,0.8308,0.1804
C004686,2022-11-18,Web,Web,Marmara,18-24,Gold,1,Growth,2023-02-16,0.6949,0.7243,0.4427,0.2416
C004687,2022-09-04,Web,Web,Aegean,25-34,Silver,1,Deal Seeker,2023-01-02,1.3816,0.6026,0.8728,0.1859
C004688,2025-06-12,Marketplace,Marketplace,Central Anatolia,35-44,Bronze,1,One-time,2025-11-09,0.637,0.2516,0.6478,0.3184
C004689,2024-05-15,Mobile App,Mobile App,Marmara,25-34,Silver,1,At Risk,2024-11-11,1.0155,0.4586,0.4803,0.3681
C004690,2025-04-26,Marketplace,Marketplace,Central Anatolia,18-24,Bronze,1,Deal Seeker,,1.0222,0.5154,0.7903,0.2158
C004691,2022-05-13,Mobile App,Mobile App,Marmara,35-44,Silver,0,Deal Seeker,,0.8766,0.6389,0.6778,0.2136
C004692,2025-09-11,Marketplace,Marketplace,Aegean,25-34,Silver,1,Routine,,0.913,0.4604,0.4195,0.1739
C004693,2022-08-17,Mobile App,Mobile App,Marmara,55+,Bronze,1,One-time,2022-09-16,0.8706,0.3046,0.5281,0.4039
C004694,2022-12-11,Web,Web,Aegean,25-34,Silver,1,Deal Seeker,2024-03-05,0.8837,0.5684,0.7881,0.2713
C004695,2024-11-16,Store,Store,Marmara,35-44,Bronze,1,Routine,2025-01-15,0.93,0.5881,0.3703,0.2436
C004696,2024-08-01,Mobile App,Mobile App,Southeastern Anatolia,45-54,Gold,1,Growth,,0.7698,0.7004,0.5637,0.1455
C004697,2025-10-03,Web,Web,Marmara,18-24,Gold,1,High Value Loyal,,1.3259,0.8987,0.1204,0.051
C004698,2023-12-14,Web,Web,Southeastern Anatolia,45-54,Silver,0,Deal Seeker,,1.1706,0.6215,0.8976,0.0551
C004699,2023-11-20,Marketplace,Marketplace,Central Anatolia,25-34,Silver,1,Routine,2023-12-20,1.096,0.5105,0.1988,0.2166
C004700,2024-09-21,Mobile App,Mobile App,Marmara,55+,Bronze,1,One-time,2025-09-16,0.7529,0.2109,0.8417,0.2833
C004701,2025-12-18,Mobile App,Mobile App,Black Sea,25-34,Silver,1,Routine,,0.8046,0.5205,0.4662,0.2006
C004702,2024-11-09,Mobile App,Mobile App,Central Anatolia,45-54,Silver,1,At Risk,2024-12-09,1.5885,0.4196,0.5521,0.4565
C004703,2022-02-19,Web,Web,Black Sea,25-34,Silver,1,Routine,2024-04-09,0.7906,0.5319,0.5149,0.1499
C004704,2025-03-25,Marketplace,Marketplace,Marmara,35-44,Silver,1,Routine,,0.8447,0.5398,0.4025,0.281
C004705,2024-02-18,Store,Store,Eastern Anatolia,25-34,Bronze,1,Deal Seeker,,0.7955,0.5993,0.8868,0.2706
C004706,2024-04-08,Store,Store,Aegean,25-34,Silver,1,Growth,2024-12-04,1.2729,0.5032,0.3694,0.2037
C004707,2023-11-24,Marketplace,Marketplace,Marmara,25-34,Bronze,0,Deal Seeker,2025-09-14,0.7501,0.7362,0.8074,0.223
C004708,2023-10-25,Mobile App,Mobile App,Marmara,25-34,Bronze,1,One-time,2023-11-24,0.8104,0.2009,0.845,0.3017
C004709,2024-11-05,Mobile App,Mobile App,Mediterranean,35-44,Gold,1,High Value Loyal,,1.6933,0.8279,0.2799,0.1741
C004710,2023-09-09,Store,Store,Central Anatolia,25-34,Gold,1,Growth,,1.2348,0.6438,0.3059,0.1685
C004711,2022-07-14,Mobile App,Mobile App,Marmara,25-34,Bronze,1,Deal Seeker,,1.1311,0.6228,0.7362,0.2119
C004712,2022-01-10,Marketplace,Marketplace,Aegean,35-44,Silver,1,Routine,2025-08-22,0.7526,0.5105,0.3547,0.1443
C004713,2025-08-01,Mobile App,Mobile App,Aegean,35-44,Silver,1,Routine,,0.8082,0.4822,0.2292,0.1597
C004714,2023-01-17,Marketplace,Marketplace,Southeastern Anatolia,35-44,Silver,0,Deal Seeker,2024-08-09,0.575,0.6141,0.7634,0.2202
C004715,2022-01-11,Marketplace,Marketplace,Black Sea,25-34,Bronze,1,Deal Seeker,2022-08-09,1.2789,0.6106,0.8205,0.3217
C004716,2022-08-05,Web,Web,Marmara,25-34,Silver,1,Growth,2025-09-18,0.9964,0.6987,0.2274,0.1285
C004717,2022-12-24,Mobile App,Mobile App,Black Sea,25-34,Bronze,1,Routine,,0.9003,0.5147,0.2765,0.1146
C004718,2022-12-01,Mobile App,Mobile App,Mediterranean,25-34,Silver,1,Deal Seeker,2024-08-22,0.7851,0.6418,0.9194,0.2187
C004719,2025-12-25,Mobile App,Mobile App,Black Sea,18-24,Gold,1,High Value Loyal,,1.3039,0.7542,0.2282,0.154
C004720,2024-09-04,Marketplace,Marketplace,Marmara,25-34,Silver,0,Deal Seeker,,1.2512,0.6381,0.6455,0.1213
C004721,2022-03-21,Mobile App,Mobile App,Marmara,25-34,Silver,1,Routine,,1.3476,0.5901,0.4372,0.2069
C004722,2025-12-04,Web,Web,Marmara,25-34,Bronze,1,Deal Seeker,,0.8218,0.6254,0.7818,0.1852
C004723,2023-11-03,Marketplace,Marketplace,Eastern Anatolia,45-54,Silver,1,At Risk,2024-08-29,1.0732,0.3277,0.6114,0.4843
C004724,2023-11-03,Web,Web,Marmara,35-44,Silver,1,Routine,,0.9041,0.6435,0.4869,0.2839
C004725,2023-07-19,Marketplace,Marketplace,Marmara,45-54,Bronze,1,Deal Seeker,2025-04-09,0.6955,0.5223,0.9016,0.2975
C004726,2023-01-06,Web,Web,Marmara,25-34,Bronze,1,One-time,2023-04-06,0.7367,0.3265,0.6896,0.3237
C004727,2025-07-13,Mobile App,Mobile App,Central Anatolia,35-44,Silver,1,Deal Seeker,,1.1151,0.5091,0.8256,0.1538
C004728,2025-07-25,Store,Store,Marmara,18-24,Silver,1,Routine,2025-10-23,0.8161,0.5173,0.308,0.1294
C004729,2025-06-09,Marketplace,Marketplace,Marmara,18-24,Silver,0,Routine,,0.7588,0.466,0.3747,0.0896
C004730,2024-01-16,Marketplace,Marketplace,Black Sea,25-34,Silver,1,Growth,,1.0996,0.6724,0.4166,0.1452
C004731,2023-10-15,Web,Web,Central Anatolia,25-34,Platinum,1,High Value Loyal,,2.2403,0.7508,0.19,0.2052
C004732,2025-09-20,Web,Web,Mediterranean,25-34,Platinum,1,High Value Loyal,,2.4545,0.7706,0.1773,0.1135
C004733,2023-10-22,Mobile App,Mobile App,Marmara,35-44,Gold,1,Growth,2025-07-13,0.9408,0.7215,0.3036,0.2437
C004734,2023-03-10,Store,Store,Aegean,25-34,Silver,1,Routine,,0.9023,0.4464,0.1845,0.1052
C004735,2023-01-21,Web,Web,Black Sea,25-34,Silver,1,At Risk,2023-07-20,1.1316,0.3774,0.4787,0.4536
C004736,2023-06-05,Marketplace,Marketplace,Marmara,35-44,Silver,1,Routine,,0.7139,0.5524,0.3208,0.1316
C004737,2025-07-04,Web,Web,Marmara,55+,Bronze,1,Routine,,0.5483,0.4578,0.193,0.2325
C004738,2025-04-01,Web,Web,Marmara,45-54,Bronze,1,Deal Seeker,2025-05-01,0.8485,0.6503,0.706,0.2513
C004739,2023-06-19,Store,Store,Aegean,25-34,Silver,0,Growth,,1.4278,0.8291,0.4037,0.248
C004740,2024-04-22,Store,Store,Mediterranean,35-44,Gold,0,Growth,,1.1517,0.7518,0.3461,0.1875
C004741,2025-11-04,Mobile App,Mobile App,Marmara,25-34,Bronze,1,Routine,,0.8677,0.6258,0.2823,0.2138
C004742,2024-12-17,Mobile App,Mobile App,Marmara,55+,Silver,1,At Risk,2025-10-13,1.1484,0.5616,0.3809,0.3854
C004743,2024-04-03,Web,Web,Marmara,35-44,Bronze,1,Routine,,1.254,0.4887,0.3284,0.0993
C004744,2022-07-16,Marketplace,Marketplace,Black Sea,35-44,Silver,1,Growth,2024-02-06,1.1264,0.5016,0.3536,0.0328
C004745,2024-12-21,Web,Web,Marmara,35-44,Gold,1,Growth,,1.0189,0.6958,0.4093,0.1578
C004746,2022-11-03,Web,Web,Marmara,18-24,Bronze,1,One-time,2022-12-03,0.661,0.1463,0.6792,0.3328
C004747,2024-12-15,Web,Web,Black Sea,25-34,Bronze,1,Routine,,0.9004,0.4296,0.4027,0.2603
C004748,2025-03-16,Mobile App,Mobile App,Central Anatolia,45-54,Platinum,1,High Value Loyal,,1.6426,0.7821,0.05,0.1416
C004749,2022-07-06,Marketplace,Marketplace,Marmara,25-34,Silver,1,Deal Seeker,2023-07-01,1.0497,0.5368,0.6885,0.2323
C004750,2022-04-15,Mobile App,Mobile App,Marmara,35-44,Silver,1,At Risk,2022-07-14,1.1116,0.2588,0.4035,0.3961
C004751,2023-04-13,Web,Web,Central Anatolia,25-34,Gold,1,Growth,,0.9831,0.4836,0.466,0.2289
C004752,2023-04-13,Marketplace,Marketplace,Southeastern Anatolia,25-34,Silver,1,Routine,,0.8124,0.477,0.4697,0.1798
C004753,2025-05-12,Marketplace,Marketplace,Black Sea,25-34,Bronze,1,Routine,2025-06-11,0.9872,0.3668,0.2391,0.2019
C004754,2025-05-22,Web,Web,Mediterranean,45-54,Gold,1,Growth,,1.5091,0.7314,0.3869,0.1143
C004755,2022-12-22,Web,Web,Central Anatolia,25-34,Gold,1,Growth,,0.9922,0.66,0.343,0.1816
C004756,2025-01-16,Marketplace,Marketplace,Eastern Anatolia,18-24,Platinum,1,High Value Loyal,,1.3385,0.8913,0.2768,0.1156
C004757,2022-12-14,Web,Web,Southeastern Anatolia,18-24,Silver,1,Deal Seeker,,0.8174,0.711,0.8296,0.3096
C004758,2024-05-11,Marketplace,Marketplace,Marmara,35-44,Silver,0,At Risk,2025-06-05,1.1518,0.3759,0.4619,0.5186
C004759,2022-02-21,Store,Store,Black Sea,35-44,Bronze,0,Deal Seeker,2022-03-23,1.0796,0.5277,0.5975,0.2496
C004760,2023-08-04,Marketplace,Marketplace,Southeastern Anatolia,25-34,Silver,0,Routine,,1.024,0.5706,0.3643,0.3103
C004761,2022-01-26,Marketplace,Marketplace,Central Anatolia,45-54,Silver,1,Routine,2022-02-25,0.8633,0.5617,0.4591,0.1065
C004762,2023-07-17,Web,Web,Mediterranean,45-54,Bronze,1,Deal Seeker,,0.8456,0.5905,0.5724,0.2535
C004763,2023-07-22,Mobile App,Mobile App,Marmara,25-34,Silver,1,Routine,,0.808,0.5111,0.3536,0.2101
C004764,2023-12-13,Web,Web,Marmara,18-24,Bronze,1,One-time,,0.8426,0.159,0.5698,0.4022
C004765,2023-01-24,Web,Web,Black Sea,25-34,Bronze,1,Routine,,0.7463,0.4937,0.2341,0.1792
C004766,2024-10-22,Mobile App,Mobile App,Central Anatolia,25-34,Bronze,1,One-time,2024-11-21,0.6395,0.227,0.7562,0.2515
C004767,2022-10-18,Web,Web,Marmara,35-44,Bronze,1,Deal Seeker,2023-10-13,0.943,0.5936,0.881,0.2149
C004768,2024-06-02,Web,Web,Mediterranean,45-54,Silver,1,Deal Seeker,,0.9122,0.486,0.7314,0.11
C004769,2024-04-25,Store,Store,Mediterranean,35-44,Silver,1,Routine,2025-09-17,0.7098,0.6187,0.3544,0.0857
C004770,2024-04-03,Marketplace,Marketplace,Marmara,45-54,Bronze,0,Deal Seeker,,0.9609,0.4838,0.7174,0.317
C004771,2022-03-03,Web,Web,Marmara,35-44,Gold,1,At Risk,2022-04-02,1.1056,0.2318,0.344,0.5059
C004772,2025-12-10,Web,Web,Central Anatolia,25-34,Bronze,0,Routine,,0.9445,0.6489,0.4507,0.1684
C004773,2022-06-19,Store,Store,Central Anatolia,45-54,Silver,1,Routine,2023-06-14,0.6779,0.3966,0.3372,0.1556
C004774,2024-12-19,Marketplace,Marketplace,Marmara,35-44,Bronze,0,Deal Seeker,2025-07-17,0.8897,0.7726,0.8513,0.2553
C004775,2024-04-20,Mobile App,Mobile App,Central Anatolia,55+,Silver,1,At Risk,2025-06-14,1.3097,0.3257,0.5572,0.5139
C004776,2023-04-14,Marketplace,Marketplace,Black Sea,45-54,Gold,1,At Risk,,1.3305,0.5254,0.4055,0.5169
C004777,2024-10-03,Store,Store,Central Anatolia,18-24,Bronze,1,Deal Seeker,,0.9258,0.5816,0.7151,0.1375
C004778,2025-06-21,Marketplace,Marketplace,Marmara,45-54,Silver,1,Routine,,0.7177,0.3969,0.4107,0.0782
C004779,2025-10-10,Web,Web,Marmara,25-34,Silver,1,Deal Seeker,,0.6468,0.7536,0.6976,0.253
C004780,2024-05-08,Mobile App,Mobile App,Marmara,25-34,Silver,1,Routine,,0.9614,0.5983,0.3884,0.3221
C004781,2025-11-09,Mobile App,Mobile App,Aegean,25-34,Bronze,1,One-time,2025-12-09,0.5759,0.396,0.6134,0.3378
C004782,2022-10-13,Marketplace,Marketplace,Central Anatolia,25-34,Silver,0,Routine,,0.753,0.5925,0.2308,0.1209
C004783,2022-12-14,Marketplace,Marketplace,Aegean,25-34,Gold,1,Growth,,1.0486,0.7416,0.2981,0.2239
C004784,2025-09-16,Mobile App,Mobile App,Black Sea,25-34,Bronze,1,Deal Seeker,,1.0282,0.6941,0.6946,0.1922
C004785,2022-11-25,Web,Web,Marmara,55+,Gold,1,High Value Loyal,2025-01-13,2.2297,0.6961,0.3313,0.1364
C004786,2025-08-22,Mobile App,Mobile App,Mediterranean,25-34,Bronze,1,Deal Seeker,,0.8741,0.5332,0.8194,0.2216
C004787,2024-10-12,Mobile App,Mobile App,Black Sea,18-24,Bronze,1,One-time,2025-08-08,0.6689,0.3373,0.6854,0.3563
C004788,2023-01-18,Web,Web,Mediterranean,45-54,Bronze,1,One-time,2023-11-14,0.764,0.2318,0.6534,0.3884
C004789,2024-04-02,Mobile App,Mobile App,Black Sea,45-54,Bronze,0,Deal Seeker,2025-02-26,0.9592,0.7153,0.8206,0.2588
C004790,2024-09-04,Store,Store,Central Anatolia,18-24,Gold,1,Growth,,1.7523,0.5481,0.4803,0.1253
C004791,2023-09-01,Mobile App,Mobile App,Marmara,45-54,Platinum,0,High Value Loyal,2025-03-24,1.3488,0.9301,0.1571,0.02
C004792,2025-12-01,Marketplace,Marketplace,Marmara,25-34,Bronze,1,Deal Seeker,,0.9209,0.6966,0.9364,0.1938
C004793,2023-09-01,Marketplace,Marketplace,Eastern Anatolia,25-34,Silver,0,Growth,,1.483,0.8846,0.2894,0.2547
C004794,2022-09-10,Mobile App,Mobile App,Aegean,55+,Gold,1,Growth,2024-09-29,1.2776,0.6481,0.4461,0.204
C004795,2025-02-14,Web,Web,Marmara,45-54,Silver,1,Deal Seeker,,0.7292,0.5495,0.6563,0.2612
C004796,2025-07-03,Mobile App,Mobile App,Central Anatolia,18-24,Silver,1,Deal Seeker,2025-08-02,0.8529,0.4825,0.8184,0.2307
C004797,2023-06-20,Web,Web,Eastern Anatolia,45-54,Gold,0,At Risk,,0.8251,0.3288,0.5158,0.4879
C004798,2022-10-12,Marketplace,Marketplace,Mediterranean,25-34,Silver,1,At Risk,2022-11-11,0.9935,0.3254,0.5256,0.6353
C004799,2023-04-16,Web,Web,Marmara,25-34,Bronze,1,Deal Seeker,2023-08-14,1.0548,0.6739,0.7174,0.176
C004800,2023-12-08,Store,Store,Central Anatolia,55+,Bronze,1,Deal Seeker,2024-03-07,0.8405,0.5991,0.6941,0.2885
C004801,2025-03-17,Store,Store,Black Sea,25-34,Bronze,1,Routine,,0.988,0.4807,0.0886,0.2934
C004802,2023-01-16,Store,Store,Marmara,18-24,Bronze,1,One-time,2023-02-15,0.8137,0.3339,0.6058,0.4814
C004803,2023-06-09,Mobile App,Mobile App,Marmara,35-44,Bronze,1,One-time,2023-07-09,0.8264,0.3825,0.7687,0.4265
C004804,2025-08-03,Mobile App,Mobile App,Mediterranean,35-44,Silver,1,Routine,,0.7223,0.5425,0.2967,0.266
C004805,2025-03-08,Mobile App,Mobile App,Central Anatolia,55+,Silver,1,Growth,,1.1311,0.6305,0.2759,0.3107
C004806,2022-11-15,Mobile App,Mobile App,Marmara,25-34,Bronze,1,Routine,,0.7865,0.576,0.4206,0.218
C004807,2023-04-06,Web,Web,Southeastern Anatolia,35-44,Silver,1,Growth,2024-04-30,1.1549,0.62,0.2749,0.2469
C004808,2023-12-05,Web,Web,Central Anatolia,18-24,Silver,1,Deal Seeker,,0.918,0.6284,0.8555,0.303
C004809,2022-12-11,Mobile App,Mobile App,Central Anatolia,35-44,Gold,1,Growth,,0.8423,0.7302,0.5595,0.1371
C004810,2022-07-04,Web,Web,Marmara,35-44,Gold,1,Growth,,1.3373,0.654,0.6325,0.1068
C004811,2022-10-10,Mobile App,Mobile App,Marmara,45-54,Platinum,1,High Value Loyal,,2.0033,0.7511,0.1891,0.1958
C004812,2023-12-21,Web,Web,Marmara,45-54,Bronze,1,Deal Seeker,2024-01-20,0.8302,0.5187,0.8046,0.2063
C004813,2022-01-25,Web,Web,Mediterranean,18-24,Gold,0,Growth,2022-05-25,1.0318,0.7608,0.2168,0.1877
C004814,2024-01-20,Marketplace,Marketplace,Central Anatolia,18-24,Silver,0,Deal Seeker,2024-02-19,0.716,0.5792,0.8155,0.1809
C004815,2025-10-21,Marketplace,Marketplace,Southeastern Anatolia,35-44,Gold,0,Growth,,1.2223,0.6287,0.2477,0.0868
C004816,2024-04-14,Mobile App,Mobile App,Marmara,45-54,Bronze,1,One-time,2025-02-08,0.5504,0.3205,0.8145,0.1977
C004817,2025-12-16,Store,Store,Marmara,25-34,Bronze,1,One-time,,0.6972,0.2718,0.6227,0.3514
C004818,2025-06-08,Web,Web,Eastern Anatolia,18-24,Bronze,1,Routine,2025-08-07,0.8222,0.3945,0.3403,0.0633
C004819,2023-12-20,Marketplace,Marketplace,Black Sea,45-54,Silver,1,Deal Seeker,2025-01-13,0.9888,0.6464,0.776,0.1179
C004820,2025-06-04,Mobile App,Mobile App,Aegean,18-24,Gold,1,Growth,,0.8464,0.4853,0.3663,0.2583
C004821,2024-04-12,Web,Web,Marmara,35-44,Bronze,1,Deal Seeker,2025-04-07,0.6784,0.7083,0.7934,0.2036
C004822,2023-09-26,Store,Store,Marmara,25-34,Bronze,1,Routine,,0.8133,0.6039,0.2837,0.1974
C004823,2024-08-07,Store,Store,Aegean,25-34,Silver,1,Deal Seeker,,0.9959,0.6412,0.9056,0.2499
C004824,2023-01-04,Marketplace,Marketplace,Marmara,25-34,Bronze,1,Routine,2025-02-22,1.0338,0.5755,0.352,0.129
C004825,2025-03-25,Store,Store,Aegean,18-24,Gold,1,Growth,,0.9829,0.6597,0.3256,0.2549
C004826,2025-07-04,Marketplace,Marketplace,Marmara,18-24,Bronze,1,Routine,,0.8622,0.601,0.3872,0.3074
C004827,2025-09-15,Mobile App,Mobile App,Marmara,35-44,Gold,0,High Value Loyal,,2.3986,0.7799,0.1506,0.1282
C004828,2025-11-09,Web,Web,Marmara,35-44,Gold,1,Growth,,1.001,0.8692,0.4029,0.1386
C004829,2022-06-08,Store,Store,Aegean,35-44,Bronze,1,Routine,2024-09-25,0.9305,0.5301,0.4341,0.2021
C004830,2023-05-03,Mobile App,Mobile App,Aegean,25-34,Gold,1,Growth,,1.2812,0.5844,0.2194,0.2033
C004831,2025-09-13,Marketplace,Marketplace,Southeastern Anatolia,18-24,Silver,1,Deal Seeker,,1.1019,0.6043,0.8045,0.1915
C004832,2023-03-08,Marketplace,Marketplace,Central Anatolia,18-24,Silver,0,Deal Seeker,,0.9929,0.7203,0.7383,0.1835
C004833,2024-03-12,Web,Web,Marmara,45-54,Bronze,1,Deal Seeker,2025-01-06,0.7862,0.6661,0.7468,0.2718
C004834,2025-05-20,Marketplace,Marketplace,Marmara,35-44,Platinum,0,High Value Loyal,,1.6216,0.5664,0.0749,0.02
C004835,2025-02-02,Mobile App,Mobile App,Marmara,25-34,Silver,1,At Risk,2025-03-04,1.3749,0.3937,0.3584,0.5163
C004836,2023-03-09,Store,Store,Eastern Anatolia,45-54,Silver,1,Deal Seeker,2024-03-03,1.0594,0.5161,0.8018,0.2041
C004837,2022-09-09,Web,Web,Marmara,55+,Gold,1,Growth,2024-01-02,1.1109,0.6408,0.3409,0.1354
C004838,2025-06-26,Mobile App,Mobile App,Central Anatolia,35-44,Silver,1,Routine,,1.0858,0.4427,0.5974,0.0789
C004839,2025-06-14,Marketplace,Marketplace,Aegean,35-44,Platinum,1,High Value Loyal,,1.5118,0.8125,0.1842,0.1397
C004840,2022-09-20,Mobile App,Mobile App,Marmara,35-44,Silver,1,Routine,,0.8544,0.5821,0.416,0.143
C004841,2024-11-03,Store,Store,Aegean,25-34,Bronze,1,Routine,,0.8256,0.5244,0.3162,0.2993
C004842,2025-01-22,Mobile App,Mobile App,Marmara,45-54,Bronze,1,Routine,,0.8703,0.6103,0.3696,0.2295
C004843,2025-02-09,Web,Web,Marmara,55+,Silver,1,Routine,,1.0543,0.5236,0.315,0.1015
C004844,2023-07-01,Marketplace,Marketplace,Aegean,35-44,Gold,1,High Value Loyal,2023-07-31,1.7959,0.9208,0.1992,0.1435
C004845,2025-05-15,Store,Store,Marmara,18-24,Silver,1,Routine,2025-08-13,0.9781,0.571,0.3803,0.3625
C004846,2025-10-25,Marketplace,Marketplace,Marmara,25-34,Silver,1,Routine,,0.8955,0.6729,0.3588,0.1627
C004847,2022-06-21,Web,Web,Mediterranean,25-34,Silver,1,Deal Seeker,2022-09-19,0.9844,0.6355,0.8902,0.224
C004848,2025-04-16,Web,Web,Aegean,35-44,Bronze,1,Routine,,0.8042,0.5286,0.393,0.1732
C004849,2025-01-22,Mobile App,Mobile App,Marmara,35-44,Silver,0,Routine,2025-02-21,1.0988,0.3869,0.3054,0.2289
C004850,2022-10-10,Marketplace,Marketplace,Eastern Anatolia,18-24,Silver,1,Growth,,0.9928,0.6724,0.3999,0.251
C004851,2025-04-08,Mobile App,Mobile App,Mediterranean,35-44,Gold,1,At Risk,2025-05-08,1.0249,0.1164,0.4776,0.5292
C004852,2022-09-10,Web,Web,Marmara,25-34,Bronze,1,Routine,2024-07-31,0.9084,0.505,0.2147,0.1892
C004853,2025-10-16,Web,Web,Aegean,25-34,Gold,1,High Value Loyal,,1.9633,0.8117,0.2415,0.0846
C004854,2023-11-15,Mobile App,Mobile App,Marmara,45-54,Silver,1,Routine,,0.7479,0.4148,0.5275,0.1307
C004855,2025-06-04,Mobile App,Mobile App,Marmara,35-44,Platinum,1,High Value Loyal,,1.445,0.8122,0.2225,0.1819
C004856,2022-07-03,Mobile App,Mobile App,Mediterranean,35-44,Gold,1,At Risk,2023-04-29,1.1788,0.2097,0.3654,0.5061
C004857,2024-10-12,Mobile App,Mobile App,Black Sea,55+,Bronze,1,Deal Seeker,,0.8665,0.5211,0.7564,0.3434
C004858,2022-03-17,Marketplace,Marketplace,Eastern Anatolia,35-44,Bronze,1,Deal Seeker,2024-01-06,1.0879,0.6998,0.8714,0.207
C004859,2023-11-21,Store,Store,Marmara,45-54,Bronze,1,Deal Seeker,2024-05-19,0.7285,0.7411,0.7741,0.1143
C004860,2022-09-04,Mobile App,Mobile App,Marmara,25-34,Silver,1,Growth,2023-04-02,1.3457,0.6827,0.2618,0.1334
C004861,2023-10-23,Mobile App,Mobile App,Central Anatolia,55+,Bronze,1,Deal Seeker,,1.0306,0.6512,0.8853,0.1776
C004862,2024-07-09,Marketplace,Marketplace,Marmara,25-34,Bronze,0,Routine,2025-03-06,0.9411,0.5686,0.4571,0.147
C004863,2025-07-16,Marketplace,Marketplace,Marmara,35-44,Silver,1,Growth,,1.0837,0.679,0.2936,0.0865
C004864,2022-06-18,Mobile App,Mobile App,Mediterranean,35-44,Silver,1,Routine,,1.0407,0.3614,0.3619,0.2022
C004865,2022-09-24,Web,Web,Central Anatolia,18-24,Bronze,1,Routine,2024-09-13,0.7661,0.4877,0.4357,0.144
C004866,2023-06-25,Marketplace,Marketplace,Marmara,45-54,Bronze,1,Deal Seeker,2025-06-14,1.0207,0.7479,0.9299,0.1981
C004867,2022-11-14,Mobile App,Mobile App,Marmara,35-44,Gold,1,At Risk,2024-09-04,1.459,0.4505,0.4332,0.4455
C004868,2023-02-09,Store,Store,Aegean,35-44,Silver,1,Growth,2024-05-04,0.9706,0.7023,0.3833,0.0932
C004869,2023-11-25,Web,Web,Aegean,25-34,Silver,0,Growth,,1.51,0.6418,0.5746,0.2115
C004870,2024-10-03,Web,Web,Aegean,35-44,Gold,0,High Value Loyal,2024-11-02,1.2663,0.7006,0.1266,0.0575
C004871,2025-08-26,Mobile App,Mobile App,Central Anatolia,35-44,Silver,1,At Risk,,0.7769,0.2571,0.5681,0.5004
C004872,2025-11-19,Marketplace,Marketplace,Marmara,25-34,Bronze,1,One-time,,0.7724,0.3066,0.6946,0.3974
C004873,2024-09-22,Marketplace,Marketplace,Black Sea,25-34,Platinum,1,High Value Loyal,,1.4156,0.8503,0.1649,0.2228
C004874,2024-11-24,Marketplace,Marketplace,Marmara,25-34,Silver,1,Deal Seeker,2024-12-24,0.9012,0.6871,0.6643,0.2128
C004875,2022-12-09,Web,Web,Marmara,25-34,Gold,1,Growth,,0.9804,0.548,0.4016,0.141
C004876,2024-05-19,Mobile App,Mobile App,Marmara,35-44,Gold,1,At Risk,2025-08-12,1.065,0.501,0.4689,0.6318
C004877,2024-07-20,Web,Web,Marmara,25-34,Silver,1,Deal Seeker,,0.983,0.6274,0.9344,0.2723
C004878,2022-04-10,Store,Store,Aegean,45-54,Platinum,1,High Value Loyal,,1.7052,0.8249,0.1002,0.1629
C004879,2023-02-12,Web,Web,Central Anatolia,25-34,Silver,1,At Risk,2023-05-13,1.128,0.3826,0.3122,0.4994
C004880,2024-05-17,Store,Store,Central Anatolia,25-34,Silver,1,Growth,,1.056,0.7232,0.2993,0.1032
C004881,2025-01-10,Mobile App,Mobile App,Mediterranean,25-34,Silver,1,Deal Seeker,,0.8492,0.5269,0.6981,0.2244
C004882,2025-04-25,Store,Store,Mediterranean,25-34,Gold,1,At Risk,,0.7693,0.2105,0.343,0.4051
C004883,2025-03-13,Marketplace,Marketplace,Marmara,35-44,Gold,1,High Value Loyal,,1.6954,0.9628,0.1493,0.1467
C004884,2022-06-26,Web,Web,Aegean,18-24,Silver,1,Growth,,1.0786,0.7399,0.4633,0.239
C004885,2023-02-04,Store,Store,Southeastern Anatolia,18-24,Bronze,1,Deal Seeker,2024-01-30,0.7429,0.6142,0.8929,0.1926
C004886,2023-11-08,Mobile App,Mobile App,Mediterranean,25-34,Platinum,1,High Value Loyal,,2.0481,0.7631,0.2149,0.0261
C004887,2025-10-12,Web,Web,Marmara,45-54,Bronze,0,One-time,,0.7364,0.2472,0.6688,0.4185
C004888,2023-10-22,Marketplace,Marketplace,Mediterranean,25-34,Silver,1,At Risk,2024-07-18,0.9502,0.3732,0.614,0.5313
C004889,2024-01-19,Marketplace,Marketplace,Aegean,35-44,Bronze,1,Deal Seeker,2025-05-13,0.9779,0.5941,0.9114,0.2915
C004890,2022-11-07,Web,Web,Marmara,35-44,Silver,1,Routine,2024-08-28,0.7169,0.4844,0.4684,0.2952
C004891,2023-02-15,Store,Store,Marmara,35-44,Gold,1,Growth,2025-09-02,1.256,0.8475,0.2944,0.1662
C004892,2024-12-21,Web,Web,Marmara,25-34,Bronze,1,One-time,2025-05-20,0.8298,0.3285,0.6467,0.26
C004893,2025-01-05,Mobile App,Mobile App,Southeastern Anatolia,25-34,Silver,1,Routine,,0.6862,0.5131,0.3883,0.1509
C004894,2022-02-21,Mobile App,Mobile App,Central Anatolia,35-44,Bronze,1,Deal Seeker,2022-09-19,1.2778,0.6696,0.7489,0.3075
C004895,2024-05-07,Web,Web,Marmara,25-34,Gold,1,Growth,,1.3156,0.5668,0.1587,0.2677
C004896,2022-11-21,Marketplace,Marketplace,Marmara,45-54,Gold,1,Growth,2022-12-21,1.3899,0.6906,0.3924,0.2093
C004897,2023-02-20,Marketplace,Marketplace,Eastern Anatolia,45-54,Silver,1,Routine,,0.8936,0.4999,0.2922,0.1934
C004898,2025-12-02,Web,Web,Marmara,25-34,Silver,1,Growth,,1.2949,0.7158,0.4074,0.1943
C004899,2025-02-08,Marketplace,Marketplace,Southeastern Anatolia,35-44,Bronze,1,Routine,,1.1787,0.5394,0.4028,0.1891
C004900,2024-03-09,Web,Web,Marmara,35-44,Gold,0,Growth,,1.1983,0.5823,0.3035,0.1159
C004901,2022-07-18,Mobile App,Mobile App,Central Anatolia,25-34,Gold,0,At Risk,,0.9016,0.4852,0.5048,0.5013
C004902,2024-07-25,Web,Web,Marmara,25-34,Bronze,1,Deal Seeker,,1.0835,0.6661,0.7019,0.2587
C004903,2023-10-13,Web,Web,Marmara,55+,Silver,1,Deal Seeker,,1.1264,0.6576,0.879,0.1522
C004904,2023-11-04,Web,Web,Mediterranean,45-54,Silver,1,Routine,2025-03-28,0.7246,0.6026,0.3505,0.2915
C004905,2024-01-19,Store,Store,Marmara,35-44,Silver,1,Growth,,1.2388,0.6179,0.4763,0.1185
C004906,2022-12-06,Mobile App,Mobile App,Marmara,25-34,Gold,1,High Value Loyal,2023-03-06,2.1645,0.8968,0.1908,0.0891
C004907,2025-04-20,Web,Web,Black Sea,25-34,Bronze,1,Routine,,0.7596,0.6209,0.2286,0.1615
C004908,2025-07-06,Mobile App,Mobile App,Marmara,25-34,Bronze,1,Routine,,0.6702,0.5736,0.4701,0.1862
C004909,2023-10-22,Marketplace,Marketplace,Aegean,25-34,Gold,1,Growth,2025-10-11,1.026,0.7399,0.3917,0.1634
C004910,2023-01-04,Store,Store,Southeastern Anatolia,25-34,Silver,1,Routine,2024-04-28,0.8728,0.5815,0.3168,0.1623
C004911,2023-10-02,Web,Web,Black Sea,45-54,Bronze,1,Deal Seeker,2024-06-28,0.8465,0.5947,0.7017,0.2971
C004912,2023-02-02,Store,Store,Marmara,35-44,Silver,1,Routine,2025-09-19,0.9429,0.5565,0.3774,0.1592
C004913,2025-06-23,Store,Store,Central Anatolia,18-24,Silver,1,At Risk,,0.9774,0.3534,0.3799,0.4585
C004914,2024-06-01,Mobile App,Mobile App,Aegean,25-34,Gold,1,High Value Loyal,,1.6815,0.8778,0.3177,0.1388
C004915,2025-08-26,Marketplace,Marketplace,Mediterranean,35-44,Bronze,1,One-time,2025-12-24,0.9027,0.2893,0.5273,0.4672
C004916,2024-08-13,Web,Web,Marmara,25-34,Gold,1,At Risk,2024-10-12,1.2888,0.4096,0.3794,0.442
C004917,2025-12-12,Web,Web,Black Sea,25-34,Platinum,1,High Value Loyal,,1.3817,0.8678,0.2252,0.02
C004918,2024-10-17,Mobile App,Mobile App,Mediterranean,35-44,Bronze,1,Routine,,1.0324,0.6092,0.3868,0.1996
C004919,2025-05-14,Web,Web,Central Anatolia,18-24,Silver,1,Growth,,1.1916,0.7503,0.2634,0.0726
C004920,2022-03-13,Mobile App,Mobile App,Marmara,45-54,Silver,1,Routine,2024-09-28,0.7901,0.5027,0.433,0.135
C004921,2024-05-21,Mobile App,Mobile App,Aegean,35-44,Bronze,1,One-time,2024-10-18,0.7821,0.1762,0.6598,0.3195
C004922,2022-12-05,Store,Store,Aegean,25-34,Gold,0,High Value Loyal,,1.6105,0.8102,0.1385,0.1332
C004923,2025-05-04,Mobile App,Mobile App,Mediterranean,25-34,Bronze,0,Routine,,0.8265,0.5986,0.3698,0.3272
C004924,2025-01-22,Marketplace,Marketplace,Central Anatolia,45-54,Silver,1,Growth,2025-02-21,1.1835,0.6475,0.3687,0.1437
C004925,2025-01-18,Marketplace,Marketplace,Mediterranean,18-24,Silver,1,At Risk,,1.2183,0.2919,0.5649,0.4319
C004926,2025-10-08,Web,Web,Marmara,18-24,Gold,1,Growth,,1.1417,0.6431,0.3663,0.2628
C004927,2023-11-13,Store,Store,Aegean,25-34,Silver,1,Routine,,0.935,0.4988,0.5006,0.1711
C004928,2024-06-20,Mobile App,Mobile App,Marmara,35-44,Bronze,1,Routine,2025-12-12,0.7873,0.6177,0.264,0.1743
C004929,2023-06-08,Mobile App,Mobile App,Central Anatolia,18-24,Bronze,1,Routine,2025-05-28,0.7028,0.5064,0.3521,0.1512
C004930,2025-01-04,Mobile App,Mobile App,Marmara,25-34,Gold,1,Growth,,1.1053,0.7491,0.342,0.1669
C004931,2023-05-17,Web,Web,Marmara,35-44,Bronze,1,Deal Seeker,2024-06-10,1.4482,0.6942,0.6658,0.3696
C004932,2025-07-22,Marketplace,Marketplace,Marmara,45-54,Silver,0,Growth,,1.3554,0.6824,0.2286,0.0375
C004933,2023-04-22,Mobile App,Mobile App,Marmara,25-34,Silver,1,Growth,,0.9629,0.7168,0.3004,0.1363
C004934,2024-08-22,Marketplace,Marketplace,Aegean,45-54,Bronze,1,Deal Seeker,,0.9887,0.6171,0.6279,0.2274
C004935,2025-01-01,Mobile App,Mobile App,Marmara,55+,Silver,1,At Risk,2025-04-01,1.219,0.3441,0.3723,0.5033
C004936,2024-10-15,Mobile App,Mobile App,Southeastern Anatolia,35-44,Gold,1,Growth,,1.4944,0.784,0.5892,0.1407
C004937,2023-04-05,Web,Web,Central Anatolia,18-24,Platinum,1,High Value Loyal,,1.9981,0.786,0.2661,0.0439
C004938,2023-05-18,Web,Web,Marmara,45-54,Silver,1,Growth,2023-08-16,1.3814,0.7846,0.4187,0.1179
C004939,2024-05-18,Web,Web,Marmara,18-24,Bronze,1,Deal Seeker,,1.1461,0.7435,0.7888,0.3648
C004940,2022-12-11,Web,Web,Aegean,25-34,Gold,1,Growth,,1.1583,0.7237,0.4561,0.245
C004941,2024-10-07,Web,Web,Central Anatolia,35-44,Silver,1,Deal Seeker,2025-12-31,0.7832,0.6601,0.9678,0.2457
C004942,2025-06-08,Web,Web,Marmara,45-54,Gold,1,Growth,,1.3647,0.77,0.3459,0.2291
C004943,2024-11-08,Mobile App,Mobile App,Aegean,45-54,Bronze,1,Routine,,0.7003,0.4001,0.3844,0.1749
C004944,2022-12-21,Marketplace,Marketplace,Mediterranean,35-44,Bronze,1,Deal Seeker,2023-01-20,0.8778,0.6212,0.8104,0.2418
C004945,2023-08-24,Store,Store,Marmara,25-34,Gold,1,High Value Loyal,2025-07-14,1.9742,0.8477,0.1807,0.1773
C004946,2022-12-23,Web,Web,Marmara,25-34,Gold,1,High Value Loyal,,1.8516,0.9394,0.2023,0.1433
C004947,2025-06-26,Mobile App,Mobile App,Marmara,55+,Bronze,1,Routine,,0.7918,0.4812,0.2634,0.1526
C004948,2024-04-09,Web,Web,Marmara,35-44,Silver,1,Routine,2025-02-03,0.876,0.464,0.5698,0.3664
C004949,2023-02-23,Web,Web,Central Anatolia,35-44,Bronze,1,Routine,2024-07-17,0.8051,0.3765,0.3151,0.2116
C004950,2024-09-08,Mobile App,Mobile App,Central Anatolia,25-34,Gold,1,High Value Loyal,,1.6539,0.8389,0.0945,0.0872
C004951,2024-10-09,Marketplace,Marketplace,Mediterranean,35-44,Platinum,1,High Value Loyal,,1.6754,0.9123,0.1564,0.02
C004952,2023-12-24,Marketplace,Marketplace,Central Anatolia,25-34,Silver,0,Growth,,1.0076,0.7505,0.3844,0.2045
C004953,2023-11-16,Marketplace,Marketplace,Marmara,35-44,Platinum,1,High Value Loyal,,1.9573,0.7657,0.3256,0.1464
C004954,2025-03-23,Marketplace,Marketplace,Aegean,45-54,Bronze,1,Routine,2025-04-22,0.6272,0.5696,0.4545,0.1957
C004955,2025-03-07,Marketplace,Marketplace,Aegean,25-34,Bronze,1,Deal Seeker,,0.927,0.5821,0.5907,0.2965
C004956,2024-11-22,Marketplace,Marketplace,Southeastern Anatolia,18-24,Bronze,1,Routine,2025-03-22,0.7972,0.667,0.3272,0.0636
C004957,2024-06-12,Web,Web,Black Sea,25-34,Gold,1,Growth,,0.8385,0.7043,0.4477,0.0871
C004958,2022-10-18,Web,Web,Eastern Anatolia,35-44,Platinum,1,High Value Loyal,,1.9152,0.9115,0.1732,0.1259
C004959,2023-11-25,Web,Web,Eastern Anatolia,18-24,Bronze,1,Routine,2024-10-20,1.1372,0.5267,0.412,0.2377
C004960,2024-04-24,Mobile App,Mobile App,Central Anatolia,18-24,Bronze,1,Routine,2025-05-19,1.0356,0.5416,0.4021,0.3374
C004961,2025-06-01,Mobile App,Mobile App,Aegean,18-24,Silver,1,At Risk,2025-08-30,1.2336,0.364,0.5421,0.4587
C004962,2022-11-06,Mobile App,Mobile App,Aegean,35-44,Gold,1,Growth,,1.4995,0.7935,0.34,0.1801
C004963,2025-09-14,Marketplace,Marketplace,Marmara,25-34,Bronze,1,Deal Seeker,,0.7849,0.5747,0.7508,0.1607
C004964,2025-01-13,Marketplace,Marketplace,Marmara,25-34,Silver,1,At Risk,,1.1609,0.4052,0.5606,0.3895
C004965,2024-06-14,Web,Web,Black Sea,18-24,Bronze,1,Routine,,0.597,0.6322,0.4174,0.0709
C004966,2025-05-18,Store,Store,Central Anatolia,25-34,Silver,1,Growth,,1.5193,0.6882,0.5302,0.2175
C004967,2023-06-04,Store,Store,Aegean,45-54,Silver,1,Deal Seeker,,0.6496,0.5579,0.8439,0.2571
C004968,2023-12-11,Marketplace,Marketplace,Central Anatolia,25-34,Gold,1,Growth,2024-04-09,1.2038,0.754,0.3568,0.2533
C004969,2023-12-23,Mobile App,Mobile App,Mediterranean,25-34,Silver,1,Growth,2024-03-22,1.0658,0.7096,0.3959,0.1649
C004970,2023-08-21,Mobile App,Mobile App,Aegean,18-24,Platinum,1,High Value Loyal,,1.9864,0.8331,0.2579,0.0575
C004971,2025-04-17,Marketplace,Marketplace,Marmara,35-44,Bronze,0,One-time,2025-05-17,0.8563,0.2964,0.6167,0.3927
C004972,2022-07-10,Mobile App,Mobile App,Central Anatolia,25-34,Silver,1,Routine,,0.9027,0.5474,0.3853,0.2326
C004973,2024-09-04,Mobile App,Mobile App,Mediterranean,25-34,Silver,1,Routine,,1.0867,0.5559,0.3458,0.0949
C004974,2024-08-14,Web,Web,Eastern Anatolia,35-44,Silver,1,Growth,,1.1672,0.724,0.2651,0.2036
C004975,2023-12-01,Mobile App,Mobile App,Central Anatolia,18-24,Silver,1,Deal Seeker,,0.9501,0.6583,0.7051,0.1392
C004976,2022-05-02,Marketplace,Marketplace,Black Sea,18-24,Gold,1,At Risk,2022-12-28,1.6075,0.2441,0.5638,0.3468
C004977,2023-07-11,Mobile App,Mobile App,Aegean,25-34,Silver,1,Deal Seeker,2023-08-10,0.7846,0.632,0.7067,0.1362
C004978,2023-09-01,Mobile App,Mobile App,Southeastern Anatolia,45-54,Gold,1,High Value Loyal,,1.5799,0.8269,0.2366,0.0398
C004979,2024-03-03,Mobile App,Mobile App,Marmara,45-54,Bronze,0,Deal Seeker,,0.9818,0.6072,0.6752,0.2275
C004980,2025-02-02,Web,Web,Marmara,35-44,Silver,1,Routine,,0.9069,0.6451,0.3374,0.1873
C004981,2024-01-14,Store,Store,Marmara,25-34,Gold,1,Growth,,1.5752,0.6784,0.5003,0.1862
C004982,2025-12-15,Marketplace,Marketplace,Aegean,45-54,Silver,1,Deal Seeker,,0.9795,0.5881,0.7826,0.1588
C004983,2024-02-24,Marketplace,Marketplace,Mediterranean,35-44,Platinum,1,High Value Loyal,,2.1915,0.7307,0.3672,0.1165
C004984,2025-01-08,Store,Store,Central Anatolia,25-34,Bronze,1,Routine,2025-09-05,0.8529,0.6039,0.4113,0.1833
C004985,2022-10-10,Web,Web,Aegean,35-44,Silver,0,At Risk,2023-05-08,1.4689,0.3552,0.3321,0.423
C004986,2023-04-06,Web,Web,Marmara,25-34,Bronze,1,One-time,2023-05-06,0.8811,0.3106,0.6635,0.3914
C004987,2024-05-05,Store,Store,Central Anatolia,45-54,Bronze,1,Routine,2025-04-30,0.9459,0.5733,0.4179,0.1594
C004988,2024-07-09,Mobile App,Mobile App,Marmara,35-44,Bronze,1,One-time,2025-05-05,1.1596,0.1663,0.5499,0.4191
C004989,2025-04-26,Web,Web,Marmara,25-34,Bronze,1,Routine,,0.7634,0.4827,0.4284,0.1184
C004990,2024-11-14,Mobile App,Mobile App,Marmara,45-54,Platinum,1,High Value Loyal,,2.051,0.8923,0.1099,0.0959
C004991,2025-03-18,Web,Web,Aegean,18-24,Bronze,1,Routine,,0.9307,0.4063,0.5298,0.1501
C004992,2022-02-23,Mobile App,Mobile App,Mediterranean,25-34,Silver,1,Routine,,0.9248,0.5322,0.2293,0.2467
C004993,2024-03-15,Mobile App,Mobile App,Marmara,35-44,Silver,1,Deal Seeker,2024-05-14,0.7185,0.6352,0.7059,0.2268
C004994,2024-11-06,Store,Store,Marmara,18-24,Gold,1,Growth,,1.3225,0.5937,0.1981,0.2669
C004995,2025-05-12,Mobile App,Mobile App,Marmara,35-44,Gold,1,At Risk,,1.2422,0.4168,0.5229,0.5898
C004996,2023-02-14,Mobile App,Mobile App,Marmara,25-34,Bronze,1,Routine,,0.6684,0.4822,0.3088,0.1131
C004997,2024-07-01,Mobile App,Mobile App,Central Anatolia,55+,Bronze,1,Routine,,0.9698,0.5161,0.2689,0.2145
C004998,2025-04-26,Web,Web,Mediterranean,18-24,Gold,1,High Value Loyal,2025-06-25,1.8036,0.7987,0.0554,0.1796
C004999,2022-07-06,Web,Web,Central Anatolia,35-44,Gold,1,High Value Loyal,,2.2906,0.8655,0.0759,0.0691
C005000,2023-11-19,Web,Web,Marmara,45-54,Silver,1,Growth,2025-02-11,1.1902,0.7662,0.3972,0.2328
C005001,2024-01-01,Mobile App,Mobile App,Central Anatolia,18-24,Bronze,1,Deal Seeker,2024-08-28,0.9756,0.6376,0.8479,0.2299
C005002,2024-09-23,Marketplace,Marketplace,Southeastern Anatolia,35-44,Bronze,0,Routine,,0.7574,0.593,0.4298,0.2763
C005003,2024-08-05,Marketplace,Marketplace,Mediterranean,18-24,Bronze,1,One-time,2024-09-04,0.8315,0.1302,0.6695,0.3705
C005004,2024-11-01,Mobile App,Mobile App,Marmara,35-44,Gold,1,High Value Loyal,,2.5254,0.9075,0.2376,0.0241
C005005,2024-08-16,Marketplace,Marketplace,Eastern Anatolia,25-34,Silver,1,Growth,,1.1368,0.7558,0.3335,0.2217
C005006,2025-06-11,Store,Store,Marmara,45-54,Gold,1,High Value Loyal,,2.0301,0.7947,0.3323,0.02
C005007,2022-10-05,Marketplace,Marketplace,Marmara,45-54,Bronze,1,Deal Seeker,2025-06-21,0.8375,0.6906,0.9181,0.1991
C005008,2025-12-10,Marketplace,Marketplace,Mediterranean,25-34,Silver,0,Routine,,0.8465,0.6109,0.2773,0.2772
C005009,2024-11-15,Marketplace,Marketplace,Mediterranean,35-44,Gold,1,High Value Loyal,,2.1773,0.893,0.2403,0.0715
C005010,2024-04-19,Web,Web,Central Anatolia,35-44,Silver,1,At Risk,2025-08-12,1.2634,0.4206,0.4767,0.4524
C005011,2025-08-13,Web,Web,Central Anatolia,35-44,Bronze,1,Routine,,0.7333,0.5234,0.1312,0.0969
C005012,2023-06-09,Mobile App,Mobile App,Marmara,18-24,Gold,1,At Risk,2023-07-09,1.1456,0.4659,0.5638,0.3576
C005013,2025-04-25,Web,Web,Marmara,25-34,Silver,1,Routine,,0.8834,0.622,0.2185,0.131
C005014,2024-04-13,Web,Web,Mediterranean,18-24,Gold,1,Growth,,1.4363,0.6208,0.336,0.1883
C005015,2024-04-05,Web,Web,Mediterranean,25-34,Silver,1,At Risk,,0.7379,0.3563,0.4607,0.5127
C005016,2022-10-14,Marketplace,Marketplace,Aegean,18-24,Platinum,1,High Value Loyal,,2.034,0.7825,0.1906,0.0225
C005017,2022-11-04,Marketplace,Marketplace,Southeastern Anatolia,18-24,Bronze,1,Routine,,0.789,0.5816,0.3495,0.1699
C005018,2025-03-16,Marketplace,Marketplace,Marmara,25-34,Gold,1,High Value Loyal,,2.3628,0.7149,0.2155,0.1648
C005019,2025-11-26,Mobile App,Mobile App,Marmara,18-24,Bronze,1,Routine,,1.2723,0.4236,0.3942,0.2546
C005020,2022-08-02,Mobile App,Mobile App,Central Anatolia,35-44,Bronze,1,One-time,2022-09-01,0.7267,0.2243,0.6239,0.2849
C005021,2024-02-20,Mobile App,Mobile App,Aegean,55+,Gold,1,High Value Loyal,,1.8058,0.8248,0.0565,0.1911
C005022,2024-07-12,Mobile App,Mobile App,Marmara,55+,Bronze,0,Routine,,0.7293,0.4291,0.374,0.1319
C005023,2022-09-21,Web,Web,Central Anatolia,35-44,Platinum,1,High Value Loyal,2025-09-05,2.2025,0.8862,0.3083,0.1051
C005024,2024-01-02,Web,Web,Marmara,18-24,Gold,1,High Value Loyal,,2.0488,0.7813,0.2696,0.0687
C005025,2024-12-08,Marketplace,Marketplace,Mediterranean,25-34,Silver,1,Growth,2025-02-06,1.3879,0.6502,0.146,0.2172
C005026,2023-06-13,Store,Store,Mediterranean,25-34,Silver,1,Routine,,0.6701,0.6534,0.3282,0.1952
C005027,2024-12-01,Store,Store,Marmara,25-34,Silver,0,Routine,,0.8093,0.5442,0.474,0.2252
C005028,2023-09-13,Mobile App,Mobile App,Marmara,25-34,Bronze,1,One-time,2023-10-13,0.8419,0.1656,0.5818,0.4486
C005029,2025-12-08,Marketplace,Marketplace,Mediterranean,45-54,Silver,1,At Risk,,1.1001,0.3162,0.447,0.456
C005030,2023-09-05,Web,Web,Black Sea,35-44,Silver,1,Routine,2024-02-02,0.5674,0.5174,0.3572,0.1394
C005031,2025-12-09,Mobile App,Mobile App,Mediterranean,45-54,Silver,1,Routine,,0.6959,0.5103,0.4364,0.2653
C005032,2024-03-02,Web,Web,Marmara,35-44,Gold,0,High Value Loyal,,1.5499,0.8791,0.0725,0.1671
C005033,2024-09-25,Mobile App,Mobile App,Central Anatolia,35-44,Gold,1,High Value Loyal,,1.9692,0.8635,0.2015,0.0878
C005034,2023-05-16,Mobile App,Mobile App,Aegean,18-24,Gold,1,High Value Loyal,,2.0782,0.9411,0.0715,0.0567
C005035,2025-08-23,Store,Store,Central Anatolia,45-54,Bronze,1,One-time,,0.6694,0.2018,0.6128,0.3694
C005036,2024-08-12,Web,Web,Marmara,18-24,Silver,1,Routine,2025-06-08,0.7289,0.4949,0.3287,0.1477
C005037,2023-01-03,Store,Store,Marmara,35-44,Bronze,1,Deal Seeker,2023-03-04,0.9583,0.5531,0.7265,0.1874
C005038,2025-12-26,Store,Store,Marmara,45-54,Silver,1,Routine,,0.9502,0.4996,0.4502,0.2315
C005039,2022-07-17,Marketplace,Marketplace,Marmara,35-44,Bronze,1,Routine,2023-01-13,0.8586,0.5092,0.266,0.1674
C005040,2022-07-15,Marketplace,Marketplace,Central Anatolia,55+,Bronze,1,Routine,2023-07-10,0.7113,0.5473,0.2921,0.1648
C005041,2022-06-01,Marketplace,Marketplace,Central Anatolia,35-44,Bronze,1,Deal Seeker,2022-07-31,1.1938,0.4788,0.8067,0.286
C005042,2025-10-11,Web,Web,Marmara,35-44,Silver,1,Growth,,1.4429,0.7499,0.3847,0.1748
C005043,2024-05-03,Web,Web,Marmara,45-54,Silver,1,Growth,,1.2267,0.7875,0.3403,0.1903
C005044,2025-06-10,Web,Web,Black Sea,45-54,Bronze,1,One-time,,0.7224,0.2097,0.6109,0.3594
C005045,2022-09-24,Web,Web,Central Anatolia,25-34,Gold,1,High Value Loyal,2024-05-16,1.5729,0.9339,0.2814,0.1376
C005046,2025-12-02,Store,Store,Marmara,25-34,Silver,0,Growth,,1.4321,0.7251,0.2888,0.2449
C005047,2025-04-14,Marketplace,Marketplace,Mediterranean,45-54,Silver,1,At Risk,,1.1399,0.2232,0.474,0.4615
C005048,2024-03-08,Web,Web,Aegean,45-54,Silver,1,Routine,,0.5759,0.4755,0.5798,0.242
C005049,2023-09-19,Store,Store,Black Sea,35-44,Silver,1,Deal Seeker,,0.9111,0.5696,0.9796,0.3101
C005050,2024-06-19,Store,Store,Mediterranean,45-54,Silver,1,Routine,2025-01-15,0.6984,0.5594,0.4291,0.1809
C005051,2025-09-10,Mobile App,Mobile App,Central Anatolia,18-24,Gold,1,Growth,,1.4582,0.7221,0.3304,0.1616
C005052,2024-08-14,Mobile App,Mobile App,Black Sea,45-54,Silver,1,Routine,,1.1878,0.3531,0.4185,0.2563
C005053,2025-02-24,Marketplace,Marketplace,Mediterranean,45-54,Gold,1,High Value Loyal,,1.8521,0.8754,0.185,0.21
C005054,2025-11-24,Web,Web,Mediterranean,35-44,Platinum,1,High Value Loyal,,2.1993,0.8747,0.2067,0.101
C005055,2024-02-16,Store,Store,Aegean,55+,Bronze,1,Routine,,0.8626,0.522,0.5155,0.2255
C005056,2023-05-23,Marketplace,Marketplace,Central Anatolia,25-34,Platinum,1,High Value Loyal,,1.223,0.8915,0.164,0.1578
C005057,2025-05-18,Marketplace,Marketplace,Marmara,35-44,Bronze,1,Routine,,0.8249,0.5603,0.3671,0.2266
C005058,2023-12-23,Marketplace,Marketplace,Marmara,25-34,Platinum,1,High Value Loyal,,1.6697,0.8396,0.3025,0.1954
C005059,2022-11-08,Marketplace,Marketplace,Eastern Anatolia,18-24,Bronze,0,Deal Seeker,2024-04-01,0.8472,0.6372,0.7184,0.1328
C005060,2024-06-12,Mobile App,Mobile App,Aegean,55+,Bronze,1,One-time,2024-07-12,0.9381,0.057,0.4475,0.3513
C005061,2024-03-24,Mobile App,Mobile App,Marmara,35-44,Silver,0,At Risk,2025-06-17,1.1276,0.413,0.3463,0.3823
C005062,2025-03-06,Web,Web,Aegean,35-44,Bronze,1,Routine,2025-11-01,0.9263,0.4462,0.3865,0.206
C005063,2024-03-02,Web,Web,Marmara,35-44,Bronze,0,One-time,2024-09-28,0.7322,0.2426,0.745,0.2588
C005064,2022-05-23,Web,Web,Eastern Anatolia,25-34,Bronze,1,Routine,,0.7238,0.4356,0.3599,0.1904
C005065,2024-09-02,Mobile App,Mobile App,Central Anatolia,45-54,Silver,1,Routine,2025-04-30,1.2543,0.591,0.3866,0.2001
C005066,2025-12-10,Marketplace,Marketplace,Marmara,25-34,Gold,1,At Risk,,0.9148,0.3812,0.4058,0.3977
C005067,2023-02-10,Web,Web,Eastern Anatolia,25-34,Bronze,1,Deal Seeker,2025-01-30,0.9662,0.4967,0.98,0.2921
C005068,2025-08-16,Store,Store,Aegean,45-54,Bronze,1,One-time,2025-09-15,0.6302,0.1105,0.7519,0.2668
C005069,2023-11-03,Mobile App,Mobile App,Central Anatolia,25-34,Silver,1,Growth,2024-04-01,0.9011,0.6372,0.4488,0.2655
C005070,2022-01-21,Marketplace,Marketplace,Mediterranean,18-24,Gold,1,Growth,2024-03-11,0.8867,0.5492,0.3264,0.1989
C005071,2022-05-19,Store,Store,Central Anatolia,18-24,Bronze,1,Routine,2025-02-02,0.7417,0.6076,0.5278,0.21
C005072,2024-08-23,Store,Store,Marmara,45-54,Silver,1,Deal Seeker,,0.9167,0.6393,0.7472,0.2611
C005073,2024-10-22,Mobile App,Mobile App,Central Anatolia,18-24,Bronze,0,One-time,2025-03-21,0.7376,0.2394,0.5952,0.339
C005074,2024-10-17,Mobile App,Mobile App,Marmara,25-34,Platinum,1,High Value Loyal,,1.4988,0.807,0.2208,0.1239
C005075,2025-09-14,Mobile App,Mobile App,Central Anatolia,25-34,Silver,1,At Risk,,1.3072,0.3873,0.3723,0.4536
C005076,2024-12-23,Marketplace,Marketplace,Mediterranean,25-34,Bronze,1,Routine,2025-01-22,1.0377,0.4934,0.3158,0.289
C005077,2023-03-25,Web,Web,Mediterranean,45-54,Bronze,1,Deal Seeker,2025-06-12,1.1128,0.5094,0.84,0.1386
C005078,2023-11-18,Marketplace,Marketplace,Aegean,25-34,Gold,1,Growth,,1.5157,0.6767,0.3451,0.2252
C005079,2023-11-08,Store,Store,Marmara,35-44,Gold,1,Growth,2024-09-03,1.0789,0.6597,0.2888,0.1922
C005080,2024-01-24,Mobile App,Mobile App,Marmara,45-54,Silver,1,At Risk,,0.8889,0.2032,0.4088,0.4195
C005081,2025-03-18,Marketplace,Marketplace,Aegean,45-54,Bronze,1,Routine,,0.8317,0.5649,0.5444,0.166
C005082,2024-02-17,Store,Store,Southeastern Anatolia,25-34,Silver,0,Deal Seeker,2024-12-13,1.2312,0.5341,0.7963,0.2466
C005083,2023-09-14,Store,Store,Marmara,35-44,Bronze,1,One-time,2024-02-11,0.8211,0.2093,0.7091,0.2996
C005084,2024-11-24,Mobile App,Mobile App,Central Anatolia,45-54,Bronze,1,One-time,2025-02-22,0.7069,0.2643,0.6767,0.3257
C005085,2025-03-01,Marketplace,Marketplace,Marmara,25-34,Bronze,1,Routine,2025-03-31,0.6586,0.3993,0.5026,0.2029
C005086,2025-06-11,Web,Web,Aegean,35-44,Bronze,1,Deal Seeker,,1.2025,0.6392,0.6541,0.178
C005087,2023-11-25,Web,Web,Marmara,35-44,Bronze,1,Routine,,0.6926,0.6083,0.2847,0.2019
C005088,2025-09-11,Mobile App,Mobile App,Aegean,45-54,Bronze,1,Routine,,0.7649,0.5329,0.3417,0.0996
C005089,2025-06-08,Marketplace,Marketplace,Aegean,25-34,Bronze,1,One-time,2025-08-07,0.6454,0.2521,0.7335,0.2764
C005090,2022-01-12,Mobile App,Mobile App,Aegean,25-34,Bronze,1,One-time,2022-02-11,1.0046,0.2456,0.8444,0.2846
C005091,2024-07-05,Mobile App,Mobile App,Southeastern Anatolia,18-24,Gold,1,High Value Loyal,,2.4832,0.8058,0.1929,0.1152
C005092,2024-04-08,Store,Store,Central Anatolia,25-34,Bronze,1,Routine,,0.8004,0.4879,0.254,0.161
C005093,2022-04-12,Store,Store,Marmara,55+,Bronze,0,One-time,2022-08-10,0.5568,0.2908,0.7854,0.3871
C005094,2024-04-15,Web,Web,Black Sea,25-34,Silver,0,Deal Seeker,,0.8911,0.5165,0.6856,0.1742
C005095,2023-12-08,Marketplace,Marketplace,Central Anatolia,18-24,Silver,0,Growth,,1.1704,0.6864,0.2735,0.1956
C005096,2025-03-13,Marketplace,Marketplace,Aegean,45-54,Bronze,1,Routine,,0.8914,0.497,0.337,0.2147
C005097,2024-11-08,Marketplace,Marketplace,Central Anatolia,55+,Bronze,1,Deal Seeker,,1.1747,0.6911,0.8422,0.2103
C005098,2025-12-14,Mobile App,Mobile App,Eastern Anatolia,55+,Silver,1,Routine,,0.6007,0.5341,0.3028,0.0552
C005099,2023-12-05,Marketplace,Marketplace,Black Sea,35-44,Platinum,0,High Value Loyal,2024-01-04,1.9496,0.8735,0.2557,0.02
C005100,2023-12-19,Mobile App,Mobile App,Marmara,35-44,Silver,1,At Risk,,0.9638,0.2621,0.6059,0.447
C005101,2024-11-04,Store,Store,Marmara,25-34,Platinum,0,High Value Loyal,,1.5792,0.7538,0.2055,0.1802
C005102,2024-08-04,Mobile App,Mobile App,Marmara,35-44,Silver,1,Deal Seeker,,1.0313,0.6553,0.8834,0.2171
C005103,2023-12-20,Store,Store,Marmara,45-54,Gold,1,Growth,,1.0789,0.6038,0.2937,0.0296
C005104,2024-04-10,Marketplace,Marketplace,Southeastern Anatolia,25-34,Gold,1,Growth,2025-03-06,1.2107,0.67,0.3776,0.1878
C005105,2025-04-23,Mobile App,Mobile App,Central Anatolia,45-54,Bronze,1,Deal Seeker,2025-05-23,0.6139,0.5399,0.9516,0.31
C005106,2023-10-11,Marketplace,Marketplace,Marmara,35-44,Bronze,1,One-time,2024-02-08,0.752,0.2768,0.5792,0.2951
C005107,2025-12-04,Store,Store,Mediterranean,25-34,Bronze,1,Routine,,0.8403,0.5057,0.3046,0.188
C005108,2022-08-26,Web,Web,Southeastern Anatolia,18-24,Gold,1,High Value Loyal,,1.6077,0.7687,0.1997,0.02
C005109,2025-06-20,Web,Web,Marmara,35-44,Silver,1,Growth,,0.9634,0.6289,0.2401,0.1546
C005110,2023-09-18,Web,Web,Central Anatolia,25-34,Gold,1,Growth,,1.3722,0.6165,0.4355,0.0949
C005111,2025-12-23,Web,Web,Marmara,35-44,Bronze,1,Routine,,0.8156,0.4829,0.3938,0.2402
C005112,2024-01-24,Mobile App,Mobile App,Marmara,25-34,Bronze,0,Deal Seeker,2025-06-17,1.0448,0.757,0.8067,0.148
C005113,2025-05-21,Mobile App,Mobile App,Marmara,45-54,Gold,0,At Risk,,1.0663,0.4948,0.2832,0.4856
C005114,2023-09-25,Web,Web,Marmara,25-34,Platinum,1,High Value Loyal,,1.6451,0.8717,0.169,0.1867
C005115,2024-03-15,Mobile App,Mobile App,Marmara,45-54,Bronze,1,One-time,2024-05-14,0.5209,0.1901,0.6916,0.4494
C005116,2022-03-20,Store,Store,Marmara,55+,Silver,1,Routine,2022-04-19,0.7854,0.5438,0.4425,0.1276
C005117,2024-12-16,Marketplace,Marketplace,Marmara,18-24,Bronze,1,Routine,,0.9693,0.4956,0.4461,0.1832
C005118,2024-06-22,Mobile App,Mobile App,Marmara,35-44,Bronze,1,One-time,2024-09-20,0.7796,0.1075,0.7474,0.4192
C005119,2023-03-26,Store,Store,Mediterranean,25-34,Silver,1,Routine,,0.6893,0.5814,0.3067,0.0402
C005120,2023-09-09,Web,Web,Central Anatolia,25-34,Gold,1,Growth,2024-07-05,0.9856,0.6796,0.4342,0.2142
C005121,2024-11-09,Web,Web,Southeastern Anatolia,25-34,Gold,1,At Risk,,0.7699,0.2505,0.4778,0.4416
C005122,2022-10-16,Web,Web,Black Sea,25-34,Platinum,1,High Value Loyal,,1.7037,0.6836,0.1201,0.02
C005123,2023-06-03,Mobile App,Mobile App,Eastern Anatolia,45-54,Bronze,1,One-time,2023-09-01,0.6286,0.1525,0.7157,0.3668
C005124,2024-11-14,Web,Web,Aegean,35-44,Gold,0,High Value Loyal,,1.4537,0.7786,0.1449,0.1582
C005125,2023-05-25,Store,Store,Marmara,45-54,Platinum,1,High Value Loyal,,1.3787,0.722,0.1786,0.1204
C005126,2025-11-05,Marketplace,Marketplace,Aegean,45-54,Silver,1,At Risk,,0.9795,0.276,0.2648,0.5703
C005127,2024-04-15,Marketplace,Marketplace,Mediterranean,45-54,Silver,1,Routine,2024-05-15,0.8969,0.6001,0.4056,0.1496
C005128,2025-10-15,Mobile App,Mobile App,Marmara,25-34,Silver,1,Routine,,0.9262,0.5286,0.2535,0.174
C005129,2023-04-08,Store,Store,Marmara,45-54,Bronze,1,Routine,,0.6032,0.5436,0.309,0.1946
C005130,2023-04-20,Marketplace,Marketplace,Aegean,25-34,Silver,1,At Risk,2024-11-10,0.7452,0.3806,0.5154,0.4621
C005131,2023-04-08,Marketplace,Marketplace,Aegean,45-54,Bronze,1,Deal Seeker,2025-03-28,0.7868,0.5741,0.8251,0.1094
C005132,2024-12-18,Mobile App,Mobile App,Black Sea,35-44,Gold,1,Growth,,0.7902,0.6031,0.5192,0.1122
C005133,2024-07-03,Web,Web,Marmara,25-34,Gold,1,At Risk,2025-04-29,1.1531,0.36,0.4649,0.4508
C005134,2025-07-02,Marketplace,Marketplace,Southeastern Anatolia,25-34,Gold,1,Growth,,1.0589,0.8748,0.5538,0.1417
C005135,2025-10-04,Mobile App,Mobile App,Central Anatolia,25-34,Silver,1,Routine,,0.9973,0.5647,0.2238,0.2168
C005136,2024-05-23,Web,Web,Marmara,35-44,Gold,1,High Value Loyal,,2.3318,0.6645,0.1824,0.02
C005137,2023-05-22,Web,Web,Southeastern Anatolia,55+,Gold,1,High Value Loyal,,1.4205,0.806,0.1831,0.0476
C005138,2024-11-21,Web,Web,Southeastern Anatolia,45-54,Silver,1,At Risk,,1.3927,0.3151,0.363,0.4497
C005139,2025-11-04,Marketplace,Marketplace,Aegean,25-34,Gold,1,High Value Loyal,,2.0209,0.7217,0.1361,0.0826
C005140,2022-08-12,Mobile App,Mobile App,Eastern Anatolia,35-44,Gold,1,High Value Loyal,,1.5049,0.898,0.2664,0.1291
C005141,2023-12-11,Web,Web,Mediterranean,55+,Bronze,1,Routine,2025-02-03,0.9928,0.5125,0.3585,0.1492
C005142,2024-03-25,Store,Store,Marmara,35-44,Silver,0,Routine,2025-06-18,0.9624,0.5512,0.3901,0.02
C005143,2024-05-19,Store,Store,Central Anatolia,55+,Gold,1,Growth,2025-04-14,1.0912,0.9551,0.3648,0.1683
C005144,2024-01-14,Web,Web,Mediterranean,25-34,Silver,1,At Risk,,1.3204,0.2542,0.3112,0.5085
C005145,2023-01-21,Marketplace,Marketplace,Marmara,45-54,Silver,1,Routine,,0.656,0.4126,0.3839,0.1591
C005146,2024-04-23,Web,Web,Mediterranean,35-44,Silver,1,Routine,,1.1369,0.536,0.3488,0.1822
C005147,2025-06-22,Store,Store,Marmara,25-34,Bronze,1,One-time,,0.6564,0.1909,0.5924,0.3262
C005148,2025-11-14,Web,Web,Eastern Anatolia,25-34,Bronze,1,Deal Seeker,,0.8953,0.6702,0.8948,0.2812
C005149,2024-09-25,Mobile App,Mobile App,Marmara,18-24,Silver,1,Growth,,1.1392,0.8068,0.3457,0.164
C005150,2025-11-12,Mobile App,Mobile App,Marmara,25-34,Gold,1,Growth,,1.442,0.6564,0.2029,0.1846
C005151,2024-05-04,Web,Web,Central Anatolia,35-44,Gold,1,High Value Loyal,2024-11-30,2.0488,0.7694,0.239,0.1498
C005152,2023-07-11,Store,Store,Marmara,45-54,Silver,1,Growth,,0.8834,0.6641,0.4719,0.1677
C005153,2025-04-03,Marketplace,Marketplace,Black Sea,35-44,Silver,1,Routine,,0.745,0.4819,0.3542,0.2075
C005154,2023-05-21,Marketplace,Marketplace,Marmara,55+,Silver,1,Growth,,1.3658,0.7565,0.2682,0.1445
C005155,2022-02-19,Web,Web,Mediterranean,18-24,Silver,1,Deal Seeker,2025-12-30,1.1146,0.6114,0.6874,0.2322
C005156,2025-01-24,Mobile App,Mobile App,Mediterranean,35-44,Bronze,1,Routine,,0.7453,0.5432,0.2493,0.1721
C005157,2023-06-26,Mobile App,Mobile App,Southeastern Anatolia,35-44,Bronze,1,One-time,2023-07-26,0.7535,0.1541,0.6465,0.4376
C005158,2025-10-11,Store,Store,Mediterranean,35-44,Silver,1,Growth,,1.3926,0.6821,0.4741,0.2431
C005159,2023-04-20,Marketplace,Marketplace,Black Sea,35-44,Bronze,0,Routine,2025-02-08,0.8028,0.3934,0.2903,0.2177
C005160,2024-07-01,Mobile App,Mobile App,Mediterranean,25-34,Bronze,1,Deal Seeker,,0.8964,0.6594,0.7715,0.115
C005161,2023-06-16,Store,Store,Black Sea,55+,Bronze,0,One-time,2023-12-13,0.6841,0.2145,0.7696,0.3637
C005162,2023-03-11,Store,Store,Marmara,25-34,Gold,1,Growth,,1.533,0.632,0.3355,0.1968
C005163,2024-01-05,Store,Store,Marmara,18-24,Silver,1,Growth,2025-12-25,1.357,0.7276,0.3499,0.1829
C005164,2022-04-24,Mobile App,Mobile App,Marmara,18-24,Silver,1,At Risk,2022-08-22,1.3049,0.2476,0.4101,0.5246
C005165,2025-12-01,Mobile App,Mobile App,Marmara,25-34,Bronze,1,Deal Seeker,,0.904,0.4642,0.8513,0.2574
C005166,2024-04-19,Store,Store,Mediterranean,25-34,Bronze,1,Routine,2025-03-15,0.7967,0.493,0.2099,0.2599
C005167,2022-06-01,Mobile App,Mobile App,Central Anatolia,25-34,Bronze,1,One-time,2023-01-27,0.7553,0.2999,0.7803,0.3602
C005168,2023-05-11,Store,Store,Marmara,45-54,Silver,1,At Risk,2024-09-02,0.7678,0.3499,0.4744,0.5877
C005169,2024-03-09,Web,Web,Eastern Anatolia,25-34,Silver,1,Growth,2025-04-03,1.1406,0.6571,0.4541,0.2783
C005170,2024-07-23,Mobile App,Mobile App,Marmara,45-54,Silver,1,Growth,,1.2772,0.6262,0.3894,0.1213
C005171,2023-03-25,Store,Store,Aegean,45-54,Bronze,1,Routine,,0.9082,0.5775,0.2318,0.2111
C005172,2022-08-22,Marketplace,Marketplace,Marmara,35-44,Silver,0,Growth,,1.0869,0.5895,0.4143,0.1823
C005173,2023-01-26,Web,Web,Central Anatolia,25-34,Bronze,1,One-time,2023-02-25,0.7544,0.2617,0.6476,0.4533
C005174,2022-05-15,Marketplace,Marketplace,Mediterranean,35-44,Gold,1,At Risk,2022-10-12,1.3709,0.2469,0.5936,0.5815
C005175,2024-12-03,Web,Web,Eastern Anatolia,45-54,Bronze,1,Routine,,1.0053,0.6569,0.3414,0.1807
C005176,2023-07-06,Web,Web,Marmara,45-54,Bronze,1,Deal Seeker,2024-08-29,1.0773,0.7217,0.9611,0.1807
C005177,2023-01-11,Web,Web,Mediterranean,25-34,Silver,1,Deal Seeker,2025-05-30,1.0074,0.6162,0.879,0.0723
C005178,2025-12-01,Web,Web,Central Anatolia,35-44,Bronze,1,Routine,,1.0671,0.6107,0.467,0.1744
C005179,2025-11-19,Web,Web,Marmara,18-24,Silver,1,Routine,,0.6895,0.541,0.4956,0.2021
C005180,2023-08-05,Web,Web,Marmara,55+,Bronze,1,Routine,,0.8858,0.5764,0.4411,0.1611
C005181,2025-03-23,Store,Store,Marmara,35-44,Gold,1,Growth,,1.7831,0.7676,0.2846,0.0872
C005182,2023-09-13,Store,Store,Central Anatolia,25-34,Silver,0,At Risk,,0.9724,0.3427,0.5243,0.4189
C005183,2025-03-12,Web,Web,Marmara,25-34,Gold,1,Growth,,1.345,0.7606,0.4283,0.1805
C005184,2023-09-15,Marketplace,Marketplace,Eastern Anatolia,35-44,Silver,1,Growth,2025-03-08,1.1159,0.7935,0.3989,0.0467
C005185,2023-04-06,Store,Store,Marmara,25-34,Silver,1,Deal Seeker,,0.9253,0.5246,0.7541,0.2135
C005186,2025-04-22,Mobile App,Mobile App,Marmara,25-34,Bronze,1,Deal Seeker,,0.8974,0.5199,0.747,0.315
C005187,2025-11-14,Mobile App,Mobile App,Black Sea,45-54,Bronze,1,Routine,,1.1047,0.5468,0.3702,0.1491
C005188,2023-08-13,Mobile App,Mobile App,Aegean,35-44,Silver,1,Deal Seeker,2024-10-06,0.6583,0.6178,0.6857,0.376
C005189,2022-03-26,Store,Store,Southeastern Anatolia,25-34,Silver,0,Growth,2022-07-24,1.3252,0.7917,0.5241,0.1061
C005190,2022-01-24,Web,Web,Mediterranean,18-24,Bronze,1,Routine,2023-10-16,0.84,0.4846,0.2547,0.2174
C005191,2022-06-19,Marketplace,Marketplace,Marmara,45-54,Gold,1,High Value Loyal,2024-04-09,2.0567,0.8814,0.0861,0.1683
C005192,2023-12-10,Store,Store,Marmara,25-34,Bronze,1,Routine,2025-04-03,0.6873,0.3604,0.3184,0.2899
C005193,2025-11-03,Web,Web,Marmara,35-44,Silver,1,Routine,,0.7343,0.6347,0.4213,0.1996
C005194,2024-08-11,Web,Web,Marmara,45-54,Silver,1,Deal Seeker,,1.0176,0.5726,0.7351,0.2336
C005195,2025-04-07,Marketplace,Marketplace,Marmara,25-34,Gold,1,Growth,,1.3044,0.7516,0.4135,0.0431
C005196,2022-06-23,Mobile App,Mobile App,Central Anatolia,35-44,Bronze,1,Deal Seeker,,0.8131,0.6097,0.7571,0.2248
C005197,2023-05-19,Web,Web,Aegean,18-24,Bronze,0,Routine,2025-12-04,0.696,0.5543,0.2799,0.2387
C005198,2024-11-10,Mobile App,Mobile App,Aegean,35-44,Bronze,1,Routine,,0.7811,0.3653,0.4489,0.2324
C005199,2023-06-08,Mobile App,Mobile App,Aegean,35-44,Bronze,1,Routine,2025-05-28,0.902,0.5438,0.2955,0.0494
C005200,2023-10-12,Mobile App,Mobile App,Marmara,25-34,Bronze,1,Deal Seeker,2023-12-11,0.9458,0.67,0.8782,0.1972
C005201,2025-01-10,Marketplace,Marketplace,Mediterranean,35-44,Silver,1,Deal Seeker,,0.8033,0.5237,0.6309,0.206
C005202,2023-12-13,Mobile App,Mobile App,Marmara,55+,Bronze,1,Routine,,0.9442,0.4491,0.5379,0.1381
C005203,2023-10-26,Store,Store,Marmara,45-54,Bronze,1,Routine,2024-07-22,0.5346,0.3621,0.4655,0.1935
C005204,2024-12-15,Web,Web,Central Anatolia,35-44,Gold,1,Growth,,1.3564,0.8158,0.2523,0.0923
C005205,2023-11-05,Mobile App,Mobile App,Marmara,35-44,Silver,1,Deal Seeker,2023-12-05,1.257,0.6081,0.9047,0.3493
C005206,2022-05-18,Marketplace,Marketplace,Mediterranean,45-54,Gold,1,High Value Loyal,,2.4595,0.8402,0.1297,0.0618
C005207,2024-09-15,Mobile App,Mobile App,Mediterranean,18-24,Silver,1,At Risk,2025-06-12,0.9637,0.404,0.3952,0.4457
C005208,2022-09-20,Marketplace,Marketplace,Marmara,45-54,Platinum,1,High Value Loyal,,1.6606,0.8728,0.148,0.0556
C005209,2025-01-05,Web,Web,Central Anatolia,25-34,Bronze,1,Routine,,0.8835,0.615,0.3104,0.1405
C005210,2025-02-03,Store,Store,Marmara,18-24,Bronze,1,Routine,,0.6982,0.4456,0.3396,0.0864
C005211,2022-08-09,Web,Web,Central Anatolia,25-34,Silver,1,Deal Seeker,2024-01-01,0.7707,0.6877,0.776,0.3423
C005212,2022-12-05,Marketplace,Marketplace,Marmara,18-24,Silver,0,Routine,,0.7357,0.4648,0.4383,0.1376
C005213,2022-08-03,Web,Web,Marmara,18-24,Gold,0,At Risk,2023-12-26,0.9485,0.3448,0.4131,0.522
C005214,2023-06-10,Web,Web,Southeastern Anatolia,25-34,Gold,1,High Value Loyal,,1.5252,0.8006,0.1288,0.1486
C005215,2022-11-03,Web,Web,Southeastern Anatolia,25-34,Silver,1,Deal Seeker,2025-01-21,0.68,0.6498,0.9413,0.2172
C005216,2024-02-25,Web,Web,Marmara,35-44,Gold,1,High Value Loyal,,2.209,0.757,0.2114,0.1045
C005217,2025-03-06,Marketplace,Marketplace,Marmara,35-44,Bronze,1,Deal Seeker,2025-12-31,0.9521,0.7291,0.98,0.2747
C005218,2024-06-21,Mobile App,Mobile App,Aegean,35-44,Silver,1,Deal Seeker,,1.18,0.7915,0.7076,0.252
C005219,2024-10-03,Web,Web,Mediterranean,25-34,Bronze,0,Routine,,0.7456,0.528,0.2915,0.2319
C005220,2024-09-08,Store,Store,Black Sea,35-44,Bronze,1,Deal Seeker,2024-10-08,0.8777,0.6629,0.8755,0.0775
C005221,2024-07-15,Marketplace,Marketplace,Marmara,35-44,Gold,1,Growth,2025-05-11,0.9468,0.6984,0.4859,0.1164
C005222,2023-07-14,Mobile App,Mobile App,Mediterranean,25-34,Bronze,1,Routine,,0.9233,0.5641,0.6114,0.299
C005223,2023-04-22,Marketplace,Marketplace,Southeastern Anatolia,25-34,Silver,1,At Risk,2024-01-17,1.0429,0.3295,0.3056,0.4345
C005224,2023-05-07,Web,Web,Marmara,45-54,Silver,1,Growth,,1.0518,0.68,0.4152,0.113
C005225,2025-11-12,Web,Web,Marmara,18-24,Gold,1,Growth,,1.4312,0.6879,0.3942,0.3477
C005226,2023-03-10,Marketplace,Marketplace,Mediterranean,18-24,Silver,1,Routine,2023-04-09,0.7861,0.609,0.3024,0.0948
C005227,2025-04-03,Mobile App,Mobile App,Central Anatolia,25-34,Silver,1,Growth,,1.0016,0.7717,0.4775,0.1114
C005228,2023-10-26,Marketplace,Marketplace,Marmara,25-34,Gold,1,High Value Loyal,,1.8927,0.7122,0.1938,0.1336
C005229,2025-05-04,Mobile App,Mobile App,Central Anatolia,25-34,Bronze,1,Routine,,0.5791,0.4901,0.303,0.1235
C005230,2023-07-19,Web,Web,Aegean,18-24,Bronze,1,Routine,,1.15,0.5201,0.3014,0.3014
C005231,2025-05-17,Marketplace,Marketplace,Central Anatolia,45-54,Bronze,1,Deal Seeker,,1.1638,0.4825,0.7204,0.303
C005232,2024-08-10,Web,Web,Marmara,25-34,Silver,1,Deal Seeker,,0.889,0.5439,0.7125,0.2603
C005233,2024-05-23,Web,Web,Central Anatolia,55+,Gold,1,High Value Loyal,,1.7516,0.7926,0.2147,0.1991
C005234,2024-11-01,Marketplace,Marketplace,Eastern Anatolia,25-34,Bronze,1,Routine,,0.845,0.4594,0.2551,0.1654
C005235,2022-11-25,Mobile App,Mobile App,Marmara,35-44,Platinum,1,High Value Loyal,,1.4546,0.8338,0.2843,0.1361
C005236,2023-10-07,Web,Web,Eastern Anatolia,45-54,Gold,1,At Risk,2024-09-01,0.9956,0.2082,0.51,0.4377
C005237,2025-07-12,Store,Store,Eastern Anatolia,35-44,Bronze,1,Routine,,1.0815,0.5295,0.3033,0.1335
C005238,2024-03-02,Marketplace,Marketplace,Marmara,45-54,Silver,1,Routine,2025-03-27,0.9724,0.6259,0.3375,0.0655
C005239,2022-01-12,Web,Web,Central Anatolia,55+,Bronze,1,Deal Seeker,2022-02-11,0.851,0.6238,0.8255,0.3137
C005240,2025-05-14,Web,Web,Marmara,25-34,Silver,1,Growth,,1.492,0.7633,0.4039,0.1954
C005241,2024-01-11,Web,Web,Marmara,45-54,Platinum,1,High Value Loyal,,1.5522,0.9149,0.1307,0.1311
C005242,2025-06-19,Web,Web,Black Sea,55+,Silver,1,Deal Seeker,,1.1835,0.5987,0.7612,0.1421
C005243,2024-11-19,Marketplace,Marketplace,Central Anatolia,18-24,Gold,0,Growth,2024-12-19,1.2079,0.641,0.3928,0.1288
C005244,2025-06-14,Marketplace,Marketplace,Central Anatolia,45-54,Bronze,1,Routine,,0.7749,0.4805,0.4008,0.145
C005245,2025-04-02,Web,Web,Marmara,25-34,Platinum,1,High Value Loyal,2025-10-29,1.8255,0.722,0.1734,0.1483
C005246,2025-05-13,Marketplace,Marketplace,Eastern Anatolia,35-44,Gold,1,At Risk,,1.129,0.3339,0.4303,0.381
C005247,2024-12-01,Store,Store,Aegean,25-34,Silver,1,Deal Seeker,,1.4819,0.6728,0.8467,0.2634
C005248,2022-11-18,Marketplace,Marketplace,Marmara,35-44,Gold,1,High Value Loyal,,1.4853,0.7308,0.05,0.0695
C005249,2023-12-11,Mobile App,Mobile App,Marmara,25-34,Gold,1,High Value Loyal,,1.7254,0.8565,0.3626,0.03
C005250,2023-08-22,Marketplace,Marketplace,Mediterranean,45-54,Bronze,1,Routine,,0.8387,0.5033,0.2404,0.1486
C005251,2023-09-26,Mobile App,Mobile App,Central Anatolia,35-44,Silver,1,Growth,2025-07-17,1.2291,0.6289,0.5765,0.0864
C005252,2024-04-25,Marketplace,Marketplace,Black Sea,45-54,Silver,1,Deal Seeker,2025-01-20,0.761,0.6507,0.8591,0.1828
C005253,2025-12-11,Mobile App,Mobile App,Marmara,25-34,Gold,1,At Risk,,1.1623,0.379,0.4745,0.4629
C005254,2024-06-26,Mobile App,Mobile App,Southeastern Anatolia,35-44,Gold,1,Growth,2025-07-21,1.0983,0.8381,0.3277,0.0742
C005255,2024-06-05,Store,Store,Marmara,25-34,Silver,1,Growth,,1.6304,0.6404,0.3403,0.1758
C005256,2023-01-10,Web,Web,Black Sea,25-34,Silver,1,Growth,2025-08-27,1.3922,0.8237,0.3852,0.0958
C005257,2022-03-14,Mobile App,Mobile App,Central Anatolia,18-24,Silver,1,At Risk,2023-07-07,0.9588,0.3636,0.6203,0.5753
C005258,2023-12-19,Mobile App,Mobile App,Southeastern Anatolia,25-34,Bronze,1,Routine,2024-09-14,0.841,0.5751,0.3788,0.1962
C005259,2025-07-21,Web,Web,Marmara,35-44,Gold,1,Growth,,1.7487,0.6429,0.4674,0.23
C005260,2025-12-08,Marketplace,Marketplace,Southeastern Anatolia,25-34,Gold,1,Growth,,0.9601,0.8127,0.4567,0.1232
C005261,2025-10-23,Web,Web,Marmara,55+,Bronze,1,Routine,,0.7022,0.4513,0.5173,0.1981
C005262,2024-02-06,Mobile App,Mobile App,Central Anatolia,55+,Platinum,1,High Value Loyal,,1.8074,0.6784,0.1344,0.1301
C005263,2024-10-17,Web,Web,Aegean,45-54,Bronze,1,Routine,,0.9677,0.6013,0.3088,0.2448
C005264,2025-10-17,Mobile App,Mobile App,Marmara,45-54,Silver,1,At Risk,,1.1502,0.323,0.3199,0.5487
C005265,2024-01-25,Web,Web,Central Anatolia,25-34,Silver,1,At Risk,2025-01-19,0.8503,0.3496,0.3715,0.4808
C005266,2024-06-18,Mobile App,Mobile App,Mediterranean,35-44,Silver,1,Growth,,1.0157,0.6898,0.4209,0.148
C005267,2024-11-24,Web,Web,Marmara,25-34,Bronze,1,Deal Seeker,2025-02-22,1.0014,0.6569,0.7489,0.1687
C005268,2024-02-13,Mobile App,Mobile App,Black Sea,45-54,Gold,1,Growth,,0.9491,0.8426,0.2397,0.0925
C005269,2023-11-06,Mobile App,Mobile App,Central Anatolia,18-24,Silver,1,Deal Seeker,2024-05-04,1.5526,0.6459,0.8656,0.266
C005270,2025-09-17,Marketplace,Marketplace,Mediterranean,25-34,Gold,1,High Value Loyal,,1.1793,0.7481,0.0722,0.1653
C005271,2025-11-26,Mobile App,Mobile App,Marmara,25-34,Silver,1,Routine,,0.9897,0.7189,0.462,0.235
C005272,2023-09-26,Marketplace,Marketplace,Central Anatolia,45-54,Gold,1,Growth,2024-02-23,1.0785,0.649,0.2598,0.1121
C005273,2025-09-25,Mobile App,Mobile App,Central Anatolia,35-44,Gold,1,High Value Loyal,,1.3715,0.7655,0.4125,0.2472
C005274,2024-06-24,Mobile App,Mobile App,Central Anatolia,45-54,Platinum,1,High Value Loyal,,2.3058,0.8427,0.2066,0.1138
C005275,2024-05-17,Web,Web,Marmara,35-44,Bronze,1,Deal Seeker,2024-11-13,0.803,0.6889,0.9051,0.2071
C005276,2022-05-07,Web,Web,Marmara,18-24,Silver,1,Growth,,1.1093,0.7679,0.4878,0.02
C005277,2023-07-10,Marketplace,Marketplace,Marmara,25-34,Silver,0,Deal Seeker,,0.8806,0.4894,0.8506,0.2904
C005278,2025-05-07,Store,Store,Marmara,25-34,Gold,1,High Value Loyal,,1.192,0.8534,0.1489,0.1093
C005279,2022-01-08,Mobile App,Mobile App,Marmara,18-24,Silver,1,Routine,2023-03-04,1.0204,0.5356,0.3782,0.0998
C005280,2022-03-20,Web,Web,Southeastern Anatolia,18-24,Silver,1,Deal Seeker,2025-12-29,1.3641,0.5674,0.8006,0.2582
C005281,2023-12-02,Marketplace,Marketplace,Central Anatolia,35-44,Gold,1,Growth,2024-05-30,1.2974,0.7114,0.3542,0.1094
C005282,2024-11-04,Web,Web,Central Anatolia,25-34,Bronze,1,Routine,2025-08-31,0.8052,0.5114,0.3738,0.2621
C005283,2024-12-07,Web,Web,Mediterranean,25-34,Silver,1,Routine,,0.8112,0.4696,0.3707,0.1861
C005284,2022-01-13,Web,Web,Eastern Anatolia,25-34,Silver,1,Growth,,1.3035,0.728,0.373,0.0908
C005285,2024-09-12,Store,Store,Marmara,55+,Silver,1,Deal Seeker,2025-07-09,0.8172,0.5965,0.8175,0.3383
C005286,2025-04-26,Web,Web,Marmara,25-34,Platinum,1,High Value Loyal,,1.7031,0.7913,0.3149,0.1365
C005287,2024-07-03,Store,Store,Marmara,25-34,Platinum,1,High Value Loyal,,1.9821,0.8094,0.4525,0.0937
C005288,2022-08-11,Web,Web,Central Anatolia,25-34,Bronze,1,Deal Seeker,2023-11-04,0.7664,0.6663,0.5757,0.2426
C005289,2022-09-26,Web,Web,Marmara,35-44,Bronze,0,Deal Seeker,2025-03-14,0.8285,0.6594,0.8172,0.262
C005290,2025-12-11,Web,Web,Aegean,25-34,Gold,1,At Risk,,0.7701,0.3336,0.5031,0.5262
C005291,2024-03-24,Mobile App,Mobile App,Aegean,25-34,Bronze,1,Routine,2024-11-19,0.8605,0.5097,0.3863,0.1637
C005292,2023-03-19,Web,Web,Marmara,25-34,Bronze,1,Routine,2023-04-18,0.8018,0.5523,0.3331,0.2079
C005293,2024-11-24,Mobile App,Mobile App,Central Anatolia,35-44,Platinum,1,High Value Loyal,,1.8249,0.7075,0.1361,0.1675
C005294,2023-04-25,Marketplace,Marketplace,Black Sea,35-44,Bronze,1,One-time,2024-05-19,0.7508,0.2392,0.5757,0.3845
C005295,2022-12-07,Mobile App,Mobile App,Southeastern Anatolia,35-44,Silver,1,Deal Seeker,2023-09-03,0.7389,0.6935,0.98,0.3266
C005296,2025-07-25,Marketplace,Marketplace,Southeastern Anatolia,18-24,Gold,1,Growth,,1.1627,0.744,0.3873,0.2358
C005297,2023-12-11,Mobile App,Mobile App,Aegean,55+,Gold,1,At Risk,,0.9254,0.3671,0.439,0.5242
C005298,2022-01-19,Web,Web,Mediterranean,55+,Silver,1,Growth,,1.1097,0.7322,0.3264,0.02
C005299,2023-01-16,Marketplace,Marketplace,Black Sea,45-54,Bronze,1,Deal Seeker,2023-02-15,0.8866,0.6078,0.7325,0.2109
C005300,2025-12-16,Mobile App,Mobile App,Black Sea,55+,Silver,1,Growth,,1.3053,0.8172,0.3456,0.1613
C005301,2024-02-08,Marketplace,Marketplace,Marmara,18-24,Silver,1,Deal Seeker,,0.9096,0.5669,0.7613,0.2892
C005302,2025-02-15,Web,Web,Eastern Anatolia,45-54,Platinum,1,High Value Loyal,2025-11-12,1.2635,0.9098,0.2032,0.1686
C005303,2024-03-26,Mobile App,Mobile App,Eastern Anatolia,45-54,Silver,1,Routine,,0.8751,0.5881,0.3033,0.1168
C005304,2025-05-12,Marketplace,Marketplace,Marmara,18-24,Gold,1,At Risk,,0.9653,0.4036,0.3742,0.4289
C005305,2025-12-26,Mobile App,Mobile App,Marmara,25-34,Bronze,1,One-time,,0.525,0.3581,0.6962,0.295
C005306,2022-09-26,Mobile App,Mobile App,Mediterranean,18-24,Bronze,1,Routine,2023-07-23,0.8772,0.4565,0.3703,0.1336
C005307,2023-08-23,Mobile App,Mobile App,Aegean,35-44,Silver,1,Growth,,1.1164,0.6964,0.4506,0.078
C005308,2024-08-16,Mobile App,Mobile App,Marmara,18-24,Silver,1,Growth,,1.0733,0.7177,0.3988,0.1271
C005309,2025-07-01,Marketplace,Marketplace,Marmara,35-44,Gold,1,High Value Loyal,,1.3071,0.8039,0.2598,0.0819
C005310,2022-04-10,Mobile App,Mobile App,Marmara,25-34,Silver,1,Routine,2024-05-29,0.8343,0.5634,0.2739,0.1315
C005311,2025-01-11,Store,Store,Mediterranean,25-34,Gold,1,Growth,,1.3067,0.6278,0.3571,0.2164
C005312,2024-06-19,Mobile App,Mobile App,Marmara,35-44,Bronze,0,Deal Seeker,,0.7099,0.5899,0.806,0.2379
C005313,2025-05-14,Mobile App,Mobile App,Marmara,25-34,Silver,1,Deal Seeker,,0.8911,0.586,0.6848,0.267
C005314,2023-11-10,Mobile App,Mobile App,Southeastern Anatolia,35-44,Gold,1,High Value Loyal,,1.9243,0.8902,0.2228,0.1362
C005315,2023-04-05,Web,Web,Mediterranean,25-34,Gold,1,Growth,2024-08-27,1.1859,0.5666,0.3067,0.1753
C005316,2023-12-16,Marketplace,Marketplace,Mediterranean,55+,Gold,0,Growth,,1.0165,0.7058,0.3418,0.1851
C005317,2022-12-24,Web,Web,Central Anatolia,45-54,Silver,1,Routine,2023-08-21,0.7484,0.4952,0.4842,0.02
C005318,2024-05-20,Marketplace,Marketplace,Marmara,18-24,Bronze,1,One-time,2025-01-15,0.5049,0.074,0.6491,0.2979
C005319,2025-12-22,Mobile App,Mobile App,Marmara,25-34,Gold,1,High Value Loyal,,1.3902,0.8471,0.1341,0.0343
C005320,2025-10-22,Mobile App,Mobile App,Aegean,18-24,Silver,1,Routine,,0.7915,0.6038,0.2764,0.1419
C005321,2025-03-11,Marketplace,Marketplace,Marmara,45-54,Silver,1,Routine,,1.0801,0.4923,0.3425,0.0725
C005322,2025-10-25,Mobile App,Mobile App,Southeastern Anatolia,25-34,Bronze,1,Routine,,0.8726,0.7068,0.3373,0.1206
C005323,2025-08-19,Mobile App,Mobile App,Black Sea,35-44,Bronze,1,Routine,,0.5886,0.4552,0.5188,0.0865
C005324,2022-05-01,Store,Store,Aegean,55+,Bronze,1,Deal Seeker,,0.9699,0.6676,0.6438,0.1956
C005325,2024-10-10,Marketplace,Marketplace,Aegean,18-24,Silver,0,Routine,2025-12-04,0.6491,0.5231,0.3979,0.1512
C005326,2024-08-15,Marketplace,Marketplace,Central Anatolia,45-54,Gold,1,High Value Loyal,2025-07-11,1.523,0.8772,0.3045,0.121
C005327,2022-11-18,Marketplace,Marketplace,Aegean,25-34,Gold,1,Growth,2024-01-12,1.2032,0.549,0.2907,0.1459
C005328,2025-01-04,Web,Web,Mediterranean,25-34,Platinum,1,High Value Loyal,,1.754,0.8511,0.05,0.02
C005329,2023-05-18,Mobile App,Mobile App,Aegean,35-44,Bronze,1,Deal Seeker,,0.924,0.541,0.721,0.2357
C005330,2024-11-21,Mobile App,Mobile App,Marmara,25-34,Silver,1,Deal Seeker,,0.8303,0.691,0.8121,0.0908
C005331,2025-06-12,Mobile App,Mobile App,Mediterranean,25-34,Bronze,1,Routine,2025-07-12,1.0156,0.5981,0.51,0.2249
C005332,2025-11-26,Mobile App,Mobile App,Marmara,25-34,Bronze,1,Deal Seeker,,0.9606,0.5796,0.731,0.254
C005333,2022-12-18,Marketplace,Marketplace,Black Sea,35-44,Bronze,1,Deal Seeker,2025-05-06,0.9329,0.7946,0.7685,0.3439
C005334,2023-08-18,Mobile App,Mobile App,Aegean,35-44,Silver,1,Routine,,0.6753,0.677,0.3174,0.1875
C005335,2022-10-11,Store,Store,Mediterranean,25-34,Silver,1,Growth,,1.182,0.7892,0.5044,0.1495
C005336,2023-06-25,Mobile App,Mobile App,Marmara,18-24,Silver,1,At Risk,2023-07-25,0.8416,0.3312,0.4315,0.451
C005337,2023-10-14,Web,Web,Aegean,25-34,Bronze,1,Deal Seeker,,0.611,0.7183,0.7165,0.171
C005338,2023-03-18,Mobile App,Mobile App,Black Sea,45-54,Bronze,0,One-time,2023-05-17,0.7062,0.3325,0.7709,0.2874
C005339,2024-09-19,Mobile App,Mobile App,Aegean,45-54,Bronze,1,Routine,,0.7784,0.4604,0.4017,0.0904
C005340,2022-03-18,Store,Store,Central Anatolia,18-24,Silver,0,Deal Seeker,,1.3954,0.658,0.8334,0.2815
C005341,2024-08-14,Marketplace,Marketplace,Mediterranean,25-34,Bronze,1,Deal Seeker,2025-12-07,0.8287,0.6047,0.7824,0.2555
C005342,2025-04-15,Marketplace,Marketplace,Southeastern Anatolia,25-34,Silver,1,Deal Seeker,,0.7435,0.6267,0.783,0.2819
C005343,2024-12-14,Web,Web,Southeastern Anatolia,35-44,Gold,1,High Value Loyal,,1.5726,0.8286,0.05,0.1541
C005344,2023-09-05,Mobile App,Mobile App,Marmara,18-24,Platinum,1,High Value Loyal,,2.011,0.8618,0.05,0.0231
C005345,2024-09-22,Mobile App,Mobile App,Marmara,25-34,Bronze,1,Routine,,0.9404,0.5521,0.4253,0.2662
C005346,2022-08-02,Marketplace,Marketplace,Black Sea,35-44,Silver,1,Routine,,0.8984,0.6154,0.4241,0.0459
C005347,2025-02-26,Marketplace,Marketplace,Marmara,35-44,Bronze,1,Routine,,0.7421,0.6524,0.4206,0.2571
C005348,2025-03-19,Web,Web,Marmara,25-34,Bronze,1,One-time,2025-06-17,0.6501,0.2753,0.5865,0.3656
C005349,2024-01-25,Marketplace,Marketplace,Southeastern Anatolia,18-24,Gold,1,Growth,,1.1044,0.6579,0.2899,0.2279
C005350,2023-04-06,Mobile App,Mobile App,Central Anatolia,35-44,Bronze,1,Routine,,0.6655,0.5707,0.2761,0.2213
C005351,2025-03-10,Store,Store,Marmara,25-34,Gold,1,High Value Loyal,2025-08-07,2.0394,0.775,0.4246,0.02
C005352,2024-04-15,Marketplace,Marketplace,Central Anatolia,35-44,Silver,0,At Risk,2025-07-09,1.2743,0.3768,0.4268,0.5057
C005353,2022-09-18,Marketplace,Marketplace,Mediterranean,25-34,Bronze,1,Deal Seeker,2023-11-12,0.9975,0.6663,0.8059,0.2686
C005354,2022-11-06,Web,Web,Marmara,45-54,Silver,1,Growth,,1.5251,0.729,0.3572,0.1331
C005355,2023-01-12,Web,Web,Aegean,18-24,Silver,1,Growth,2023-03-13,1.6736,0.7455,0.262,0.1922
C005356,2023-11-02,Web,Web,Marmara,25-34,Bronze,1,Deal Seeker,2025-07-24,0.9782,0.5662,0.7354,0.1925
C005357,2023-06-04,Mobile App,Mobile App,Central Anatolia,35-44,Silver,1,Deal Seeker,,0.8659,0.7027,0.7052,0.2377
C005358,2025-07-04,Mobile App,Mobile App,Southeastern Anatolia,25-34,Bronze,1,Routine,,0.8851,0.5926,0.2867,0.2372
C005359,2023-08-14,Mobile App,Mobile App,Central Anatolia,35-44,Silver,1,Growth,,1.028,0.6859,0.393,0.1253
C005360,2022-06-26,Marketplace,Marketplace,Central Anatolia,35-44,Silver,1,Growth,2023-03-23,1.2577,0.7478,0.2755,0.0643
C005361,2025-06-21,Store,Store,Marmara,55+,Bronze,0,Routine,,0.6762,0.5399,0.3712,0.2444
C005362,2025-10-21,Mobile App,Mobile App,Aegean,35-44,Gold,1,Growth,,0.8775,0.7028,0.2525,0.271
C005363,2025-09-24,Web,Web,Marmara,55+,Silver,1,Routine,,1.0066,0.4655,0.3632,0.02
C005364,2023-01-11,Mobile App,Mobile App,Black Sea,55+,Platinum,1,High Value Loyal,,1.7521,0.7801,0.141,0.1363
C005365,2025-12-01,Mobile App,Mobile App,Marmara,45-54,Bronze,1,Deal Seeker,,1.0398,0.5739,0.8056,0.1566
C005366,2023-01-16,Marketplace,Marketplace,Aegean,45-54,Gold,1,High Value Loyal,,1.5336,0.9704,0.342,0.077
C005367,2025-03-13,Marketplace,Marketplace,Black Sea,25-34,Silver,1,Growth,,1.0375,0.8155,0.3029,0.1058
C005368,2022-10-25,Mobile App,Mobile App,Mediterranean,25-34,Bronze,1,Routine,2024-11-13,0.8896,0.5224,0.3299,0.2579
C005369,2024-04-18,Web,Web,Marmara,25-34,Bronze,1,Deal Seeker,,0.9679,0.7673,0.9445,0.1267
C005370,2024-08-03,Store,Store,Central Anatolia,25-34,Bronze,1,Deal Seeker,2025-08-28,1.0635,0.7074,0.6375,0.3444
C005371,2024-11-16,Store,Store,Black Sea,25-34,Silver,0,At Risk,2025-08-13,1.2097,0.3306,0.481,0.4868
C005372,2024-08-04,Store,Store,Black Sea,45-54,Bronze,1,Deal Seeker,2025-08-29,0.9743,0.5593,0.8585,0.2839
C005373,2024-12-08,Marketplace,Marketplace,Aegean,25-34,Platinum,1,High Value Loyal,,2.2214,0.8246,0.2102,0.1519
C005374,2022-11-13,Mobile App,Mobile App,Marmara,18-24,Silver,1,At Risk,2023-10-09,1.0929,0.3583,0.5641,0.4929
C005375,2023-09-17,Store,Store,Black Sea,25-34,Bronze,0,Deal Seeker,,0.8391,0.5889,0.6808,0.2892
C005376,2023-05-26,Web,Web,Marmara,35-44,Gold,1,High Value Loyal,2025-05-15,1.5194,0.8395,0.2156,0.02
C005377,2025-10-18,Mobile App,Mobile App,Marmara,35-44,Silver,1,At Risk,,1.1467,0.3367,0.4456,0.4771
C005378,2022-11-06,Marketplace,Marketplace,Aegean,45-54,Silver,1,At Risk,2023-05-05,1.295,0.2526,0.5044,0.6475
C005379,2025-03-06,Web,Web,Marmara,35-44,Silver,0,Growth,,1.0323,0.684,0.2775,0.1914
C005380,2022-05-20,Marketplace,Marketplace,Aegean,35-44,Platinum,1,High Value Loyal,,1.9601,0.8374,0.098,0.1768
C005381,2024-02-13,Marketplace,Marketplace,Eastern Anatolia,18-24,Gold,0,At Risk,2025-03-09,1.0204,0.2136,0.5131,0.5061
C005382,2023-05-14,Marketplace,Marketplace,Marmara,25-34,Bronze,1,One-time,2025-05-03,0.7304,0.3101,0.8125,0.3995
C005383,2023-01-23,Web,Web,Marmara,25-34,Silver,1,Growth,,1.073,0.7229,0.3523,0.1294
C005384,2025-09-16,Mobile App,Mobile App,Marmara,18-24,Silver,0,Growth,,1.4853,0.6662,0.4138,0.3354
C005385,2024-03-15,Store,Store,Aegean,25-34,Bronze,1,Deal Seeker,,0.9178,0.7337,0.6973,0.1789
C005386,2023-01-13,Marketplace,Marketplace,Southeastern Anatolia,35-44,Gold,1,Growth,2025-07-01,1.3,0.6183,0.404,0.2544
C005387,2022-09-22,Web,Web,Central Anatolia,18-24,Silver,1,Deal Seeker,2024-04-14,0.6672,0.7132,0.9278,0.2582
C005388,2025-11-11,Mobile App,Mobile App,Central Anatolia,35-44,Bronze,1,Deal Seeker,,0.4868,0.6079,0.7764,0.3262
C005389,2023-08-03,Web,Web,Marmara,35-44,Bronze,1,One-time,2023-09-02,0.8441,0.3276,0.7438,0.308
C005390,2024-10-02,Web,Web,Central Anatolia,18-24,Gold,1,High Value Loyal,,2.2628,0.8072,0.0556,0.2077
C005391,2024-07-26,Mobile App,Mobile App,Marmara,45-54,Gold,1,High Value Loyal,2024-08-25,1.5664,0.8795,0.1411,0.073
C005392,2025-01-14,Store,Store,Aegean,25-34,Bronze,0,Routine,,0.8898,0.5156,0.3603,0.2996
C005393,2023-03-15,Mobile App,Mobile App,Marmara,18-24,Bronze,1,Deal Seeker,,0.6265,0.7126,0.6098,0.1679
C005394,2022-09-20,Mobile App,Mobile App,Aegean,35-44,Bronze,1,Routine,,0.8409,0.5008,0.3644,0.283
C005395,2024-07-02,Mobile App,Mobile App,Marmara,18-24,Gold,1,Growth,,1.1401,0.5614,0.3285,0.0829
C005396,2022-10-24,Store,Store,Marmara,55+,Silver,1,Routine,2023-06-21,0.8169,0.5203,0.3652,0.1977
C005397,2022-10-03,Mobile App,Mobile App,Central Anatolia,35-44,Silver,1,Deal Seeker,2024-09-22,0.6873,0.6652,0.8568,0.1219
C005398,2024-09-16,Mobile App,Mobile App,Central Anatolia,35-44,Bronze,1,Routine,,0.6253,0.4249,0.3915,0.1005
C005399,2024-10-20,Marketplace,Marketplace,Southeastern Anatolia,45-54,Bronze,0,Routine,,1.0031,0.6452,0.2226,0.1577
C005400,2024-11-18,Web,Web,Eastern Anatolia,45-54,Silver,1,Growth,,1.1943,0.6451,0.5616,0.2517
C005401,2022-08-20,Mobile App,Mobile App,Marmara,18-24,Bronze,1,Routine,2023-01-17,0.8846,0.6911,0.3621,0.2436
C005402,2025-10-18,Web,Web,Marmara,18-24,Gold,1,Growth,,1.0496,0.7501,0.3929,0.1391
C005403,2025-05-24,Store,Store,Eastern Anatolia,25-34,Silver,1,Deal Seeker,,1.0116,0.4775,0.8859,0.2114
C005404,2023-12-04,Web,Web,Black Sea,25-34,Silver,1,Growth,2024-11-28,0.9854,0.6903,0.2564,0.167
C005405,2024-09-08,Mobile App,Mobile App,Marmara,35-44,Silver,1,Growth,,1.4018,0.6308,0.3164,0.2581
C005406,2022-09-11,Mobile App,Mobile App,Aegean,35-44,Silver,1,Growth,,1.085,0.7773,0.3191,0.2328
C005407,2025-09-15,Store,Store,Aegean,45-54,Gold,0,High Value Loyal,,1.9695,0.8834,0.1327,0.0498
C005408,2023-12-24,Mobile App,Mobile App,Marmara,25-34,Platinum,1,High Value Loyal,,1.2893,0.8313,0.2346,0.1278
C005409,2024-10-03,Mobile App,Mobile App,Central Anatolia,25-34,Bronze,1,One-time,2025-05-01,0.9091,0.2215,0.5213,0.3058
C005410,2025-11-15,Marketplace,Marketplace,Marmara,55+,Gold,0,High Value Loyal,2025-12-15,1.9127,0.7263,0.1749,0.255
C005411,2025-03-12,Mobile App,Mobile App,Marmara,35-44,Silver,1,Routine,,1.0346,0.6085,0.372,0.0951
C005412,2024-08-22,Store,Store,Southeastern Anatolia,25-34,Silver,1,Growth,2025-05-19,1.3506,0.5993,0.34,0.1186
C005413,2024-11-18,Web,Web,Central Anatolia,45-54,Platinum,1,High Value Loyal,,1.6495,0.8061,0.1904,0.2048
C005414,2023-06-07,Web,Web,Black Sea,18-24,Platinum,0,High Value Loyal,,1.5042,0.8285,0.1977,0.0401
C005415,2025-11-11,Web,Web,Black Sea,18-24,Bronze,1,Deal Seeker,,1.1666,0.6128,0.6288,0.2502
C005416,2024-05-23,Web,Web,Black Sea,45-54,Bronze,1,Routine,,0.8432,0.572,0.2957,0.2813
C005417,2025-01-16,Marketplace,Marketplace,Mediterranean,18-24,Platinum,1,High Value Loyal,,1.6382,0.8139,0.2718,0.1208
C005418,2025-11-23,Web,Web,Marmara,25-34,Bronze,1,Routine,,0.8785,0.4621,0.3464,0.3046
C005419,2025-09-13,Web,Web,Aegean,18-24,Silver,1,Routine,,0.7916,0.5212,0.3586,0.248
C005420,2024-06-04,Mobile App,Mobile App,Aegean,45-54,Bronze,1,Routine,,0.985,0.539,0.4763,0.3106
C005421,2023-12-10,Mobile App,Mobile App,Central Anatolia,25-34,Silver,1,Growth,2024-09-05,1.1299,0.8228,0.3922,0.143
C005422,2024-02-25,Mobile App,Mobile App,Aegean,25-34,Silver,1,Routine,2025-11-16,0.6302,0.4594,0.5061,0.2246
C005423,2022-08-05,Store,Store,Aegean,45-54,Silver,1,Deal Seeker,2025-08-19,0.7034,0.6527,0.8627,0.2129
C005424,2024-08-20,Mobile App,Mobile App,Marmara,25-34,Silver,1,Deal Seeker,,0.8518,0.6175,0.7939,0.3048
C005425,2025-11-23,Mobile App,Mobile App,Eastern Anatolia,55+,Gold,1,Growth,,1.5093,0.6977,0.3265,0.2584
C005426,2024-02-12,Mobile App,Mobile App,Aegean,25-34,Silver,1,Growth,2024-06-11,0.9539,0.7293,0.415,0.2896
C005427,2023-08-16,Marketplace,Marketplace,Mediterranean,18-24,Silver,1,Deal Seeker,,1.1367,0.6307,0.9799,0.2823
C005428,2025-02-09,Web,Web,Aegean,18-24,Bronze,1,Routine,,0.776,0.4523,0.3585,0.2979
C005429,2022-03-14,Web,Web,Central Anatolia,45-54,Bronze,1,Deal Seeker,2022-07-12,0.8051,0.6386,0.8323,0.2309
C005430,2025-02-24,Web,Web,Marmara,35-44,Bronze,1,Deal Seeker,,1.1989,0.5936,0.6453,0.2481
C005431,2024-06-23,Web,Web,Central Anatolia,45-54,Gold,1,High Value Loyal,,1.5961,0.8936,0.3619,0.0271
C005432,2022-11-04,Store,Store,Southeastern Anatolia,25-34,Silver,0,Routine,,0.8078,0.405,0.1857,0.2608
C005433,2025-12-16,Web,Web,Marmara,35-44,Gold,1,High Value Loyal,,1.3478,0.8686,0.4088,0.02
C005434,2022-05-06,Mobile App,Mobile App,Central Anatolia,18-24,Gold,0,Growth,2023-04-01,1.1139,0.7811,0.2782,0.18
C005435,2024-04-19,Web,Web,Central Anatolia,18-24,Gold,1,Growth,2024-09-16,1.1735,0.7119,0.359,0.2368
C005436,2023-05-08,Mobile App,Mobile App,Marmara,25-34,Bronze,1,One-time,2023-06-07,0.8802,0.3255,0.78,0.3392
C005437,2022-10-03,Mobile App,Mobile App,Black Sea,55+,Bronze,0,Deal Seeker,,0.8943,0.5514,0.9138,0.1153
C005438,2025-11-24,Mobile App,Mobile App,Marmara,45-54,Gold,1,High Value Loyal,,1.9227,0.783,0.1437,0.1099
C005439,2024-08-14,Web,Web,Aegean,45-54,Platinum,1,High Value Loyal,,1.6787,0.7901,0.2044,0.2422
C005440,2023-04-07,Web,Web,Eastern Anatolia,35-44,Gold,1,Growth,2024-07-30,1.2548,0.6149,0.4318,0.2089
C005441,2024-02-23,Marketplace,Marketplace,Marmara,18-24,Bronze,0,Routine,,0.9822,0.5508,0.3553,0.1537
C005442,2025-05-23,Web,Web,Black Sea,45-54,Bronze,1,One-time,2025-08-21,0.6419,0.2311,0.5192,0.4711
C005443,2022-04-01,Web,Web,Aegean,25-34,Silver,1,At Risk,2022-05-01,1.0712,0.3001,0.3705,0.4998
C005444,2023-12-23,Web,Web,Southeastern Anatolia,35-44,Silver,1,Routine,,0.951,0.5878,0.4552,0.1606
C005445,2022-07-11,Web,Web,Aegean,45-54,Gold,1,Growth,2023-06-06,1.5465,0.7191,0.3867,0.1109
C005446,2024-04-16,Mobile App,Mobile App,Black Sea,25-34,Bronze,1,Routine,2025-11-07,0.7148,0.6264,0.4446,0.2177
C005447,2025-12-01,Marketplace,Marketplace,Central Anatolia,18-24,Gold,1,Growth,,1.2841,0.5843,0.4121,0.12
C005448,2025-02-09,Store,Store,Mediterranean,45-54,Silver,1,At Risk,,1.0283,0.4059,0.513,0.4611
C005449,2024-09-22,Marketplace,Marketplace,Aegean,35-44,Bronze,1,Deal Seeker,2025-09-17,1.0778,0.6271,0.9063,0.2984
C005450,2024-11-05,Marketplace,Marketplace,Marmara,35-44,Gold,1,High Value Loyal,,1.6461,0.6743,0.2205,0.1426
C005451,2022-08-12,Store,Store,Central Anatolia,25-34,Gold,1,Growth,2024-09-30,1.3108,0.8139,0.3097,0.0596
C005452,2025-12-01,Mobile App,Mobile App,Marmara,18-24,Gold,1,Growth,,1.1308,0.7614,0.369,0.1094
C005453,2024-05-02,Web,Web,Central Anatolia,45-54,Silver,1,Routine,,0.6725,0.5807,0.385,0.2867
C005454,2024-02-26,Mobile App,Mobile App,Marmara,35-44,Silver,1,Growth,,1.6372,0.802,0.4215,0.1559
C005455,2022-01-10,Mobile App,Mobile App,Marmara,55+,Silver,1,Routine,,0.6503,0.3973,0.3745,0.2537
C005456,2024-01-22,Web,Web,Central Anatolia,35-44,Platinum,1,High Value Loyal,,1.9881,0.8448,0.2493,0.0369
C005457,2025-01-21,Mobile App,Mobile App,Aegean,25-34,Silver,1,Deal Seeker,,0.8996,0.5071,0.801,0.2167
C005458,2024-02-05,Mobile App,Mobile App,Marmara,25-34,Bronze,1,Routine,2024-09-02,0.7079,0.6132,0.3109,0.1801
C005459,2025-08-05,Mobile App,Mobile App,Mediterranean,25-34,Bronze,1,One-time,2025-12-03,1.1509,0.2082,0.7194,0.3905
C005460,2025-04-01,Mobile App,Mobile App,Marmara,45-54,Bronze,1,Routine,2025-05-31,0.6066,0.6293,0.4489,0.2033
C005461,2024-09-04,Mobile App,Mobile App,Central Anatolia,55+,Gold,1,High Value Loyal,,1.8889,0.8531,0.1462,0.0785
C005462,2024-12-24,Marketplace,Marketplace,Central Anatolia,25-34,Silver,1,Routine,,0.739,0.6179,0.3663,0.2381
C005463,2025-04-22,Store,Store,Eastern Anatolia,25-34,Bronze,1,Deal Seeker,,0.9918,0.7362,0.605,0.1678
C005464,2025-09-10,Mobile App,Mobile App,Marmara,45-54,Silver,1,Growth,2025-10-10,0.9761,0.725,0.3601,0.2494
C005465,2025-12-20,Mobile App,Mobile App,Marmara,45-54,Gold,1,At Risk,,1.1248,0.2768,0.32,0.4395
C005466,2023-01-18,Marketplace,Marketplace,Marmara,25-34,Bronze,1,Routine,2023-05-18,1.0571,0.4864,0.3428,0.1849
C005467,2023-10-07,Web,Web,Aegean,18-24,Silver,1,At Risk,2024-08-02,1.2113,0.3865,0.4933,0.502
C005468,2025-01-25,Web,Web,Mediterranean,45-54,Bronze,1,Routine,,0.819,0.5402,0.2348,0.115
C005469,2023-12-04,Web,Web,Central Anatolia,55+,Gold,1,High Value Loyal,2025-08-25,1.261,0.7977,0.1942,0.1426
C005470,2025-05-03,Web,Web,Marmara,35-44,Silver,0,Deal Seeker,,1.0961,0.5132,0.9481,0.2344
C005471,2023-07-07,Store,Store,Central Anatolia,25-34,Silver,1,Growth,2025-08-25,1.2343,0.5663,0.4624,0.1339
C005472,2024-04-20,Marketplace,Marketplace,Marmara,18-24,Bronze,0,Routine,,0.892,0.5166,0.3633,0.2258
C005473,2024-11-24,Web,Web,Central Anatolia,35-44,Gold,1,High Value Loyal,,1.798,0.98,0.1482,0.02
C005474,2023-12-24,Mobile App,Mobile App,Central Anatolia,35-44,Bronze,1,Deal Seeker,,1.1977,0.6194,0.7316,0.1272
C005475,2022-09-21,Marketplace,Marketplace,Aegean,25-34,Platinum,1,High Value Loyal,,1.4422,0.9099,0.0733,0.1088
C005476,2025-08-20,Marketplace,Marketplace,Marmara,35-44,Silver,1,Routine,,0.8629,0.6207,0.3645,0.2094
C005477,2023-12-06,Mobile App,Mobile App,Marmara,18-24,Bronze,1,Deal Seeker,2025-10-26,1.0108,0.5765,0.8327,0.1809
C005478,2023-11-19,Mobile App,Mobile App,Aegean,45-54,Platinum,1,High Value Loyal,,1.7395,0.8232,0.1627,0.0415
C005479,2023-01-11,Mobile App,Mobile App,Marmara,18-24,Silver,1,Routine,,0.8817,0.5407,0.2887,0.0642
C005480,2025-01-01,Web,Web,Aegean,35-44,Bronze,1,Routine,,0.7964,0.4182,0.5527,0.2074
C005481,2025-11-07,Marketplace,Marketplace,Marmara,25-34,Silver,1,Routine,,1.0114,0.5098,0.4305,0.2725
C005482,2024-09-11,Web,Web,Marmara,25-34,Bronze,1,One-time,2024-10-11,0.7233,0.2404,0.6333,0.4178
C005483,2023-09-21,Marketplace,Marketplace,Aegean,35-44,Gold,0,High Value Loyal,2024-05-18,1.3622,0.8754,0.2352,0.1131
C005484,2024-03-04,Marketplace,Marketplace,Central Anatolia,45-54,Bronze,1,Routine,,0.7575,0.5418,0.3536,0.3878
C005485,2023-11-26,Mobile App,Mobile App,Black Sea,55+,Silver,1,At Risk,2024-06-23,0.7992,0.1871,0.5763,0.3456
C005486,2024-04-11,Mobile App,Mobile App,Marmara,45-54,Gold,1,Growth,,1.4969,0.6853,0.3034,0.1788
C005487,2025-07-25,Web,Web,Eastern Anatolia,25-34,Silver,1,Growth,,1.4656,0.6616,0.4342,0.0622
C005488,2023-03-03,Mobile App,Mobile App,Marmara,45-54,Gold,1,Growth,,1.3585,0.6678,0.3355,0.1556
C005489,2022-08-19,Mobile App,Mobile App,Central Anatolia,25-34,Silver,1,At Risk,2025-02-04,1.4084,0.3528,0.5517,0.4218
C005490,2023-12-05,Mobile App,Mobile App,Eastern Anatolia,25-34,Silver,0,Growth,2024-08-01,1.217,0.8548,0.2028,0.2142
C005491,2025-01-03,Store,Store,Marmara,25-34,Silver,1,At Risk,2025-08-31,0.8736,0.5211,0.3434,0.4708
C005492,2024-02-21,Web,Web,Marmara,25-34,Gold,0,High Value Loyal,2024-09-18,1.6444,0.9006,0.2565,0.0725
C005493,2024-01-23,Web,Web,Marmara,35-44,Bronze,1,Routine,2024-07-21,0.9163,0.5189,0.4185,0.1786
C005494,2023-03-20,Mobile App,Mobile App,Black Sea,45-54,Bronze,1,Routine,2023-07-18,1.1283,0.5466,0.3231,0.2113
C005495,2024-06-03,Mobile App,Mobile App,Mediterranean,45-54,Bronze,1,Routine,,0.5322,0.666,0.4231,0.1758
C005496,2025-10-19,Web,Web,Aegean,55+,Silver,1,Deal Seeker,,0.9841,0.6739,0.98,0.3311
C005497,2023-03-04,Web,Web,Southeastern Anatolia,35-44,Gold,1,High Value Loyal,,1.8709,0.9247,0.1533,0.1875
C005498,2024-12-26,Mobile App,Mobile App,Central Anatolia,35-44,Bronze,1,One-time,2025-10-22,1.0285,0.3455,0.6225,0.4632
C005499,2024-06-04,Mobile App,Mobile App,Marmara,35-44,Bronze,1,Routine,,0.6205,0.5467,0.4095,0.1951
C005500,2023-06-14,Web,Web,Aegean,35-44,Silver,1,At Risk,2025-01-04,0.716,0.2815,0.4831,0.4894
C005501,2024-10-24,Mobile App,Mobile App,Marmara,35-44,Bronze,1,Routine,,0.7505,0.5117,0.2745,0.184
C005502,2024-10-23,Mobile App,Mobile App,Central Anatolia,25-34,Bronze,1,Deal Seeker,,0.8036,0.6502,0.7219,0.2782
C005503,2025-06-07,Mobile App,Mobile App,Central Anatolia,25-34,Bronze,1,Deal Seeker,,0.8736,0.5356,0.7903,0.3171
C005504,2025-09-04,Marketplace,Marketplace,Aegean,18-24,Silver,0,Deal Seeker,,0.797,0.6497,0.859,0.2177
C005505,2024-03-22,Mobile App,Mobile App,Marmara,45-54,Silver,1,At Risk,2025-11-12,1.2864,0.1956,0.2643,0.441
C005506,2024-11-17,Store,Store,Marmara,18-24,Platinum,1,High Value Loyal,,1.4632,0.7006,0.1969,0.0585
C005507,2024-03-08,Web,Web,Marmara,25-34,Silver,1,Deal Seeker,,0.7756,0.6972,0.7698,0.2716
C005508,2022-11-03,Store,Store,Central Anatolia,25-34,Bronze,1,Routine,2024-07-25,0.8421,0.5257,0.4029,0.3033
C005509,2023-09-26,Web,Web,Marmara,55+,Platinum,1,High Value Loyal,2025-03-19,2.0161,0.9213,0.2699,0.1483
C005510,2023-12-12,Web,Web,Marmara,25-34,Gold,1,High Value Loyal,,2.9079,0.9002,0.1551,0.0323
C005511,2024-08-25,Store,Store,Marmara,18-24,Gold,1,Growth,,1.1311,0.6722,0.4774,0.3062
C005512,2022-11-02,Web,Web,Central Anatolia,25-34,Platinum,1,High Value Loyal,,1.8947,0.8796,0.2337,0.2556
C005513,2023-06-07,Marketplace,Marketplace,Aegean,25-34,Silver,1,Deal Seeker,2024-04-02,1.1219,0.5196,0.6996,0.2172
C005514,2024-11-14,Mobile App,Mobile App,Marmara,45-54,Bronze,1,Deal Seeker,2025-06-12,1.0472,0.673,0.8399,0.2604
C005515,2024-09-01,Marketplace,Marketplace,Marmara,25-34,Silver,1,Deal Seeker,2025-07-28,1.0239,0.6372,0.8337,0.2395
C005516,2023-10-23,Web,Web,Southeastern Anatolia,18-24,Gold,1,Growth,,1.2642,0.6277,0.4297,0.1031
C005517,2025-10-04,Web,Web,Marmara,35-44,Silver,1,At Risk,,1.0472,0.3342,0.5619,0.5307
C005518,2025-07-25,Store,Store,Marmara,35-44,Gold,1,Growth,,1.3799,0.7634,0.4805,0.1073
C005519,2023-01-06,Mobile App,Mobile App,Central Anatolia,35-44,Bronze,1,Deal Seeker,,0.9159,0.5088,0.7303,0.3285
C005520,2024-12-21,Mobile App,Mobile App,Central Anatolia,25-34,Silver,1,At Risk,2025-04-20,1.1076,0.3051,0.5361,0.4992
C005521,2023-11-11,Marketplace,Marketplace,Marmara,25-34,Gold,1,Growth,,1.3115,0.7719,0.4887,0.1415
C005522,2023-05-21,Web,Web,Black Sea,25-34,Platinum,1,High Value Loyal,,2.0957,0.8428,0.2044,0.1002
C005523,2025-10-19,Marketplace,Marketplace,Central Anatolia,35-44,Gold,0,At Risk,,0.8128,0.3029,0.4022,0.4513
C005524,2023-05-03,Web,Web,Black Sea,18-24,Gold,1,Growth,,0.8656,0.7935,0.4581,0.3177
C005525,2022-05-16,Web,Web,Central Anatolia,55+,Gold,1,High Value Loyal,,1.794,0.9591,0.3452,0.1275
C005526,2023-02-02,Web,Web,Mediterranean,55+,Silver,1,Growth,2024-04-27,1.3867,0.627,0.3599,0.354
C005527,2023-05-24,Store,Store,Marmara,55+,Gold,1,At Risk,,0.9959,0.4288,0.5383,0.3782
C005528,2025-07-15,Web,Web,Marmara,45-54,Silver,1,Routine,,0.7807,0.41,0.3615,0.1673
C005529,2025-01-26,Mobile App,Mobile App,Marmara,35-44,Bronze,1,Deal Seeker,2025-03-27,1.0867,0.6336,0.7827,0.3095
C005530,2024-02-26,Mobile App,Mobile App,Marmara,35-44,Silver,1,Routine,,0.8447,0.5616,0.3325,0.2332
C005531,2025-03-17,Mobile App,Mobile App,Marmara,45-54,Gold,1,High Value Loyal,,1.275,0.8345,0.2564,0.0576
C005532,2022-04-15,Web,Web,Mediterranean,25-34,Bronze,1,One-time,2022-12-11,0.6931,0.2193,0.5814,0.3021
C005533,2022-11-06,Mobile App,Mobile App,Marmara,25-34,Silver,1,Deal Seeker,2023-09-02,0.7876,0.5075,0.8387,0.1932
C005534,2023-08-24,Web,Web,Central Anatolia,25-34,Gold,1,At Risk,,0.9784,0.2353,0.27,0.413
C005535,2022-04-11,Mobile App,Mobile App,Marmara,18-24,Gold,1,At Risk,2022-05-11,0.955,0.3573,0.4022,0.3978
C005536,2025-05-25,Web,Web,Southeastern Anatolia,25-34,Silver,1,Routine,,0.6183,0.4849,0.348,0.2329
C005537,2022-02-10,Web,Web,Southeastern Anatolia,25-34,Bronze,1,Routine,2022-11-07,0.7232,0.4901,0.4584,0.2225
C005538,2022-12-01,Marketplace,Marketplace,Marmara,25-34,Silver,0,Deal Seeker,2023-08-28,0.6556,0.5433,0.8218,0.2682
C005539,2024-07-13,Store,Store,Mediterranean,35-44,Bronze,1,One-time,2024-08-12,0.5783,0.2674,0.6855,0.3518
C005540,2025-06-06,Web,Web,Marmara,45-54,Silver,1,Growth,,1.0112,0.6393,0.3728,0.2054
C005541,2025-11-06,Web,Web,Marmara,25-34,Gold,1,Growth,,0.8067,0.7889,0.4083,0.2475
C005542,2025-09-24,Web,Web,Marmara,35-44,Bronze,1,Routine,,1.1839,0.571,0.2171,0.2284
C005543,2022-12-09,Web,Web,Marmara,35-44,Bronze,1,Deal Seeker,,0.8302,0.6472,0.7631,0.2983
C005544,2024-11-15,Mobile App,Mobile App,Marmara,35-44,Silver,1,Growth,,1.3191,0.7694,0.2654,0.1977
C005545,2024-01-01,Marketplace,Marketplace,Marmara,45-54,Bronze,1,One-time,2024-08-28,0.8118,0.2933,0.7053,0.2869
C005546,2024-06-05,Mobile App,Mobile App,Black Sea,25-34,Silver,1,Routine,,0.9129,0.4822,0.2428,0.1069
C005547,2025-07-10,Marketplace,Marketplace,Mediterranean,55+,Bronze,1,One-time,2025-10-08,0.959,0.2215,0.6825,0.3316
C005548,2025-02-19,Mobile App,Mobile App,Aegean,25-34,Bronze,1,Deal Seeker,2025-03-21,0.8929,0.7269,0.8334,0.176
C005549,2024-12-04,Web,Web,Aegean,25-34,Silver,1,Routine,,0.9418,0.4632,0.2874,0.1079
C005550,2025-07-26,Web,Web,Marmara,35-44,Bronze,1,One-time,,0.6272,0.2635,0.6598,0.3853
C005551,2023-10-09,Web,Web,Marmara,25-34,Bronze,1,Routine,,0.8413,0.5335,0.3543,0.1234
C005552,2025-08-14,Mobile App,Mobile App,Southeastern Anatolia,35-44,Silver,1,Growth,,1.2263,0.7901,0.329,0.2353
C005553,2025-09-22,Web,Web,Aegean,25-34,Bronze,1,Routine,,0.8387,0.4159,0.2508,0.1958
C005554,2024-12-26,Mobile App,Mobile App,Marmara,25-34,Silver,1,Routine,2025-11-21,0.8476,0.6052,0.4013,0.1533
C005555,2024-07-26,Mobile App,Mobile App,Eastern Anatolia,25-34,Silver,1,Deal Seeker,,0.7259,0.6789,0.8075,0.2112
C005556,2024-11-18,Store,Store,Southeastern Anatolia,18-24,Platinum,0,High Value Loyal,,1.7155,0.7532,0.1621,0.1808
C005557,2022-12-15,Web,Web,Marmara,35-44,Silver,1,Growth,2023-01-14,1.3283,0.7964,0.5763,0.0941
C005558,2023-12-22,Marketplace,Marketplace,Mediterranean,35-44,Gold,1,Growth,2024-11-16,1.191,0.6807,0.4561,0.1422
C005559,2023-07-12,Web,Web,Marmara,35-44,Gold,1,High Value Loyal,2024-09-04,2.0022,0.824,0.1839,0.1819
C005560,2023-05-08,Mobile App,Mobile App,Marmara,35-44,Gold,1,Growth,2023-06-07,1.1899,0.7883,0.4327,0.1595
C005561,2025-08-17,Mobile App,Mobile App,Central Anatolia,18-24,Silver,1,Growth,,0.8887,0.7455,0.3441,0.1976
C005562,2024-04-15,Store,Store,Black Sea,25-34,Bronze,1,One-time,2024-08-13,0.7408,0.1796,0.669,0.4203
C005563,2025-03-06,Mobile App,Mobile App,Marmara,45-54,Bronze,1,Routine,,0.9705,0.4402,0.3708,0.1185
C005564,2024-12-26,Mobile App,Mobile App,Mediterranean,25-34,Silver,1,At Risk,2025-01-25,1.1687,0.4176,0.4702,0.3709
C005565,2023-03-11,Mobile App,Mobile App,Marmara,45-54,Bronze,1,One-time,2023-04-10,0.823,0.2797,0.743,0.3231
C005566,2023-07-15,Web,Web,Central Anatolia,35-44,Platinum,1,High Value Loyal,,1.676,0.8928,0.282,0.02
C005567,2024-02-21,Mobile App,Mobile App,Marmara,25-34,Bronze,1,One-time,2024-07-20,0.8561,0.2183,0.754,0.4282
C005568,2025-07-05,Mobile App,Mobile App,Aegean,35-44,Gold,1,High Value Loyal,,1.7314,0.8008,0.148,0.02
C005569,2023-07-15,Store,Store,Marmara,35-44,Silver,1,Deal Seeker,2024-03-11,0.7022,0.5836,0.8584,0.279
C005570,2024-05-12,Marketplace,Marketplace,Aegean,25-34,Bronze,1,Routine,2024-08-10,0.9845,0.5889,0.228,0.1529
C005571,2023-06-01,Marketplace,Marketplace,Marmara,25-34,Bronze,1,Deal Seeker,2025-03-22,0.8833,0.5312,0.6287,0.277
C005572,2024-05-03,Store,Store,Eastern Anatolia,45-54,Silver,1,Routine,,0.602,0.4363,0.4347,0.1581
C005573,2023-12-14,Marketplace,Marketplace,Marmara,25-34,Gold,1,Growth,,1.3187,0.7715,0.2541,0.2546
C005574,2023-07-19,Web,Web,Central Anatolia,55+,Gold,1,High Value Loyal,,1.547,0.8681,0.2195,0.0385
C005575,2025-04-17,Marketplace,Marketplace,Black Sea,45-54,Platinum,1,High Value Loyal,,1.322,0.871,0.3127,0.075
C005576,2024-09-19,Mobile App,Mobile App,Black Sea,55+,Silver,1,Growth,2024-10-19,1.2283,0.6688,0.4372,0.2307
C005577,2024-09-24,Mobile App,Mobile App,Aegean,25-34,Silver,1,Routine,2025-05-22,1.229,0.4271,0.2292,0.2684
C005578,2025-12-21,Web,Web,Marmara,45-54,Silver,1,Routine,,0.76,0.6504,0.4177,0.2276
C005579,2024-11-02,Mobile App,Mobile App,Central Anatolia,35-44,Gold,1,Growth,,0.8745,0.5853,0.4174,0.1869
C005580,2024-05-05,Marketplace,Marketplace,Black Sea,25-34,Gold,1,Growth,2024-08-03,1.0061,0.857,0.4872,0.134
C005581,2025-01-13,Web,Web,Eastern Anatolia,25-34,Gold,1,Growth,,1.0093,0.7022,0.3652,0.1199
C005582,2022-07-12,Marketplace,Marketplace,Marmara,35-44,Bronze,1,Deal Seeker,2022-09-10,1.2611,0.6043,0.8346,0.2368
C005583,2024-11-16,Marketplace,Marketplace,Marmara,18-24,Bronze,0,Routine,,0.9291,0.505,0.3408,0.0958
C005584,2022-07-13,Mobile App,Mobile App,Black Sea,18-24,Silver,1,Routine,2025-05-28,1.0505,0.4917,0.4289,0.1014
C005585,2023-10-08,Web,Web,Aegean,18-24,Silver,1,Routine,,0.995,0.4528,0.3434,0.2288
C005586,2024-12-04,Mobile App,Mobile App,Mediterranean,25-34,Platinum,1,High Value Loyal,,1.5484,0.732,0.2513,0.0895
C005587,2024-11-12,Store,Store,Marmara,35-44,Gold,0,Growth,,0.9505,0.6945,0.2236,0.2628
C005588,2025-12-15,Web,Web,Marmara,25-34,Gold,1,Growth,,1.1688,0.7333,0.3526,0.1512
C005589,2022-04-18,Marketplace,Marketplace,Marmara,45-54,Bronze,1,One-time,2023-08-11,0.8963,0.2249,0.6361,0.3438
C005590,2024-03-25,Mobile App,Mobile App,Marmara,45-54,Bronze,1,Routine,,0.876,0.5411,0.2801,0.2304
C005591,2023-08-15,Mobile App,Mobile App,Mediterranean,18-24,Bronze,1,Routine,2023-09-14,0.6911,0.4834,0.3892,0.1741
C005592,2022-08-17,Web,Web,Aegean,35-44,Bronze,1,Routine,2025-09-30,0.5919,0.515,0.2378,0.173
C005593,2024-12-10,Mobile App,Mobile App,Marmara,18-24,Silver,1,At Risk,,0.7945,0.2206,0.3817,0.4374
C005594,2022-02-15,Mobile App,Mobile App,Southeastern Anatolia,18-24,Gold,1,High Value Loyal,,1.674,0.7911,0.1937,0.0698
C005595,2024-09-17,Mobile App,Mobile App,Aegean,25-34,Bronze,1,One-time,2025-04-15,0.5873,0.2367,0.4602,0.328
C005596,2025-03-19,Marketplace,Marketplace,Eastern Anatolia,25-34,Silver,1,Deal Seeker,,1.0503,0.6268,0.9751,0.2477
C005597,2022-01-14,Mobile App,Mobile App,Aegean,18-24,Bronze,1,Deal Seeker,,0.9071,0.6221,0.6921,0.1762
C005598,2024-08-22,Web,Web,Aegean,35-44,Silver,1,Deal Seeker,2024-09-21,0.8309,0.5438,0.8992,0.2395
C005599,2023-02-05,Web,Web,Aegean,25-34,Silver,1,Routine,2024-07-29,1.0533,0.6043,0.2545,0.1726
C005600,2023-11-17,Mobile App,Mobile App,Marmara,45-54,Silver,1,Growth,,1.2418,0.7284,0.4606,0.2042
C005601,2025-02-13,Mobile App,Mobile App,Marmara,25-34,Silver,1,Deal Seeker,,0.8048,0.6428,0.8115,0.1741
C005602,2022-12-25,Web,Web,Aegean,35-44,Silver,1,Growth,2025-12-09,1.0545,0.7514,0.2271,0.2249
C005603,2024-02-10,Store,Store,Southeastern Anatolia,18-24,Bronze,1,Routine,,0.7474,0.4214,0.4884,0.2484
C005604,2024-10-04,Mobile App,Mobile App,Marmara,55+,Silver,1,Deal Seeker,,1.0916,0.6511,0.9398,0.2461
C005605,2022-02-08,Web,Web,Aegean,45-54,Gold,1,High Value Loyal,,1.6734,0.6706,0.1989,0.0512
C005606,2024-03-23,Store,Store,Central Anatolia,45-54,Silver,1,Deal Seeker,2025-02-16,0.8077,0.6458,0.8462,0.1395
C005607,2023-10-05,Store,Store,Marmara,35-44,Bronze,1,Routine,2025-07-26,0.5903,0.3756,0.4042,0.2396
C005608,2025-03-03,Web,Web,Aegean,35-44,Silver,1,Growth,2025-06-01,0.9305,0.6035,0.4543,0.1897
C005609,2022-07-12,Marketplace,Marketplace,Central Anatolia,25-34,Silver,0,Deal Seeker,2024-01-03,0.8001,0.6157,0.9096,0.2501
C005610,2023-07-06,Web,Web,Marmara,35-44,Gold,0,Growth,2024-06-30,1.3484,0.7255,0.5085,0.3196
C005611,2024-11-19,Marketplace,Marketplace,Mediterranean,18-24,Gold,1,High Value Loyal,,1.3224,0.9064,0.1819,0.1063
C005612,2025-04-16,Marketplace,Marketplace,Marmara,18-24,Silver,1,Deal Seeker,,0.8786,0.7751,0.6994,0.2699
C005613,2025-07-11,Mobile App,Mobile App,Marmara,25-34,Bronze,1,Routine,,0.6621,0.4995,0.4111,0.2694
C005614,2023-11-22,Mobile App,Mobile App,Marmara,35-44,Bronze,0,Routine,,0.9761,0.4839,0.4985,0.2342
C005615,2024-01-07,Web,Web,Marmara,18-24,Bronze,1,One-time,2024-02-06,0.5574,0.0524,0.6542,0.172
C005616,2025-05-03,Web,Web,Aegean,35-44,Silver,1,Deal Seeker,,0.8712,0.6068,0.8169,0.2475
C005617,2022-01-10,Store,Store,Central Anatolia,35-44,Platinum,1,High Value Loyal,,2.0478,0.7304,0.1875,0.0865
C005618,2024-06-13,Web,Web,Central Anatolia,18-24,Gold,1,Growth,2025-05-09,0.8053,0.6318,0.4118,0.2424
C005619,2022-03-12,Mobile App,Mobile App,Eastern Anatolia,35-44,Platinum,1,High Value Loyal,,1.7065,0.677,0.1126,0.02
C005620,2024-11-16,Web,Web,Marmara,25-34,Bronze,1,Routine,,0.6648,0.5285,0.3105,0.1761
C005621,2022-10-16,Web,Web,Aegean,35-44,Bronze,1,Routine,,0.8698,0.6336,0.3747,0.2388
C005622,2025-05-05,Web,Web,Marmara,25-34,Silver,1,At Risk,,0.7575,0.4096,0.6135,0.4529
C005623,2024-11-25,Mobile App,Mobile App,Mediterranean,25-34,Silver,1,Growth,2025-05-24,1.5121,0.6874,0.4694,0.02
C005624,2022-05-18,Store,Store,Southeastern Anatolia,45-54,Silver,1,Growth,2023-01-13,1.2162,0.7449,0.3728,0.0774
C005625,2024-08-20,Marketplace,Marketplace,Marmara,55+,Silver,1,Routine,,0.9932,0.4186,0.4965,0.1122
C005626,2024-12-22,Marketplace,Marketplace,Marmara,25-34,Silver,1,Growth,,1.2667,0.6275,0.3673,0.2093
C005627,2022-07-02,Mobile App,Mobile App,Central Anatolia,45-54,Bronze,1,Routine,2023-09-25,0.6322,0.4505,0.213,0.2628
C005628,2024-12-01,Marketplace,Marketplace,Marmara,35-44,Gold,0,At Risk,2025-03-31,0.7857,0.3277,0.5116,0.5253
C005629,2022-09-24,Marketplace,Marketplace,Marmara,45-54,Bronze,1,Deal Seeker,2023-03-23,0.7886,0.6294,0.927,0.3444
C005630,2025-08-03,Web,Web,Central Anatolia,25-34,Silver,1,Routine,,0.8763,0.4002,0.4006,0.2461
C005631,2024-11-23,Web,Web,Marmara,18-24,Bronze,1,Deal Seeker,,0.6792,0.583,0.9,0.2614
C005632,2023-03-09,Mobile App,Mobile App,Mediterranean,35-44,Silver,1,Deal Seeker,2024-07-01,1.0143,0.4813,0.8887,0.2205
C005633,2022-10-22,Web,Web,Marmara,18-24,Silver,1,Deal Seeker,,0.7916,0.5348,0.7794,0.1672
C005634,2023-05-13,Marketplace,Marketplace,Mediterranean,25-34,Silver,1,Deal Seeker,2023-07-12,0.8936,0.6412,0.77,0.2624
C005635,2022-09-06,Mobile App,Mobile App,Aegean,25-34,Gold,1,Growth,2024-06-27,1.1228,0.7669,0.3853,0.1844
C005636,2025-12-07,Store,Store,Central Anatolia,45-54,Bronze,1,Deal Seeker,,1.1264,0.4782,0.8567,0.374
C005637,2023-01-15,Web,Web,Southeastern Anatolia,25-34,Silver,1,Growth,2024-09-06,0.9949,0.6312,0.4345,0.1273
C005638,2025-04-10,Marketplace,Marketplace,Southeastern Anatolia,55+,Platinum,1,High Value Loyal,,1.6357,0.9621,0.228,0.2109
C005639,2025-02-10,Marketplace,Marketplace,Mediterranean,55+,Bronze,1,Deal Seeker,,1.0645,0.6706,0.7698,0.3386
C005640,2023-01-20,Web,Web,Southeastern Anatolia,18-24,Silver,1,At Risk,2023-05-20,1.155,0.2824,0.3897,0.4294
C005641,2023-11-01,Mobile App,Mobile App,Eastern Anatolia,45-54,Gold,1,Growth,2025-05-24,1.5262,0.6627,0.4205,0.1375
C005642,2025-05-04,Mobile App,Mobile App,Central Anatolia,25-34,Bronze,1,Deal Seeker,,0.8812,0.5497,0.7088,0.2208
C005643,2025-04-10,Mobile App,Mobile App,Marmara,25-34,Bronze,1,One-time,,0.8461,0.3549,0.715,0.4246
C005644,2023-12-11,Web,Web,Black Sea,25-34,Gold,1,Growth,,1.5428,0.5532,0.4898,0.1947
C005645,2023-11-12,Web,Web,Central Anatolia,35-44,Gold,1,Growth,2025-12-31,1.3542,0.8478,0.3242,0.0714
C005646,2023-11-15,Marketplace,Marketplace,Marmara,25-34,Silver,1,Growth,2025-01-08,1.1619,0.6748,0.2378,0.2817
C005647,2022-05-26,Mobile App,Mobile App,Aegean,25-34,Silver,1,At Risk,2022-08-24,1.4183,0.4275,0.418,0.5868
C005648,2025-07-22,Marketplace,Marketplace,Mediterranean,55+,Bronze,1,Deal Seeker,,1.0416,0.5029,0.7261,0.2012
C005649,2025-09-23,Marketplace,Marketplace,Marmara,35-44,Bronze,1,Routine,,0.7874,0.4782,0.3719,0.1525
C005650,2025-07-11,Mobile App,Mobile App,Marmara,18-24,Bronze,0,Routine,,0.9982,0.5162,0.3473,0.193
C005651,2025-11-23,Mobile App,Mobile App,Southeastern Anatolia,35-44,Gold,1,Growth,,1.1571,0.7004,0.3342,0.1723
C005652,2025-08-20,Store,Store,Aegean,18-24,Silver,1,At Risk,2025-09-19,1.0255,0.2088,0.3766,0.496
C005653,2022-07-01,Marketplace,Marketplace,Aegean,45-54,Bronze,1,Routine,2023-07-26,0.6831,0.4747,0.4216,0.2767
C005654,2024-01-12,Mobile App,Mobile App,Marmara,25-34,Gold,1,Growth,2025-11-02,0.9995,0.5978,0.4232,0.1677
C005655,2025-04-05,Web,Web,Marmara,35-44,Silver,1,Growth,,1.483,0.6906,0.3101,0.1245
C005656,2025-10-04,Marketplace,Marketplace,Aegean,35-44,Silver,1,Deal Seeker,,0.8917,0.6514,0.8999,0.2751
C005657,2024-11-05,Mobile App,Mobile App,Central Anatolia,45-54,Bronze,1,One-time,2025-02-03,0.7822,0.3758,0.6791,0.196
C005658,2024-10-20,Web,Web,Eastern Anatolia,25-34,Silver,1,Routine,2024-11-19,0.8344,0.3672,0.427,0.1246
C005659,2023-11-14,Mobile App,Mobile App,Marmara,25-34,Silver,1,Deal Seeker,2024-06-11,1.0894,0.5242,0.7014,0.2792
C005660,2022-08-13,Store,Store,Southeastern Anatolia,55+,Platinum,1,High Value Loyal,,2.1926,0.8053,0.2008,0.0867
C005661,2024-07-17,Web,Web,Aegean,35-44,Gold,1,Growth,2024-12-14,1.1014,0.8248,0.2926,0.2328
C005662,2025-09-16,Marketplace,Marketplace,Southeastern Anatolia,25-34,Gold,1,Growth,,1.1844,0.7383,0.4238,0.1545
C005663,2023-02-02,Marketplace,Marketplace,Marmara,45-54,Silver,1,Deal Seeker,,0.7723,0.7841,0.7541,0.2303
C005664,2022-11-01,Mobile App,Mobile App,Marmara,25-34,Bronze,1,Routine,,1.0329,0.4975,0.4589,0.3109
C005665,2023-07-11,Mobile App,Mobile App,Aegean,35-44,Silver,1,Routine,,0.9554,0.6508,0.3409,0.1504
C005666,2025-12-12,Marketplace,Marketplace,Marmara,25-34,Gold,1,Growth,,1.0201,0.7246,0.345,0.3258
C005667,2022-11-26,Marketplace,Marketplace,Black Sea,18-24,Bronze,1,Routine,,1.0847,0.4272,0.3204,0.1881
C005668,2023-05-11,Web,Web,Black Sea,25-34,Silver,1,Deal Seeker,2024-01-06,1.1659,0.5225,0.8919,0.3066
C005669,2025-06-22,Web,Web,Aegean,35-44,Silver,1,Growth,,1.1106,0.7407,0.3722,0.175
C005670,2023-03-24,Web,Web,Marmara,25-34,Silver,1,Growth,2023-10-20,1.3764,0.6612,0.5176,0.2449
C005671,2023-10-19,Store,Store,Marmara,18-24,Gold,1,High Value Loyal,,1.5446,0.8453,0.2008,0.136
C005672,2025-08-11,Mobile App,Mobile App,Marmara,45-54,Gold,1,At Risk,,1.1978,0.1621,0.4772,0.4205
C005673,2022-02-14,Store,Store,Aegean,35-44,Bronze,1,Routine,,1.131,0.6405,0.3405,0.1667
C005674,2022-12-25,Mobile App,Mobile App,Mediterranean,25-34,Platinum,1,High Value Loyal,,1.6191,0.8251,0.343,0.1516
C005675,2025-11-20,Mobile App,Mobile App,Aegean,35-44,Bronze,1,One-time,,0.7069,0.1879,0.6007,0.3293
C005676,2025-12-09,Mobile App,Mobile App,Marmara,45-54,Silver,1,Routine,,0.8841,0.4105,0.4656,0.2668
C005677,2024-06-13,Store,Store,Marmara,25-34,Silver,0,Routine,2025-05-09,0.6903,0.4071,0.2884,0.1027
C005678,2025-05-12,Mobile App,Mobile App,Marmara,55+,Bronze,1,One-time,,0.7977,0.2985,0.7614,0.5381
C005679,2024-06-02,Store,Store,Marmara,18-24,Gold,1,At Risk,,0.8746,0.2868,0.3137,0.4186
C005680,2023-06-21,Web,Web,Black Sea,35-44,Bronze,1,Routine,2025-03-12,0.8213,0.5958,0.2094,0.1571
C005681,2023-09-19,Web,Web,Central Anatolia,18-24,Silver,1,Growth,,1.2103,0.7262,0.4971,0.2779
C005682,2025-05-09,Mobile App,Mobile App,Marmara,25-34,Bronze,1,Routine,,0.739,0.5702,0.3427,0.2234
C005683,2022-12-20,Store,Store,Marmara,35-44,Bronze,1,Deal Seeker,2023-03-20,0.754,0.5811,0.5946,0.2101
C005684,2022-11-26,Store,Store,Black Sea,35-44,Silver,1,Growth,2023-03-26,1.5274,0.8028,0.3747,0.1509
C005685,2025-08-04,Web,Web,Aegean,25-34,Platinum,1,High Value Loyal,,1.5882,0.8543,0.1516,0.1099
C005686,2025-02-07,Mobile App,Mobile App,Marmara,35-44,Silver,1,Routine,,0.8802,0.5039,0.667,0.1414
C005687,2025-02-08,Mobile App,Mobile App,Eastern Anatolia,55+,Bronze,1,One-time,2025-03-10,0.5293,0.2674,0.5578,0.3211
C005688,2025-11-08,Mobile App,Mobile App,Mediterranean,25-34,Bronze,1,One-time,,0.6229,0.294,0.6254,0.3951
C005689,2025-04-06,Mobile App,Mobile App,Central Anatolia,25-34,Silver,1,Growth,2025-06-05,1.2589,0.7411,0.4326,0.2
C005690,2023-01-18,Store,Store,Mediterranean,45-54,Bronze,1,Deal Seeker,2024-05-12,0.9165,0.7131,0.7886,0.2818
C005691,2023-09-19,Store,Store,Mediterranean,25-34,Silver,1,Growth,2024-03-17,1.2792,0.8266,0.3824,0.2355
C005692,2022-12-05,Store,Store,Marmara,35-44,Bronze,0,Routine,2024-07-27,0.7689,0.4483,0.4235,0.1301
C005693,2022-08-11,Marketplace,Marketplace,Marmara,35-44,Silver,0,Deal Seeker,2024-02-02,0.8276,0.5084,0.7214,0.2061
C005694,2022-09-23,Marketplace,Marketplace,Marmara,35-44,Platinum,1,High Value Loyal,2022-11-22,2.1421,0.8727,0.05,0.1476
C005695,2023-05-17,Marketplace,Marketplace,Aegean,35-44,Silver,1,Growth,2023-10-14,1.1703,0.6427,0.3278,0.2285
C005696,2023-12-07,Web,Web,Black Sea,55+,Silver,1,At Risk,2024-09-02,0.7952,0.3849,0.5435,0.5365
C005697,2022-09-15,Store,Store,Marmara,55+,Bronze,0,Routine,2025-06-01,0.912,0.6219,0.3372,0.1278
C005698,2024-12-19,Marketplace,Marketplace,Mediterranean,18-24,Bronze,1,Routine,,0.7484,0.383,0.4188,0.1057
C005699,2024-05-08,Mobile App,Mobile App,Marmara,45-54,Gold,0,Growth,,0.8636,0.7395,0.4059,0.2298
C005700,2024-04-13,Store,Store,Southeastern Anatolia,45-54,Bronze,1,Deal Seeker,,1.0391,0.5344,0.8178,0.1975
C005701,2023-05-02,Marketplace,Marketplace,Marmara,35-44,Silver,1,Growth,,0.9728,0.6527,0.3371,0.3375
C005702,2022-01-02,Store,Store,Marmara,25-34,Gold,1,High Value Loyal,2022-12-28,1.4818,0.8715,0.1869,0.2803
C005703,2025-11-12,Web,Web,Marmara,45-54,Bronze,1,One-time,,0.8511,0.238,0.5988,0.2509
C005704,2025-05-08,Store,Store,Mediterranean,35-44,Silver,1,Deal Seeker,2025-12-04,0.8929,0.7638,0.8971,0.2401
C005705,2022-07-13,Web,Web,Central Anatolia,25-34,Bronze,1,Routine,2022-08-12,0.7769,0.725,0.4802,0.2245
C005706,2022-09-25,Mobile App,Mobile App,Aegean,18-24,Gold,1,High Value Loyal,,1.7337,0.696,0.2479,0.02
C005707,2025-12-08,Web,Web,Southeastern Anatolia,35-44,Silver,1,Growth,,1.3872,0.6232,0.4072,0.2209
C005708,2025-05-13,Marketplace,Marketplace,Central Anatolia,25-34,Bronze,0,One-time,,0.8574,0.2696,0.477,0.4057
C005709,2024-04-15,Store,Store,Marmara,45-54,Silver,1,Growth,2025-05-10,1.1774,0.8487,0.4743,0.1094
C005710,2022-02-11,Marketplace,Marketplace,Mediterranean,55+,Bronze,1,One-time,2022-09-09,0.5551,0.3078,0.7569,0.3579
C005711,2024-05-09,Marketplace,Marketplace,Mediterranean,25-34,Silver,1,At Risk,2025-10-01,1.1875,0.3428,0.5528,0.54
C005712,2023-12-23,Store,Store,Mediterranean,45-54,Bronze,1,Deal Seeker,2025-10-13,0.8848,0.635,0.8948,0.1679
C005713,2022-06-19,Marketplace,Marketplace,Marmara,25-34,Silver,0,Routine,,0.6159,0.4375,0.348,0.0724
C005714,2023-08-13,Marketplace,Marketplace,Black Sea,25-34,Silver,1,Deal Seeker,2025-04-04,0.8481,0.4791,0.9109,0.2386
C005715,2023-09-22,Mobile App,Mobile App,Central Anatolia,18-24,Gold,1,Growth,,1.0575,0.7541,0.1954,0.1862
C005716,2024-02-11,Mobile App,Mobile App,Mediterranean,35-44,Silver,1,Deal Seeker,2025-10-03,0.917,0.6065,0.8003,0.346
C005717,2024-07-07,Web,Web,Central Anatolia,45-54,Silver,1,At Risk,2025-11-29,0.9379,0.3742,0.4233,0.4085
C005718,2022-06-21,Marketplace,Marketplace,Marmara,25-34,Silver,1,Routine,2022-07-21,0.7316,0.4391,0.2943,0.2641
C005719,2024-11-02,Marketplace,Marketplace,Marmara,25-34,Gold,1,High Value Loyal,,1.8427,0.8507,0.1447,0.056
C005720,2023-01-24,Mobile App,Mobile App,Marmara,18-24,Bronze,1,Routine,2023-05-24,0.7654,0.4867,0.2257,0.1498
C005721,2024-01-01,Web,Web,Aegean,45-54,Gold,1,High Value Loyal,,1.5666,0.7156,0.2107,0.0615
C005722,2025-12-19,Mobile App,Mobile App,Central Anatolia,45-54,Bronze,1,Deal Seeker,,1.0315,0.4832,0.6995,0.2952
C005723,2024-08-01,Mobile App,Mobile App,Marmara,18-24,Silver,1,At Risk,,1.1615,0.3097,0.4943,0.5165
C005724,2022-10-09,Web,Web,Marmara,45-54,Platinum,1,High Value Loyal,,1.3118,0.6819,0.3503,0.1423
C005725,2022-12-25,Mobile App,Mobile App,Central Anatolia,45-54,Gold,1,Growth,2023-12-20,0.7547,0.6974,0.4336,0.2024
C005726,2023-02-09,Marketplace,Marketplace,Central Anatolia,35-44,Gold,1,Growth,2023-04-10,1.3088,0.5998,0.2227,0.2933
C005727,2024-12-19,Store,Store,Marmara,55+,Silver,1,At Risk,2025-09-15,0.933,0.2636,0.4368,0.4233
C005728,2022-07-16,Mobile App,Mobile App,Central Anatolia,45-54,Bronze,1,Routine,,0.7367,0.5616,0.4326,0.1476
C005729,2022-05-03,Web,Web,Marmara,25-34,Gold,1,High Value Loyal,2022-07-02,1.8896,0.8236,0.1482,0.1696
C005730,2024-06-02,Marketplace,Marketplace,Aegean,25-34,Gold,0,At Risk,,0.8404,0.3714,0.3684,0.3034
C005731,2022-05-11,Web,Web,Marmara,25-34,Silver,1,Deal Seeker,,0.6522,0.6045,0.8083,0.2091
C005732,2025-03-20,Mobile App,Mobile App,Aegean,18-24,Bronze,1,Routine,,0.7526,0.5258,0.4741,0.2533
C005733,2025-04-15,Mobile App,Mobile App,Marmara,25-34,Gold,1,Growth,,1.3,0.6608,0.2822,0.0973
C005734,2025-01-14,Mobile App,Mobile App,Central Anatolia,35-44,Bronze,1,One-time,2025-02-13,0.5473,0.2289,0.702,0.3652
C005735,2025-11-13,Web,Web,Black Sea,25-34,Bronze,1,Deal Seeker,,1.1138,0.6686,0.8709,0.239
C005736,2024-03-18,Store,Store,Marmara,35-44,Platinum,1,High Value Loyal,,1.8756,0.8779,0.3486,0.0332
C005737,2025-02-21,Store,Store,Eastern Anatolia,55+,Silver,1,Growth,,1.1174,0.7817,0.4081,0.2623
C005738,2024-08-17,Store,Store,Southeastern Anatolia,35-44,Gold,1,High Value Loyal,,1.6354,0.7793,0.2934,0.2107
C005739,2024-06-16,Store,Store,Central Anatolia,25-34,Gold,1,Growth,,1.3344,0.769,0.5307,0.0666
C005740,2024-10-16,Mobile App,Mobile App,Marmara,35-44,Gold,1,High Value Loyal,,1.7985,0.8076,0.2219,0.0383
C005741,2023-05-21,Store,Store,Central Anatolia,45-54,Silver,1,Growth,,1.1457,0.7747,0.3619,0.0926
C005742,2023-12-14,Store,Store,Aegean,18-24,Silver,1,Routine,,0.59,0.466,0.4068,0.1254
C005743,2023-03-21,Store,Store,Central Anatolia,25-34,Bronze,1,Deal Seeker,2024-02-14,1.0766,0.5565,0.7876,0.1794
C005744,2023-07-22,Mobile App,Mobile App,Aegean,25-34,Gold,1,At Risk,2023-08-21,1.2666,0.4511,0.3827,0.6204
C005745,2023-03-14,Web,Web,Mediterranean,35-44,Gold,1,Growth,2025-04-02,0.7829,0.6361,0.2988,0.1667
C005746,2022-11-22,Mobile App,Mobile App,Eastern Anatolia,35-44,Bronze,1,Routine,,0.8341,0.4909,0.2505,0.2607
C005747,2025-12-12,Mobile App,Mobile App,Central Anatolia,25-34,Silver,1,Deal Seeker,,1.113,0.5355,0.7628,0.225
C005748,2023-08-15,Marketplace,Marketplace,Mediterranean,35-44,Silver,1,Deal Seeker,2025-12-02,0.8635,0.5377,0.682,0.1521
C005749,2022-09-21,Store,Store,Marmara,25-34,Gold,1,Growth,2024-08-11,1.4816,0.6737,0.1861,0.1962
C005750,2022-11-06,Mobile App,Mobile App,Black Sea,25-34,Gold,1,High Value Loyal,,1.7546,0.8181,0.0689,0.0916
C005751,2025-02-02,Mobile App,Mobile App,Southeastern Anatolia,55+,Bronze,1,Deal Seeker,,0.8902,0.6988,0.7867,0.2201
C005752,2025-05-06,Mobile App,Mobile App,Southeastern Anatolia,35-44,Silver,1,At Risk,,1.024,0.3073,0.4482,0.3363
C005753,2025-10-05,Mobile App,Mobile App,Black Sea,45-54,Gold,1,Growth,,1.0078,0.5879,0.3037,0.1504
C005754,2025-05-02,Store,Store,Mediterranean,35-44,Bronze,1,Deal Seeker,,1.342,0.5719,0.8794,0.1967
C005755,2023-05-14,Mobile App,Mobile App,Aegean,25-34,Bronze,1,Deal Seeker,2024-03-09,1.0419,0.6217,0.7685,0.2826
C005756,2025-09-17,Web,Web,Aegean,45-54,Bronze,1,One-time,2025-10-17,1.0882,0.2951,0.6032,0.3143
C005757,2024-12-13,Mobile App,Mobile App,Aegean,45-54,Silver,1,Deal Seeker,2025-11-08,1.0586,0.6865,0.872,0.1357
C005758,2024-11-03,Web,Web,Marmara,25-34,Bronze,1,One-time,2025-10-29,0.7692,0.2998,0.7298,0.3447
C005759,2024-01-24,Mobile App,Mobile App,Aegean,45-54,Silver,1,At Risk,2024-09-20,1.0726,0.3702,0.4883,0.5359
C005760,2024-06-21,Store,Store,Black Sea,25-34,Bronze,1,Deal Seeker,2024-10-19,0.9516,0.7042,0.8263,0.1876
C005761,2024-06-19,Mobile App,Mobile App,Mediterranean,25-34,Silver,1,Deal Seeker,,0.6804,0.6755,0.6388,0.1927
C005762,2024-09-05,Web,Web,Marmara,18-24,Bronze,1,Routine,2025-03-04,0.4567,0.6153,0.352,0.2247
C005763,2024-06-04,Marketplace,Marketplace,Eastern Anatolia,45-54,Silver,1,Growth,,0.813,0.5798,0.5034,0.2307
C005764,2025-02-22,Mobile App,Mobile App,Mediterranean,25-34,Bronze,1,One-time,2025-04-23,0.7528,0.3269,0.6357,0.4053
C005765,2024-06-23,Mobile App,Mobile App,Southeastern Anatolia,25-34,Gold,1,High Value Loyal,,1.467,0.876,0.1849,0.0639
C005766,2022-04-09,Mobile App,Mobile App,Aegean,55+,Silver,1,At Risk,2024-02-28,1.0365,0.3043,0.5382,0.5724
C005767,2022-06-22,Store,Store,Marmara,25-34,Silver,1,Deal Seeker,,0.8156,0.6401,0.8913,0.1703
C005768,2025-08-15,Mobile App,Mobile App,Aegean,25-34,Bronze,1,Routine,,0.6695,0.6051,0.3647,0.2823
C005769,2022-10-07,Web,Web,Marmara,45-54,Silver,1,Routine,2022-12-06,0.6372,0.3771,0.4758,0.2831
C005770,2024-10-22,Mobile App,Mobile App,Marmara,45-54,Silver,1,Deal Seeker,2025-08-18,0.8949,0.6716,0.98,0.0981
C005771,2023-08-21,Web,Web,Marmara,45-54,Silver,1,At Risk,2024-02-17,0.8513,0.2914,0.672,0.5498
C005772,2023-01-03,Mobile App,Mobile App,Central Anatolia,35-44,Silver,1,Deal Seeker,2023-09-30,0.768,0.642,0.631,0.1805
C005773,2023-02-26,Mobile App,Mobile App,Central Anatolia,25-34,Silver,1,At Risk,2023-04-27,1.2864,0.2981,0.4386,0.3083
C005774,2025-09-01,Marketplace,Marketplace,Marmara,25-34,Gold,1,At Risk,,0.9176,0.2557,0.4532,0.5666
C005775,2024-01-10,Marketplace,Marketplace,Black Sea,35-44,Gold,1,Growth,2024-07-08,1.4646,0.6638,0.3416,0.0428
C005776,2022-10-02,Mobile App,Mobile App,Central Anatolia,25-34,Bronze,1,Deal Seeker,2024-12-20,0.7068,0.6291,0.7137,0.3084
C005777,2023-05-25,Mobile App,Mobile App,Marmara,35-44,Platinum,1,High Value Loyal,2023-06-24,1.63,0.8501,0.1114,0.1414
C005778,2024-05-19,Web,Web,Marmara,18-24,Bronze,1,Deal Seeker,,1.0028,0.559,0.7363,0.2782
C005779,2025-07-01,Store,Store,Mediterranean,45-54,Bronze,1,Deal Seeker,,0.9742,0.6583,0.7629,0.2694
C005780,2025-12-08,Web,Web,Marmara,45-54,Bronze,1,One-time,,0.6126,0.2883,0.5886,0.3444
C005781,2022-04-22,Marketplace,Marketplace,Aegean,25-34,Silver,1,Growth,2024-02-11,1.5053,0.6237,0.3394,0.3033
C005782,2024-03-06,Store,Store,Central Anatolia,25-34,Silver,1,Growth,2024-06-04,1.0298,0.5366,0.4211,0.1615
C005783,2025-06-01,Marketplace,Marketplace,Mediterranean,18-24,Bronze,1,Deal Seeker,,0.8944,0.65,0.7928,0.2408
C005784,2024-04-02,Mobile App,Mobile App,Central Anatolia,18-24,Gold,1,At Risk,2025-04-27,0.9919,0.4639,0.5704,0.4217
C005785,2023-06-14,Store,Store,Marmara,35-44,Bronze,0,Routine,2025-10-01,1.1317,0.6735,0.3996,0.2185
C005786,2025-10-26,Web,Web,Southeastern Anatolia,45-54,Silver,1,Growth,,1.3364,0.6131,0.2811,0.1053
C005787,2025-11-16,Mobile App,Mobile App,Aegean,18-24,Gold,1,Growth,,1.1145,0.7954,0.4117,0.2654
C005788,2024-08-20,Marketplace,Marketplace,Black Sea,45-54,Bronze,1,One-time,2024-09-19,0.6645,0.4042,0.8087,0.3035
C005789,2025-11-19,Mobile App,Mobile App,Black Sea,18-24,Bronze,1,Routine,,0.96,0.5275,0.3274,0.2834
C005790,2025-10-12,Store,Store,Marmara,25-34,Bronze,1,Routine,,0.8309,0.6005,0.3096,0.2086
C005791,2025-11-23,Web,Web,Marmara,25-34,Gold,1,Growth,,1.7235,0.7067,0.4989,0.1622
C005792,2022-12-15,Store,Store,Central Anatolia,25-34,Silver,1,At Risk,2023-10-11,1.3056,0.3392,0.4042,0.3974
C005793,2022-07-08,Mobile App,Mobile App,Marmara,25-34,Silver,1,At Risk,,0.7737,0.2679,0.3517,0.4035
C005794,2023-08-13,Web,Web,Southeastern Anatolia,35-44,Silver,1,Routine,,1.019,0.4494,0.3611,0.1818
C005795,2025-02-16,Web,Web,Mediterranean,25-34,Bronze,1,Deal Seeker,,1.065,0.8227,0.6721,0.2267
C005796,2025-08-17,Web,Web,Aegean,55+,Bronze,1,Deal Seeker,,1.0217,0.5776,0.8137,0.2198
C005797,2023-11-23,Marketplace,Marketplace,Central Anatolia,25-34,Gold,1,High Value Loyal,2023-12-23,1.7265,0.7566,0.05,0.1345
C005798,2024-09-18,Store,Store,Southeastern Anatolia,25-34,Bronze,0,One-time,2025-10-13,0.7123,0.2457,0.6578,0.4298
C005799,2024-06-19,Web,Web,Marmara,25-34,Bronze,1,One-time,2025-03-16,0.5821,0.1862,0.5354,0.3288
C005800,2025-02-21,Mobile App,Mobile App,Marmara,35-44,Bronze,1,Deal Seeker,,0.6999,0.5794,0.8035,0.0639
C005801,2025-02-14,Marketplace,Marketplace,Marmara,18-24,Bronze,0,One-time,2025-03-16,0.7181,0.3923,0.6975,0.3248
C005802,2022-11-14,Mobile App,Mobile App,Marmara,25-34,Bronze,1,Routine,2024-01-08,0.8396,0.4933,0.2907,0.1161
C005803,2022-03-10,Store,Store,Eastern Anatolia,35-44,Bronze,1,Routine,2022-09-06,0.6495,0.5853,0.3276,0.28
C005804,2023-09-21,Mobile App,Mobile App,Marmara,35-44,Silver,1,Routine,2023-11-20,0.7223,0.4271,0.5333,0.3038
C005805,2025-12-20,Marketplace,Marketplace,Marmara,35-44,Silver,1,Growth,,1.268,0.7658,0.3477,0.1961
C005806,2024-04-23,Mobile App,Mobile App,Black Sea,35-44,Gold,1,High Value Loyal,2025-05-18,1.7476,0.8322,0.2893,0.0445
C005807,2022-08-15,Mobile App,Mobile App,Marmara,25-34,Silver,1,Deal Seeker,2023-06-11,0.8216,0.7413,0.7375,0.2919
C005808,2022-11-07,Web,Web,Central Anatolia,25-34,Platinum,1,High Value Loyal,2024-04-30,1.5833,0.8554,0.2426,0.1915
C005809,2024-03-12,Web,Web,Marmara,45-54,Bronze,1,Routine,,0.914,0.5944,0.3168,0.1849
C005810,2025-11-11,Store,Store,Central Anatolia,35-44,Silver,1,Deal Seeker,,0.7914,0.6576,0.8843,0.1737
C005811,2025-12-01,Web,Web,Southeastern Anatolia,35-44,Platinum,1,High Value Loyal,,1.3,0.7941,0.1441,0.0864
C005812,2025-06-25,Marketplace,Marketplace,Marmara,45-54,Silver,1,At Risk,,0.8767,0.3528,0.5122,0.5192
C005813,2023-09-23,Mobile App,Mobile App,Central Anatolia,55+,Silver,1,Growth,,1.2068,0.6582,0.4743,0.1263
C005814,2025-05-01,Marketplace,Marketplace,Central Anatolia,18-24,Bronze,1,Deal Seeker,2025-08-29,1.0686,0.5519,0.8832,0.1941
C005815,2024-08-15,Marketplace,Marketplace,Mediterranean,18-24,Gold,1,At Risk,2024-09-14,1.1861,0.3573,0.3753,0.4911
C005816,2024-07-02,Web,Web,Marmara,18-24,Silver,1,Routine,,0.8654,0.4471,0.2551,0.2426
C005817,2023-09-02,Store,Store,Aegean,55+,Platinum,1,High Value Loyal,,1.7069,0.9192,0.335,0.0389
C005818,2024-11-11,Store,Store,Central Anatolia,25-34,Platinum,1,High Value Loyal,2024-12-11,1.7945,0.9216,0.3935,0.0818
C005819,2022-02-13,Store,Store,Aegean,35-44,Silver,1,Growth,2022-03-15,0.9262,0.7219,0.5392,0.1565
C005820,2024-05-11,Web,Web,Black Sea,35-44,Bronze,1,Routine,2025-11-02,1.0863,0.4943,0.1956,0.1613
C005821,2022-10-04,Web,Web,Southeastern Anatolia,55+,Silver,1,Routine,2024-09-23,0.8658,0.4945,0.3737,0.1436
C005822,2024-08-19,Mobile App,Mobile App,Marmara,45-54,Platinum,1,High Value Loyal,,1.7444,0.8724,0.3394,0.02
C005823,2022-12-18,Marketplace,Marketplace,Southeastern Anatolia,25-34,Silver,1,Routine,,0.7337,0.4588,0.4151,0.1045
C005824,2024-05-06,Store,Store,Mediterranean,55+,Bronze,1,Routine,,0.939,0.5632,0.1842,0.0709
C005825,2023-01-09,Marketplace,Marketplace,Eastern Anatolia,25-34,Silver,1,At Risk,,0.8809,0.4874,0.5684,0.509
C005826,2025-09-20,Web,Web,Marmara,45-54,Bronze,1,Routine,,0.8065,0.462,0.3538,0.2054
C005827,2025-03-17,Mobile App,Mobile App,Mediterranean,35-44,Silver,1,Growth,,1.0968,0.7651,0.5303,0.2197
C005828,2025-04-22,Mobile App,Mobile App,Marmara,45-54,Silver,1,At Risk,,1.5228,0.3936,0.6868,0.4535
C005829,2024-05-13,Mobile App,Mobile App,Central Anatolia,25-34,Bronze,0,Deal Seeker,,0.673,0.6311,0.8326,0.1975
C005830,2022-12-14,Marketplace,Marketplace,Black Sea,35-44,Silver,1,Deal Seeker,2023-04-13,1.4087,0.7378,0.8623,0.2074
C005831,2025-07-25,Marketplace,Marketplace,Southeastern Anatolia,25-34,Gold,0,High Value Loyal,,0.9873,0.9203,0.2141,0.0771
C005832,2023-01-12,Store,Store,Marmara,45-54,Silver,0,Deal Seeker,2024-02-06,1.0299,0.74,0.9256,0.1889
C005833,2023-02-02,Mobile App,Mobile App,Marmara,45-54,Silver,1,Growth,,1.5196,0.6967,0.3812,0.1965
C005834,2024-07-23,Mobile App,Mobile App,Aegean,35-44,Bronze,1,Deal Seeker,,0.9236,0.5098,0.7313,0.2743
C005835,2022-08-15,Marketplace,Marketplace,Mediterranean,35-44,Bronze,1,Routine,2023-12-08,1.0659,0.4893,0.5217,0.2167
C005836,2025-12-15,Web,Web,Marmara,25-34,Bronze,1,Deal Seeker,,1.0434,0.6517,0.8011,0.3006
C005837,2023-11-24,Marketplace,Marketplace,Marmara,35-44,Silver,1,Deal Seeker,,1.0101,0.3966,0.7893,0.3086
C005838,2024-06-06,Mobile App,Mobile App,Marmara,18-24,Silver,1,Routine,2025-01-02,1.0172,0.4269,0.148,0.1281
C005839,2023-03-08,Marketplace,Marketplace,Marmara,25-34,Gold,1,At Risk,2025-08-24,1.4927,0.377,0.504,0.5914
C005840,2024-04-12,Web,Web,Southeastern Anatolia,25-34,Silver,1,Routine,,0.5892,0.5632,0.3633,0.1892
C005841,2024-10-21,Marketplace,Marketplace,Mediterranean,25-34,Silver,0,At Risk,,0.8915,0.4057,0.3492,0.5081
C005842,2024-03-05,Mobile App,Mobile App,Black Sea,45-54,Gold,1,Growth,,0.9509,0.7645,0.3345,0.02
C005843,2022-11-16,Web,Web,Southeastern Anatolia,25-34,Silver,1,Deal Seeker,,0.751,0.7233,0.691,0.2359
C005844,2025-09-08,Mobile App,Mobile App,Black Sea,45-54,Bronze,1,Routine,,0.8025,0.5637,0.4095,0.2427
C005845,2025-10-10,Web,Web,Central Anatolia,18-24,Gold,1,Growth,,1.2655,0.8384,0.2188,0.1111
C005846,2022-07-07,Mobile App,Mobile App,Eastern Anatolia,45-54,Silver,1,Growth,,1.0951,0.8338,0.3515,0.1449
C005847,2023-03-12,Mobile App,Mobile App,Marmara,35-44,Silver,1,Growth,,1.1146,0.7113,0.4667,0.2065
C005848,2023-12-14,Web,Web,Central Anatolia,35-44,Silver,1,Growth,,1.0424,0.7026,0.2214,0.1709
C005849,2022-10-09,Web,Web,Central Anatolia,45-54,Bronze,1,One-time,2023-03-08,0.6888,0.2961,0.5399,0.3709
C005850,2025-10-04,Store,Store,Marmara,25-34,Bronze,1,Routine,,0.8748,0.547,0.4924,0.1842
C005851,2022-11-07,Store,Store,Marmara,25-34,Bronze,1,One-time,2024-08-28,0.8199,0.3413,0.7542,0.2639
C005852,2023-10-01,Web,Web,Marmara,25-34,Silver,1,Routine,,0.6551,0.6781,0.3272,0.2204
C005853,2025-12-22,Mobile App,Mobile App,Mediterranean,35-44,Platinum,0,High Value Loyal,,1.7776,0.9749,0.0816,0.1459
C005854,2025-05-03,Web,Web,Southeastern Anatolia,25-34,Platinum,1,High Value Loyal,,2.0162,0.98,0.2925,0.025
C005855,2022-05-13,Marketplace,Marketplace,Marmara,35-44,Silver,1,Growth,2023-10-05,0.8287,0.8235,0.3326,0.1886
C005856,2025-08-14,Mobile App,Mobile App,Central Anatolia,25-34,Silver,1,At Risk,,0.9777,0.3042,0.534,0.4711
C005857,2023-03-25,Store,Store,Central Anatolia,55+,Silver,1,Deal Seeker,,0.9915,0.5621,0.7153,0.1513
C005858,2023-04-05,Store,Store,Black Sea,35-44,Silver,0,Growth,2025-02-23,0.9624,0.7001,0.3457,0.0945
C005859,2025-09-07,Store,Store,Marmara,25-34,Gold,1,High Value Loyal,,1.759,0.7394,0.1773,0.1418
C005860,2024-07-05,Web,Web,Marmara,45-54,Silver,1,Growth,,1.2755,0.6442,0.4812,0.1048
C005861,2022-11-26,Mobile App,Mobile App,Aegean,25-34,Silver,1,At Risk,2023-12-21,1.1432,0.314,0.521,0.5444
C005862,2024-02-22,Mobile App,Mobile App,Aegean,35-44,Bronze,1,Deal Seeker,2025-04-17,1.0299,0.6106,0.926,0.1694
C005863,2023-07-09,Mobile App,Mobile App,Black Sea,25-34,Silver,1,Routine,2025-09-26,0.6238,0.424,0.4592,0.2172
C005864,2024-03-25,Mobile App,Mobile App,Marmara,25-34,Gold,1,Growth,2024-04-24,1.5896,0.7619,0.3746,0.042
C005865,2022-12-18,Store,Store,Marmara,18-24,Bronze,1,Deal Seeker,2023-01-17,0.9471,0.5311,0.98,0.2208
C005866,2022-03-24,Marketplace,Marketplace,Aegean,35-44,Silver,1,At Risk,2024-08-10,0.9877,0.4261,0.226,0.4152
C005867,2024-04-05,Store,Store,Marmara,35-44,Bronze,0,Routine,2025-09-27,0.9415,0.5713,0.2909,0.1377
C005868,2024-06-21,Mobile App,Mobile App,Marmara,25-34,Bronze,1,One-time,2025-01-17,0.8193,0.1518,0.5486,0.3023
C005869,2022-05-14,Store,Store,Marmara,25-34,Silver,0,At Risk,2024-12-29,1.2399,0.3103,0.4242,0.451
C005870,2025-06-23,Marketplace,Marketplace,Marmara,18-24,Bronze,1,Routine,,0.7695,0.5732,0.3079,0.0867
C005871,2025-12-21,Marketplace,Marketplace,Central Anatolia,45-54,Silver,1,Growth,,1.0911,0.7573,0.3152,0.1152
C005872,2022-10-20,Marketplace,Marketplace,Central Anatolia,18-24,Silver,1,Deal Seeker,2024-02-12,0.8464,0.5169,0.7775,0.2219
C005873,2024-05-14,Store,Store,Mediterranean,25-34,Gold,1,High Value Loyal,,1.4352,0.6712,0.091,0.02
C005874,2025-02-01,Web,Web,Marmara,35-44,Gold,1,High Value Loyal,,1.3908,0.6055,0.2339,0.0672
C005875,2025-06-09,Web,Web,Aegean,18-24,Bronze,1,Routine,,0.9178,0.3799,0.2999,0.0504
C005876,2025-06-19,Store,Store,Aegean,25-34,Silver,1,Deal Seeker,,0.8329,0.6767,0.7374,0.2101
C005877,2023-11-05,Marketplace,Marketplace,Central Anatolia,25-34,Gold,1,High Value Loyal,,1.4819,0.9046,0.3271,0.0204
C005878,2025-12-25,Web,Web,Marmara,18-24,Platinum,1,High Value Loyal,,1.9453,0.7199,0.093,0.2909
C005879,2024-11-20,Mobile App,Mobile App,Southeastern Anatolia,25-34,Bronze,0,Routine,,1.271,0.5549,0.4599,0.1447
C005880,2023-01-22,Mobile App,Mobile App,Marmara,25-34,Silver,1,Growth,2025-04-11,1.0249,0.6686,0.3432,0.2379
C005881,2023-12-03,Marketplace,Marketplace,Marmara,18-24,Bronze,1,One-time,2025-09-23,0.5724,0.3488,0.6708,0.2257
C005882,2025-05-21,Mobile App,Mobile App,Aegean,25-34,Platinum,1,High Value Loyal,,1.9879,0.8746,0.2168,0.1212
C005883,2025-11-22,Marketplace,Marketplace,Central Anatolia,45-54,Gold,1,Growth,,1.1879,0.8098,0.5735,0.2106
C005884,2025-02-11,Mobile App,Mobile App,Marmara,45-54,Gold,1,High Value Loyal,,1.8195,0.8297,0.05,0.1118
C005885,2022-05-24,Web,Web,Mediterranean,25-34,Silver,1,Deal Seeker,,0.8075,0.7124,0.9194,0.3191
C005886,2024-11-02,Marketplace,Marketplace,Southeastern Anatolia,35-44,Gold,1,Growth,,1.0934,0.7051,0.4741,0.0836
C005887,2024-04-17,Marketplace,Marketplace,Southeastern Anatolia,18-24,Silver,1,Routine,2024-07-16,0.9614,0.4642,0.4037,0.0842
C005888,2024-12-24,Web,Web,Central Anatolia,35-44,Bronze,1,Deal Seeker,,1.0583,0.7552,0.7431,0.2671
C005889,2024-11-08,Store,Store,Central Anatolia,25-34,Silver,1,Routine,2025-08-05,0.7713,0.5801,0.3817,0.2196
C005890,2024-05-25,Web,Web,Marmara,35-44,Silver,1,Growth,2024-06-24,1.2449,0.6844,0.3424,0.2097
C005891,2025-08-19,Web,Web,Marmara,55+,Silver,1,Deal Seeker,,0.8126,0.6937,0.8405,0.265
C005892,2022-11-13,Mobile App,Mobile App,Marmara,25-34,Bronze,1,Routine,,0.7219,0.5465,0.3859,0.1284
C005893,2024-10-02,Web,Web,Marmara,35-44,Silver,0,At Risk,2025-10-27,1.2861,0.4834,0.5126,0.5511
C005894,2022-04-23,Mobile App,Mobile App,Black Sea,25-34,Silver,1,Growth,,1.4603,0.7563,0.4244,0.1052
C005895,2024-08-03,Web,Web,Marmara,55+,Silver,1,Growth,,1.3743,0.6394,0.4879,0.1234
C005896,2025-03-12,Mobile App,Mobile App,Central Anatolia,45-54,Silver,1,Growth,,1.6681,0.616,0.5203,0.1773
C005897,2024-09-04,Web,Web,Central Anatolia,35-44,Bronze,1,Routine,,0.9098,0.5837,0.2434,0.1535
C005898,2023-02-15,Store,Store,Marmara,25-34,Gold,1,High Value Loyal,2024-12-06,1.909,0.6299,0.1885,0.0829
C005899,2023-01-18,Store,Store,Marmara,35-44,Bronze,1,Routine,,0.9662,0.6518,0.3497,0.1267
C005900,2024-07-24,Web,Web,Central Anatolia,45-54,Bronze,0,Routine,2024-12-21,1.2236,0.6021,0.3779,0.2787
C005901,2023-11-17,Web,Web,Central Anatolia,25-34,Bronze,1,Deal Seeker,2024-06-14,0.7288,0.4964,0.7391,0.1463
C005902,2023-11-16,Web,Web,Mediterranean,45-54,Bronze,1,Routine,2024-08-12,0.5979,0.5973,0.3896,0.2551
C005903,2025-12-03,Web,Web,Mediterranean,25-34,Bronze,1,Routine,,0.8083,0.4041,0.3153,0.2351
C005904,2024-08-26,Web,Web,Eastern Anatolia,45-54,Gold,1,At Risk,,0.8313,0.328,0.4509,0.3954
C005905,2022-09-23,Web,Web,Aegean,25-34,Silver,1,Deal Seeker,2023-08-19,1.0549,0.668,0.7387,0.2832
C005906,2024-05-08,Web,Web,Central Anatolia,45-54,Platinum,1,High Value Loyal,,1.6932,0.98,0.116,0.0574
C005907,2023-02-07,Mobile App,Mobile App,Marmara,35-44,Bronze,1,Routine,,0.7362,0.5662,0.4187,0.2359
C005908,2023-06-24,Store,Store,Marmara,25-34,Bronze,1,Deal Seeker,2025-08-12,1.0281,0.5994,0.8346,0.2637
C005909,2023-04-07,Store,Store,Central Anatolia,35-44,Silver,1,Growth,,1.137,0.6096,0.3196,0.1988
C005910,2024-06-23,Marketplace,Marketplace,Marmara,25-34,Bronze,1,One-time,2025-07-18,0.8274,0.2665,0.6058,0.3067
C005911,2024-11-04,Marketplace,Marketplace,Marmara,25-34,Silver,1,Routine,,0.6629,0.5193,0.3561,0.3118
C005912,2025-08-25,Marketplace,Marketplace,Southeastern Anatolia,18-24,Bronze,1,Routine,,0.7639,0.443,0.3986,0.2809
C005913,2025-12-15,Mobile App,Mobile App,Marmara,45-54,Gold,1,High Value Loyal,,2.0809,0.7978,0.1561,0.02
C005914,2025-12-04,Marketplace,Marketplace,Central Anatolia,55+,Bronze,1,One-time,,0.7325,0.25,0.7301,0.4121
C005915,2025-07-02,Mobile App,Mobile App,Marmara,25-34,Silver,1,Deal Seeker,2025-10-30,1.0154,0.596,0.6222,0.188
C005916,2025-10-26,Web,Web,Marmara,35-44,Silver,1,Routine,,0.8347,0.5273,0.3379,0.3047
C005917,2025-07-21,Store,Store,Marmara,35-44,Gold,1,High Value Loyal,,1.3946,0.8195,0.1936,0.0209
C005918,2022-07-15,Marketplace,Marketplace,Mediterranean,25-34,Silver,1,Growth,,1.4593,0.6055,0.279,0.2706
C005919,2025-07-01,Web,Web,Marmara,35-44,Silver,1,Deal Seeker,2025-07-31,0.6818,0.62,0.7769,0.2278
C005920,2022-07-08,Mobile App,Mobile App,Marmara,35-44,Silver,1,Deal Seeker,,0.843,0.7182,0.6314,0.2282
C005921,2022-07-14,Mobile App,Mobile App,Black Sea,25-34,Gold,1,High Value Loyal,,1.559,0.7911,0.2067,0.1861
C005922,2022-09-02,Store,Store,Aegean,25-34,Bronze,1,Deal Seeker,2022-10-02,1.3847,0.6639,0.8033,0.2483
C005923,2025-06-26,Mobile App,Mobile App,Marmara,25-34,Silver,1,Routine,,1.2694,0.5297,0.4034,0.197
C005924,2022-11-15,Store,Store,Black Sea,18-24,Bronze,1,Deal Seeker,2025-07-02,1.1381,0.6351,0.8313,0.39
C005925,2024-07-26,Mobile App,Mobile App,Marmara,35-44,Silver,1,At Risk,,1.1695,0.3635,0.3814,0.5065
C005926,2023-02-10,Marketplace,Marketplace,Marmara,25-34,Gold,1,At Risk,2024-02-05,1.0848,0.3337,0.3526,0.622
C005927,2025-11-22,Marketplace,Marketplace,Central Anatolia,35-44,Bronze,1,Deal Seeker,,1.0564,0.5633,0.9175,0.1768
C005928,2024-07-02,Mobile App,Mobile App,Central Anatolia,18-24,Bronze,1,Routine,,1.1695,0.6074,0.5016,0.185
C005929,2024-04-15,Web,Web,Marmara,25-34,Bronze,1,Deal Seeker,,0.9833,0.5773,0.5964,0.3698
C005930,2024-01-22,Web,Web,Central Anatolia,25-34,Gold,1,High Value Loyal,,1.8283,0.7696,0.182,0.2596
C005931,2025-06-18,Web,Web,Central Anatolia,45-54,Silver,1,At Risk,2025-07-18,0.9334,0.3686,0.4126,0.4799
C005932,2024-01-05,Web,Web,Central Anatolia,25-34,Silver,1,Routine,,1.0459,0.4378,0.1986,0.0694
C005933,2022-11-04,Marketplace,Marketplace,Central Anatolia,45-54,Gold,1,Growth,,1.5758,0.6896,0.3265,0.2279
C005934,2022-05-18,Web,Web,Aegean,45-54,Silver,1,Routine,2022-06-17,0.7853,0.53,0.3842,0.3036
C005935,2025-12-07,Marketplace,Marketplace,Aegean,18-24,Gold,1,High Value Loyal,,1.3141,0.7719,0.1022,0.0563
C005936,2023-12-24,Marketplace,Marketplace,Black Sea,25-34,Gold,1,Growth,,1.2298,0.8506,0.2127,0.2493
C005937,2024-05-15,Web,Web,Marmara,35-44,Bronze,0,Deal Seeker,,1.2853,0.6292,0.7506,0.1966
C005938,2025-06-07,Web,Web,Southeastern Anatolia,25-34,Silver,1,Routine,,0.7852,0.4275,0.6151,0.2367
C005939,2024-03-03,Marketplace,Marketplace,Central Anatolia,25-34,Gold,0,Growth,,1.2822,0.7799,0.3726,0.2002
C005940,2024-05-18,Store,Store,Marmara,35-44,Gold,1,At Risk,,0.893,0.2417,0.5394,0.588
C005941,2025-07-12,Mobile App,Mobile App,Marmara,25-34,Silver,1,Routine,,0.7377,0.4475,0.372,0.2178
C005942,2022-05-01,Web,Web,Aegean,45-54,Gold,1,Growth,2023-06-25,1.2823,0.6684,0.4448,0.2369
C005943,2025-04-20,Web,Web,Mediterranean,35-44,Silver,1,Deal Seeker,,1.26,0.6863,0.8995,0.3002
C005944,2023-06-03,Store,Store,Marmara,18-24,Silver,1,Routine,2023-07-03,1.0057,0.6403,0.3255,0.2671
C005945,2025-08-17,Store,Store,Central Anatolia,25-34,Gold,1,High Value Loyal,,2.0179,0.8167,0.2209,0.0854
C005946,2022-12-23,Store,Store,Central Anatolia,45-54,Bronze,1,Routine,2023-02-21,0.9306,0.5803,0.4243,0.1659
C005947,2025-10-18,Marketplace,Marketplace,Central Anatolia,25-34,Bronze,1,One-time,,0.6872,0.05,0.6371,0.4093
C005948,2023-03-11,Marketplace,Marketplace,Aegean,25-34,Gold,1,High Value Loyal,,2.2398,0.7871,0.1195,0.02
C005949,2024-03-05,Web,Web,Marmara,25-34,Silver,1,At Risk,2024-05-04,1.0,0.2822,0.465,0.6709
C005950,2024-01-26,Mobile App,Mobile App,Aegean,25-34,Bronze,1,One-time,2024-02-25,0.6754,0.3173,0.5229,0.318
C005951,2025-05-18,Mobile App,Mobile App,Aegean,35-44,Gold,1,At Risk,,0.9435,0.3716,0.4386,0.5228
C005952,2024-05-03,Mobile App,Mobile App,Eastern Anatolia,35-44,Platinum,1,High Value Loyal,,2.2636,0.7505,0.1383,0.0667
C005953,2023-05-07,Web,Web,Aegean,35-44,Silver,1,At Risk,2023-06-06,0.9705,0.2518,0.5226,0.4268
C005954,2022-07-06,Store,Store,Marmara,35-44,Gold,1,High Value Loyal,,1.7413,0.877,0.2067,0.1299
C005955,2024-03-16,Web,Web,Central Anatolia,35-44,Gold,1,Growth,,1.1433,0.6031,0.3721,0.3664
C005956,2024-03-24,Web,Web,Mediterranean,35-44,Platinum,1,High Value Loyal,,2.5474,0.7359,0.2724,0.1336
C005957,2025-10-02,Mobile App,Mobile App,Mediterranean,25-34,Gold,1,Growth,,1.159,0.7621,0.4554,0.0651
C005958,2022-07-09,Mobile App,Mobile App,Marmara,45-54,Gold,1,Growth,2024-06-28,1.3861,0.6634,0.3292,0.342
C005959,2023-02-10,Mobile App,Mobile App,Marmara,55+,Silver,1,Routine,,1.0211,0.3832,0.3431,0.1863
C005960,2022-06-01,Marketplace,Marketplace,Marmara,25-34,Silver,1,At Risk,2023-04-27,1.3008,0.3984,0.4826,0.5498
C005961,2022-01-17,Web,Web,Central Anatolia,35-44,Silver,1,Growth,2022-05-17,1.4598,0.6462,0.4754,0.2129
C005962,2022-04-13,Web,Web,Black Sea,45-54,Silver,1,Growth,2024-06-01,1.4239,0.6259,0.4123,0.1569
C005963,2024-10-14,Mobile App,Mobile App,Marmara,55+,Gold,1,High Value Loyal,,1.571,0.7086,0.1853,0.2145
C005964,2023-06-23,Mobile App,Mobile App,Aegean,55+,Bronze,1,Deal Seeker,,1.0314,0.6901,0.9162,0.2896
C005965,2025-08-26,Mobile App,Mobile App,Eastern Anatolia,35-44,Silver,1,Routine,,0.8084,0.4933,0.3195,0.1686
C005966,2022-10-20,Marketplace,Marketplace,Mediterranean,55+,Bronze,0,Routine,,0.799,0.5613,0.315,0.1296
C005967,2023-07-04,Mobile App,Mobile App,Central Anatolia,25-34,Bronze,1,Deal Seeker,2024-06-28,0.9733,0.543,0.7809,0.3352
C005968,2024-11-16,Mobile App,Mobile App,Central Anatolia,18-24,Gold,1,Growth,2025-07-14,0.9947,0.7163,0.3919,0.149
C005969,2024-10-15,Mobile App,Mobile App,Central Anatolia,35-44,Silver,1,Growth,,1.2915,0.6627,0.3731,0.2115
C005970,2024-02-02,Web,Web,Mediterranean,45-54,Silver,1,At Risk,2025-08-25,0.801,0.3482,0.4236,0.4187
C005971,2022-11-06,Store,Store,Aegean,55+,Platinum,0,High Value Loyal,2023-12-31,1.796,0.6669,0.1606,0.0684
C005972,2025-03-24,Marketplace,Marketplace,Aegean,35-44,Gold,1,High Value Loyal,,1.6478,0.9148,0.2665,0.02
C005973,2022-01-08,Marketplace,Marketplace,Marmara,18-24,Bronze,1,One-time,2022-02-07,0.8293,0.1751,0.5857,0.371
C005974,2024-09-15,Web,Web,Marmara,55+,Silver,1,Growth,2024-10-15,1.3393,0.6982,0.5012,0.2092
C005975,2023-12-17,Marketplace,Marketplace,Marmara,45-54,Silver,1,Deal Seeker,2024-01-16,0.8673,0.5109,0.8462,0.3324
C005976,2025-08-18,Mobile App,Mobile App,Central Anatolia,55+,Gold,1,High Value Loyal,,3.2503,0.9287,0.1454,0.142
C005977,2024-09-26,Web,Web,Central Anatolia,25-34,Silver,1,At Risk,2025-08-22,0.8392,0.3283,0.4459,0.45
C005978,2024-12-08,Web,Web,Marmara,25-34,Silver,1,At Risk,,1.2101,0.2624,0.6916,0.4561
C005979,2023-08-20,Store,Store,Central Anatolia,35-44,Bronze,1,Routine,2023-11-18,0.7364,0.5187,0.3702,0.2324
C005980,2025-07-06,Web,Web,Black Sea,45-54,Bronze,1,Routine,,1.0554,0.4351,0.3701,0.0898
C005981,2023-11-17,Web,Web,Aegean,35-44,Silver,1,At Risk,2024-04-15,0.8708,0.4429,0.5844,0.4851
C005982,2022-12-03,Store,Store,Marmara,25-34,Gold,1,At Risk,2023-10-29,1.1044,0.5671,0.5925,0.5703
C005983,2025-04-03,Web,Web,Marmara,35-44,Bronze,1,One-time,2025-07-02,0.599,0.4056,0.6954,0.3616
C005984,2022-07-10,Mobile App,Mobile App,Marmara,18-24,Silver,1,Routine,,0.7652,0.4104,0.3144,0.3219
C005985,2022-06-22,Mobile App,Mobile App,Marmara,45-54,Silver,1,Routine,,0.7811,0.4688,0.3076,0.0912
C005986,2024-03-18,Mobile App,Mobile App,Central Anatolia,25-34,Silver,1,At Risk,2025-07-11,0.6791,0.2887,0.3574,0.6087
C005987,2024-02-09,Marketplace,Marketplace,Black Sea,25-34,Bronze,1,Routine,2024-06-08,0.9698,0.5325,0.4268,0.1304
C005988,2023-08-07,Mobile App,Mobile App,Marmara,25-34,Bronze,1,Deal Seeker,2025-11-24,0.8438,0.7349,0.8864,0.2018
C005989,2024-08-19,Store,Store,Aegean,35-44,Bronze,1,One-time,2025-08-14,0.771,0.1951,0.7345,0.3019
C005990,2024-09-15,Mobile App,Mobile App,Southeastern Anatolia,45-54,Bronze,1,Deal Seeker,,1.0735,0.5492,0.8131,0.3018
C005991,2023-09-02,Mobile App,Mobile App,Black Sea,25-34,Bronze,1,Routine,,0.9829,0.4699,0.4428,0.1459
C005992,2023-10-02,Marketplace,Marketplace,Central Anatolia,45-54,Silver,1,Growth,,0.849,0.7318,0.4231,0.169
C005993,2024-10-26,Mobile App,Mobile App,Aegean,45-54,Silver,1,Routine,,0.7525,0.4389,0.3506,0.2058
C005994,2023-05-21,Marketplace,Marketplace,Aegean,25-34,Gold,1,High Value Loyal,,1.8661,0.7535,0.1123,0.02
C005995,2022-11-26,Web,Web,Mediterranean,35-44,Gold,1,High Value Loyal,,1.4975,0.916,0.1088,0.02
C005996,2024-07-02,Web,Web,Aegean,45-54,Bronze,1,Routine,2025-06-27,0.7607,0.5335,0.4743,0.2537
C005997,2023-08-22,Mobile App,Mobile App,Central Anatolia,25-34,Bronze,1,Deal Seeker,,0.7925,0.7435,0.7401,0.2714
C005998,2022-06-20,Mobile App,Mobile App,Marmara,25-34,Bronze,1,One-time,2022-09-18,0.6426,0.1755,0.6194,0.2707
C005999,2025-09-22,Mobile App,Mobile App,Aegean,25-34,Silver,1,At Risk,,1.1592,0.2738,0.5354,0.444
C006000,2023-03-16,Mobile App,Mobile App,Central Anatolia,25-34,Gold,1,High Value Loyal,2023-09-12,2.4961,0.7492,0.05,0.0296
