campaign_id,customer_id,contact_date,responded_flag,conversion_value,contact_cost
CMP001,C005954,2024-03-15,0,0.0,58.0
CMP001,C005696,2024-03-15,0,0.0,58.0
CMP001,C003470,2024-03-15,0,0.0,58.0
CMP001,C005122,2024-03-15,0,0.0,58.0
CMP001,C002652,2024-03-15,0,0.0,58.0
CMP001,C002554,2024-03-15,0,0.0,58.0
CMP001,C000110,2024-03-15,0,0.0,58.0
CMP001,C001253,2024-03-15,0,0.0,58.0
CMP001,C004147,2024-03-15,0,0.0,58.0
CMP001,C002313,2024-03-15,0,0.0,58.0
CMP001,C002889,2024-03-15,0,0.0,58.0
CMP001,C003216,2024-03-15,0,0.0,58.0
CMP001,C000261,2024-03-15,1,200.9,58.0
CMP001,C000341,2024-03-15,0,0.0,58.0
CMP001,C004733,2024-03-15,1,847.25,58.0
CMP001,C005131,2024-03-15,0,0.0,58.0
CMP001,C003588,2024-03-15,1,972.66,58.0
CMP001,C001679,2024-03-15,0,0.0,58.0
CMP001,C003113,2024-03-15,1,339.28,58.0
CMP001,C003373,2024-03-15,0,0.0,58.0
CMP001,C000393,2024-03-15,0,0.0,58.0
CMP001,C003636,2024-03-15,1,241.68,58.0
CMP001,C005865,2024-03-15,0,0.0,58.0
CMP001,C000861,2024-03-15,0,0.0,58.0
CMP001,C002814,2024-03-15,1,1937.72,58.0
CMP001,C005769,2024-03-15,0,0.0,58.0
CMP001,C003089,2024-03-15,0,0.0,58.0
CMP001,C002459,2024-03-15,1,793.34,58.0
CMP001,C003170,2024-03-15,0,0.0,58.0
CMP001,C004596,2024-03-15,0,0.0,58.0
CMP001,C004225,2024-03-15,1,1187.35,58.0
CMP001,C000594,2024-03-15,0,0.0,58.0
CMP001,C005781,2024-03-15,0,0.0,58.0
CMP001,C000455,2024-03-15,0,0.0,58.0
CMP001,C001972,2024-03-15,0,0.0,58.0
CMP001,C001652,2024-03-15,0,0.0,58.0
CMP001,C003004,2024-03-15,1,1139.68,58.0
CMP001,C001731,2024-03-15,0,0.0,58.0
CMP001,C003744,2024-03-15,1,268.69,58.0
CMP001,C005078,2024-03-15,1,1342.14,58.0
CMP001,C001522,2024-03-15,0,0.0,58.0
CMP001,C004675,2024-03-15,0,0.0,58.0
CMP001,C005440,2024-03-15,1,414.63,58.0
CMP001,C004802,2024-03-15,0,0.0,58.0
CMP001,C000798,2024-03-15,0,0.0,58.0
CMP001,C000304,2024-03-15,0,0.0,58.0
CMP001,C002494,2024-03-15,0,0.0,58.0
CMP001,C001593,2024-03-15,0,0.0,58.0
CMP001,C002408,2024-03-15,1,192.16,58.0
CMP001,C004287,2024-03-15,0,0.0,58.0
CMP001,C001378,2024-03-15,0,0.0,58.0
CMP001,C000888,2024-03-15,1,306.33,58.0
CMP001,C003243,2024-03-15,1,1463.61,58.0
CMP001,C003827,2024-03-15,0,0.0,58.0
CMP001,C004017,2024-03-15,1,182.96,58.0
CMP001,C005297,2024-03-15,0,0.0,58.0
CMP001,C004798,2024-03-15,0,0.0,58.0
CMP001,C000889,2024-03-15,0,0.0,58.0
CMP001,C005258,2024-03-15,0,0.0,58.0
CMP001,C000751,2024-03-15,0,0.0,58.0
CMP001,C004601,2024-03-15,0,0.0,58.0
CMP001,C003655,2024-03-15,0,0.0,58.0
CMP001,C001358,2024-03-15,0,0.0,58.0
CMP001,C004585,2024-03-15,0,0.0,58.0
CMP001,C003877,2024-03-15,0,0.0,58.0
CMP001,C004674,2024-03-15,0,0.0,58.0
CMP001,C004693,2024-03-15,0,0.0,58.0
CMP001,C004628,2024-03-15,0,0.0,58.0
CMP001,C004885,2024-03-15,1,777.72,58.0
CMP001,C004806,2024-03-15,0,0.0,58.0
CMP001,C001842,2024-03-15,0,0.0,58.0
CMP001,C004513,2024-03-15,0,0.0,58.0
CMP001,C005451,2024-03-15,0,0.0,58.0
CMP001,C004626,2024-03-15,0,0.0,58.0
CMP001,C001553,2024-03-15,0,0.0,58.0
CMP001,C001344,2024-03-15,0,0.0,58.0
CMP001,C003660,2024-03-15,0,0.0,58.0
CMP001,C005718,2024-03-15,0,0.0,58.0
CMP001,C000520,2024-03-15,0,0.0,58.0
CMP001,C000313,2024-03-15,1,382.41,58.0
CMP001,C000049,2024-03-15,0,0.0,58.0
CMP001,C004647,2024-03-15,1,653.67,58.0
CMP001,C005479,2024-03-15,0,0.0,58.0
CMP001,C000326,2024-03-15,0,0.0,58.0
CMP001,C004958,2024-03-15,1,616.34,58.0
CMP001,C001054,2024-03-15,0,0.0,58.0
CMP001,C003835,2024-03-15,0,0.0,58.0
CMP001,C003764,2024-03-15,0,0.0,58.0
CMP001,C003230,2024-03-15,0,0.0,58.0
CMP001,C002744,2024-03-15,0,0.0,58.0
CMP001,C005559,2024-03-15,1,2032.14,58.0
CMP001,C005216,2024-03-15,0,0.0,58.0
CMP001,C005855,2024-03-15,0,0.0,58.0
CMP001,C003743,2024-03-15,0,0.0,58.0
CMP001,C005396,2024-03-15,0,0.0,58.0
CMP001,C005892,2024-03-15,0,0.0,58.0
CMP001,C003002,2024-03-15,0,0.0,58.0
CMP001,C005921,2024-03-15,0,0.0,58.0
CMP001,C001089,2024-03-15,0,0.0,58.0
CMP001,C002689,2024-03-15,0,0.0,58.0
CMP001,C002729,2024-03-15,0,0.0,58.0
CMP001,C000437,2024-03-15,0,0.0,58.0
CMP001,C005950,2024-03-15,0,0.0,58.0
CMP001,C002214,2024-03-15,0,0.0,58.0
CMP001,C004071,2024-03-15,0,0.0,58.0
CMP001,C004003,2024-03-15,1,472.47,58.0
CMP001,C004584,2024-03-15,0,0.0,58.0
CMP001,C000411,2024-03-15,1,1750.28,58.0
CMP001,C000522,2024-03-15,0,0.0,58.0
CMP001,C000040,2024-03-15,0,0.0,58.0
CMP001,C005691,2024-03-15,0,0.0,58.0
CMP001,C004946,2024-03-15,0,0.0,58.0
CMP001,C002428,2024-03-15,0,0.0,58.0
CMP001,C002973,2024-03-15,1,752.61,58.0
CMP001,C001575,2024-03-15,0,0.0,58.0
CMP001,C005599,2024-03-15,0,0.0,58.0
CMP001,C002392,2024-03-15,0,0.0,58.0
CMP001,C003836,2024-03-15,0,0.0,58.0
CMP001,C001482,2024-03-15,0,0.0,58.0
CMP001,C004993,2024-03-15,0,0.0,58.0
CMP001,C000777,2024-03-15,1,1257.83,58.0
CMP001,C001537,2024-03-15,0,0.0,58.0
CMP001,C005936,2024-03-15,0,0.0,58.0
CMP001,C003506,2024-03-15,1,1193.04,58.0
CMP001,C002677,2024-03-15,0,0.0,58.0
CMP001,C004976,2024-03-15,0,0.0,58.0
CMP001,C003083,2024-03-15,0,0.0,58.0
CMP001,C002535,2024-03-15,0,0.0,58.0
CMP001,C001502,2024-03-15,0,0.0,58.0
CMP001,C005526,2024-03-15,1,648.01,58.0
CMP001,C002020,2024-03-15,0,0.0,58.0
CMP001,C005837,2024-03-15,0,0.0,58.0
CMP001,C005294,2024-03-15,0,0.0,58.0
CMP001,C004095,2024-03-15,1,1043.62,58.0
CMP001,C002951,2024-03-15,0,0.0,58.0
CMP001,C003844,2024-03-15,1,184.99,58.0
CMP001,C003182,2024-03-15,0,0.0,58.0
CMP001,C004268,2024-03-15,0,0.0,58.0
CMP001,C004527,2024-03-15,1,399.85,58.0
CMP001,C003583,2024-03-15,0,0.0,58.0
CMP001,C002875,2024-03-15,0,0.0,58.0
CMP001,C003491,2024-03-15,0,0.0,58.0
CMP001,C001901,2024-03-15,0,0.0,58.0
CMP001,C004153,2024-03-15,0,0.0,58.0
CMP001,C002871,2024-03-15,0,0.0,58.0
CMP001,C005276,2024-03-15,1,1163.36,58.0
CMP001,C001059,2024-03-15,0,0.0,58.0
CMP001,C005169,2024-03-15,0,0.0,58.0
CMP001,C004240,2024-03-15,0,0.0,58.0
CMP001,C004173,2024-03-15,1,1379.87,58.0
CMP001,C002431,2024-03-15,0,0.0,58.0
CMP001,C001607,2024-03-15,1,800.61,58.0
CMP001,C000467,2024-03-15,1,2191.57,58.0
CMP001,C000188,2024-03-15,0,0.0,58.0
CMP001,C000172,2024-03-15,0,0.0,58.0
CMP001,C005637,2024-03-15,0,0.0,58.0
CMP001,C004453,2024-03-15,0,0.0,58.0
CMP001,C003220,2024-03-15,0,0.0,58.0
CMP001,C003559,2024-03-15,1,3716.19,58.0
CMP001,C002904,2024-03-15,0,0.0,58.0
CMP001,C001121,2024-03-15,1,384.04,58.0
CMP001,C003192,2024-03-15,0,0.0,58.0
CMP001,C002011,2024-03-15,0,0.0,58.0
CMP001,C005817,2024-03-15,1,2194.45,58.0
CMP001,C004587,2024-03-15,1,6357.78,58.0
CMP001,C002072,2024-03-15,0,0.0,58.0
CMP001,C003591,2024-03-15,1,469.81,58.0
CMP001,C001820,2024-03-15,1,645.43,58.0
CMP001,C003250,2024-03-15,1,1698.79,58.0
CMP001,C001401,2024-03-15,0,0.0,58.0
CMP001,C004198,2024-03-15,1,790.26,58.0
CMP001,C000916,2024-03-15,0,0.0,58.0
CMP001,C004730,2024-03-15,0,0.0,58.0
CMP001,C001389,2024-03-15,0,0.0,58.0
CMP001,C000379,2024-03-15,0,0.0,58.0
CMP001,C004505,2024-03-15,0,0.0,58.0
CMP001,C004514,2024-03-15,0,0.0,58.0
CMP001,C001232,2024-03-15,0,0.0,58.0
CMP001,C001345,2024-03-15,0,0.0,58.0
CMP001,C001430,2024-03-15,1,1207.4,58.0
CMP001,C000813,2024-03-15,0,0.0,58.0
CMP001,C000592,2024-03-15,0,0.0,58.0
CMP001,C003383,2024-03-15,0,0.0,58.0
CMP001,C004172,2024-03-15,0,0.0,58.0
CMP001,C005877,2024-03-15,0,0.0,58.0
CMP001,C002108,2024-03-15,1,3768.41,58.0
CMP001,C003689,2024-03-15,1,980.53,58.0
CMP001,C000874,2024-03-15,0,0.0,58.0
CMP001,C001466,2024-03-15,1,1367.27,58.0
CMP001,C003019,2024-03-15,0,0.0,58.0
CMP001,C003066,2024-03-15,1,752.5,58.0
CMP001,C001013,2024-03-15,0,0.0,58.0
CMP001,C000384,2024-03-15,0,0.0,58.0
CMP001,C004184,2024-03-15,1,1234.81,58.0
CMP001,C001758,2024-03-15,0,0.0,58.0
CMP001,C000262,2024-03-15,0,0.0,58.0
CMP001,C000090,2024-03-15,0,0.0,58.0
CMP001,C001849,2024-03-15,0,0.0,58.0
CMP001,C003285,2024-03-15,0,0.0,58.0
CMP001,C002083,2024-03-15,1,962.84,58.0
CMP001,C004750,2024-03-15,0,0.0,58.0
CMP001,C002101,2024-03-15,0,0.0,58.0
CMP001,C005729,2024-03-15,0,0.0,58.0
CMP001,C003534,2024-03-15,0,0.0,58.0
CMP001,C002139,2024-03-15,0,0.0,58.0
CMP001,C002091,2024-03-15,0,0.0,58.0
CMP001,C002728,2024-03-15,0,0.0,58.0
CMP001,C003623,2024-03-15,0,0.0,58.0
CMP001,C002858,2024-03-15,1,3022.24,58.0
CMP001,C000401,2024-03-15,0,0.0,58.0
CMP001,C000238,2024-03-15,1,1295.1,58.0
CMP001,C000362,2024-03-15,0,0.0,58.0
CMP001,C000350,2024-03-15,0,0.0,58.0
CMP001,C002057,2024-03-15,0,0.0,58.0
CMP001,C001874,2024-03-15,1,263.32,58.0
CMP001,C004215,2024-03-15,1,1175.34,58.0
CMP001,C002298,2024-03-15,0,0.0,58.0
CMP001,C003972,2024-03-15,0,0.0,58.0
CMP001,C003943,2024-03-15,1,232.0,58.0
CMP001,C000739,2024-03-15,0,0.0,58.0
CMP001,C005140,2024-03-15,1,928.77,58.0
CMP001,C000516,2024-03-15,0,0.0,58.0
CMP001,C002449,2024-03-15,0,0.0,58.0
CMP001,C002655,2024-03-15,0,0.0,58.0
CMP001,C003455,2024-03-15,0,0.0,58.0
CMP001,C004860,2024-03-15,0,0.0,58.0
CMP001,C002823,2024-03-15,0,0.0,58.0
CMP001,C002521,2024-03-15,0,0.0,58.0
CMP001,C000300,2024-03-15,0,0.0,58.0
CMP001,C004077,2024-03-15,0,0.0,58.0
CMP001,C003409,2024-03-15,0,0.0,58.0
CMP001,C004576,2024-03-15,0,0.0,58.0
CMP001,C003770,2024-03-15,0,0.0,58.0
CMP001,C005208,2024-03-15,0,0.0,58.0
CMP001,C000568,2024-03-15,0,0.0,58.0
CMP001,C000391,2024-03-15,0,0.0,58.0
CMP001,C004138,2024-03-15,0,0.0,58.0
CMP001,C000183,2024-03-15,0,0.0,58.0
CMP001,C005922,2024-03-15,0,0.0,58.0
CMP001,C004144,2024-03-15,0,0.0,58.0
CMP001,C001048,2024-03-15,0,0.0,58.0
CMP001,C002299,2024-03-15,0,0.0,58.0
CMP001,C000761,2024-03-15,0,0.0,58.0
CMP001,C001822,2024-03-15,1,2454.52,58.0
CMP001,C002726,2024-03-15,0,0.0,58.0
CMP001,C000721,2024-03-15,0,0.0,58.0
CMP001,C002210,2024-03-15,0,0.0,58.0
CMP001,C002577,2024-03-15,0,0.0,58.0
CMP001,C001280,2024-03-15,0,0.0,58.0
CMP001,C000133,2024-03-15,0,0.0,58.0
CMP001,C005021,2024-03-15,0,0.0,58.0
CMP001,C002028,2024-03-15,0,0.0,58.0
CMP001,C005334,2024-03-15,0,0.0,58.0
CMP001,C000135,2024-03-15,1,1221.31,58.0
CMP001,C000451,2024-03-15,0,0.0,58.0
CMP001,C005690,2024-03-15,0,0.0,58.0
CMP001,C002698,2024-03-15,0,0.0,58.0
CMP001,C004968,2024-03-15,0,0.0,58.0
CMP001,C004259,2024-03-15,0,0.0,58.0
CMP001,C005249,2024-03-15,1,3045.21,58.0
CMP001,C000942,2024-03-15,1,760.89,58.0
CMP001,C004322,2024-03-15,0,0.0,58.0
CMP001,C001594,2024-03-15,0,0.0,58.0
CMP001,C005508,2024-03-15,0,0.0,58.0
CMP001,C002358,2024-03-15,1,548.54,58.0
CMP001,C001185,2024-03-15,0,0.0,58.0
CMP001,C003726,2024-03-15,0,0.0,58.0
CMP001,C005944,2024-03-15,0,0.0,58.0
CMP001,C000372,2024-03-15,0,0.0,58.0
CMP001,C003813,2024-03-15,0,0.0,58.0
CMP001,C002618,2024-03-15,0,0.0,58.0
CMP001,C000581,2024-03-15,0,0.0,58.0
CMP001,C003554,2024-03-15,0,0.0,58.0
CMP001,C002819,2024-03-15,1,253.48,58.0
CMP001,C004590,2024-03-15,1,655.81,58.0
CMP001,C000667,2024-03-15,0,0.0,58.0
CMP001,C001509,2024-03-15,0,0.0,58.0
CMP001,C003073,2024-03-15,0,0.0,58.0
CMP001,C000838,2024-03-15,0,0.0,58.0
CMP001,C004945,2024-03-15,0,0.0,58.0
CMP001,C005429,2024-03-15,0,0.0,58.0
CMP001,C001643,2024-03-15,0,0.0,58.0
CMP001,C001316,2024-03-15,0,0.0,58.0
CMP001,C002461,2024-03-15,0,0.0,58.0
CMP001,C004305,2024-03-15,0,0.0,58.0
CMP001,C002759,2024-03-15,0,0.0,58.0
CMP001,C001478,2024-03-15,0,0.0,58.0
CMP001,C005467,2024-03-15,0,0.0,58.0
CMP001,C001006,2024-03-15,1,584.18,58.0
CMP001,C004135,2024-03-15,1,2376.14,58.0
CMP001,C004544,2024-03-15,1,960.21,58.0
CMP001,C002013,2024-03-15,1,4599.91,58.0
CMP001,C005488,2024-03-15,0,0.0,58.0
CMP001,C005930,2024-03-15,0,0.0,58.0
CMP001,C005272,2024-03-15,0,0.0,58.0
CMP001,C004349,2024-03-15,0,0.0,58.0
CMP001,C004999,2024-03-15,0,0.0,58.0
CMP001,C000095,2024-03-15,0,0.0,58.0
CMP001,C002170,2024-03-15,0,0.0,58.0
CMP001,C005659,2024-03-15,0,0.0,58.0
CMP001,C001477,2024-03-15,0,0.0,58.0
CMP001,C004829,2024-03-15,0,0.0,58.0
CMP001,C004481,2024-03-15,0,0.0,58.0
CMP001,C003937,2024-03-15,0,0.0,58.0
CMP001,C005660,2024-03-15,1,185.02,58.0
CMP001,C000252,2024-03-15,0,0.0,58.0
CMP001,C004118,2024-03-15,1,939.6,58.0
CMP001,C001270,2024-03-15,0,0.0,58.0
CMP001,C004179,2024-03-15,0,0.0,58.0
CMP001,C000251,2024-03-15,0,0.0,58.0
CMP001,C000699,2024-03-15,0,0.0,58.0
CMP001,C004586,2024-03-15,0,0.0,58.0
CMP001,C002963,2024-03-15,0,0.0,58.0
CMP001,C002580,2024-03-15,0,0.0,58.0
CMP001,C000410,2024-03-15,0,0.0,58.0
CMP001,C001261,2024-03-15,0,0.0,58.0
CMP001,C001073,2024-03-15,0,0.0,58.0
CMP001,C001605,2024-03-15,0,0.0,58.0
CMP001,C002789,2024-03-15,0,0.0,58.0
CMP001,C001768,2024-03-15,0,0.0,58.0
CMP001,C000225,2024-03-15,1,3001.74,58.0
CMP001,C005426,2024-03-15,0,0.0,58.0
CMP001,C002049,2024-03-15,0,0.0,58.0
CMP001,C005715,2024-03-15,0,0.0,58.0
CMP001,C000717,2024-03-15,0,0.0,58.0
CMP001,C003044,2024-03-15,0,0.0,58.0
CMP001,C002738,2024-03-15,0,0.0,58.0
CMP001,C002720,2024-03-15,1,591.51,58.0
CMP001,C004986,2024-03-15,0,0.0,58.0
CMP001,C005137,2024-03-15,0,0.0,58.0
CMP001,C003659,2024-03-15,0,0.0,58.0
CMP001,C001027,2024-03-15,0,0.0,58.0
CMP001,C001018,2024-03-15,0,0.0,58.0
CMP001,C000473,2024-03-15,1,1574.85,58.0
CMP001,C001957,2024-03-15,0,0.0,58.0
CMP001,C003291,2024-03-15,0,0.0,58.0
CMP001,C003920,2024-03-15,1,923.07,58.0
CMP001,C003266,2024-03-15,0,0.0,58.0
CMP001,C005507,2024-03-15,0,0.0,58.0
CMP001,C001204,2024-03-15,1,5670.45,58.0
CMP001,C005301,2024-03-15,0,0.0,58.0
CMP001,C005268,2024-03-15,0,0.0,58.0
CMP001,C004271,2024-03-15,0,0.0,58.0
CMP001,C001184,2024-03-15,0,0.0,58.0
CMP001,C003197,2024-03-15,1,1149.9,58.0
CMP001,C000994,2024-03-15,1,816.5,58.0
CMP001,C004393,2024-03-15,0,0.0,58.0
CMP001,C000619,2024-03-15,0,0.0,58.0
CMP001,C000886,2024-03-15,0,0.0,58.0
CMP001,C003386,2024-03-15,0,0.0,58.0
CMP001,C003784,2024-03-15,0,0.0,58.0
CMP001,C002767,2024-03-15,1,1156.0,58.0
CMP001,C003687,2024-03-15,0,0.0,58.0
CMP001,C005039,2024-03-15,0,0.0,58.0
CMP001,C001794,2024-03-15,0,0.0,58.0
CMP001,C000498,2024-03-15,0,0.0,58.0
CMP001,C002036,2024-03-15,0,0.0,58.0
CMP001,C000230,2024-03-15,1,1340.19,58.0
CMP001,C005907,2024-03-15,0,0.0,58.0
CMP001,C004588,2024-03-15,0,0.0,58.0
CMP001,C003107,2024-03-15,0,0.0,58.0
CMP001,C001277,2024-03-15,1,716.42,58.0
CMP001,C003671,2024-03-15,0,0.0,58.0
CMP001,C005387,2024-03-15,1,26.42,58.0
CMP001,C001409,2024-03-15,0,0.0,58.0
CMP001,C004574,2024-03-15,0,0.0,58.0
CMP001,C000314,2024-03-15,0,0.0,58.0
CMP001,C005560,2024-03-15,0,0.0,58.0
CMP001,C004409,2024-03-15,0,0.0,58.0
CMP001,C004631,2024-03-15,1,1705.94,58.0
CMP001,C000302,2024-03-15,0,0.0,58.0
CMP001,C005706,2024-03-15,1,1397.58,58.0
CMP001,C004171,2024-03-15,0,0.0,58.0
CMP001,C000860,2024-03-15,0,0.0,58.0
CMP001,C000929,2024-03-15,0,0.0,58.0
CMP001,C002363,2024-03-15,1,426.07,58.0
CMP001,C003391,2024-03-15,1,1385.68,58.0
CMP001,C003429,2024-03-15,0,0.0,58.0
CMP001,C003524,2024-03-15,0,0.0,58.0
CMP001,C004734,2024-03-15,0,0.0,58.0
CMP001,C004354,2024-03-15,0,0.0,58.0
CMP001,C005262,2024-03-15,0,0.0,58.0
CMP001,C003874,2024-03-15,0,0.0,58.0
CMP001,C000824,2024-03-15,0,0.0,58.0
CMP001,C000747,2024-03-15,0,0.0,58.0
CMP001,C000111,2024-03-15,0,0.0,58.0
CMP001,C001712,2024-03-15,0,0.0,58.0
CMP001,C004106,2024-03-15,1,1396.14,58.0
CMP001,C000414,2024-03-15,0,0.0,58.0
CMP001,C000051,2024-03-15,0,0.0,58.0
CMP001,C005230,2024-03-15,1,238.07,58.0
CMP001,C003013,2024-03-15,1,927.85,58.0
CMP001,C002411,2024-03-15,0,0.0,58.0
CMP001,C004724,2024-03-15,0,0.0,58.0
CMP001,C005310,2024-03-15,0,0.0,58.0
CMP001,C004180,2024-03-15,0,0.0,58.0
CMP001,C002159,2024-03-15,1,3224.64,58.0
CMP001,C004255,2024-03-15,0,0.0,58.0
CMP001,C005040,2024-03-15,0,0.0,58.0
CMP001,C004502,2024-03-15,0,0.0,58.0
CMP001,C000170,2024-03-15,0,0.0,58.0
CMP001,C003843,2024-03-15,0,0.0,58.0
CMP001,C003522,2024-03-15,0,0.0,58.0
CMP001,C000259,2024-03-15,0,0.0,58.0
CMP001,C004581,2024-03-15,0,0.0,58.0
CMP001,C003412,2024-03-15,0,0.0,58.0
CMP001,C001959,2024-03-15,0,0.0,58.0
CMP001,C003473,2024-03-15,0,0.0,58.0
CMP001,C002186,2024-03-15,0,0.0,58.0
CMP001,C003647,2024-03-15,0,0.0,58.0
CMP001,C005653,2024-03-15,1,559.18,58.0
CMP001,C004030,2024-03-15,0,0.0,58.0
CMP001,C004018,2024-03-15,0,0.0,58.0
CMP001,C001301,2024-03-15,0,0.0,58.0
CMP001,C001285,2024-03-15,0,0.0,58.0
CMP001,C000573,2024-03-15,0,0.0,58.0
CMP001,C001205,2024-03-15,1,1798.71,58.0
CMP001,C000444,2024-03-15,1,1747.8,58.0
CMP001,C005280,2024-03-15,0,0.0,58.0
CMP001,C000908,2024-03-15,1,1015.03,58.0
CMP001,C002566,2024-03-15,1,1846.35,58.0
CMP001,C001425,2024-03-15,0,0.0,58.0
CMP001,C002533,2024-03-15,1,1095.23,58.0
CMP001,C002051,2024-03-15,0,0.0,58.0
CMP001,C000492,2024-03-15,0,0.0,58.0
CMP001,C002921,2024-03-15,0,0.0,58.0
CMP001,C004751,2024-03-15,0,0.0,58.0
CMP001,C003873,2024-03-15,0,0.0,58.0
CMP001,C005839,2024-03-15,0,0.0,58.0
CMP001,C000523,2024-03-15,0,0.0,58.0
CMP001,C004507,2024-03-15,0,0.0,58.0
CMP001,C000934,2024-03-15,0,0.0,58.0
CMP001,C003008,2024-03-15,0,0.0,58.0
CMP001,C004903,2024-03-15,0,0.0,58.0
CMP001,C002207,2024-03-15,0,0.0,58.0
CMP001,C003293,2024-03-15,0,0.0,58.0
CMP001,C002389,2024-03-15,0,0.0,58.0
CMP001,C005196,2024-03-15,0,0.0,58.0
CMP001,C004486,2024-03-15,0,0.0,58.0
CMP001,C001515,2024-03-15,0,0.0,58.0
CMP001,C004366,2024-03-15,0,0.0,58.0
CMP001,C000368,2024-03-15,1,479.32,58.0
CMP001,C004040,2024-03-15,1,1213.72,58.0
CMP001,C002070,2024-03-15,1,881.3,58.0
CMP001,C004037,2024-03-15,1,225.38,58.0
CMP001,C002665,2024-03-15,1,837.5,58.0
CMP001,C000816,2024-03-15,0,0.0,58.0
CMP001,C005948,2024-03-15,0,0.0,58.0
CMP001,C002586,2024-03-15,1,660.91,58.0
CMP001,C000190,2024-03-15,1,1670.84,58.0
CMP001,C004906,2024-03-15,0,0.0,58.0
CMP001,C004165,2024-03-15,0,0.0,58.0
CMP001,C005918,2024-03-15,0,0.0,58.0
CMP001,C003983,2024-03-15,0,0.0,58.0
CMP001,C002944,2024-03-15,0,0.0,58.0
CMP001,C001092,2024-03-15,0,0.0,58.0
CMP001,C000971,2024-03-15,0,0.0,58.0
CMP001,C000607,2024-03-15,0,0.0,58.0
CMP001,C004471,2024-03-15,0,0.0,58.0
CMP001,C005349,2024-03-15,0,0.0,58.0
CMP001,C002616,2024-03-15,0,0.0,58.0
CMP001,C004949,2024-03-15,0,0.0,58.0
CMP001,C002266,2024-03-15,0,0.0,58.0
CMP001,C005680,2024-03-15,0,0.0,58.0
CMP001,C003125,2024-03-15,0,0.0,58.0
CMP001,C001496,2024-03-15,0,0.0,58.0
CMP001,C002168,2024-03-15,1,803.32,58.0
CMP001,C003592,2024-03-15,0,0.0,58.0
CMP001,C001074,2024-03-15,0,0.0,58.0
CMP001,C005184,2024-03-15,0,0.0,58.0
CMP001,C004177,2024-03-15,0,0.0,58.0
CMP001,C005100,2024-03-15,0,0.0,58.0
CMP001,C005862,2024-03-15,1,3871.36,58.0
CMP001,C004158,2024-03-15,0,0.0,58.0
CMP001,C000086,2024-03-15,1,1399.19,58.0
CMP001,C004432,2024-03-15,1,1178.65,58.0
CMP001,C000754,2024-03-15,0,0.0,58.0
CMP001,C004783,2024-03-15,0,0.0,58.0
CMP001,C000998,2024-03-15,1,4531.95,58.0
CMP001,C005970,2024-03-15,0,0.0,58.0
CMP001,C005020,2024-03-15,0,0.0,58.0
CMP001,C000806,2024-03-15,0,0.0,58.0
CMP001,C005635,2024-03-15,0,0.0,58.0
CMP001,C001773,2024-03-15,0,0.0,58.0
CMP001,C004969,2024-03-15,0,0.0,58.0
CMP001,C004812,2024-03-15,1,959.55,58.0
CMP001,C005041,2024-03-15,0,0.0,58.0
CMP001,C004202,2024-03-15,0,0.0,58.0
CMP001,C004281,2024-03-15,0,0.0,58.0
CMP001,C005357,2024-03-15,0,0.0,58.0
CMP001,C001658,2024-03-15,0,0.0,58.0
CMP001,C001585,2024-03-15,1,1446.45,58.0
CMP001,C001506,2024-03-15,0,0.0,58.0
CMP001,C001612,2024-03-15,0,0.0,58.0
CMP001,C003775,2024-03-15,0,0.0,58.0
CMP001,C001020,2024-03-15,1,389.39,58.0
CMP001,C001487,2024-03-15,0,0.0,58.0
CMP001,C003763,2024-03-15,0,0.0,58.0
CMP001,C004273,2024-03-15,0,0.0,58.0
CMP001,C002539,2024-03-15,0,0.0,58.0
CMP001,C005510,2024-03-15,0,0.0,58.0
CMP001,C004433,2024-03-15,0,0.0,58.0
CMP001,C002316,2024-03-15,0,0.0,58.0
CMP001,C001289,2024-03-15,0,0.0,58.0
CMP001,C005087,2024-03-15,0,0.0,58.0
CMP001,C003778,2024-03-15,0,0.0,58.0
CMP001,C005512,2024-03-15,0,0.0,58.0
CMP001,C000106,2024-03-15,1,749.75,58.0
CMP001,C002713,2024-03-15,0,0.0,58.0
CMP001,C000855,2024-03-15,0,0.0,58.0
CMP001,C004161,2024-03-15,0,0.0,58.0
CMP001,C000506,2024-03-15,0,0.0,58.0
CMP001,C002536,2024-03-15,1,2492.09,58.0
CMP001,C003527,2024-03-15,0,0.0,58.0
CMP001,C001091,2024-03-15,0,0.0,58.0
CMP001,C001857,2024-03-15,0,0.0,58.0
CMP001,C003417,2024-03-15,0,0.0,58.0
CMP001,C005484,2024-03-15,0,0.0,58.0
CMP001,C004296,2024-03-15,0,0.0,58.0
CMP001,C004340,2024-03-15,0,0.0,58.0
CMP001,C000124,2024-03-15,0,0.0,58.0
CMP001,C004944,2024-03-15,0,0.0,58.0
CMP001,C001000,2024-03-15,0,0.0,58.0
CMP001,C003868,2024-03-15,0,0.0,58.0
CMP001,C000235,2024-03-15,0,0.0,58.0
CMP001,C000752,2024-03-15,0,0.0,58.0
CMP001,C001626,2024-03-15,0,0.0,58.0
CMP001,C003480,2024-03-15,1,335.18,58.0
CMP001,C001528,2024-03-15,0,0.0,58.0
CMP001,C000771,2024-03-15,0,0.0,58.0
CMP001,C000609,2024-03-15,0,0.0,58.0
CMP001,C003490,2024-03-15,0,0.0,58.0
CMP001,C001943,2024-03-15,0,0.0,58.0
CMP001,C005942,2024-03-15,0,0.0,58.0
CMP001,C002390,2024-03-15,0,0.0,58.0
CMP001,C003025,2024-03-15,0,0.0,58.0
CMP001,C002810,2024-03-15,0,0.0,58.0
CMP001,C005108,2024-03-15,0,0.0,58.0
CMP001,C001190,2024-03-15,0,0.0,58.0
CMP001,C003436,2024-03-15,0,0.0,58.0
CMP001,C004746,2024-03-15,0,0.0,58.0
CMP001,C000912,2024-03-15,1,638.85,58.0
CMP001,C003923,2024-03-15,0,0.0,58.0
CMP001,C003136,2024-03-15,1,3274.45,58.0
CMP001,C003851,2024-03-15,0,0.0,58.0
CMP001,C000896,2024-03-15,0,0.0,58.0
CMP001,C002233,2024-03-15,0,0.0,58.0
CMP001,C000415,2024-03-15,0,0.0,58.0
CMP001,C004543,2024-03-15,1,977.16,58.0
CMP001,C000349,2024-03-15,1,513.85,58.0
CMP001,C004497,2024-03-15,0,0.0,58.0
CMP001,C004116,2024-03-15,0,0.0,58.0
CMP001,C001079,2024-03-15,0,0.0,58.0
CMP001,C005646,2024-03-15,0,0.0,58.0
CMP001,C000678,2024-03-15,1,1020.26,58.0
CMP001,C000284,2024-03-15,0,0.0,58.0
CMP001,C002650,2024-03-15,0,0.0,58.0
CMP001,C002224,2024-03-15,0,0.0,58.0
CMP001,C005994,2024-03-15,0,0.0,58.0
CMP001,C000944,2024-03-15,0,0.0,58.0
CMP001,C002950,2024-03-15,0,0.0,58.0
CMP001,C003916,2024-03-15,0,0.0,58.0
CMP001,C002576,2024-03-15,0,0.0,58.0
CMP001,C004278,2024-03-15,1,2453.46,58.0
CMP001,C001472,2024-03-15,0,0.0,58.0
CMP001,C002949,2024-03-15,0,0.0,58.0
CMP001,C003934,2024-03-15,1,2390.63,58.0
CMP001,C003306,2024-03-15,0,0.0,58.0
CMP001,C005248,2024-03-15,0,0.0,58.0
CMP001,C001445,2024-03-15,0,0.0,58.0
CMP001,C004615,2024-03-15,0,0.0,58.0
CMP001,C000456,2024-03-15,0,0.0,58.0
CMP001,C002623,2024-03-15,0,0.0,58.0
CMP001,C003826,2024-03-15,0,0.0,58.0
CMP001,C005899,2024-03-15,0,0.0,58.0
CMP001,C000066,2024-03-15,0,0.0,58.0
CMP001,C001455,2024-03-15,1,371.96,58.0
CMP001,C001126,2024-03-15,0,0.0,58.0
CMP001,C002947,2024-03-15,0,0.0,58.0
CMP001,C002587,2024-03-15,0,0.0,58.0
CMP001,C005710,2024-03-15,0,0.0,58.0
CMP001,C001386,2024-03-15,0,0.0,58.0
CMP001,C003607,2024-03-15,0,0.0,58.0
CMP001,C004725,2024-03-15,1,550.1,58.0
CMP001,C003275,2024-03-15,0,0.0,58.0
CMP001,C001988,2024-03-15,0,0.0,58.0
CMP001,C001604,2024-03-15,0,0.0,58.0
CMP001,C004807,2024-03-15,0,0.0,58.0
CMP001,C001961,2024-03-15,0,0.0,58.0
CMP001,C004711,2024-03-15,1,1714.55,58.0
CMP001,C000342,2024-03-15,0,0.0,58.0
CMP001,C000166,2024-03-15,0,0.0,58.0
CMP001,C003452,2024-03-15,0,0.0,58.0
CMP001,C003723,2024-03-15,0,0.0,58.0
CMP001,C005454,2024-03-15,0,0.0,58.0
CMP001,C002917,2024-03-15,0,0.0,58.0
CMP001,C002009,2024-03-15,0,0.0,58.0
CMP001,C000271,2024-03-15,1,2611.34,58.0
CMP001,C000623,2024-03-15,0,0.0,58.0
CMP001,C003570,2024-03-15,0,0.0,58.0
CMP001,C002376,2024-03-15,0,0.0,58.0
CMP001,C001684,2024-03-15,0,0.0,58.0
CMP001,C001148,2024-03-15,0,0.0,58.0
CMP001,C005985,2024-03-15,0,0.0,58.0
CMP001,C005584,2024-03-15,1,850.86,58.0
CMP001,C002822,2024-03-15,0,0.0,58.0
CMP001,C004197,2024-03-15,0,0.0,58.0
CMP001,C004625,2024-03-15,0,0.0,58.0
CMP001,C001099,2024-03-15,0,0.0,58.0
CMP001,C003164,2024-03-15,0,0.0,58.0
CMP001,C005069,2024-03-15,0,0.0,58.0
CMP001,C001272,2024-03-15,0,0.0,58.0
CMP001,C003205,2024-03-15,0,0.0,58.0
CMP001,C002599,2024-03-15,0,0.0,58.0
CMP001,C003347,2024-03-15,1,957.14,58.0
CMP001,C005055,2024-03-15,0,0.0,58.0
CMP001,C002849,2024-03-15,0,0.0,58.0
CMP001,C003902,2024-03-15,0,0.0,58.0
CMP001,C001615,2024-03-15,0,0.0,58.0
CMP001,C000679,2024-03-15,0,0.0,58.0
CMP001,C005664,2024-03-15,0,0.0,58.0
CMP001,C004142,2024-03-15,0,0.0,58.0
CMP001,C001093,2024-03-15,0,0.0,58.0
CMP001,C001875,2024-03-15,0,0.0,58.0
CMP001,C005265,2024-03-15,0,0.0,58.0
CMP001,C004039,2024-03-15,1,673.21,58.0
CMP001,C001391,2024-03-15,0,0.0,58.0
CMP001,C001859,2024-03-15,0,0.0,58.0
CMP001,C004469,2024-03-15,0,0.0,58.0
CMP001,C003864,2024-03-15,0,0.0,58.0
CMP001,C000291,2024-03-15,0,0.0,58.0
CMP001,C004326,2024-03-15,0,0.0,58.0
CMP001,C000221,2024-03-15,0,0.0,58.0
CMP001,C003364,2024-03-15,0,0.0,58.0
CMP001,C002394,2024-03-15,0,0.0,58.0
CMP001,C004253,2024-03-15,0,0.0,58.0
CMP001,C002887,2024-03-15,0,0.0,58.0
CMP001,C000652,2024-03-15,0,0.0,58.0
CMP001,C001328,2024-03-15,0,0.0,58.0
CMP001,C005500,2024-03-15,0,0.0,58.0
CMP001,C005857,2024-03-15,1,880.24,58.0
CMP001,C005617,2024-03-15,0,0.0,58.0
CMP001,C000982,2024-03-15,0,0.0,58.0
CMP001,C002601,2024-03-15,0,0.0,58.0
CMP001,C000046,2024-03-15,0,0.0,58.0
CMP001,C002464,2024-03-15,0,0.0,58.0
CMP001,C000624,2024-03-15,0,0.0,58.0
CMP001,C003258,2024-03-15,0,0.0,58.0
CMP001,C004522,2024-03-15,0,0.0,58.0
CMP001,C003074,2024-03-15,0,0.0,58.0
CMP001,C001336,2024-03-15,0,0.0,58.0
CMP001,C005589,2024-03-15,1,1228.57,58.0
CMP001,C000742,2024-03-15,1,559.9,58.0
CMP001,C001725,2024-03-15,0,0.0,58.0
CMP001,C005241,2024-03-15,0,0.0,58.0
CMP001,C001145,2024-03-15,0,0.0,58.0
CMP001,C001869,2024-03-15,0,0.0,58.0
CMP001,C002239,2024-03-15,0,0.0,58.0
CMP001,C002295,2024-03-15,0,0.0,58.0
CMP001,C000787,2024-03-15,0,0.0,58.0
CMP001,C001288,2024-03-15,0,0.0,58.0
CMP001,C003492,2024-03-15,0,0.0,58.0
CMP001,C000347,2024-03-15,0,0.0,58.0
CMP001,C000981,2024-03-15,0,0.0,58.0
CMP001,C005024,2024-03-15,1,1529.06,58.0
CMP001,C000181,2024-03-15,0,0.0,58.0
CMP001,C000844,2024-03-15,0,0.0,58.0
CMP001,C001962,2024-03-15,0,0.0,58.0
CMP001,C002975,2024-03-15,0,0.0,58.0
CMP001,C001745,2024-03-15,1,1409.69,58.0
CMP001,C000460,2024-03-15,0,0.0,58.0
CMP001,C004599,2024-03-15,0,0.0,58.0
CMP001,C003899,2024-03-15,0,0.0,58.0
CMP001,C000359,2024-03-15,0,0.0,58.0
CMP001,C004306,2024-03-15,0,0.0,58.0
CMP001,C003731,2024-03-15,1,638.9,58.0
CMP001,C003776,2024-03-15,0,0.0,58.0
CMP001,C003479,2024-03-15,0,0.0,58.0
CMP001,C003496,2024-03-15,0,0.0,58.0
CMP001,C003982,2024-03-15,1,2228.32,58.0
CMP001,C000973,2024-03-15,0,0.0,58.0
CMP001,C002541,2024-03-15,0,0.0,58.0
CMP001,C005386,2024-03-15,0,0.0,58.0
CMP001,C000102,2024-03-15,0,0.0,58.0
CMP001,C003376,2024-03-15,0,0.0,58.0
CMP001,C000059,2024-03-15,1,1141.58,58.0
CMP001,C003867,2024-03-15,0,0.0,58.0
CMP001,C002762,2024-03-15,0,0.0,58.0
CMP001,C003368,2024-03-15,0,0.0,58.0
CMP001,C002117,2024-03-15,0,0.0,58.0
CMP001,C003511,2024-03-15,0,0.0,58.0
CMP001,C005058,2024-03-15,0,0.0,58.0
CMP001,C000223,2024-03-15,0,0.0,58.0
CMP001,C001727,2024-03-15,0,0.0,58.0
CMP001,C003090,2024-03-15,1,265.15,58.0
CMP001,C003129,2024-03-15,0,0.0,58.0
CMP001,C000857,2024-03-15,0,0.0,58.0
CMP001,C001641,2024-03-15,0,0.0,58.0
CMP001,C003135,2024-03-15,0,0.0,58.0
CMP001,C003456,2024-03-15,1,1518.38,58.0
CMP001,C002216,2024-03-15,0,0.0,58.0
CMP001,C004519,2024-03-15,0,0.0,58.0
CMP001,C002879,2024-03-15,0,0.0,58.0
CMP001,C000328,2024-03-15,0,0.0,58.0
CMP001,C001029,2024-03-15,0,0.0,58.0
CMP001,C001282,2024-03-15,0,0.0,58.0
CMP001,C003392,2024-03-15,0,0.0,58.0
CMP001,C003787,2024-03-15,0,0.0,58.0
CMP001,C002945,2024-03-15,1,498.07,58.0
CMP001,C002811,2024-03-15,0,0.0,58.0
CMP001,C000755,2024-03-15,0,0.0,58.0
CMP001,C005190,2024-03-15,0,0.0,58.0
CMP001,C001914,2024-03-15,0,0.0,58.0
CMP001,C004437,2024-03-15,0,0.0,58.0
CMP001,C004150,2024-03-15,0,0.0,58.0
CMP001,C001609,2024-03-15,0,0.0,58.0
CMP001,C005714,2024-03-15,1,1144.03,58.0
CMP001,C000514,2024-03-15,0,0.0,58.0
CMP001,C002368,2024-03-15,0,0.0,58.0
CMP001,C001473,2024-03-15,1,1230.71,58.0
CMP001,C002497,2024-03-15,1,976.85,58.0
CMP001,C000295,2024-03-15,0,0.0,58.0
CMP001,C001566,2024-03-15,0,0.0,58.0
CMP001,C001413,2024-03-15,0,0.0,58.0
CMP001,C004042,2024-03-15,0,0.0,58.0
CMP001,C001967,2024-03-15,0,0.0,58.0
CMP001,C002123,2024-03-15,0,0.0,58.0
CMP001,C002869,2024-03-15,1,212.43,58.0
CMP001,C001920,2024-03-15,0,0.0,58.0
CMP001,C004765,2024-03-15,0,0.0,58.0
CMP001,C003467,2024-03-15,1,2920.03,58.0
CMP001,C003513,2024-03-15,0,0.0,58.0
CMP001,C004959,2024-03-15,0,0.0,58.0
CMP001,C000447,2024-03-15,1,187.82,58.0
CMP001,C006000,2024-03-15,0,0.0,58.0
CMP001,C004931,2024-03-15,0,0.0,58.0
CMP001,C002081,2024-03-15,0,0.0,58.0
CMP001,C002183,2024-03-15,0,0.0,58.0
CMP001,C002935,2024-03-15,0,0.0,58.0
CMP001,C002956,2024-03-15,0,0.0,58.0
CMP001,C004205,2024-03-15,0,0.0,58.0
CMP001,C004436,2024-03-15,0,0.0,58.0
CMP001,C003523,2024-03-15,0,0.0,58.0
CMP001,C002221,2024-03-15,0,0.0,58.0
CMP001,C003217,2024-03-15,0,0.0,58.0
CMP001,C002966,2024-03-15,0,0.0,58.0
CMP001,C004859,2024-03-15,1,768.44,58.0
CMP001,C004415,2024-03-15,1,327.92,58.0
CMP001,C003921,2024-03-15,0,0.0,58.0
CMP001,C002377,2024-03-15,1,2653.46,58.0
CMP001,C004531,2024-03-15,0,0.0,58.0
CMP001,C003210,2024-03-15,0,0.0,58.0
CMP001,C004953,2024-03-15,1,2337.16,58.0
CMP001,C002118,2024-03-15,0,0.0,58.0
CMP001,C000242,2024-03-15,0,0.0,58.0
CMP001,C005597,2024-03-15,0,0.0,58.0
CMP001,C001984,2024-03-15,0,0.0,58.0
CMP001,C002331,2024-03-15,0,0.0,58.0
CMP001,C000890,2024-03-15,0,0.0,58.0
CMP001,C000062,2024-03-15,0,0.0,58.0
CMP001,C001459,2024-03-15,0,0.0,58.0
CMP001,C004335,2024-03-15,0,0.0,58.0
CMP001,C000031,2024-03-15,0,0.0,58.0
CMP001,C000321,2024-03-15,0,0.0,58.0
CMP001,C000978,2024-03-15,0,0.0,58.0
CMP001,C005991,2024-03-15,0,0.0,58.0
CMP001,C005516,2024-03-15,0,0.0,58.0
CMP001,C005497,2024-03-15,0,0.0,58.0
CMP001,C003316,2024-03-15,0,0.0,58.0
CMP001,C001410,2024-03-15,0,0.0,58.0
CMP001,C001860,2024-03-15,0,0.0,58.0
CMP001,C005346,2024-03-15,0,0.0,58.0
CMP001,C003657,2024-03-15,0,0.0,58.0
CMP001,C000877,2024-03-15,0,0.0,58.0
CMP001,C001629,2024-03-15,0,0.0,58.0
CMP001,C003722,2024-03-15,0,0.0,58.0
CMP001,C000113,2024-03-15,0,0.0,58.0
CMP001,C005808,2024-03-15,0,0.0,58.0
CMP001,C000901,2024-03-15,0,0.0,58.0
CMP001,C004384,2024-03-15,0,0.0,58.0
CMP001,C002930,2024-03-15,0,0.0,58.0
CMP001,C000173,2024-03-15,0,0.0,58.0
CMP001,C001396,2024-03-15,0,0.0,58.0
CMP001,C004866,2024-03-15,0,0.0,58.0
CMP001,C004148,2024-03-15,0,0.0,58.0
CMP001,C004788,2024-03-15,0,0.0,58.0
CMP001,C002740,2024-03-15,1,771.02,58.0
CMP001,C005083,2024-03-15,0,0.0,58.0
CMP001,C001240,2024-03-15,1,423.65,58.0
CMP001,C001175,2024-03-15,0,0.0,58.0
CMP001,C000038,2024-03-15,0,0.0,58.0
CMP001,C001711,2024-03-15,1,1655.05,58.0
CMP001,C004909,2024-03-15,1,376.34,58.0
CMP001,C001619,2024-03-15,0,0.0,58.0
CMP001,C000563,2024-03-15,0,0.0,58.0
CMP001,C005364,2024-03-15,1,3302.01,58.0
CMP001,C005141,2024-03-15,1,1600.65,58.0
CMP001,C005534,2024-03-15,0,0.0,58.0
CMP001,C001245,2024-03-15,0,0.0,58.0
CMP001,C002983,2024-03-15,0,0.0,58.0
CMP001,C003447,2024-03-15,0,0.0,58.0
CMP001,C005665,2024-03-15,0,0.0,58.0
CMP001,C005527,2024-03-15,0,0.0,58.0
CMP001,C000593,2024-03-15,0,0.0,58.0
CMP001,C005872,2024-03-15,0,0.0,58.0
CMP001,C003861,2024-03-15,0,0.0,58.0
CMP001,C001834,2024-03-15,0,0.0,58.0
CMP001,C002352,2024-03-15,0,0.0,58.0
CMP001,C005299,2024-03-15,0,0.0,58.0
CMP001,C005206,2024-03-15,1,1244.47,58.0
CMP001,C001086,2024-03-15,0,0.0,58.0
CMP001,C002253,2024-03-15,0,0.0,58.0
CMP001,C001162,2024-03-15,0,0.0,58.0
CMP001,C004412,2024-03-15,0,0.0,58.0
CMP001,C005524,2024-03-15,0,0.0,58.0
CMP001,C005600,2024-03-15,0,0.0,58.0
CMP001,C003497,2024-03-15,0,0.0,58.0
CMP001,C002099,2024-03-15,0,0.0,58.0
CMP001,C004718,2024-03-15,0,0.0,58.0
CMP001,C003358,2024-03-15,0,0.0,58.0
CMP001,C000486,2024-03-15,1,1901.92,58.0
CMP001,C000397,2024-03-15,0,0.0,58.0
CMP001,C005406,2024-03-15,0,0.0,58.0
CMP001,C002748,2024-03-15,1,454.1,58.0
CMP001,C004929,2024-03-15,0,0.0,58.0
CMP001,C001318,2024-03-15,0,0.0,58.0
CMP001,C004749,2024-03-15,0,0.0,58.0
CMP001,C003085,2024-03-15,0,0.0,58.0
CMP001,C004312,2024-03-15,0,0.0,58.0
CMP001,C000036,2024-03-15,0,0.0,58.0
CMP001,C004970,2024-03-15,1,3590.99,58.0
CMP001,C004132,2024-03-15,0,0.0,58.0
CMP001,C004938,2024-03-15,1,2332.32,58.0
CMP001,C002778,2024-03-15,1,2348.62,58.0
CMP001,C000949,2024-03-15,0,0.0,58.0
CMP001,C001366,2024-03-15,0,0.0,58.0
CMP001,C004593,2024-03-15,1,546.2,58.0
CMP001,C001958,2024-03-15,1,1729.47,58.0
CMP001,C000236,2024-03-15,0,0.0,58.0
CMP001,C000127,2024-03-15,0,0.0,58.0
CMP001,C005673,2024-03-15,0,0.0,58.0
CMP001,C002769,2024-03-15,0,0.0,58.0
CMP001,C003854,2024-03-15,0,0.0,58.0
CMP001,C004567,2024-03-15,0,0.0,58.0
CMP001,C001454,2024-03-15,0,0.0,58.0
CMP001,C005530,2024-03-15,0,0.0,58.0
CMP001,C003549,2024-03-15,1,1126.48,58.0
CMP001,C002649,2024-03-15,0,0.0,58.0
CMP001,C005926,2024-03-15,0,0.0,58.0
CMP001,C004694,2024-03-15,0,0.0,58.0
CMP001,C001672,2024-03-15,0,0.0,58.0
CMP001,C003761,2024-03-15,0,0.0,58.0
CMP001,C005521,2024-03-15,0,0.0,58.0
CMP001,C001685,2024-03-15,0,0.0,58.0
CMP001,C001213,2024-03-15,0,0.0,58.0
CMP001,C002202,2024-03-15,0,0.0,58.0
CMP001,C001174,2024-03-15,0,0.0,58.0
CMP001,C003924,2024-03-15,1,1778.12,58.0
CMP001,C002132,2024-03-15,0,0.0,58.0
CMP001,C000753,2024-03-15,0,0.0,58.0
CMP001,C005360,2024-03-15,0,0.0,58.0
CMP001,C000199,2024-03-15,0,0.0,58.0
CMP001,C004833,2024-03-15,1,262.29,58.0
CMP001,C003187,2024-03-15,1,888.07,58.0
CMP001,C001870,2024-03-15,0,0.0,58.0
CMP001,C002757,2024-03-15,1,579.86,58.0
CMP001,C005557,2024-03-15,0,0.0,58.0
CMP001,C001411,2024-03-15,0,0.0,58.0
CMP001,C003860,2024-03-15,0,0.0,58.0
CMP001,C004868,2024-03-15,0,0.0,58.0
CMP001,C005474,2024-03-15,0,0.0,58.0
CMP001,C000972,2024-03-15,0,0.0,58.0
CMP001,C004879,2024-03-15,0,0.0,58.0
CMP001,C002534,2024-03-15,0,0.0,58.0
CMP001,C005842,2024-03-15,0,0.0,58.0
CMP001,C003190,2024-03-15,1,2471.28,58.0
CMP001,C000335,2024-03-15,0,0.0,58.0
CMP001,C005624,2024-03-15,1,2165.03,58.0
CMP001,C005668,2024-03-15,1,85.62,58.0
CMP001,C003419,2024-03-15,1,2353.09,58.0
CMP001,C001142,2024-03-15,0,0.0,58.0
CMP001,C005383,2024-03-15,0,0.0,58.0
CMP001,C004847,2024-03-15,0,0.0,58.0
CMP001,C001563,2024-03-15,1,1246.5,58.0
CMP001,C004345,2024-03-15,1,2093.94,58.0
CMP001,C002756,2024-03-15,0,0.0,58.0
CMP001,C001913,2024-03-15,0,0.0,58.0
CMP001,C000416,2024-03-15,0,0.0,58.0
CMP001,C004632,2024-03-15,0,0.0,58.0
CMP001,C005393,2024-03-15,0,0.0,58.0
CMP001,C002097,2024-03-15,0,0.0,58.0
CMP001,C001823,2024-03-15,0,0.0,58.0
CMP001,C002100,2024-03-15,0,0.0,58.0
CMP001,C000946,2024-03-15,0,0.0,58.0
CMP001,C003584,2024-03-15,0,0.0,58.0
CMP001,C004235,2024-03-15,0,0.0,58.0
CMP001,C002321,2024-03-15,0,0.0,58.0
CMP001,C001053,2024-03-15,0,0.0,58.0
CMP001,C000905,2024-03-15,0,0.0,58.0
CMP001,C004606,2024-03-15,0,0.0,58.0
CMP001,C000817,2024-03-15,0,0.0,58.0
CMP001,C001710,2024-03-15,0,0.0,58.0
CMP001,C001561,2024-03-15,0,0.0,58.0
CMP001,C001948,2024-03-15,1,659.78,58.0
CMP001,C004060,2024-03-15,0,0.0,58.0
CMP001,C003806,2024-03-15,0,0.0,58.0
CMP001,C003023,2024-03-15,0,0.0,58.0
CMP001,C002096,2024-03-15,0,0.0,58.0
CMP001,C001199,2024-03-15,0,0.0,58.0
CMP001,C002095,2024-03-15,0,0.0,58.0
CMP001,C004041,2024-03-15,1,3603.47,58.0
CMP001,C002691,2024-03-15,0,0.0,58.0
CMP001,C005177,2024-03-15,0,0.0,58.0
CMP001,C001542,2024-03-15,1,1018.62,58.0
CMP001,C005144,2024-03-15,0,0.0,58.0
CMP001,C002673,2024-03-15,0,0.0,58.0
CMP001,C004810,2024-03-15,0,0.0,58.0
CMP001,C002201,2024-03-15,0,0.0,58.0
CMP001,C002276,2024-03-15,0,0.0,58.0
CMP001,C000483,2024-03-15,1,434.57,58.0
CMP001,C004277,2024-03-15,1,1612.84,58.0
CMP001,C004654,2024-03-15,0,0.0,58.0
CMP001,C002364,2024-03-15,0,0.0,58.0
CMP001,C002230,2024-03-15,0,0.0,58.0
CMP001,C005525,2024-03-15,0,0.0,58.0
CMP001,C001305,2024-03-15,0,0.0,58.0
CMP001,C001337,2024-03-15,0,0.0,58.0
CMP001,C002801,2024-03-15,0,0.0,58.0
CMP001,C002306,2024-03-15,1,2503.73,58.0
CMP001,C004352,2024-03-15,0,0.0,58.0
CMP001,C004844,2024-03-15,0,0.0,58.0
CMP001,C002429,2024-03-15,0,0.0,58.0
CMP001,C004229,2024-03-15,0,0.0,58.0
CMP001,C003644,2024-03-15,0,0.0,58.0
CMP001,C003503,2024-03-15,0,0.0,58.0
CMP001,C005436,2024-03-15,0,0.0,58.0
CMP001,C002662,2024-03-15,0,0.0,58.0
CMP001,C000875,2024-03-15,1,1030.12,58.0
CMP001,C002594,2024-03-15,1,537.29,58.0
CMP001,C004386,2024-03-15,0,0.0,58.0
CMP001,C000870,2024-03-15,0,0.0,58.0
CMP001,C003646,2024-03-15,0,0.0,58.0
CMP001,C001009,2024-03-15,0,0.0,58.0
CMP001,C005607,2024-03-15,0,0.0,58.0
CMP001,C000491,2024-03-15,0,0.0,58.0
CMP001,C005397,2024-03-15,1,1190.14,58.0
CMP001,C005191,2024-03-15,0,0.0,58.0
CMP001,C001750,2024-03-15,0,0.0,58.0
CMP001,C000275,2024-03-15,0,0.0,58.0
CMP001,C002707,2024-03-15,0,0.0,58.0
CMP001,C005469,2024-03-15,1,782.99,58.0
CMP001,C001801,2024-03-15,0,0.0,58.0
CMP001,C002412,2024-03-15,0,0.0,58.0
CMP001,C001334,2024-03-15,1,579.81,58.0
CMP001,C005809,2024-03-15,0,0.0,58.0
CMP001,C000211,2024-03-15,0,0.0,58.0
CMP001,C004468,2024-03-15,0,0.0,58.0
CMP001,C003432,2024-03-15,0,0.0,58.0
CMP001,C000781,2024-03-15,0,0.0,58.0
CMP001,C000658,2024-03-15,0,0.0,58.0
CMP001,C002863,2024-03-15,0,0.0,58.0
CMP001,C004761,2024-03-15,1,1631.64,58.0
CMP001,C005794,2024-03-15,0,0.0,58.0
CMP001,C003801,2024-03-15,0,0.0,58.0
CMP001,C003295,2024-03-15,0,0.0,58.0
CMP001,C001449,2024-03-15,0,0.0,58.0
CMP001,C004972,2024-03-15,0,0.0,58.0
CMP001,C000604,2024-03-15,0,0.0,58.0
CMP001,C004755,2024-03-15,0,0.0,58.0
CMP001,C004119,2024-03-15,0,0.0,58.0
CMP001,C001653,2024-03-15,0,0.0,58.0
CMP001,C003865,2024-03-15,0,0.0,58.0
CMP001,C000453,2024-03-15,0,0.0,58.0
CMP001,C000233,2024-03-15,0,0.0,58.0
CMP001,C005292,2024-03-15,0,0.0,58.0
CMP001,C005114,2024-03-15,0,0.0,58.0
CMP001,C000642,2024-03-15,0,0.0,58.0
CMP001,C004035,2024-03-15,1,3437.48,58.0
CMP001,C001980,2024-03-15,0,0.0,58.0
CMP001,C005056,2024-03-15,0,0.0,58.0
CMP001,C001569,2024-03-15,0,0.0,58.0
CMP001,C004819,2024-03-15,0,0.0,58.0
CMP001,C003595,2024-03-15,1,1616.06,58.0
CMP001,C004811,2024-03-15,0,0.0,58.0
CMP001,C004656,2024-03-15,1,432.95,58.0
CMP001,C000052,2024-03-15,0,0.0,58.0
CMP001,C000465,2024-03-15,1,35.52,58.0
CMP001,C000794,2024-03-15,1,876.04,58.0
CMP001,C002590,2024-03-15,0,0.0,58.0
CMP001,C001935,2024-03-15,0,0.0,58.0
CMP001,C001964,2024-03-15,0,0.0,58.0
CMP001,C004861,2024-03-15,1,753.97,58.0
CMP001,C004621,2024-03-15,1,2173.77,58.0
CMP001,C003394,2024-03-15,0,0.0,58.0
CMP001,C002751,2024-03-15,1,1432.42,58.0
CMP001,C005354,2024-03-15,0,0.0,58.0
CMP001,C001992,2024-03-15,1,495.9,58.0
CMP001,C002693,2024-03-15,1,1420.72,58.0
CMP001,C001558,2024-03-15,1,1287.98,58.0
CMP001,C001152,2024-03-15,1,234.85,58.0
CMP001,C003970,2024-03-15,0,0.0,58.0
CMP001,C001458,2024-03-15,1,1322.25,58.0
CMP001,C001909,2024-03-15,0,0.0,58.0
CMP001,C005975,2024-03-15,1,1050.89,58.0
CMP001,C003422,2024-03-15,0,0.0,58.0
CMP001,C004075,2024-03-15,0,0.0,58.0
CMP001,C000637,2024-03-15,1,528.14,58.0
CMP001,C003691,2024-03-15,1,2009.78,58.0
CMP001,C000698,2024-03-15,0,0.0,58.0
CMP001,C002157,2024-03-15,1,347.69,58.0
CMP001,C005981,2024-03-15,0,0.0,58.0
CMP001,C004298,2024-03-15,0,0.0,58.0
CMP001,C004852,2024-03-15,0,0.0,58.0
CMP001,C005933,2024-03-15,0,0.0,58.0
CMP001,C002704,2024-03-15,0,0.0,58.0
CMP001,C003625,2024-03-15,0,0.0,58.0
CMP001,C001769,2024-03-15,0,0.0,58.0
CMP001,C003207,2024-03-15,0,0.0,58.0
CMP001,C003414,2024-03-15,0,0.0,58.0
CMP001,C000654,2024-03-15,0,0.0,58.0
CMP001,C004582,2024-03-15,1,3160.76,58.0
CMP001,C004562,2024-03-15,0,0.0,58.0
CMP001,C005295,2024-03-15,0,0.0,58.0
CMP001,C001578,2024-03-15,0,0.0,58.0
CMP001,C000910,2024-03-15,0,0.0,58.0
CMP001,C004390,2024-03-15,0,0.0,58.0
CMP001,C003908,2024-03-15,0,0.0,58.0
CMP001,C003720,2024-03-15,0,0.0,58.0
CMP001,C002280,2024-03-15,0,0.0,58.0
CMP001,C003796,2024-03-15,0,0.0,58.0
CMP001,C001170,2024-03-15,0,0.0,58.0
CMP001,C001215,2024-03-15,0,0.0,58.0
CMP001,C003863,2024-03-15,0,0.0,58.0
CMP001,C001462,2024-03-15,0,0.0,58.0
CMP001,C005843,2024-03-15,1,1305.53,58.0
CMP001,C001140,2024-03-15,0,0.0,58.0
CMP001,C001450,2024-03-15,0,0.0,58.0
CMP001,C001168,2024-03-15,0,0.0,58.0
CMP001,C004536,2024-03-15,1,3526.03,58.0
CMP001,C005585,2024-03-15,1,1023.19,58.0
CMP001,C000069,2024-03-15,1,907.24,58.0
CMP001,C004160,2024-03-15,0,0.0,58.0
CMP001,C001290,2024-03-15,0,0.0,58.0
CMP001,C004072,2024-03-15,1,1069.13,58.0
CMP001,C003828,2024-03-15,0,0.0,58.0
CMP001,C000760,2024-03-15,0,0.0,58.0
CMP001,C000019,2024-03-15,0,0.0,58.0
CMP001,C005382,2024-03-15,0,0.0,58.0
CMP001,C003516,2024-03-15,0,0.0,58.0
CMP001,C001216,2024-03-15,0,0.0,58.0
CMP001,C000060,2024-03-15,0,0.0,58.0
CMP001,C003735,2024-03-15,0,0.0,58.0
CMP001,C000126,2024-03-15,0,0.0,58.0
CMP001,C005281,2024-03-15,0,0.0,58.0
CMP001,C005333,2024-03-15,0,0.0,58.0
CMP001,C003460,2024-03-15,0,0.0,58.0
CMP001,C003215,2024-03-15,0,0.0,58.0
CMP001,C001613,2024-03-15,1,1401.02,58.0
CMP001,C001753,2024-03-15,0,0.0,58.0
CMP001,C002422,2024-03-15,0,0.0,58.0
CMP001,C005236,2024-03-15,0,0.0,58.0
CMP001,C000663,2024-03-15,0,0.0,58.0
CMP001,C000732,2024-03-15,0,0.0,58.0
CMP001,C000512,2024-03-15,0,0.0,58.0
CMP001,C002217,2024-03-15,1,395.23,58.0
CMP001,C004266,2024-03-15,0,0.0,58.0
CMP001,C003359,2024-03-15,0,0.0,58.0
CMP001,C002193,2024-03-15,0,0.0,58.0
CMP001,C005619,2024-03-15,1,1316.16,58.0
CMP001,C005164,2024-03-15,0,0.0,58.0
CMP001,C004736,2024-03-15,0,0.0,58.0
CMP001,C002786,2024-03-15,0,0.0,58.0
CMP001,C003753,2024-03-15,0,0.0,58.0
CMP001,C004213,2024-03-15,0,0.0,58.0
CMP001,C002244,2024-03-15,0,0.0,58.0
CMP001,C004406,2024-03-15,0,0.0,58.0
CMP001,C000131,2024-03-15,0,0.0,58.0
CMP001,C003466,2024-03-15,1,1620.3,58.0
CMP001,C002997,2024-03-15,0,0.0,58.0
CMP001,C003102,2024-03-15,0,0.0,58.0
CMP001,C000120,2024-03-15,0,0.0,58.0
CMP001,C003238,2024-03-15,0,0.0,58.0
CMP001,C004891,2024-03-15,0,0.0,58.0
CMP001,C005750,2024-03-15,0,0.0,58.0
CMP001,C005307,2024-03-15,0,0.0,58.0
CMP001,C004124,2024-03-15,0,0.0,58.0
CMP001,C000799,2024-03-15,0,0.0,58.0
CMP001,C002924,2024-03-15,0,0.0,58.0
CMP001,C000253,2024-03-15,0,0.0,58.0
CMP001,C000224,2024-03-15,0,0.0,58.0
CMP001,C005251,2024-03-15,1,1276.29,58.0
CMP001,C000099,2024-03-15,0,0.0,58.0
CMP001,C003702,2024-03-15,0,0.0,58.0
CMP001,C004038,2024-03-15,0,0.0,58.0
CMP001,C004716,2024-03-15,0,0.0,58.0
CMP001,C001719,2024-03-15,0,0.0,58.0
CMP001,C004280,2024-03-15,0,0.0,58.0
CMP001,C005670,2024-03-15,1,1421.38,58.0
CMP001,C003179,2024-03-15,0,0.0,58.0
CMP001,C002040,2024-03-15,0,0.0,58.0
CMP001,C002569,2024-03-15,0,0.0,58.0
CMP001,C002989,2024-03-15,1,1589.95,58.0
CMP001,C002068,2024-03-15,0,0.0,58.0
CMP001,C004343,2024-03-15,0,0.0,58.0
CMP001,C003006,2024-03-15,1,597.78,58.0
CMP001,C005228,2024-03-15,0,0.0,58.0
CMP001,C003313,2024-03-15,1,184.22,58.0
CMP001,C004721,2024-03-15,0,0.0,58.0
CMP001,C002203,2024-03-15,1,248.74,58.0
CMP001,C003063,2024-03-15,0,0.0,58.0
CMP001,C000382,2024-03-15,0,0.0,58.0
CMP001,C004031,2024-03-15,0,0.0,58.0
CMP001,C001651,2024-03-15,0,0.0,58.0
CMP001,C002354,2024-03-15,1,632.17,58.0
CMP001,C003557,2024-03-15,0,0.0,58.0
CMP001,C005203,2024-03-15,0,0.0,58.0
CMP001,C003670,2024-03-15,0,0.0,58.0
CMP001,C005852,2024-03-15,0,0.0,58.0
CMP001,C002365,2024-03-15,0,0.0,58.0
CMP001,C004372,2024-03-15,0,0.0,58.0
CMP001,C004676,2024-03-15,0,0.0,58.0
CMP001,C000206,2024-03-15,1,716.17,58.0
CMP001,C000529,2024-03-15,0,0.0,58.0
CMP001,C005329,2024-03-15,0,0.0,58.0
CMP001,C001539,2024-03-15,0,0.0,58.0
CMP001,C005967,2024-03-15,0,0.0,58.0
CMP001,C001103,2024-03-15,1,470.11,58.0
CMP001,C005849,2024-03-15,1,69.14,58.0
CMP001,C003576,2024-03-15,0,0.0,58.0
CMP001,C000507,2024-03-15,0,0.0,58.0
CMP001,C000546,2024-03-15,0,0.0,58.0
CMP001,C002788,2024-03-15,0,0.0,58.0
CMP001,C002356,2024-03-15,0,0.0,58.0
CMP001,C004370,2024-03-15,0,0.0,58.0
CMP001,C005408,2024-03-15,0,0.0,58.0
CMP001,C003929,2024-03-15,0,0.0,58.0
CMP001,C003031,2024-03-15,0,0.0,58.0
CMP001,C005629,2024-03-15,1,980.9,58.0
CMP001,C001863,2024-03-15,0,0.0,58.0
CMP001,C003054,2024-03-15,0,0.0,58.0
CMP001,C000332,2024-03-15,0,0.0,58.0
CMP001,C000845,2024-03-15,1,1343.34,58.0
CMP001,C003967,2024-03-15,0,0.0,58.0
CMP001,C000814,2024-03-15,0,0.0,58.0
CMP001,C000618,2024-03-15,0,0.0,58.0
CMP001,C004591,2024-03-15,0,0.0,58.0
CMP001,C002194,2024-03-15,0,0.0,58.0
CMP001,C003127,2024-03-15,0,0.0,58.0
CMP001,C001052,2024-03-15,1,2187.49,58.0
CMP001,C003235,2024-03-15,0,0.0,58.0
CMP001,C003071,2024-03-15,0,0.0,58.0
CMP001,C005016,2024-03-15,0,0.0,58.0
CMP001,C000521,2024-03-15,0,0.0,58.0
CMP001,C003539,2024-03-15,0,0.0,58.0
CMP001,C000574,2024-03-15,0,0.0,58.0
CMP001,C001198,2024-03-15,1,68.37,58.0
CMP001,C000657,2024-03-15,0,0.0,58.0
CMP001,C003024,2024-03-15,1,851.01,58.0
CMP001,C002836,2024-03-15,0,0.0,58.0
CMP001,C004230,2024-03-15,0,0.0,58.0
CMP001,C002639,2024-03-15,1,2271.04,58.0
CMP001,C004538,2024-03-15,0,0.0,58.0
CMP001,C004686,2024-03-15,0,0.0,58.0
CMP001,C003624,2024-03-15,0,0.0,58.0
CMP001,C002561,2024-03-15,0,0.0,58.0
CMP001,C005775,2024-03-15,0,0.0,58.0
CMP001,C005543,2024-03-15,0,0.0,58.0
CMP001,C005728,2024-03-15,0,0.0,58.0
CMP001,C004189,2024-03-15,0,0.0,58.0
CMP001,C002275,2024-03-15,0,0.0,58.0
CMP001,C005070,2024-03-15,0,0.0,58.0
CMP001,C000167,2024-03-15,0,0.0,58.0
CMP001,C002592,2024-03-15,1,345.4,58.0
CMP001,C000859,2024-03-15,0,0.0,58.0
CMP001,C001292,2024-03-15,0,0.0,58.0
CMP001,C004217,2024-03-15,0,0.0,58.0
CMP001,C003225,2024-03-15,0,0.0,58.0
CMP001,C005368,2024-03-15,1,292.56,58.0
CMP001,C002335,2024-03-15,0,0.0,58.0
CMP001,C002379,2024-03-15,1,267.4,58.0
CMP001,C004337,2024-03-15,1,1083.42,58.0
CMP001,C001412,2024-03-15,0,0.0,58.0
CMP001,C001704,2024-03-15,0,0.0,58.0
CMP001,C003077,2024-03-15,0,0.0,58.0
CMP001,C001271,2024-03-15,0,0.0,58.0
CMP001,C002835,2024-03-15,1,144.37,58.0
CMP001,C004799,2024-03-15,1,1047.28,58.0
CMP001,C001530,2024-03-15,1,1023.48,58.0
CMP001,C000515,2024-03-15,0,0.0,58.0
CMP001,C005188,2024-03-15,0,0.0,58.0
CMP001,C003850,2024-03-15,0,0.0,58.0
CMP001,C002436,2024-03-15,0,0.0,58.0
CMP001,C002374,2024-03-15,0,0.0,58.0
CMP001,C004421,2024-03-15,1,2621.43,58.0
CMP001,C001945,2024-03-15,0,0.0,58.0
CMP001,C000812,2024-03-15,0,0.0,58.0
CMP001,C005222,2024-03-15,0,0.0,58.0
CMP001,C000260,2024-03-15,0,0.0,58.0
CMP001,C001385,2024-03-15,0,0.0,58.0
CMP001,C005202,2024-03-15,0,0.0,58.0
CMP001,C003196,2024-03-15,1,697.58,58.0
CMP001,C003440,2024-03-15,0,0.0,58.0
CMP001,C003621,2024-03-15,0,0.0,58.0
CMP001,C004022,2024-03-15,0,0.0,58.0
CMP001,C004475,2024-03-15,0,0.0,58.0
CMP001,C005644,2024-03-15,0,0.0,58.0
CMP001,C001892,2024-03-15,1,2204.84,58.0
CMP001,C003171,2024-03-15,0,0.0,58.0
CMP001,C001479,2024-03-15,0,0.0,58.0
CMP001,C005335,2024-03-15,1,1055.58,58.0
CMP001,C001144,2024-03-15,1,1413.52,58.0
CMP001,C002571,2024-03-15,0,0.0,58.0
CMP001,C003308,2024-03-15,0,0.0,58.0
CMP001,C001551,2024-03-15,1,3629.86,58.0
CMP001,C004176,2024-03-15,0,0.0,58.0
CMP001,C003882,2024-03-15,1,1335.62,58.0
CMP001,C003958,2024-03-15,0,0.0,58.0
CMP001,C005724,2024-03-15,1,620.98,58.0
CMP001,C004578,2024-03-15,0,0.0,58.0
CMP001,C000022,2024-03-15,0,0.0,58.0
CMP001,C004886,2024-03-15,0,0.0,58.0
CMP001,C003977,2024-03-15,0,0.0,58.0
CMP001,C004723,2024-03-15,0,0.0,58.0
CMP001,C005712,2024-03-15,0,0.0,58.0
CMP001,C004524,2024-03-15,1,938.19,58.0
CMP001,C001853,2024-03-15,0,0.0,58.0
CMP001,C003055,2024-03-15,1,958.1,58.0
CMP001,C000338,2024-03-15,0,0.0,58.0
CMP001,C000156,2024-03-15,1,1495.24,58.0
CMP001,C003998,2024-03-15,0,0.0,58.0
CMP001,C004055,2024-03-15,0,0.0,58.0
CMP001,C000092,2024-03-15,0,0.0,58.0
CMP001,C005615,2024-03-15,1,634.91,58.0
CMP001,C000028,2024-03-15,1,986.1,58.0
CMP001,C004515,2024-03-15,0,0.0,58.0
CMP001,C000116,2024-03-15,0,0.0,58.0
CMP001,C004824,2024-03-15,0,0.0,58.0
CMP001,C005152,2024-03-15,0,0.0,58.0
CMP001,C002302,2024-03-15,0,0.0,58.0
CMP001,C004218,2024-03-15,0,0.0,58.0
CMP001,C002893,2024-03-15,0,0.0,58.0
CMP001,C001683,2024-03-15,0,0.0,58.0
CMP001,C003510,2024-03-15,0,0.0,58.0
CMP001,C002782,2024-03-15,0,0.0,58.0
CMP001,C003541,2024-03-15,0,0.0,58.0
CMP001,C003042,2024-03-15,0,0.0,58.0
CMP001,C003500,2024-03-15,0,0.0,58.0
CMP001,C003116,2024-03-15,0,0.0,58.0
CMP001,C003910,2024-03-15,0,0.0,58.0
CMP001,C003165,2024-03-15,0,0.0,58.0
CMP001,C005116,2024-03-15,0,0.0,58.0
CMP001,C002114,2024-03-15,1,3908.71,58.0
CMP001,C001254,2024-03-15,0,0.0,58.0
CMP001,C002490,2024-03-15,0,0.0,58.0
CMP001,C001582,2024-03-15,1,1451.14,58.0
CMP001,C005924,2024-03-15,1,1577.66,58.0
CMP001,C005749,2024-03-15,0,0.0,58.0
CMP001,C001160,2024-03-15,0,0.0,58.0
CMP001,C002841,2024-03-15,0,0.0,58.0
CMP001,C004121,2024-03-15,0,0.0,58.0
CMP001,C004937,2024-03-15,0,0.0,58.0
CMP001,C005315,2024-03-15,1,2649.38,58.0
CMP001,C005835,2024-03-15,0,0.0,58.0
CMP001,C002085,2024-03-15,0,0.0,58.0
CMP001,C004388,2024-03-15,1,1518.2,58.0
CMP001,C004254,2024-03-15,0,0.0,58.0
CMP001,C004983,2024-03-15,0,0.0,58.0
CMP001,C005337,2024-03-15,0,0.0,58.0
CMP001,C003572,2024-03-15,1,642.69,58.0
CMP001,C004413,2024-03-15,0,0.0,58.0
CMP001,C004890,2024-03-15,0,0.0,58.0
CMP001,C003581,2024-03-15,0,0.0,58.0
CMP001,C002619,2024-03-15,1,2240.76,58.0
CMP001,C001379,2024-03-15,1,6668.26,58.0
CMP001,C000676,2024-03-15,0,0.0,58.0
CMP001,C004977,2024-03-15,0,0.0,58.0
CMP001,C002931,2024-03-15,0,0.0,58.0
CMP001,C003814,2024-03-15,1,617.72,58.0
CMP001,C005336,2024-03-15,0,0.0,58.0
CMP001,C002451,2024-03-15,0,0.0,58.0
CMP001,C001004,2024-03-15,0,0.0,58.0
CMP001,C001655,2024-03-15,0,0.0,58.0
CMP001,C005456,2024-03-15,0,0.0,58.0
CMP001,C000495,2024-03-15,0,0.0,58.0
CMP001,C001474,2024-03-15,1,1750.11,58.0
CMP001,C004361,2024-03-15,0,0.0,58.0
CMP001,C004395,2024-03-15,0,0.0,58.0
CMP001,C005823,2024-03-15,0,0.0,58.0
CMP001,C003695,2024-03-15,0,0.0,58.0
CMP001,C001770,2024-03-15,1,1905.0,58.0
CMP001,C004444,2024-03-15,0,0.0,58.0
CMP001,C002981,2024-03-15,0,0.0,58.0
CMP001,C001639,2024-03-15,0,0.0,58.0
CMP001,C002794,2024-03-15,0,0.0,58.0
CMP001,C005634,2024-03-15,0,0.0,58.0
CMP001,C001138,2024-03-15,0,0.0,58.0
CMP001,C001968,2024-03-15,1,1330.47,58.0
CMP001,C001503,2024-03-15,0,0.0,58.0
CMP001,C000553,2024-03-15,0,0.0,58.0
CMP001,C002219,2024-03-15,0,0.0,58.0
CMP001,C003103,2024-03-15,0,0.0,58.0
CMP001,C002752,2024-03-15,0,0.0,58.0
CMP001,C005110,2024-03-15,0,0.0,58.0
CMP001,C000898,2024-03-15,0,0.0,58.0
CMP001,C002391,2024-03-15,0,0.0,58.0
CMP001,C000265,2024-03-15,0,0.0,58.0
CMP001,C003095,2024-03-15,0,0.0,58.0
CMP001,C000340,2024-03-15,0,0.0,58.0
CMP001,C005080,2024-03-15,1,413.86,58.0
CMP001,C001701,2024-03-15,0,0.0,58.0
CMP001,C004904,2024-03-15,0,0.0,58.0
CMP001,C004981,2024-03-15,0,0.0,58.0
CMP001,C004962,2024-03-15,0,0.0,58.0
CMP001,C000023,2024-03-15,0,0.0,58.0
CMP001,C000177,2024-03-15,0,0.0,58.0
CMP001,C001568,2024-03-15,0,0.0,58.0
CMP001,C003043,2024-03-15,0,0.0,58.0
CMP001,C000822,2024-03-15,0,0.0,58.0
CMP001,C001975,2024-03-15,1,1196.58,58.0
CMP001,C003212,2024-03-15,1,227.38,58.0
CMP001,C000895,2024-03-15,1,1703.62,58.0
CMP001,C004933,2024-03-15,1,1090.98,58.0
CMP001,C001069,2024-03-15,1,461.56,58.0
CMP001,C004304,2024-03-15,0,0.0,58.0
CMP001,C004496,2024-03-15,1,1585.18,58.0
CMP001,C001437,2024-03-15,0,0.0,58.0
CMP001,C002796,2024-03-15,0,0.0,58.0
CMP001,C005825,2024-03-15,0,0.0,58.0
CMP001,C005359,2024-03-15,0,0.0,58.0
CMP001,C004428,2024-03-15,0,0.0,58.0
CMP001,C003443,2024-03-15,1,298.25,58.0
CMP001,C000598,2024-03-15,0,0.0,58.0
CMP001,C002343,2024-03-15,0,0.0,58.0
CMP001,C002560,2024-03-15,0,0.0,58.0
CMP001,C005130,2024-03-15,0,0.0,58.0
CMP001,C001083,2024-03-15,0,0.0,58.0
CMP001,C005444,2024-03-15,0,0.0,58.0
CMP001,C002567,2024-03-15,1,808.14,58.0
CMP001,C000119,2024-03-15,0,0.0,58.0
CMP001,C005489,2024-03-15,0,0.0,58.0
CMP001,C005645,2024-03-15,1,688.67,58.0
CMP001,C003092,2024-03-15,0,0.0,58.0
CMP001,C001063,2024-03-15,0,0.0,58.0
CMP001,C003141,2024-03-15,1,1623.42,58.0
CMP001,C005478,2024-03-15,1,1647.83,58.0
CMP001,C001082,2024-03-15,0,0.0,58.0
CMP001,C002496,2024-03-15,0,0.0,58.0
CMP001,C003633,2024-03-15,0,0.0,58.0
CMP001,C003519,2024-03-15,1,466.1,58.0
CMP001,C000638,2024-03-15,0,0.0,58.0
CMP001,C001460,2024-03-15,0,0.0,58.0
CMP001,C000565,2024-03-15,0,0.0,58.0
CMP001,C000047,2024-03-15,0,0.0,58.0
CMP001,C003596,2024-03-15,1,1429.41,58.0
CMP001,C000390,2024-03-15,1,774.16,58.0
CMP001,C001791,2024-03-15,1,1071.04,58.0
CMP001,C000779,2024-03-15,0,0.0,58.0
CMP001,C005720,2024-03-15,1,574.99,58.0
CMP001,C001526,2024-03-15,0,0.0,58.0
CMP001,C001060,2024-03-15,0,0.0,58.0
CMP001,C004589,2024-03-15,1,2365.78,58.0
CMP001,C002548,2024-03-15,0,0.0,58.0
CMP001,C002489,2024-03-15,0,0.0,58.0
CMP001,C001129,2024-03-15,0,0.0,58.0
CMP001,C000606,2024-03-15,0,0.0,58.0
CMP001,C000939,2024-03-15,1,1229.99,58.0
CMP001,C003543,2024-03-15,0,0.0,58.0
CMP001,C001369,2024-03-15,0,0.0,58.0
CMP001,C000864,2024-03-15,1,1769.87,58.0
CMP001,C002816,2024-03-15,0,0.0,58.0
CMP001,C003312,2024-03-15,1,1209.25,58.0
CMP001,C000014,2024-03-15,0,0.0,58.0
CMP001,C004191,2024-03-15,1,1873.33,58.0
CMP001,C001732,2024-03-15,0,0.0,58.0
CMP001,C002486,2024-03-15,1,1424.76,58.0
CMP001,C001408,2024-03-15,1,1494.65,58.0
CMP001,C003080,2024-03-15,1,3520.52,58.0
CMP001,C002089,2024-03-15,0,0.0,58.0
CMP001,C005582,2024-03-15,0,0.0,58.0
CMP001,C000534,2024-03-15,1,349.54,58.0
CMP001,C003464,2024-03-15,0,0.0,58.0
CMP001,C001586,2024-03-15,1,2044.94,58.0
CMP001,C004204,2024-03-15,1,789.91,58.0
CMP001,C004492,2024-03-15,0,0.0,58.0
CMP001,C003841,2024-03-15,0,0.0,58.0
CMP001,C004194,2024-03-15,1,1611.74,58.0
CMP001,C000718,2024-03-15,0,0.0,58.0
CMP001,C004910,2024-03-15,0,0.0,58.0
CMP001,C005748,2024-03-15,0,0.0,58.0
CMP001,C004940,2024-03-15,0,0.0,58.0
CMP001,C001428,2024-03-15,0,0.0,58.0
CMP001,C005594,2024-03-15,1,3773.29,58.0
CMP001,C000975,2024-03-15,1,492.6,58.0
CMP001,C001830,2024-03-15,0,0.0,58.0
CMP001,C005667,2024-03-15,0,0.0,58.0
CMP001,C001139,2024-03-15,0,0.0,58.0
CMP001,C003166,2024-03-15,0,0.0,58.0
CMP001,C002421,2024-03-15,1,125.81,58.0
CMP001,C000797,2024-03-15,0,0.0,58.0
CMP001,C000394,2024-03-15,0,0.0,58.0
CMP001,C001716,2024-03-15,0,0.0,58.0
CMP001,C001787,2024-03-15,1,2227.79,58.0
CMP001,C004597,2024-03-15,0,0.0,58.0
CMP001,C005356,2024-03-15,0,0.0,58.0
CMP001,C005654,2024-03-15,0,0.0,58.0
CMP001,C000832,2024-03-15,0,0.0,58.0
CMP001,C000319,2024-03-15,0,0.0,58.0
CMP001,C005782,2024-03-15,0,0.0,58.0
CMP001,C003278,2024-03-15,0,0.0,58.0
CMP001,C005898,2024-03-15,0,0.0,58.0
CMP001,C003501,2024-03-15,0,0.0,58.0
CMP001,C005846,2024-03-15,0,0.0,58.0
CMP001,C003326,2024-03-15,0,0.0,58.0
CMP001,C004103,2024-03-15,0,0.0,58.0
CMP001,C001493,2024-03-15,0,0.0,58.0
CMP001,C004442,2024-03-15,0,0.0,58.0
CMP001,C004809,2024-03-15,0,0.0,58.0
CMP001,C004250,2024-03-15,0,0.0,58.0
CMP001,C001661,2024-03-15,0,0.0,58.0
CMP001,C003928,2024-03-15,0,0.0,58.0
CMP001,C001110,2024-03-15,0,0.0,58.0
CMP001,C001644,2024-03-15,0,0.0,58.0
CMP001,C000065,2024-03-15,1,1145.88,58.0
CMP001,C003402,2024-03-15,0,0.0,58.0
CMP001,C004710,2024-03-15,0,0.0,58.0
CMP001,C000833,2024-03-15,1,868.99,58.0
CMP001,C004357,2024-03-15,0,0.0,58.0
CMP001,C005030,2024-03-15,0,0.0,58.0
CMP001,C000057,2024-03-15,1,465.66,58.0
CMP001,C000333,2024-03-15,1,212.96,58.0
CMP001,C002393,2024-03-15,1,1284.83,58.0
CMP001,C005802,2024-03-15,0,0.0,58.0
CMP001,C002082,2024-03-15,0,0.0,58.0
CMP001,C002102,2024-03-15,0,0.0,58.0
CMP001,C002370,2024-03-15,0,0.0,58.0
CMP001,C000635,2024-03-15,0,0.0,58.0
CMP001,C000894,2024-03-15,0,0.0,58.0
CMP001,C002112,2024-03-15,0,0.0,58.0
CMP001,C000809,2024-03-15,0,0.0,58.0
CMP001,C001081,2024-03-15,0,0.0,58.0
CMP001,C005571,2024-03-15,0,0.0,58.0
CMP001,C000566,2024-03-15,1,1119.68,58.0
CMP001,C003587,2024-03-15,0,0.0,58.0
CMP001,C002296,2024-03-15,1,330.81,58.0
CMP001,C000305,2024-03-15,1,1393.92,58.0
CMP001,C000329,2024-03-15,0,0.0,58.0
CMP001,C002434,2024-03-15,0,0.0,58.0
CMP001,C005995,2024-03-15,1,1755.33,58.0
CMP001,C004439,2024-03-15,0,0.0,58.0
CMP001,C001076,2024-03-15,0,0.0,58.0
CMP001,C002113,2024-03-15,0,0.0,58.0
CMP001,C000599,2024-03-15,0,0.0,58.0
CMP001,C003314,2024-03-15,0,0.0,58.0
CMP001,C001090,2024-03-15,0,0.0,58.0
CMP001,C005804,2024-03-15,1,405.11,58.0
CMP001,C002613,2024-03-15,1,1464.53,58.0
CMP001,C004311,2024-03-15,0,0.0,58.0
CMP001,C003677,2024-03-15,1,829.05,58.0
CMP001,C001876,2024-03-15,1,1875.64,58.0
CMP001,C004618,2024-03-15,0,0.0,58.0
CMP001,C004023,2024-03-15,1,728.55,58.0
CMP001,C005145,2024-03-15,0,0.0,58.0
CMP001,C001746,2024-03-15,0,0.0,58.0
CMP001,C004317,2024-03-15,0,0.0,58.0
CMP001,C000918,2024-03-15,0,0.0,58.0
CMP001,C003879,2024-03-15,1,870.35,58.0
CMP001,C001377,2024-03-15,1,564.92,58.0
CMP001,C003551,2024-03-15,1,1031.01,58.0
CMP001,C001771,2024-03-15,0,0.0,58.0
CMP001,C004387,2024-03-15,0,0.0,58.0
CMP001,C004557,2024-03-15,0,0.0,58.0
CMP001,C003790,2024-03-15,0,0.0,58.0
CMP001,C001295,2024-03-15,1,668.06,58.0
CMP001,C003041,2024-03-15,0,0.0,58.0
CMP001,C001557,2024-03-15,1,581.92,58.0
CMP001,C005863,2024-03-15,0,0.0,58.0
CMP001,C000462,2024-03-15,1,349.48,58.0
CMP001,C001130,2024-03-15,0,0.0,58.0
CMP001,C000885,2024-03-15,1,1412.74,58.0
CMP001,C005830,2024-03-15,0,0.0,58.0
CMP001,C004358,2024-03-15,0,0.0,58.0
CMP001,C004373,2024-03-15,0,0.0,58.0
CMP001,C003397,2024-03-15,0,0.0,58.0
CMP001,C005573,2024-03-15,1,747.09,58.0
CMP001,C000294,2024-03-15,0,0.0,58.0
CMP001,C002876,2024-03-15,0,0.0,58.0
CMP001,C004767,2024-03-15,0,0.0,58.0
CMP001,C004073,2024-03-15,0,0.0,58.0
CMP001,C002397,2024-03-15,0,0.0,58.0
CMP001,C001521,2024-03-15,0,0.0,58.0
CMP001,C003617,2024-03-15,0,0.0,58.0
CMP001,C005103,2024-03-15,0,0.0,58.0
CMP001,C002839,2024-03-15,0,0.0,58.0
CMP001,C002458,2024-03-15,1,1448.73,58.0
CMP001,C004678,2024-03-15,0,0.0,58.0
CMP001,C001921,2024-03-15,0,0.0,58.0
CMP001,C001762,2024-03-15,0,0.0,58.0
CMP001,C003984,2024-03-15,0,0.0,58.0
CMP001,C002453,2024-03-15,0,0.0,58.0
CMP001,C004865,2024-03-15,0,0.0,58.0
CMP002,C003136,2024-06-10,0,0.0,92.0
CMP002,C004632,2024-06-10,0,0.0,92.0
CMP002,C004037,2024-06-10,0,0.0,92.0
CMP002,C004937,2024-06-10,0,0.0,92.0
CMP002,C005645,2024-06-10,0,0.0,92.0
CMP002,C001935,2024-06-10,0,0.0,92.0
CMP002,C002960,2024-06-10,1,938.62,92.0
CMP002,C000490,2024-06-10,0,0.0,92.0
CMP002,C000857,2024-06-10,0,0.0,92.0
CMP002,C002750,2024-06-10,1,3113.88,92.0
CMP002,C003467,2024-06-10,0,0.0,92.0
CMP002,C005729,2024-06-10,0,0.0,92.0
CMP002,C004150,2024-06-10,0,0.0,92.0
CMP002,C000194,2024-06-10,0,0.0,92.0
CMP002,C002399,2024-06-10,1,630.06,92.0
CMP002,C000063,2024-06-10,1,594.04,92.0
CMP002,C003523,2024-06-10,1,1684.38,92.0
CMP002,C004757,2024-06-10,0,0.0,92.0
CMP002,C003464,2024-06-10,0,0.0,92.0
CMP002,C005303,2024-06-10,0,0.0,92.0
CMP002,C003341,2024-06-10,0,0.0,92.0
CMP002,C004765,2024-06-10,0,0.0,92.0
CMP002,C000875,2024-06-10,0,0.0,92.0
CMP002,C005127,2024-06-10,0,0.0,92.0
CMP002,C002670,2024-06-10,1,316.89,92.0
CMP002,C003188,2024-06-10,0,0.0,92.0
CMP002,C000396,2024-06-10,1,385.88,92.0
CMP002,C002284,2024-06-10,0,0.0,92.0
CMP002,C004953,2024-06-10,1,3342.32,92.0
CMP002,C005477,2024-06-10,1,1757.34,92.0
CMP002,C005806,2024-06-10,0,0.0,92.0
CMP002,C005376,2024-06-10,1,1946.28,92.0
CMP002,C000853,2024-06-10,0,0.0,92.0
CMP002,C003391,2024-06-10,1,284.67,92.0
CMP002,C002221,2024-06-10,0,0.0,92.0
CMP002,C004810,2024-06-10,0,0.0,92.0
CMP002,C000676,2024-06-10,0,0.0,92.0
CMP002,C002377,2024-06-10,1,230.07,92.0
CMP002,C004041,2024-06-10,1,2274.0,92.0
CMP002,C001034,2024-06-10,0,0.0,92.0
CMP002,C003008,2024-06-10,0,0.0,92.0
CMP002,C004377,2024-06-10,0,0.0,92.0
CMP002,C004168,2024-06-10,0,0.0,92.0
CMP002,C001957,2024-06-10,1,243.03,92.0
CMP002,C005670,2024-06-10,0,0.0,92.0
CMP002,C004003,2024-06-10,1,1060.35,92.0
CMP002,C003573,2024-06-10,0,0.0,92.0
CMP002,C004819,2024-06-10,0,0.0,92.0
CMP002,C004651,2024-06-10,0,0.0,92.0
CMP002,C005637,2024-06-10,0,0.0,92.0
CMP002,C004415,2024-06-10,0,0.0,92.0
CMP002,C005922,2024-06-10,0,0.0,92.0
CMP002,C001074,2024-06-10,1,606.25,92.0
CMP002,C000401,2024-06-10,0,0.0,92.0
CMP002,C003378,2024-06-10,0,0.0,92.0
CMP002,C001593,2024-06-10,1,1761.69,92.0
CMP002,C004429,2024-06-10,1,1199.65,92.0
CMP002,C002089,2024-06-10,0,0.0,92.0
CMP002,C003863,2024-06-10,1,1639.57,92.0
CMP002,C001000,2024-06-10,1,889.76,92.0
CMP002,C002183,2024-06-10,1,1911.48,92.0
CMP002,C002489,2024-06-10,0,0.0,92.0
CMP002,C002987,2024-06-10,0,0.0,92.0
CMP002,C002298,2024-06-10,0,0.0,92.0
CMP002,C000457,2024-06-10,0,0.0,92.0
CMP002,C003303,2024-06-10,1,105.29,92.0
CMP002,C001331,2024-06-10,0,0.0,92.0
CMP002,C001006,2024-06-10,0,0.0,92.0
CMP002,C001009,2024-06-10,0,0.0,92.0
CMP002,C002567,2024-06-10,0,0.0,92.0
CMP002,C002318,2024-06-10,0,0.0,92.0
CMP002,C005366,2024-06-10,1,848.47,92.0
CMP002,C003750,2024-06-10,0,0.0,92.0
CMP002,C002067,2024-06-10,0,0.0,92.0
CMP002,C005435,2024-06-10,0,0.0,92.0
CMP002,C000503,2024-06-10,0,0.0,92.0
CMP002,C002789,2024-06-10,0,0.0,92.0
CMP002,C004660,2024-06-10,0,0.0,92.0
CMP002,C003850,2024-06-10,0,0.0,92.0
CMP002,C000018,2024-06-10,0,0.0,92.0
CMP002,C002653,2024-06-10,0,0.0,92.0
CMP002,C000093,2024-06-10,1,4420.51,92.0
CMP002,C002219,2024-06-10,0,0.0,92.0
CMP002,C003641,2024-06-10,0,0.0,92.0
CMP002,C005288,2024-06-10,1,1641.77,92.0
CMP002,C002713,2024-06-10,1,1246.73,92.0
CMP002,C000113,2024-06-10,1,691.61,92.0
CMP002,C004491,2024-06-10,1,2880.23,92.0
CMP002,C003814,2024-06-10,0,0.0,92.0
CMP002,C005423,2024-06-10,0,0.0,92.0
CMP002,C002248,2024-06-10,0,0.0,92.0
CMP002,C002931,2024-06-10,0,0.0,92.0
CMP002,C004543,2024-06-10,0,0.0,92.0
CMP002,C000138,2024-06-10,1,1318.76,92.0
CMP002,C003988,2024-06-10,1,1729.0,92.0
CMP002,C002112,2024-06-10,0,0.0,92.0
CMP002,C004975,2024-06-10,1,729.82,92.0
CMP002,C000397,2024-06-10,0,0.0,92.0
CMP002,C005393,2024-06-10,0,0.0,92.0
CMP002,C003522,2024-06-10,0,0.0,92.0
CMP002,C002887,2024-06-10,0,0.0,92.0
CMP002,C004529,2024-06-10,1,430.99,92.0
CMP002,C005890,2024-06-10,0,0.0,92.0
CMP002,C002616,2024-06-10,1,523.04,92.0
CMP002,C002689,2024-06-10,0,0.0,92.0
CMP002,C004077,2024-06-10,1,663.05,92.0
CMP002,C004914,2024-06-10,1,1961.73,92.0
CMP002,C004142,2024-06-10,0,0.0,92.0
CMP002,C004404,2024-06-10,1,2561.35,92.0
CMP002,C005663,2024-06-10,0,0.0,92.0
CMP002,C005921,2024-06-10,1,1584.14,92.0
CMP002,C001568,2024-06-10,0,0.0,92.0
CMP002,C004640,2024-06-10,0,0.0,92.0
CMP002,C000172,2024-06-10,1,1105.5,92.0
CMP002,C003719,2024-06-10,0,0.0,92.0
CMP002,C001566,2024-06-10,0,0.0,92.0
CMP002,C005184,2024-06-10,0,0.0,92.0
CMP002,C003599,2024-06-10,1,2978.41,92.0
CMP002,C003982,2024-06-10,0,0.0,92.0
CMP002,C004856,2024-06-10,1,1951.14,92.0
CMP002,C001278,2024-06-10,0,0.0,92.0
CMP002,C000135,2024-06-10,0,0.0,92.0
CMP002,C001195,2024-06-10,0,0.0,92.0
CMP002,C000359,2024-06-10,0,0.0,92.0
CMP002,C005416,2024-06-10,0,0.0,92.0
CMP002,C005295,2024-06-10,0,0.0,92.0
CMP002,C000546,2024-06-10,1,1769.55,92.0
CMP002,C004354,2024-06-10,0,0.0,92.0
CMP002,C001919,2024-06-10,0,0.0,92.0
CMP002,C003775,2024-06-10,0,0.0,92.0
CMP002,C002655,2024-06-10,1,1148.93,92.0
CMP002,C004710,2024-06-10,0,0.0,92.0
CMP002,C000289,2024-06-10,0,0.0,92.0
CMP002,C002679,2024-06-10,0,0.0,92.0
CMP002,C005924,2024-06-10,0,0.0,92.0
CMP002,C000264,2024-06-10,0,0.0,92.0
CMP002,C004983,2024-06-10,0,0.0,92.0
CMP002,C005256,2024-06-10,0,0.0,92.0
CMP002,C004712,2024-06-10,0,0.0,92.0
CMP002,C004596,2024-06-10,1,827.36,92.0
CMP002,C001121,2024-06-10,0,0.0,92.0
CMP002,C002450,2024-06-10,1,1362.71,92.0
CMP002,C002151,2024-06-10,0,0.0,92.0
CMP002,C002975,2024-06-10,0,0.0,92.0
CMP002,C003090,2024-06-10,1,474.8,92.0
CMP002,C002446,2024-06-10,0,0.0,92.0
CMP002,C004048,2024-06-10,0,0.0,92.0
CMP002,C004904,2024-06-10,0,0.0,92.0
CMP002,C005847,2024-06-10,0,0.0,92.0
CMP002,C003527,2024-06-10,0,0.0,92.0
CMP002,C004079,2024-06-10,1,1238.72,92.0
CMP002,C003092,2024-06-10,1,2668.06,92.0
CMP002,C002574,2024-06-10,0,0.0,92.0
CMP002,C000778,2024-06-10,1,907.73,92.0
CMP002,C001887,2024-06-10,0,0.0,92.0
CMP002,C000877,2024-06-10,0,0.0,92.0
CMP002,C002577,2024-06-10,1,2729.46,92.0
CMP002,C003532,2024-06-10,0,0.0,92.0
CMP002,C004105,2024-06-10,0,0.0,92.0
CMP002,C002893,2024-06-10,0,0.0,92.0
CMP002,C005023,2024-06-10,0,0.0,92.0
CMP002,C001359,2024-06-10,0,0.0,92.0
CMP002,C004124,2024-06-10,0,0.0,92.0
CMP002,C005959,2024-06-10,1,1941.87,92.0
CMP002,C005169,2024-06-10,0,0.0,92.0
CMP002,C004232,2024-06-10,0,0.0,92.0
CMP002,C005422,2024-06-10,1,52.39,92.0
CMP002,C000538,2024-06-10,1,1326.63,92.0
CMP002,C006000,2024-06-10,1,1407.0,92.0
CMP002,C000233,2024-06-10,0,0.0,92.0
CMP002,C004948,2024-06-10,0,0.0,92.0
CMP002,C003771,2024-06-10,0,0.0,92.0
CMP002,C004968,2024-06-10,1,1937.07,92.0
CMP002,C000482,2024-06-10,1,1074.66,92.0
CMP002,C004894,2024-06-10,1,581.33,92.0
CMP002,C003942,2024-06-10,0,0.0,92.0
CMP002,C005580,2024-06-10,0,0.0,92.0
CMP002,C004031,2024-06-10,0,0.0,92.0
CMP002,C001674,2024-06-10,0,0.0,92.0
CMP002,C001493,2024-06-10,0,0.0,92.0
CMP002,C001758,2024-06-10,0,0.0,92.0
CMP002,C005646,2024-06-10,1,2006.0,92.0
CMP002,C001771,2024-06-10,1,445.9,92.0
CMP002,C000476,2024-06-10,0,0.0,92.0
CMP002,C005353,2024-06-10,0,0.0,92.0
CMP002,C002944,2024-06-10,0,0.0,92.0
CMP002,C005307,2024-06-10,1,426.27,92.0
CMP002,C003202,2024-06-10,0,0.0,92.0
CMP002,C003558,2024-06-10,1,608.85,92.0
CMP002,C001502,2024-06-10,0,0.0,92.0
CMP002,C001016,2024-06-10,1,762.88,92.0
CMP002,C004586,2024-06-10,0,0.0,92.0
CMP002,C004278,2024-06-10,1,3523.21,92.0
CMP002,C002201,2024-06-10,1,1476.57,92.0
CMP002,C002941,2024-06-10,0,0.0,92.0
CMP002,C000717,2024-06-10,1,601.89,92.0
CMP002,C005584,2024-06-10,0,0.0,92.0
CMP002,C001217,2024-06-10,0,0.0,92.0
CMP002,C001754,2024-06-10,0,0.0,92.0
CMP002,C003194,2024-06-10,0,0.0,92.0
CMP002,C002737,2024-06-10,1,1165.2,92.0
CMP002,C005489,2024-06-10,0,0.0,92.0
CMP002,C000356,2024-06-10,0,0.0,92.0
CMP002,C001950,2024-06-10,0,0.0,92.0
CMP002,C004337,2024-06-10,0,0.0,92.0
CMP002,C000495,2024-06-10,1,1012.44,92.0
CMP002,C002613,2024-06-10,0,0.0,92.0
CMP002,C005310,2024-06-10,0,0.0,92.0
CMP002,C001442,2024-06-10,0,0.0,92.0
CMP002,C003042,2024-06-10,1,1336.76,92.0
CMP002,C004103,2024-06-10,1,625.73,92.0
CMP002,C002568,2024-06-10,0,0.0,92.0
CMP002,C002310,2024-06-10,0,0.0,92.0
CMP002,C000755,2024-06-10,0,0.0,92.0
CMP002,C001711,2024-06-10,0,0.0,92.0
CMP002,C003421,2024-06-10,0,0.0,92.0
CMP002,C000987,2024-06-10,1,1341.27,92.0
CMP002,C005199,2024-06-10,0,0.0,92.0
CMP002,C005720,2024-06-10,1,1196.84,92.0
CMP002,C003843,2024-06-10,0,0.0,92.0
CMP002,C003629,2024-06-10,0,0.0,92.0
CMP002,C004197,2024-06-10,1,2612.25,92.0
CMP002,C005333,2024-06-10,1,521.19,92.0
CMP002,C002434,2024-06-10,1,1046.36,92.0
CMP002,C005560,2024-06-10,0,0.0,92.0
CMP002,C003885,2024-06-10,1,1765.2,92.0
CMP002,C003716,2024-06-10,1,859.88,92.0
CMP002,C004330,2024-06-10,1,1126.81,92.0
CMP002,C000984,2024-06-10,0,0.0,92.0
CMP002,C000164,2024-06-10,1,124.6,92.0
CMP002,C003032,2024-06-10,1,775.36,92.0
CMP002,C000236,2024-06-10,0,0.0,92.0
CMP002,C005230,2024-06-10,0,0.0,92.0
CMP002,C004909,2024-06-10,1,1387.24,92.0
CMP002,C003492,2024-06-10,1,1079.09,92.0
CMP002,C001220,2024-06-10,1,1208.05,92.0
CMP002,C001829,2024-06-10,0,0.0,92.0
CMP002,C000910,2024-06-10,1,516.47,92.0
CMP002,C005571,2024-06-10,0,0.0,92.0
CMP002,C001639,2024-06-10,0,0.0,92.0
CMP002,C004800,2024-06-10,0,0.0,92.0
CMP002,C001334,2024-06-10,1,401.99,92.0
CMP002,C003046,2024-06-10,0,0.0,92.0
CMP002,C001842,2024-06-10,0,0.0,92.0
CMP002,C002539,2024-06-10,0,0.0,92.0
CMP002,C001230,2024-06-10,0,0.0,92.0
CMP002,C004780,2024-06-10,0,0.0,92.0
CMP002,C004978,2024-06-10,0,0.0,92.0
CMP002,C005530,2024-06-10,0,0.0,92.0
CMP002,C000059,2024-06-10,0,0.0,92.0
CMP002,C004172,2024-06-10,0,0.0,92.0
CMP002,C004444,2024-06-10,0,0.0,92.0
CMP002,C004625,2024-06-10,1,548.35,92.0
CMP002,C004349,2024-06-10,1,3060.68,92.0
CMP002,C005257,2024-06-10,0,0.0,92.0
CMP002,C000901,2024-06-10,0,0.0,92.0
CMP002,C002490,2024-06-10,0,0.0,92.0
CMP002,C004677,2024-06-10,0,0.0,92.0
CMP002,C004367,2024-06-10,0,0.0,92.0
CMP002,C003438,2024-06-10,1,269.68,92.0
CMP002,C001472,2024-06-10,0,0.0,92.0
CMP002,C005055,2024-06-10,0,0.0,92.0
CMP002,C002579,2024-06-10,1,910.61,92.0
CMP002,C004116,2024-06-10,0,0.0,92.0
CMP002,C001213,2024-06-10,0,0.0,92.0
CMP002,C001763,2024-06-10,1,419.46,92.0
CMP002,C003281,2024-06-10,0,0.0,92.0
CMP002,C003534,2024-06-10,1,623.1,92.0
CMP002,C005275,2024-06-10,0,0.0,92.0
CMP002,C000951,2024-06-10,0,0.0,92.0
CMP002,C003196,2024-06-10,1,183.18,92.0
CMP002,C001422,2024-06-10,0,0.0,92.0
CMP002,C004376,2024-06-10,1,611.41,92.0
CMP002,C002778,2024-06-10,0,0.0,92.0
CMP002,C001607,2024-06-10,0,0.0,92.0
CMP002,C003910,2024-06-10,0,0.0,92.0
CMP002,C005933,2024-06-10,1,3591.29,92.0
CMP002,C004659,2024-06-10,0,0.0,92.0
CMP002,C005660,2024-06-10,1,2075.79,92.0
CMP002,C005759,2024-06-10,0,0.0,92.0
CMP002,C001426,2024-06-10,0,0.0,92.0
CMP002,C005488,2024-06-10,1,3495.46,92.0
CMP002,C000897,2024-06-10,0,0.0,92.0
CMP002,C005385,2024-06-10,1,982.02,92.0
CMP002,C004459,2024-06-10,1,1290.7,92.0
CMP002,C002999,2024-06-10,1,910.39,92.0
CMP002,C005715,2024-06-10,0,0.0,92.0
CMP002,C002299,2024-06-10,0,0.0,92.0
CMP002,C003035,2024-06-10,0,0.0,92.0
CMP002,C004515,2024-06-10,0,0.0,92.0
CMP002,C000066,2024-06-10,0,0.0,92.0
CMP002,C000105,2024-06-10,0,0.0,92.0
CMP002,C003016,2024-06-10,0,0.0,92.0
CMP002,C005146,2024-06-10,0,0.0,92.0
CMP002,C000360,2024-06-10,0,0.0,92.0
CMP002,C005714,2024-06-10,0,0.0,92.0
CMP002,C000013,2024-06-10,0,0.0,92.0
CMP002,C000381,2024-06-10,0,0.0,92.0
CMP002,C003690,2024-06-10,0,0.0,92.0
CMP002,C001379,2024-06-10,1,1853.54,92.0
CMP002,C003019,2024-06-10,0,0.0,92.0
CMP002,C005163,2024-06-10,0,0.0,92.0
CMP002,C005077,2024-06-10,0,0.0,92.0
CMP002,C000064,2024-06-10,1,829.34,92.0
CMP002,C004496,2024-06-10,1,665.8,92.0
CMP002,C001168,2024-06-10,0,0.0,92.0
CMP002,C001249,2024-06-10,0,0.0,92.0
CMP002,C004432,2024-06-10,1,1844.1,92.0
CMP002,C000609,2024-06-10,0,0.0,92.0
CMP002,C001712,2024-06-10,0,0.0,92.0
CMP002,C004148,2024-06-10,1,513.07,92.0
CMP002,C005103,2024-06-10,0,0.0,92.0
CMP002,C004082,2024-06-10,0,0.0,92.0
CMP002,C000377,2024-06-10,0,0.0,92.0
CMP002,C003592,2024-06-10,0,0.0,92.0
CMP002,C003687,2024-06-10,1,165.73,92.0
CMP002,C001049,2024-06-10,0,0.0,92.0
CMP002,C002752,2024-06-10,0,0.0,92.0
CMP002,C002230,2024-06-10,0,0.0,92.0
CMP002,C001143,2024-06-10,0,0.0,92.0
CMP002,C003692,2024-06-10,1,1368.1,92.0
CMP002,C002123,2024-06-10,0,0.0,92.0
CMP002,C000606,2024-06-10,1,895.9,92.0
CMP002,C003960,2024-06-10,0,0.0,92.0
CMP002,C004195,2024-06-10,0,0.0,92.0
CMP002,C002876,2024-06-10,0,0.0,92.0
CMP002,C005467,2024-06-10,0,0.0,92.0
CMP002,C002767,2024-06-10,1,790.16,92.0
CMP002,C005934,2024-06-10,0,0.0,92.0
CMP002,C003517,2024-06-10,0,0.0,92.0
CMP002,C001253,2024-06-10,0,0.0,92.0
CMP002,C004030,2024-06-10,1,1960.4,92.0
CMP002,C005357,2024-06-10,0,0.0,92.0
CMP002,C000908,2024-06-10,0,0.0,92.0
CMP002,C000188,2024-06-10,0,0.0,92.0
CMP002,C000812,2024-06-10,0,0.0,92.0
CMP002,C003871,2024-06-10,0,0.0,92.0
CMP002,C001921,2024-06-10,0,0.0,92.0
CMP002,C003943,2024-06-10,0,0.0,92.0
CMP002,C003436,2024-06-10,0,0.0,92.0
CMP002,C004407,2024-06-10,0,0.0,92.0
CMP002,C004472,2024-06-10,0,0.0,92.0
CMP002,C003159,2024-06-10,0,0.0,92.0
CMP002,C004204,2024-06-10,0,0.0,92.0
CMP002,C002623,2024-06-10,1,1008.98,92.0
CMP002,C001704,2024-06-10,1,2490.4,92.0
CMP002,C003697,2024-06-10,0,0.0,92.0
CMP002,C000460,2024-06-10,0,0.0,92.0
CMP002,C001855,2024-06-10,0,0.0,92.0
CMP002,C005632,2024-06-10,0,0.0,92.0
CMP002,C001317,2024-06-10,0,0.0,92.0
CMP002,C001601,2024-06-10,1,194.74,92.0
CMP002,C002782,2024-06-10,1,1265.08,92.0
CMP002,C000071,2024-06-10,1,903.15,92.0
CMP002,C005456,2024-06-10,1,1149.55,92.0
CMP002,C001240,2024-06-10,1,1150.62,92.0
CMP002,C000355,2024-06-10,1,3218.71,92.0
CMP002,C003554,2024-06-10,1,2038.91,92.0
CMP002,C001920,2024-06-10,1,999.95,92.0
CMP002,C002617,2024-06-10,0,0.0,92.0
CMP002,C003806,2024-06-10,0,0.0,92.0
CMP002,C002019,2024-06-10,1,493.09,92.0
CMP002,C005992,2024-06-10,0,0.0,92.0
CMP002,C003633,2024-06-10,0,0.0,92.0
CMP002,C000473,2024-06-10,0,0.0,92.0
CMP002,C001551,2024-06-10,1,1292.11,92.0
CMP002,C003624,2024-06-10,1,2076.56,92.0
CMP002,C005629,2024-06-10,0,0.0,92.0
CMP002,C005855,2024-06-10,0,0.0,92.0
CMP002,C004799,2024-06-10,1,2110.31,92.0
CMP002,C004746,2024-06-10,0,0.0,92.0
CMP002,C001198,2024-06-10,1,1107.13,92.0
CMP002,C004876,2024-06-10,0,0.0,92.0
CMP002,C001322,2024-06-10,0,0.0,92.0
CMP002,C001595,2024-06-10,1,405.79,92.0
CMP002,C001817,2024-06-10,0,0.0,92.0
CMP002,C005953,2024-06-10,1,439.56,92.0
CMP002,C005378,2024-06-10,0,0.0,92.0
CMP002,C005667,2024-06-10,0,0.0,92.0
CMP002,C005043,2024-06-10,0,0.0,92.0
CMP002,C002408,2024-06-10,0,0.0,92.0
CMP002,C000870,2024-06-10,1,512.11,92.0
CMP002,C004390,2024-06-10,1,409.17,92.0
CMP002,C002812,2024-06-10,0,0.0,92.0
CMP002,C005223,2024-06-10,0,0.0,92.0
CMP002,C005995,2024-06-10,0,0.0,92.0
CMP002,C001347,2024-06-10,0,0.0,92.0
CMP002,C000590,2024-06-10,0,0.0,92.0
CMP002,C003366,2024-06-10,1,1877.46,92.0
CMP002,C003226,2024-06-10,1,336.85,92.0
CMP002,C001328,2024-06-10,0,0.0,92.0
CMP002,C002857,2024-06-10,0,0.0,92.0
CMP002,C004850,2024-06-10,1,1000.87,92.0
CMP002,C000486,2024-06-10,0,0.0,92.0
CMP002,C000942,2024-06-10,1,304.34,92.0
CMP002,C003643,2024-06-10,0,0.0,92.0
CMP002,C004896,2024-06-10,0,0.0,92.0
CMP002,C004075,2024-06-10,0,0.0,92.0
CMP002,C004811,2024-06-10,0,0.0,92.0
CMP002,C002835,2024-06-10,0,0.0,92.0
CMP002,C004018,2024-06-10,1,385.51,92.0
CMP002,C005233,2024-06-10,1,580.63,92.0
CMP002,C004755,2024-06-10,0,0.0,92.0
CMP002,C001473,2024-06-10,1,1428.06,92.0
CMP002,C005129,2024-06-10,0,0.0,92.0
CMP002,C004122,2024-06-10,0,0.0,92.0
CMP002,C004042,2024-06-10,0,0.0,92.0
CMP002,C005276,2024-06-10,1,409.33,92.0
CMP002,C004939,2024-06-10,0,0.0,92.0
CMP002,C005680,2024-06-10,1,2870.01,92.0
CMP002,C002990,2024-06-10,0,0.0,92.0
CMP002,C003432,2024-06-10,1,681.66,92.0
CMP002,C004905,2024-06-10,1,3094.21,92.0
CMP002,C002036,2024-06-10,1,40.39,92.0
CMP002,C004202,2024-06-10,0,0.0,92.0
CMP002,C000033,2024-06-10,1,2259.2,92.0
CMP002,C001408,2024-06-10,0,0.0,92.0
CMP002,C003832,2024-06-10,0,0.0,92.0
CMP002,C004253,2024-06-10,1,1351.5,92.0
CMP002,C004343,2024-06-10,1,1720.33,92.0
CMP002,C004920,2024-06-10,0,0.0,92.0
CMP002,C002412,2024-06-10,0,0.0,92.0
CMP002,C003503,2024-06-10,1,697.62,92.0
CMP002,C001737,2024-06-10,0,0.0,92.0
CMP002,C000521,2024-06-10,0,0.0,92.0
CMP002,C003230,2024-06-10,0,0.0,92.0
CMP002,C005188,2024-06-10,0,0.0,92.0
CMP002,C001651,2024-06-10,0,0.0,92.0
CMP002,C005284,2024-06-10,0,0.0,92.0
CMP002,C004268,2024-06-10,1,5373.95,92.0
CMP002,C003267,2024-06-10,1,238.37,92.0
CMP002,C004266,2024-06-10,0,0.0,92.0
CMP002,C001615,2024-06-10,1,1269.62,92.0
CMP002,C001716,2024-06-10,0,0.0,92.0
CMP002,C004410,2024-06-10,1,530.9,92.0
CMP002,C004165,2024-06-10,0,0.0,92.0
CMP002,C001054,2024-06-10,1,888.94,92.0
CMP002,C003854,2024-06-10,0,0.0,92.0
CMP002,C005279,2024-06-10,0,0.0,92.0
CMP002,C003298,2024-06-10,0,0.0,92.0
CMP002,C004588,2024-06-10,1,2616.58,92.0
CMP002,C002011,2024-06-10,1,1015.93,92.0
CMP002,C001869,2024-06-10,0,0.0,92.0
CMP002,C002979,2024-06-10,0,0.0,92.0
CMP002,C000824,2024-06-10,1,1125.47,92.0
CMP002,C001685,2024-06-10,0,0.0,92.0
CMP002,C000836,2024-06-10,0,0.0,92.0
CMP002,C000860,2024-06-10,1,1133.62,92.0
CMP002,C000413,2024-06-10,0,0.0,92.0
CMP002,C003182,2024-06-10,0,0.0,92.0
CMP002,C004205,2024-06-10,0,0.0,92.0
CMP002,C002628,2024-06-10,0,0.0,92.0
CMP002,C001459,2024-06-10,0,0.0,92.0
CMP002,C005507,2024-06-10,0,0.0,92.0
CMP002,C001041,2024-06-10,0,0.0,92.0
CMP002,C004788,2024-06-10,0,0.0,92.0
CMP002,C002650,2024-06-10,0,0.0,92.0
CMP002,C005918,2024-06-10,0,0.0,92.0
CMP002,C005955,2024-06-10,0,0.0,92.0
CMP002,C000597,2024-06-10,0,0.0,92.0
CMP002,C000012,2024-06-10,0,0.0,92.0
CMP002,C003867,2024-06-10,1,1413.07,92.0
CMP002,C005471,2024-06-10,0,0.0,92.0
CMP002,C002837,2024-06-10,0,0.0,92.0
CMP002,C004341,2024-06-10,0,0.0,92.0
CMP002,C001221,2024-06-10,0,0.0,92.0
CMP002,C002233,2024-06-10,1,280.42,92.0
CMP002,C002442,2024-06-10,0,0.0,92.0
CMP002,C005619,2024-06-10,0,0.0,92.0
CMP002,C001292,2024-06-10,0,0.0,92.0
CMP002,C002997,2024-06-10,0,0.0,92.0
CMP002,C002247,2024-06-10,0,0.0,92.0
CMP002,C003987,2024-06-10,0,0.0,92.0
CMP002,C000781,2024-06-10,1,297.93,92.0
CMP002,C003894,2024-06-10,1,738.8,92.0
CMP002,C002232,2024-06-10,0,0.0,92.0
CMP002,C005386,2024-06-10,0,0.0,92.0
CMP002,C001641,2024-06-10,0,0.0,92.0
CMP002,C002842,2024-06-10,0,0.0,92.0
CMP002,C000319,2024-06-10,1,483.75,92.0
CMP002,C000191,2024-06-10,0,0.0,92.0
CMP002,C002516,2024-06-10,0,0.0,92.0
CMP002,C001637,2024-06-10,0,0.0,92.0
CMP002,C001822,2024-06-10,0,0.0,92.0
CMP002,C001903,2024-06-10,0,0.0,92.0
CMP002,C002726,2024-06-10,0,0.0,92.0
CMP002,C000277,2024-06-10,0,0.0,92.0
CMP002,C000492,2024-06-10,0,0.0,92.0
CMP002,C004254,2024-06-10,0,0.0,92.0
CMP002,C004388,2024-06-10,0,0.0,92.0
CMP002,C004940,2024-06-10,1,987.68,92.0
CMP002,C003224,2024-06-10,0,0.0,92.0
CMP002,C004752,2024-06-10,0,0.0,92.0
CMP002,C001847,2024-06-10,1,160.51,92.0
CMP002,C002858,2024-06-10,1,1741.0,92.0
CMP002,C001991,2024-06-10,1,2100.75,92.0
CMP002,C000788,2024-06-10,1,303.16,92.0
CMP002,C003981,2024-06-10,1,1258.25,92.0
CMP002,C001301,2024-06-10,1,2490.19,92.0
CMP002,C003557,2024-06-10,0,0.0,92.0
CMP002,C002215,2024-06-10,0,0.0,92.0
CMP002,C005497,2024-06-10,0,0.0,92.0
CMP002,C005988,2024-06-10,0,0.0,92.0
CMP002,C005251,2024-06-10,0,0.0,92.0
CMP002,C002822,2024-06-10,0,0.0,92.0
CMP002,C001652,2024-06-10,1,2032.26,92.0
CMP002,C003581,2024-06-10,0,0.0,92.0
CMP002,C002106,2024-06-10,0,0.0,92.0
CMP002,C003873,2024-06-10,0,0.0,92.0
CMP002,C000082,2024-06-10,0,0.0,92.0
CMP002,C003578,2024-06-10,0,0.0,92.0
CMP002,C000652,2024-06-10,1,423.42,92.0
CMP002,C003238,2024-06-10,0,0.0,92.0
CMP002,C002738,2024-06-10,1,240.7,92.0
CMP002,C002231,2024-06-10,0,0.0,92.0
CMP002,C000819,2024-06-10,0,0.0,92.0
CMP002,C004605,2024-06-10,0,0.0,92.0
CMP002,C002497,2024-06-10,0,0.0,92.0
CMP002,C002322,2024-06-10,0,0.0,92.0
CMP002,C000808,2024-06-10,0,0.0,92.0
CMP002,C004807,2024-06-10,0,0.0,92.0
CMP002,C002028,2024-06-10,1,2739.29,92.0
CMP002,C000222,2024-06-10,1,680.54,92.0
CMP002,C001139,2024-06-10,1,985.61,92.0
CMP002,C000604,2024-06-10,1,607.82,92.0
CMP002,C001695,2024-06-10,0,0.0,92.0
CMP002,C003807,2024-06-10,0,0.0,92.0
CMP002,C001899,2024-06-10,0,0.0,92.0
CMP002,C003572,2024-06-10,0,0.0,92.0
CMP002,C002657,2024-06-10,1,359.37,92.0
CMP002,C001672,2024-06-10,0,0.0,92.0
CMP002,C000592,2024-06-10,0,0.0,92.0
CMP002,C005615,2024-06-10,0,0.0,92.0
CMP002,C002620,2024-06-10,1,629.64,92.0
CMP002,C000491,2024-06-10,0,0.0,92.0
CMP002,C000260,2024-06-10,0,0.0,92.0
CMP002,C004708,2024-06-10,0,0.0,92.0
CMP002,C005558,2024-06-10,1,608.16,92.0
CMP002,C000110,2024-06-10,0,0.0,92.0
CMP002,C001356,2024-06-10,0,0.0,92.0
CMP002,C003123,2024-06-10,0,0.0,92.0
CMP002,C003920,2024-06-10,0,0.0,92.0
CMP002,C001539,2024-06-10,1,1418.64,92.0
CMP002,C004606,2024-06-10,0,0.0,92.0
CMP002,C002973,2024-06-10,0,0.0,92.0
CMP002,C005115,2024-06-10,0,0.0,92.0
CMP002,C004402,2024-06-10,0,0.0,92.0
CMP002,C002748,2024-06-10,0,0.0,92.0
CMP002,C000599,2024-06-10,0,0.0,92.0
CMP002,C003413,2024-06-10,0,0.0,92.0
CMP002,C002560,2024-06-10,0,0.0,92.0
CMP002,C001677,2024-06-10,1,783.67,92.0
CMP002,C004345,2024-06-10,0,0.0,92.0
CMP002,C001974,2024-06-10,0,0.0,92.0
CMP002,C004829,2024-06-10,1,475.24,92.0
CMP002,C004970,2024-06-10,1,1744.31,92.0
CMP002,C005426,2024-06-10,0,0.0,92.0
CMP002,C004678,2024-06-10,1,4165.1,92.0
CMP002,C005640,2024-06-10,0,0.0,92.0
CMP002,C001742,2024-06-10,0,0.0,92.0
CMP002,C005238,2024-06-10,0,0.0,92.0
CMP002,C005885,2024-06-10,0,0.0,92.0
CMP002,C001020,2024-06-10,0,0.0,92.0
CMP002,C000667,2024-06-10,0,0.0,92.0
CMP002,C000980,2024-06-10,0,0.0,92.0
CMP002,C005335,2024-06-10,1,970.09,92.0
CMP002,C005045,2024-06-10,0,0.0,92.0
CMP002,C005143,2024-06-10,0,0.0,92.0
CMP002,C004519,2024-06-10,0,0.0,92.0
CMP002,C001192,2024-06-10,0,0.0,92.0
CMP002,C004073,2024-06-10,1,846.23,92.0
CMP002,C004880,2024-06-10,0,0.0,92.0
CMP002,C005908,2024-06-10,0,0.0,92.0
CMP002,C003473,2024-06-10,0,0.0,92.0
CMP002,C004552,2024-06-10,0,0.0,92.0
CMP002,C003228,2024-06-10,0,0.0,92.0
CMP002,C000271,2024-06-10,0,0.0,92.0
CMP002,C001990,2024-06-10,0,0.0,92.0
CMP002,C003145,2024-06-10,0,0.0,92.0
CMP002,C003766,2024-06-10,1,881.42,92.0
CMP002,C001383,2024-06-10,0,0.0,92.0
CMP002,C002022,2024-06-10,0,0.0,92.0
CMP002,C003540,2024-06-10,0,0.0,92.0
CMP002,C001719,2024-06-10,0,0.0,92.0
CMP002,C002013,2024-06-10,1,1139.92,92.0
CMP002,C001106,2024-06-10,0,0.0,92.0
CMP002,C004471,2024-06-10,0,0.0,92.0
CMP002,C003898,2024-06-10,0,0.0,92.0
CMP002,C003601,2024-06-10,0,0.0,92.0
CMP002,C001237,2024-06-10,1,666.58,92.0
CMP002,C005902,2024-06-10,0,0.0,92.0
CMP002,C003466,2024-06-10,1,1442.55,92.0
CMP002,C002807,2024-06-10,0,0.0,92.0
CMP002,C005215,2024-06-10,0,0.0,92.0
CMP002,C000031,2024-06-10,0,0.0,92.0
CMP002,C004996,2024-06-10,1,363.12,92.0
CMP002,C002313,2024-06-10,0,0.0,92.0
CMP002,C001945,2024-06-10,1,313.69,92.0
CMP002,C000023,2024-06-10,1,2304.44,92.0
CMP002,C001553,2024-06-10,0,0.0,92.0
CMP002,C004458,2024-06-10,1,1099.71,92.0
CMP002,C002942,2024-06-10,1,381.37,92.0
CMP002,C004269,2024-06-10,1,1458.35,92.0
CMP002,C002909,2024-06-10,0,0.0,92.0
CMP002,C002227,2024-06-10,0,0.0,92.0
CMP002,C005301,2024-06-10,1,626.94,92.0
CMP002,C001127,2024-06-10,0,0.0,92.0
CMP002,C005241,2024-06-10,1,1813.19,92.0
CMP002,C003442,2024-06-10,0,0.0,92.0
CMP002,C001785,2024-06-10,0,0.0,92.0
CMP002,C005664,2024-06-10,0,0.0,92.0
CMP002,C001153,2024-06-10,0,0.0,92.0
CMP002,C004287,2024-06-10,0,0.0,92.0
CMP002,C002769,2024-06-10,1,1087.65,92.0
CMP002,C004513,2024-06-10,0,0.0,92.0
CMP002,C003743,2024-06-10,1,169.33,92.0
CMP002,C001676,2024-06-10,0,0.0,92.0
CMP002,C003570,2024-06-10,0,0.0,92.0
CMP002,C004340,2024-06-10,0,0.0,92.0
CMP002,C004531,2024-06-10,0,0.0,92.0
CMP002,C004575,2024-06-10,1,693.4,92.0
CMP002,C005808,2024-06-10,0,0.0,92.0
CMP002,C003701,2024-06-10,0,0.0,92.0
CMP002,C002811,2024-06-10,0,0.0,92.0
CMP002,C001619,2024-06-10,0,0.0,92.0
CMP002,C004492,2024-06-10,1,4368.49,92.0
CMP002,C001962,2024-06-10,0,0.0,92.0
CMP002,C005525,2024-06-10,0,0.0,92.0
CMP002,C004726,2024-06-10,0,0.0,92.0
CMP002,C000038,2024-06-10,0,0.0,92.0
CMP002,C005562,2024-06-10,0,0.0,92.0
CMP002,C005920,2024-06-10,0,0.0,92.0
CMP002,C000798,2024-06-10,0,0.0,92.0
CMP002,C004366,2024-06-10,0,0.0,92.0
CMP002,C004361,2024-06-10,1,450.01,92.0
CMP002,C005585,2024-06-10,0,0.0,92.0
CMP002,C000698,2024-06-10,0,0.0,92.0
CMP002,C003064,2024-06-10,0,0.0,92.0
CMP002,C002058,2024-06-10,0,0.0,92.0
CMP002,C002103,2024-06-10,0,0.0,92.0
CMP002,C002912,2024-06-10,1,1157.3,92.0
CMP002,C001142,2024-06-10,0,0.0,92.0
CMP002,C004929,2024-06-10,0,0.0,92.0
CMP002,C003813,2024-06-10,0,0.0,92.0
CMP002,C001939,2024-06-10,0,0.0,92.0
CMP002,C004981,2024-06-10,0,0.0,92.0
CMP002,C001027,2024-06-10,0,0.0,92.0
CMP002,C000411,2024-06-10,0,0.0,92.0
CMP002,C004477,2024-06-10,0,0.0,92.0
CMP002,C004592,2024-06-10,1,1727.05,92.0
CMP002,C001604,2024-06-10,0,0.0,92.0
CMP002,C001437,2024-06-10,0,0.0,92.0
CMP002,C005327,2024-06-10,0,0.0,92.0
CMP002,C001860,2024-06-10,0,0.0,92.0
CMP002,C005589,2024-06-10,0,0.0,92.0
CMP002,C002730,2024-06-10,0,0.0,92.0
CMP002,C003589,2024-06-10,0,0.0,92.0
CMP002,C003796,2024-06-10,0,0.0,92.0
CMP002,C003465,2024-06-10,1,1011.16,92.0
CMP002,C002696,2024-06-10,0,0.0,92.0
CMP002,C004647,2024-06-10,1,308.89,92.0
CMP002,C001450,2024-06-10,0,0.0,92.0
CMP002,C002945,2024-06-10,0,0.0,92.0
CMP002,C003902,2024-06-10,0,0.0,92.0
CMP002,C003916,2024-06-10,0,0.0,92.0
CMP002,C004960,2024-06-10,0,0.0,92.0
CMP002,C004812,2024-06-10,0,0.0,92.0
CMP002,C003950,2024-06-10,1,3171.76,92.0
CMP002,C003524,2024-06-10,0,0.0,92.0
CMP002,C005572,2024-06-10,0,0.0,92.0
CMP002,C002921,2024-06-10,0,0.0,92.0
CMP002,C002652,2024-06-10,0,0.0,92.0
CMP002,C004734,2024-06-10,1,855.62,92.0
CMP002,C002368,2024-06-10,1,455.06,92.0
CMP002,C003649,2024-06-10,0,0.0,92.0
CMP002,C000693,2024-06-10,0,0.0,92.0
CMP002,C000696,2024-06-10,0,0.0,92.0
CMP002,C002548,2024-06-10,0,0.0,92.0
CMP002,C004306,2024-06-10,0,0.0,92.0
CMP002,C003103,2024-06-10,0,0.0,92.0
CMP002,C000929,2024-06-10,0,0.0,92.0
CMP002,C004663,2024-06-10,0,0.0,92.0
CMP002,C002357,2024-06-10,0,0.0,92.0
CMP002,C000573,2024-06-10,0,0.0,92.0
CMP002,C002049,2024-06-10,0,0.0,92.0
CMP002,C004724,2024-06-10,1,1060.53,92.0
CMP002,C002885,2024-06-10,0,0.0,92.0
CMP002,C003383,2024-06-10,0,0.0,92.0
CMP002,C002459,2024-06-10,1,1690.88,92.0
CMP002,C004300,2024-06-10,1,7694.43,92.0
CMP002,C005269,2024-06-10,1,762.07,92.0
CMP002,C002354,2024-06-10,0,0.0,92.0
CMP002,C003409,2024-06-10,1,1185.48,92.0
CMP002,C004284,2024-06-10,0,0.0,92.0
CMP002,C001289,2024-06-10,0,0.0,92.0
CMP002,C002015,2024-06-10,0,0.0,92.0
CMP002,C005408,2024-06-10,0,0.0,92.0
CMP002,C003426,2024-06-10,0,0.0,92.0
CMP002,C002082,2024-06-10,0,0.0,92.0
CMP002,C003930,2024-06-10,0,0.0,92.0
CMP002,C004945,2024-06-10,0,0.0,92.0
CMP002,C004736,2024-06-10,0,0.0,92.0
CMP002,C000890,2024-06-10,0,0.0,92.0
CMP002,C003868,2024-06-10,0,0.0,92.0
CMP002,C004475,2024-06-10,1,1450.52,92.0
CMP002,C001388,2024-06-10,1,1088.24,92.0
CMP002,C003884,2024-06-10,0,0.0,92.0
CMP002,C000991,2024-06-10,0,0.0,92.0
CMP002,C002466,2024-06-10,0,0.0,92.0
CMP002,C003872,2024-06-10,0,0.0,92.0
CMP002,C004135,2024-06-10,0,0.0,92.0
CMP002,C003778,2024-06-10,1,970.43,92.0
CMP002,C001501,2024-06-10,0,0.0,92.0
CMP002,C001812,2024-06-10,1,675.93,92.0
CMP002,C000261,2024-06-10,0,0.0,92.0
CMP002,C000301,2024-06-10,1,663.13,92.0
CMP002,C003659,2024-06-10,0,0.0,92.0
CMP002,C000777,2024-06-10,0,0.0,92.0
CMP002,C004565,2024-06-10,0,0.0,92.0
CMP002,C002868,2024-06-10,0,0.0,92.0
CMP002,C002268,2024-06-10,0,0.0,92.0
CMP002,C002451,2024-06-10,0,0.0,92.0
CMP002,C002429,2024-06-10,0,0.0,92.0
CMP002,C001710,2024-06-10,0,0.0,92.0
CMP002,C001911,2024-06-10,0,0.0,92.0
CMP002,C003077,2024-06-10,0,0.0,92.0
CMP002,C001401,2024-06-10,0,0.0,92.0
CMP002,C005797,2024-06-10,0,0.0,92.0
CMP002,C003429,2024-06-10,1,474.97,92.0
CMP002,C002365,2024-06-10,0,0.0,92.0
CMP002,C004852,2024-06-10,1,218.97,92.0
CMP002,C004504,2024-06-10,0,0.0,92.0
CMP002,C004762,2024-06-10,0,0.0,92.0
CMP002,C000014,2024-06-10,0,0.0,92.0
CMP002,C002281,2024-06-10,0,0.0,92.0
CMP002,C002486,2024-06-10,0,0.0,92.0
CMP002,C002810,2024-06-10,1,2164.49,92.0
CMP002,C000619,2024-06-10,0,0.0,92.0
CMP002,C000679,2024-06-10,0,0.0,92.0
CMP002,C002677,2024-06-10,0,0.0,92.0
CMP002,C003529,2024-06-10,0,0.0,92.0
CMP002,C005944,2024-06-10,0,0.0,92.0
CMP002,C002336,2024-06-10,0,0.0,92.0
CMP002,C002100,2024-06-10,0,0.0,92.0
CMP002,C001184,2024-06-10,0,0.0,92.0
CMP002,C000462,2024-06-10,0,0.0,92.0
CMP002,C005346,2024-06-10,0,0.0,92.0
CMP002,C005123,2024-06-10,0,0.0,92.0
CMP002,C005784,2024-06-10,0,0.0,92.0
CMP002,C003266,2024-06-10,0,0.0,92.0
CMP002,C003112,2024-06-10,1,664.12,92.0
CMP002,C005842,2024-06-10,1,1795.62,92.0
CMP002,C000391,2024-06-10,0,0.0,92.0
CMP002,C004767,2024-06-10,1,2892.94,92.0
CMP002,C000506,2024-06-10,0,0.0,92.0
CMP002,C002534,2024-06-10,0,0.0,92.0
CMP002,C002303,2024-06-10,0,0.0,92.0
CMP002,C003414,2024-06-10,1,451.54,92.0
CMP002,C002723,2024-06-10,0,0.0,92.0
CMP002,C005949,2024-06-10,0,0.0,92.0
CMP002,C003632,2024-06-10,1,623.77,92.0
CMP002,C003940,2024-06-10,0,0.0,92.0
CMP002,C004587,2024-06-10,0,0.0,92.0
CMP002,C005833,2024-06-10,0,0.0,92.0
CMP002,C000833,2024-06-10,0,0.0,92.0
CMP002,C005151,2024-06-10,0,0.0,92.0
CMP002,C005069,2024-06-10,0,0.0,92.0
CMP002,C001132,2024-06-10,0,0.0,92.0
CMP002,C005214,2024-06-10,1,1473.13,92.0
CMP002,C003395,2024-06-10,0,0.0,92.0
CMP002,C002790,2024-06-10,1,2121.96,92.0
CMP002,C004585,2024-06-10,0,0.0,92.0
CMP002,C004157,2024-06-10,0,0.0,92.0
CMP002,C004280,2024-06-10,0,0.0,92.0
CMP002,C002551,2024-06-10,1,1242.09,92.0
CMP002,C005071,2024-06-10,0,0.0,92.0
CMP002,C001274,2024-06-10,1,253.87,92.0
CMP002,C004440,2024-06-10,0,0.0,92.0
CMP002,C004072,2024-06-10,0,0.0,92.0
CMP002,C000060,2024-06-10,0,0.0,92.0
CMP002,C003215,2024-06-10,1,475.16,92.0
CMP002,C003205,2024-06-10,0,0.0,92.0
CMP002,C001115,2024-06-10,1,2114.51,92.0
CMP002,C001411,2024-06-10,1,628.33,92.0
CMP002,C001836,2024-06-10,1,458.07,92.0
CMP002,C000342,2024-06-10,0,0.0,92.0
CMP002,C000313,2024-06-10,0,0.0,92.0
CMP002,C005206,2024-06-10,1,3241.96,92.0
CMP002,C003430,2024-06-10,0,0.0,92.0
CMP002,C004422,2024-06-10,0,0.0,92.0
CMP002,C004453,2024-06-10,0,0.0,92.0
CMP002,C000464,2024-06-10,0,0.0,92.0
CMP002,C001973,2024-06-10,0,0.0,92.0
CMP002,C004938,2024-06-10,0,0.0,92.0
CMP002,C003587,2024-06-10,0,0.0,92.0
CMP002,C000523,2024-06-10,0,0.0,92.0
CMP002,C004725,2024-06-10,0,0.0,92.0
CMP002,C004215,2024-06-10,0,0.0,92.0
CMP002,C003192,2024-06-10,0,0.0,92.0
CMP002,C003184,2024-06-10,0,0.0,92.0
CMP002,C001350,2024-06-10,0,0.0,92.0
CMP002,C005056,2024-06-10,0,0.0,92.0
CMP002,C002421,2024-06-10,0,0.0,92.0
CMP002,C003922,2024-06-10,1,700.3,92.0
CMP002,C004897,2024-06-10,0,0.0,92.0
CMP002,C001366,2024-06-10,0,0.0,92.0
CMP002,C003937,2024-06-10,0,0.0,92.0
CMP002,C004481,2024-06-10,0,0.0,92.0
CMP002,C004906,2024-06-10,1,1779.43,92.0
CMP002,C003128,2024-06-10,0,0.0,92.0
CMP002,C004428,2024-06-10,0,0.0,92.0
CMP002,C001655,2024-06-10,0,0.0,92.0
CMP002,C003760,2024-06-10,0,0.0,92.0
CMP002,C002963,2024-06-10,0,0.0,92.0
CMP002,C002580,2024-06-10,0,0.0,92.0
CMP002,C003496,2024-06-10,0,0.0,92.0
CMP002,C002386,2024-06-10,0,0.0,92.0
CMP002,C005000,2024-06-10,1,891.18,92.0
CMP002,C002916,2024-06-10,0,0.0,92.0
CMP002,C000787,2024-06-10,1,3901.69,92.0
CMP002,C001286,2024-06-10,0,0.0,92.0
CMP002,C004038,2024-06-10,1,1710.39,92.0
CMP002,C001107,2024-06-10,0,0.0,92.0
CMP002,C000049,2024-06-10,0,0.0,92.0
CMP002,C003072,2024-06-10,0,0.0,92.0
CMP002,C005010,2024-06-10,1,3813.93,92.0
CMP002,C000822,2024-06-10,0,0.0,92.0
CMP002,C004946,2024-06-10,0,0.0,92.0
CMP002,C005154,2024-06-10,0,0.0,92.0
CMP002,C004703,2024-06-10,0,0.0,92.0
CMP002,C005777,2024-06-10,0,0.0,92.0
CMP002,C003083,2024-06-10,0,0.0,92.0
CMP002,C004372,2024-06-10,0,0.0,92.0
CMP002,C000891,2024-06-10,0,0.0,92.0
CMP002,C005573,2024-06-10,0,0.0,92.0
CMP002,C005624,2024-06-10,0,0.0,92.0
CMP002,C002202,2024-06-10,0,0.0,92.0
CMP002,C001389,2024-06-10,0,0.0,92.0
CMP002,C003856,2024-06-10,0,0.0,92.0
CMP002,C005324,2024-06-10,0,0.0,92.0
CMP002,C000504,2024-06-10,0,0.0,92.0
CMP002,C005349,2024-06-10,0,0.0,92.0
CMP002,C003723,2024-06-10,1,773.5,92.0
CMP002,C000511,2024-06-10,1,1804.12,92.0
CMP002,C003550,2024-06-10,1,702.97,92.0
CMP002,C001403,2024-06-10,0,0.0,92.0
CMP002,C004288,2024-06-10,0,0.0,92.0
CMP002,C001980,2024-06-10,0,0.0,92.0
CMP002,C004335,2024-06-10,1,1206.92,92.0
CMP002,C005174,2024-06-10,0,0.0,92.0
CMP002,C002794,2024-06-10,0,0.0,92.0
CMP002,C000362,2024-06-10,0,0.0,92.0
CMP002,C000514,2024-06-10,0,0.0,92.0
CMP002,C002576,2024-06-10,0,0.0,92.0
CMP002,C002824,2024-06-10,0,0.0,92.0
CMP002,C001471,2024-06-10,0,0.0,92.0
CMP002,C002802,2024-06-10,0,0.0,92.0
CMP002,C005001,2024-06-10,0,0.0,92.0
CMP002,C000379,2024-06-10,1,528.42,92.0
CMP002,C001337,2024-06-10,1,1162.56,92.0
CMP002,C000557,2024-06-10,0,0.0,92.0
CMP002,C003731,2024-06-10,0,0.0,92.0
CMP002,C003088,2024-06-10,1,221.41,92.0
CMP002,C003647,2024-06-10,0,0.0,92.0
CMP002,C002566,2024-06-10,1,1731.26,92.0
CMP002,C003827,2024-06-10,0,0.0,92.0
CMP002,C005600,2024-06-10,0,0.0,92.0
CMP002,C002224,2024-06-10,0,0.0,92.0
CMP002,C003371,2024-06-10,0,0.0,92.0
CMP002,C004858,2024-06-10,0,0.0,92.0
CMP002,C002363,2024-06-10,0,0.0,92.0
CMP002,C002256,2024-06-10,0,0.0,92.0
CMP002,C002884,2024-06-10,0,0.0,92.0
CMP002,C002862,2024-06-10,0,0.0,92.0
CMP002,C002535,2024-06-10,0,0.0,92.0
CMP002,C001713,2024-06-10,1,514.52,92.0
CMP002,C002881,2024-06-10,0,0.0,92.0
CMP002,C005508,2024-06-10,0,0.0,92.0
CMP002,C000550,2024-06-10,0,0.0,92.0
CMP002,C001071,2024-06-10,0,0.0,92.0
CMP002,C000647,2024-06-10,1,1008.13,92.0
CMP002,C004191,2024-06-10,0,0.0,92.0
CMP002,C001725,2024-06-10,0,0.0,92.0
CMP002,C000179,2024-06-10,1,201.62,92.0
CMP002,C002496,2024-06-10,1,406.07,92.0
CMP002,C003691,2024-06-10,0,0.0,92.0
CMP002,C002255,2024-06-10,1,676.91,92.0
CMP002,C003029,2024-06-10,1,1421.01,92.0
CMP002,C002889,2024-06-10,0,0.0,92.0
CMP002,C005040,2024-06-10,0,0.0,92.0
CMP002,C000249,2024-06-10,0,0.0,92.0
CMP002,C005196,2024-06-10,0,0.0,92.0
CMP002,C004568,2024-06-10,1,443.99,92.0
CMP002,C003776,2024-06-10,0,0.0,92.0
CMP002,C005429,2024-06-10,0,0.0,92.0
CMP002,C002409,2024-06-10,0,0.0,92.0
CMP002,C004500,2024-06-10,1,2073.79,92.0
CMP002,C004977,2024-06-10,1,628.87,92.0
CMP002,C002910,2024-06-10,1,439.81,92.0
CMP002,C001909,2024-06-10,0,0.0,92.0
CMP002,C000577,2024-06-10,0,0.0,92.0
CMP002,C003452,2024-06-10,1,1779.65,92.0
CMP002,C005262,2024-06-10,0,0.0,92.0
CMP002,C001310,2024-06-10,0,0.0,92.0
CMP002,C001522,2024-06-10,0,0.0,92.0
CMP002,C001540,2024-06-10,0,0.0,92.0
CMP002,C005582,2024-06-10,1,409.98,92.0
CMP002,C001745,2024-06-10,0,0.0,92.0
CMP002,C005716,2024-06-10,1,1194.38,92.0
CMP002,C005862,2024-06-10,0,0.0,92.0
CMP002,C003443,2024-06-10,0,0.0,92.0
CMP002,C000197,2024-06-10,1,4062.32,92.0
CMP002,C001101,2024-06-10,0,0.0,92.0
CMP002,C001586,2024-06-10,0,0.0,92.0
CMP002,C000225,2024-06-10,0,0.0,92.0
CMP002,C004192,2024-06-10,0,0.0,92.0
CMP002,C001828,2024-06-10,0,0.0,92.0
CMP002,C002505,2024-06-10,0,0.0,92.0
CMP002,C000086,2024-06-10,0,0.0,92.0
CMP002,C001787,2024-06-10,1,1567.31,92.0
CMP002,C000303,2024-06-10,1,613.41,92.0
CMP002,C000176,2024-06-10,0,0.0,92.0
CMP002,C004393,2024-06-10,0,0.0,92.0
CMP002,C002159,2024-06-10,0,0.0,92.0
CMP002,C002443,2024-06-10,0,0.0,92.0
CMP002,C002431,2024-06-10,0,0.0,92.0
CMP002,C001876,2024-06-10,1,188.91,92.0
CMP002,C002646,2024-06-10,1,1234.42,92.0
CMP002,C001863,2024-06-10,0,0.0,92.0
CMP002,C004743,2024-06-10,1,908.54,92.0
CMP002,C000567,2024-06-10,0,0.0,92.0
CMP002,C004903,2024-06-10,0,0.0,92.0
CMP002,C002321,2024-06-10,0,0.0,92.0
CMP002,C000536,2024-06-10,0,0.0,92.0
CMP002,C001753,2024-06-10,0,0.0,92.0
CMP002,C005607,2024-06-10,0,0.0,92.0
CMP002,C002267,2024-06-10,1,392.16,92.0
CMP002,C004769,2024-06-10,0,0.0,92.0
CMP002,C003510,2024-06-10,0,0.0,92.0
CMP002,C003539,2024-06-10,0,0.0,92.0
CMP002,C003588,2024-06-10,0,0.0,92.0
CMP002,C002494,2024-06-10,1,895.39,92.0
CMP002,C005499,2024-06-10,0,0.0,92.0
CMP002,C004890,2024-06-10,0,0.0,92.0
CMP002,C002562,2024-06-10,0,0.0,92.0
CMP002,C001658,2024-06-10,0,0.0,92.0
CMP002,C004180,2024-06-10,0,0.0,92.0
CMP002,C004536,2024-06-10,1,612.31,92.0
CMP002,C001052,2024-06-10,0,0.0,92.0
CMP002,C001772,2024-06-10,0,0.0,92.0
CMP002,C000349,2024-06-10,0,0.0,92.0
CMP002,C003583,2024-06-10,0,0.0,92.0
CMP002,C000721,2024-06-10,1,1284.44,92.0
CMP002,C000006,2024-06-10,0,0.0,92.0
CMP002,C004711,2024-06-10,1,1446.32,92.0
CMP002,C003669,2024-06-10,0,0.0,92.0
CMP002,C001609,2024-06-10,0,0.0,92.0
CMP002,C003211,2024-06-10,0,0.0,92.0
CMP002,C002728,2024-06-10,1,1597.63,92.0
CMP002,C003071,2024-06-10,0,0.0,92.0
CMP002,C005813,2024-06-10,0,0.0,92.0
CMP002,C000637,2024-06-10,1,1447.69,92.0
CMP002,C004230,2024-06-10,1,619.19,92.0
CMP002,C004686,2024-06-10,0,0.0,92.0
CMP002,C004775,2024-06-10,0,0.0,92.0
CMP002,C002040,2024-06-10,0,0.0,92.0
CMP002,C003080,2024-06-10,0,0.0,92.0
CMP002,C004669,2024-06-10,0,0.0,92.0
CMP002,C000350,2024-06-10,0,0.0,92.0
CMP002,C001296,2024-06-10,0,0.0,92.0
CMP002,C000438,2024-06-10,0,0.0,92.0
CMP002,C002605,2024-06-10,1,202.55,92.0
CMP002,C004844,2024-06-10,0,0.0,92.0
CMP002,C002602,2024-06-10,0,0.0,92.0
CMP002,C000305,2024-06-10,0,0.0,92.0
CMP002,C000896,2024-06-10,0,0.0,92.0
CMP002,C004912,2024-06-10,0,0.0,92.0
CMP002,C005973,2024-06-10,0,0.0,92.0
CMP002,C005926,2024-06-10,0,0.0,92.0
CMP002,C005852,2024-06-10,0,0.0,92.0
CMP002,C002419,2024-06-10,1,335.48,92.0
CMP002,C002544,2024-06-10,1,1204.06,92.0
CMP002,C001859,2024-06-10,0,0.0,92.0
CMP002,C002785,2024-06-10,1,692.08,92.0
CMP002,C003556,2024-06-10,0,0.0,92.0
CMP002,C001378,2024-06-10,1,2036.05,92.0
CMP002,C005599,2024-06-10,0,0.0,92.0
CMP002,C000431,2024-06-10,1,645.61,92.0
CMP002,C001428,2024-06-10,0,0.0,92.0
CMP002,C005478,2024-06-10,0,0.0,92.0
CMP002,C001588,2024-06-10,0,0.0,92.0
CMP002,C001587,2024-06-10,0,0.0,92.0
CMP002,C001073,2024-06-10,0,0.0,92.0
CMP002,C003416,2024-06-10,0,0.0,92.0
CMP002,C003584,2024-06-10,0,0.0,92.0
CMP002,C004320,2024-06-10,1,944.38,92.0
CMP002,C003025,2024-06-10,0,0.0,92.0
CMP002,C003054,2024-06-10,0,0.0,92.0
CMP002,C003908,2024-06-10,0,0.0,92.0
CMP002,C004785,2024-06-10,1,4166.09,92.0
CMP002,C001280,2024-06-10,1,1869.44,92.0
CMP002,C002052,2024-06-10,0,0.0,92.0
CMP002,C002710,2024-06-10,0,0.0,92.0
CMP002,C003158,2024-06-10,0,0.0,92.0
CMP002,C005527,2024-06-10,0,0.0,92.0
CMP002,C001864,2024-06-10,1,627.42,92.0
CMP002,C000814,2024-06-10,1,730.22,92.0
CMP002,C004071,2024-06-10,0,0.0,92.0
CMP002,C003569,2024-06-10,0,0.0,92.0
CMP002,C000678,2024-06-10,1,2678.89,92.0
CMP002,C001171,2024-06-10,1,528.42,92.0
CMP002,C005401,2024-06-10,0,0.0,92.0
CMP002,C002156,2024-06-10,0,0.0,92.0
CMP002,C005396,2024-06-10,0,0.0,92.0
CMP002,C004694,2024-06-10,1,438.77,92.0
CMP002,C002435,2024-06-10,0,0.0,92.0
CMP002,C001096,2024-06-10,1,1103.39,92.0
CMP002,C001768,2024-06-10,0,0.0,92.0
CMP002,C001972,2024-06-10,0,0.0,92.0
CMP002,C004223,2024-06-10,0,0.0,92.0
CMP002,C004859,2024-06-10,1,373.23,92.0
CMP002,C004567,2024-06-10,0,0.0,92.0
CMP002,C000242,2024-06-10,0,0.0,92.0
CMP002,C004460,2024-06-10,0,0.0,92.0
CMP002,C000262,2024-06-10,0,0.0,92.0
CMP002,C003595,2024-06-10,0,0.0,92.0
CMP002,C002816,2024-06-10,1,3086.57,92.0
CMP002,C004421,2024-06-10,0,0.0,92.0
CMP002,C003862,2024-06-10,0,0.0,92.0
CMP002,C004188,2024-06-10,0,0.0,92.0
CMP002,C002989,2024-06-10,0,0.0,92.0
CMP002,C003859,2024-06-10,0,0.0,92.0
CMP002,C001699,2024-06-10,0,0.0,92.0
CMP002,C005466,2024-06-10,0,0.0,92.0
CMP002,C001321,2024-06-10,0,0.0,92.0
CMP002,C001461,2024-06-10,1,501.49,92.0
CMP002,C003720,2024-06-10,0,0.0,92.0
CMP002,C000735,2024-06-10,0,0.0,92.0
CMP002,C005930,2024-06-10,1,1305.27,92.0
CMP002,C005987,2024-06-10,1,1059.52,92.0
CMP002,C005635,2024-06-10,0,0.0,92.0
CMP002,C001170,2024-06-10,0,0.0,92.0
CMP002,C004768,2024-06-10,0,0.0,92.0
CMP002,C004385,2024-06-10,0,0.0,92.0
CMP002,C005394,2024-06-10,0,0.0,92.0
CMP002,C004798,2024-06-10,0,0.0,92.0
CMP002,C003835,2024-06-10,0,0.0,92.0
CMP002,C005364,2024-06-10,0,0.0,92.0
CMP002,C000522,2024-06-10,1,996.78,92.0
CMP002,C001336,2024-06-10,0,0.0,92.0
CMP002,C000007,2024-06-10,0,0.0,92.0
CMP002,C001807,2024-06-10,0,0.0,92.0
CMP002,C000859,2024-06-10,0,0.0,92.0
CMP002,C000028,2024-06-10,0,0.0,92.0
CMP002,C001901,2024-06-10,1,2261.33,92.0
CMP002,C002951,2024-06-10,1,1173.29,92.0
CMP002,C003928,2024-06-10,1,584.47,92.0
CMP002,C000211,2024-06-10,0,0.0,92.0
CMP002,C005007,2024-06-10,0,0.0,92.0
CMP002,C002863,2024-06-10,1,457.21,92.0
CMP002,C005696,2024-06-10,1,419.68,92.0
CMP002,C003381,2024-06-10,0,0.0,92.0
CMP002,C004387,2024-06-10,0,0.0,92.0
CMP002,C004528,2024-06-10,0,0.0,92.0
CMP002,C000863,2024-06-10,0,0.0,92.0
CMP002,C002118,2024-06-10,1,711.47,92.0
CMP002,C001499,2024-06-10,0,0.0,92.0
CMP002,C004581,2024-06-10,0,0.0,92.0
CMP002,C004379,2024-06-10,1,1459.44,92.0
CMP002,C001959,2024-06-10,0,0.0,92.0
CMP002,C001205,2024-06-10,0,0.0,92.0
CMP002,C001394,2024-06-10,1,288.09,92.0
CMP002,C001515,2024-06-10,0,0.0,92.0
CMP002,C000465,2024-06-10,1,1938.47,92.0
CMP002,C003625,2024-06-10,0,0.0,92.0
CMP002,C003607,2024-06-10,0,0.0,92.0
CMP002,C003135,2024-06-10,0,0.0,92.0
CMP002,C000052,2024-06-10,0,0.0,92.0
CMP002,C000529,2024-06-10,1,609.37,92.0
CMP002,C001165,2024-06-10,0,0.0,92.0
CMP002,C003382,2024-06-10,0,0.0,92.0
CMP002,C000983,2024-06-10,0,0.0,92.0
CMP002,C004316,2024-06-10,0,0.0,92.0
CMP002,C005012,2024-06-10,1,663.79,92.0
CMP002,C003762,2024-06-10,0,0.0,92.0
CMP002,C004610,2024-06-10,0,0.0,92.0
CMP002,C003116,2024-06-10,0,0.0,92.0
CMP002,C002392,2024-06-10,1,620.14,92.0
CMP002,C004599,2024-06-10,1,1593.36,92.0
CMP002,C004794,2024-06-10,0,0.0,92.0
CMP002,C002833,2024-06-10,1,1473.69,92.0
CMP002,C001514,2024-06-10,1,1382.58,92.0
CMP002,C002830,2024-06-10,0,0.0,92.0
CMP002,C001435,2024-06-10,0,0.0,92.0
CMP002,C004331,2024-06-10,0,0.0,92.0
CMP002,C004218,2024-06-10,0,0.0,92.0
CMP002,C005743,2024-06-10,1,972.94,92.0
CMP002,C005249,2024-06-10,0,0.0,92.0
CMP002,C001162,2024-06-10,0,0.0,92.0
CMP002,C005228,2024-06-10,1,887.95,92.0
CMP002,C005058,2024-06-10,1,2143.87,92.0
CMP002,C003724,2024-06-10,1,1268.09,92.0
CMP002,C005427,2024-06-10,1,2445.13,92.0
CMP002,C003170,2024-06-10,1,1443.12,92.0
CMP002,C001843,2024-06-10,1,2274.03,92.0
CMP002,C005691,2024-06-10,0,0.0,92.0
CMP002,C002693,2024-06-10,0,0.0,92.0
CMP002,C000415,2024-06-10,1,841.45,92.0
CMP002,C004879,2024-06-10,0,0.0,92.0
CMP002,C003258,2024-06-10,0,0.0,92.0
CMP002,C000279,2024-06-10,0,0.0,92.0
CMP002,C004578,2024-06-10,1,1429.45,92.0
CMP002,C002068,2024-06-10,0,0.0,92.0
CMP002,C002436,2024-06-10,0,0.0,92.0
CMP002,C000655,2024-06-10,1,1129.34,92.0
CMP002,C002823,2024-06-10,1,390.16,92.0
CMP002,C000912,2024-06-10,0,0.0,92.0
CMP002,C005864,2024-06-10,0,0.0,92.0
CMP002,C002358,2024-06-10,0,0.0,92.0
CMP002,C005108,2024-06-10,0,0.0,92.0
CMP002,C001491,2024-06-10,0,0.0,92.0
CMP002,C004721,2024-06-10,0,0.0,92.0
CMP002,C003559,2024-06-10,0,0.0,92.0
CMP002,C000047,2024-06-10,0,0.0,92.0
CMP002,C003197,2024-06-10,0,0.0,92.0
CMP002,C000998,2024-06-10,0,0.0,92.0
CMP002,C002126,2024-06-10,0,0.0,92.0
CMP002,C003314,2024-06-10,0,0.0,92.0
CMP002,C002009,2024-06-10,0,0.0,92.0
CMP002,C005570,2024-06-10,0,0.0,92.0
CMP002,C001092,2024-06-10,1,767.5,92.0
CMP002,C000385,2024-06-10,0,0.0,92.0
CMP002,C004803,2024-06-10,0,0.0,92.0
CMP002,C001269,2024-06-10,1,906.86,92.0
CMP002,C001550,2024-06-10,1,942.76,92.0
CMP002,C000367,2024-06-10,0,0.0,92.0
CMP002,C002668,2024-06-10,1,880.85,92.0
CMP002,C004931,2024-06-10,1,492.03,92.0
CMP002,C004413,2024-06-10,1,817.88,92.0
CMP002,C000398,2024-06-10,0,0.0,92.0
CMP002,C003564,2024-06-10,0,0.0,92.0
CMP002,C004574,2024-06-10,1,1436.9,92.0
CMP002,C002649,2024-06-10,1,790.77,92.0
CMP002,C003423,2024-06-10,1,1018.98,92.0
CMP002,C000699,2024-06-10,0,0.0,92.0
CMP002,C004733,2024-06-10,0,0.0,92.0
CMP002,C005087,2024-06-10,0,0.0,92.0
CMP002,C005090,2024-06-10,0,0.0,92.0
CMP002,C000747,2024-06-10,0,0.0,92.0
CMP002,C002949,2024-06-10,0,0.0,92.0
CMP002,C004134,2024-06-10,0,0.0,92.0
CMP002,C005049,2024-06-10,0,0.0,92.0
CMP002,C004060,2024-06-10,0,0.0,92.0
CMP002,C003574,2024-06-10,1,431.29,92.0
CMP002,C004011,2024-06-10,0,0.0,92.0
CMP002,C001958,2024-06-10,0,0.0,92.0
CMP002,C004562,2024-06-10,0,0.0,92.0
CMP002,C004250,2024-06-10,0,0.0,92.0
CMP002,C003508,2024-06-10,0,0.0,92.0
CMP002,C005929,2024-06-10,1,1355.46,92.0
CMP002,C000975,2024-06-10,0,0.0,92.0
CMP002,C001569,2024-06-10,1,1871.16,92.0
CMP002,C005644,2024-06-10,1,721.61,92.0
CMP002,C001093,2024-06-10,0,0.0,92.0
CMP002,C001102,2024-06-10,0,0.0,92.0
CMP002,C001871,2024-06-10,0,0.0,92.0
CMP002,C005455,2024-06-10,0,0.0,92.0
CMP002,C000751,2024-06-10,0,0.0,92.0
CMP002,C002947,2024-06-10,1,1143.27,92.0
CMP002,C001238,2024-06-10,0,0.0,92.0
CMP002,C005028,2024-06-10,0,0.0,92.0
CMP002,C004933,2024-06-10,0,0.0,92.0
CMP002,C000414,2024-06-10,0,0.0,92.0
CMP002,C005397,2024-06-10,0,0.0,92.0
CMP002,C000275,2024-06-10,0,0.0,92.0
CMP002,C005524,2024-06-10,0,0.0,92.0
CMP002,C004723,2024-06-10,0,0.0,92.0
CMP002,C003879,2024-06-10,0,0.0,92.0
CMP002,C005494,2024-06-10,0,0.0,92.0
CMP002,C001089,2024-06-10,0,0.0,92.0
CMP002,C002926,2024-06-10,1,1130.58,92.0
CMP002,C002390,2024-06-10,0,0.0,92.0
CMP002,C001126,2024-06-10,0,0.0,92.0
CMP002,C004021,2024-06-10,0,0.0,92.0
CMP002,C004273,2024-06-10,1,2236.05,92.0
CMP002,C005970,2024-06-10,1,378.37,92.0
CMP002,C000771,2024-06-10,0,0.0,92.0
CMP002,C001739,2024-06-10,1,337.71,92.0
CMP002,C003751,2024-06-10,1,1266.96,92.0
CMP002,C003190,2024-06-10,0,0.0,92.0
CMP002,C003661,2024-06-10,0,0.0,92.0
CMP002,C005526,2024-06-10,0,0.0,92.0
CMP002,C000578,2024-06-10,1,748.63,92.0
CMP002,C002786,2024-06-10,0,0.0,92.0
CMP002,C001689,2024-06-10,0,0.0,92.0
CMP002,C002935,2024-06-10,0,0.0,92.0
CMP002,C001509,2024-06-10,0,0.0,92.0
CMP002,C000146,2024-06-10,0,0.0,92.0
CMP002,C003689,2024-06-10,0,0.0,92.0
CMP002,C001978,2024-06-10,1,418.57,92.0
CMP002,C004156,2024-06-10,0,0.0,92.0
CMP002,C003983,2024-06-10,0,0.0,92.0
CMP002,C000734,2024-06-10,0,0.0,92.0
CMP002,C005674,2024-06-10,0,0.0,92.0
CMP002,C005106,2024-06-10,0,0.0,92.0
CMP002,C004675,2024-06-10,1,489.93,92.0
CMP002,C001199,2024-06-10,0,0.0,92.0
CMP002,C001766,2024-06-10,0,0.0,92.0
CMP002,C003525,2024-06-10,0,0.0,92.0
CMP002,C003306,2024-06-10,0,0.0,92.0
CMP002,C004333,2024-06-10,0,0.0,92.0
CMP002,C000058,2024-06-10,0,0.0,92.0
CMP002,C003204,2024-06-10,1,2019.9,92.0
CMP002,C003646,2024-06-10,0,0.0,92.0
CMP002,C005453,2024-06-10,0,0.0,92.0
CMP002,C005839,2024-06-10,0,0.0,92.0
CMP002,C004087,2024-06-10,0,0.0,92.0
CMP002,C001625,2024-06-10,0,0.0,92.0
CMP002,C005306,2024-06-10,0,0.0,92.0
CMP002,C004553,2024-06-10,0,0.0,92.0
CMP002,C005155,2024-06-10,1,157.91,92.0
CMP002,C004487,2024-06-10,0,0.0,92.0
CMP002,C004225,2024-06-10,0,0.0,92.0
CMP002,C000571,2024-06-10,0,0.0,92.0
CMP002,C004668,2024-06-10,0,0.0,92.0
CMP002,C001940,2024-06-10,1,442.49,92.0
CMP002,C005683,2024-06-10,1,485.57,92.0
CMP002,C005718,2024-06-10,0,0.0,92.0
CMP002,C001866,2024-06-10,0,0.0,92.0
CMP002,C004419,2024-06-10,0,0.0,92.0
CMP002,C002072,2024-06-10,0,0.0,92.0
CMP002,C002388,2024-06-10,0,0.0,92.0
CMP002,C005224,2024-06-10,0,0.0,92.0
CMP002,C000347,2024-06-10,0,0.0,92.0
CMP002,C003951,2024-06-10,0,0.0,92.0
CMP002,C002984,2024-06-10,0,0.0,92.0
CMP002,C002449,2024-06-10,0,0.0,92.0
CMP002,C003162,2024-06-10,1,3174.64,92.0
CMP002,C005546,2024-06-10,1,460.66,92.0
CMP002,C000040,2024-06-10,0,0.0,92.0
CMP002,C001702,2024-06-10,0,0.0,92.0
CMP002,C005898,2024-06-10,0,0.0,92.0
CMP002,C005936,2024-06-10,0,0.0,92.0
CMP002,C002026,2024-06-10,0,0.0,92.0
CMP002,C004109,2024-06-10,0,0.0,92.0
CMP002,C005443,2024-06-10,1,1294.3,92.0
CMP002,C000281,2024-06-10,0,0.0,92.0
CMP002,C000966,2024-06-10,1,1100.9,92.0
CMP002,C002536,2024-06-10,1,703.95,92.0
CMP002,C004430,2024-06-10,0,0.0,92.0
CMP002,C000081,2024-06-10,0,0.0,92.0
CMP002,C005532,2024-06-10,1,502.38,92.0
CMP002,C004889,2024-06-10,1,2350.78,92.0
CMP002,C000855,2024-06-10,0,0.0,92.0
CMP002,C001078,2024-06-10,0,0.0,92.0
CMP002,C004277,2024-06-10,1,519.09,92.0
CMP002,C004783,2024-06-10,0,0.0,92.0
CMP002,C001528,2024-06-10,1,1038.65,92.0
CMP002,C001512,2024-06-10,0,0.0,92.0
CMP002,C002134,2024-06-10,0,0.0,92.0
CMP002,C002586,2024-06-10,0,0.0,92.0
CMP002,C001091,2024-06-10,1,2533.2,92.0
CMP002,C000864,2024-06-10,0,0.0,92.0
CMP002,C005545,2024-06-10,0,0.0,92.0
CMP002,C000979,2024-06-10,0,0.0,92.0
CMP002,C000861,2024-06-10,0,0.0,92.0
CMP002,C005495,2024-06-10,1,490.43,92.0
CMP002,C000357,2024-06-10,1,746.08,92.0
CMP002,C003171,2024-06-10,1,1921.23,92.0
CMP002,C000971,2024-06-10,0,0.0,92.0
CMP002,C002461,2024-06-10,1,197.79,92.0
CMP002,C005721,2024-06-10,0,0.0,92.0
CMP002,C000224,2024-06-10,0,0.0,92.0
CMP002,C003067,2024-06-10,0,0.0,92.0
CMP002,C005486,2024-06-10,0,0.0,92.0
CMP002,C003337,2024-06-10,0,0.0,92.0
CMP002,C005792,2024-06-10,1,797.31,92.0
CMP002,C005952,2024-06-10,0,0.0,92.0
CMP002,C001381,2024-06-10,0,0.0,92.0
CMP002,C004992,2024-06-10,0,0.0,92.0
CMP002,C004056,2024-06-10,0,0.0,92.0
CMP002,C002343,2024-06-10,0,0.0,92.0
CMP002,C001458,2024-06-10,0,0.0,92.0
CMP002,C005602,2024-06-10,0,0.0,92.0
CMP002,C003605,2024-06-10,1,397.35,92.0
CMP002,C005222,2024-06-10,1,1251.11,92.0
CMP002,C002597,2024-06-10,0,0.0,92.0
CMP002,C004121,2024-06-10,0,0.0,92.0
CMP002,C002472,2024-06-10,0,0.0,92.0
CMP002,C000792,2024-06-10,0,0.0,92.0
CMP002,C000927,2024-06-10,1,1401.21,92.0
CMP002,C005590,2024-06-10,0,0.0,92.0
CMP002,C001063,2024-06-10,0,0.0,92.0
CMP002,C004023,2024-06-10,0,0.0,92.0
CMP002,C005510,2024-06-10,0,0.0,92.0
CMP002,C001727,2024-06-10,0,0.0,92.0
CMP002,C003311,2024-06-10,0,0.0,92.0
CMP002,C004140,2024-06-10,0,0.0,92.0
CMP002,C004731,2024-06-10,1,4348.96,92.0
CMP002,C002245,2024-06-10,0,0.0,92.0
CMP002,C003958,2024-06-10,0,0.0,92.0
CMP002,C003004,2024-06-10,1,340.38,92.0
CMP002,C002611,2024-06-10,1,1389.4,92.0
CMP002,C002000,2024-06-10,0,0.0,92.0
CMP002,C002994,2024-06-10,0,0.0,92.0
CMP002,C001634,2024-06-10,0,0.0,92.0
CMP002,C003433,2024-06-10,1,1309.27,92.0
CMP002,C000574,2024-06-10,0,0.0,92.0
CMP002,C000025,2024-06-10,0,0.0,92.0
CMP002,C003283,2024-06-10,0,0.0,92.0
CMP002,C003290,2024-06-10,0,0.0,92.0
CMP002,C000445,2024-06-10,1,667.84,92.0
CMP002,C004636,2024-06-10,0,0.0,92.0
CMP002,C005543,2024-06-10,1,2429.65,92.0
CMP002,C000944,2024-06-10,0,0.0,92.0
CMP002,C000601,2024-06-10,0,0.0,92.0
CMP002,C005136,2024-06-10,0,0.0,92.0
CMP002,C000846,2024-06-10,0,0.0,92.0
CMP002,C005690,2024-06-10,0,0.0,92.0
CMP002,C000512,2024-06-10,1,1265.52,92.0
CMP002,C004008,2024-06-10,0,0.0,92.0
CMP002,C004312,2024-06-10,0,0.0,92.0
CMP002,C001059,2024-06-10,1,1105.49,92.0
CMP002,C004039,2024-06-10,0,0.0,92.0
CMP002,C003739,2024-06-10,0,0.0,92.0
CMP002,C001707,2024-06-10,0,0.0,92.0
CMP002,C000455,2024-06-10,0,0.0,92.0
CMP002,C005208,2024-06-10,0,0.0,92.0
CMP002,C003817,2024-06-10,0,0.0,92.0
CMP002,C001318,2024-06-10,0,0.0,92.0
CMP002,C003972,2024-06-10,1,514.99,92.0
CMP002,C004524,2024-06-10,1,2344.91,92.0
CMP002,C002712,2024-06-10,0,0.0,92.0
CMP002,C002966,2024-06-10,0,0.0,92.0
CMP002,C001305,2024-06-10,0,0.0,92.0
CMP002,C003115,2024-06-10,0,0.0,92.0
CMP002,C003291,2024-06-10,0,0.0,92.0
CMP002,C005070,2024-06-10,0,0.0,92.0
CMP002,C005887,2024-06-10,0,0.0,92.0
CMP002,C005445,2024-06-10,0,0.0,92.0
CMP002,C002178,2024-06-10,0,0.0,92.0
CMP002,C001188,2024-06-10,0,0.0,92.0
CMP002,C003055,2024-06-10,0,0.0,92.0
CMP002,C000889,2024-06-10,0,0.0,92.0
CMP002,C000885,2024-06-10,0,0.0,92.0
CMP002,C005509,2024-06-10,0,0.0,92.0
CMP002,C001345,2024-06-10,0,0.0,92.0
CMP002,C005899,2024-06-10,0,0.0,92.0
CMP002,C001537,2024-06-10,0,0.0,92.0
CMP002,C004153,2024-06-10,0,0.0,92.0
CMP002,C001770,2024-06-10,1,2975.49,92.0
CMP002,C005474,2024-06-10,0,0.0,92.0
CMP002,C000566,2024-06-10,0,0.0,92.0
CMP002,C005984,2024-06-10,1,1440.84,92.0
CMP002,C004888,2024-06-10,0,0.0,92.0
CMP002,C001777,2024-06-10,0,0.0,92.0
CMP002,C002917,2024-06-10,0,0.0,92.0
CMP002,C003660,2024-06-10,0,0.0,92.0
CMP002,C004161,2024-06-10,0,0.0,92.0
CMP002,C005700,2024-06-10,0,0.0,92.0
CMP002,C005281,2024-06-10,0,0.0,92.0
CMP002,C004538,2024-06-10,0,0.0,92.0
CMP002,C001714,2024-06-10,0,0.0,92.0
CMP002,C000428,2024-06-10,0,0.0,92.0
CMP002,C005479,2024-06-10,0,0.0,92.0
CMP002,C000483,2024-06-10,0,0.0,92.0
CMP002,C005355,2024-06-10,1,2323.42,92.0
CMP002,C005824,2024-06-10,0,0.0,92.0
CMP002,C003603,2024-06-10,0,0.0,92.0
CMP002,C001409,2024-06-10,0,0.0,92.0
CMP002,C001117,2024-06-10,0,0.0,92.0
CMP002,C003801,2024-06-10,1,238.32,92.0
CMP002,C001327,2024-06-10,0,0.0,92.0
CMP002,C003041,2024-06-10,0,0.0,92.0
CMP002,C000502,2024-06-10,0,0.0,92.0
CMP002,C000669,2024-06-10,0,0.0,92.0
CMP002,C004059,2024-06-10,0,0.0,92.0
CMP002,C000732,2024-06-10,0,0.0,92.0
CMP002,C003102,2024-06-10,0,0.0,92.0
CMP002,C002216,2024-06-10,0,0.0,92.0
CMP002,C003547,2024-06-10,0,0.0,92.0
CMP002,C001277,2024-06-10,0,0.0,92.0
CMP002,C000444,2024-06-10,0,0.0,92.0
CMP002,C002481,2024-06-10,0,0.0,92.0
CMP002,C001258,2024-06-10,1,307.48,92.0
CMP002,C001365,2024-06-10,0,0.0,92.0
CMP002,C004061,2024-06-10,0,0.0,92.0
CMP002,C003243,2024-06-10,1,731.27,92.0
CMP002,C000394,2024-06-10,0,0.0,92.0
CMP002,C004749,2024-06-10,0,0.0,92.0
CMP002,C005344,2024-06-10,0,0.0,92.0
CMP002,C001862,2024-06-10,1,313.57,92.0
CMP002,C004074,2024-06-10,0,0.0,92.0
CMP002,C002554,2024-06-10,0,0.0,92.0
CMP002,C004716,2024-06-10,0,0.0,92.0
CMP002,C004833,2024-06-10,1,877.42,92.0
CMP002,C000946,2024-06-10,0,0.0,92.0
CMP002,C000098,2024-06-10,0,0.0,92.0
CMP002,C002158,2024-06-10,1,814.28,92.0
CMP002,C004706,2024-06-10,1,2303.06,92.0
CMP002,C001679,2024-06-10,0,0.0,92.0
CMP002,C000141,2024-06-10,0,0.0,92.0
CMP002,C002352,2024-06-10,0,0.0,92.0
CMP002,C002549,2024-06-10,1,576.27,92.0
CMP002,C002335,2024-06-10,0,0.0,92.0
CMP002,C005354,2024-06-10,0,0.0,92.0
CMP002,C000876,2024-06-10,1,1746.82,92.0
CMP002,C002190,2024-06-10,1,848.24,92.0
CMP002,C000809,2024-06-10,0,0.0,92.0
CMP002,C003619,2024-06-10,1,1351.91,92.0
CMP002,C001762,2024-06-10,0,0.0,92.0
CMP002,C004635,2024-06-10,0,0.0,92.0
CMP002,C003513,2024-06-10,0,0.0,92.0
CMP002,C002704,2024-06-10,0,0.0,92.0
CMP002,C000683,2024-06-10,0,0.0,92.0
CMP002,C000251,2024-06-10,0,0.0,92.0
CMP002,C003126,2024-06-10,0,0.0,92.0
CMP002,C000972,2024-06-10,1,874.99,92.0
CMP002,C000898,2024-06-10,0,0.0,92.0
CMP002,C000095,2024-06-10,0,0.0,92.0
CMP002,C002869,2024-06-10,0,0.0,92.0
CMP002,C002561,2024-06-10,0,0.0,92.0
CMP002,C004771,2024-06-10,0,0.0,92.0
CMP002,C000688,2024-06-10,1,2767.83,92.0
CMP002,C003834,2024-06-10,1,2465.1,92.0
CMP002,C002744,2024-06-10,0,0.0,92.0
CMP002,C003702,2024-06-10,0,0.0,92.0
CMP002,C001135,2024-06-10,0,0.0,92.0
CMP002,C001538,2024-06-10,0,0.0,92.0
CMP002,C004512,2024-06-10,0,0.0,92.0
CMP002,C000799,2024-06-10,0,0.0,92.0
CMP002,C002157,2024-06-10,0,0.0,92.0
CMP002,C002177,2024-06-10,0,0.0,92.0
CMP002,C002656,2024-06-10,0,0.0,92.0
CMP002,C004104,2024-06-10,0,0.0,92.0
CMP002,C000935,2024-06-10,1,1030.69,92.0
CMP002,C004152,2024-06-10,0,0.0,92.0
CMP002,C005173,2024-06-10,0,0.0,92.0
CMP002,C003533,2024-06-10,1,200.46,92.0
CMP002,C000304,2024-06-10,0,0.0,92.0
CMP002,C002186,2024-06-10,1,3695.63,92.0
CMP002,C002658,2024-06-10,0,0.0,92.0
CMP002,C005566,2024-06-10,0,0.0,92.0
CMP002,C005673,2024-06-10,1,2339.68,92.0
CMP002,C004949,2024-06-10,0,0.0,92.0
CMP002,C001417,2024-06-10,0,0.0,92.0
CMP002,C003877,2024-06-10,0,0.0,92.0
CMP002,C004066,2024-06-10,0,0.0,92.0
CMP002,C000849,2024-06-10,0,0.0,92.0
CMP002,C004450,2024-06-10,0,0.0,92.0
CMP002,C003984,2024-06-10,0,0.0,92.0
CMP002,C000338,2024-06-10,1,569.68,92.0
CMP002,C001653,2024-06-10,0,0.0,92.0
CMP002,C005255,2024-06-10,1,3074.1,92.0
CMP002,C000326,2024-06-10,0,0.0,92.0
CMP002,C004375,2024-06-10,0,0.0,92.0
CMP002,C004244,2024-06-10,0,0.0,92.0
CMP002,C001811,2024-06-10,0,0.0,92.0
CMP002,C003074,2024-06-10,0,0.0,92.0
CMP002,C005440,2024-06-10,0,0.0,92.0
CMP002,C005120,2024-06-10,0,0.0,92.0
CMP002,C005280,2024-06-10,0,0.0,92.0
CMP002,C000607,2024-06-10,0,0.0,92.0
CMP002,C004469,2024-06-10,0,0.0,92.0
CMP002,C000119,2024-06-10,1,1555.61,92.0
CMP002,C004171,2024-06-10,0,0.0,92.0
CMP002,C005994,2024-06-10,0,0.0,92.0
CMP002,C001801,2024-06-10,0,0.0,92.0
CMP002,C004612,2024-06-10,1,2605.39,92.0
CMP002,C004179,2024-06-10,0,0.0,92.0
CMP002,C001483,2024-06-10,0,0.0,92.0
CMP002,C001004,2024-06-10,1,2071.22,92.0
CMP002,C005469,2024-06-10,1,1321.48,92.0
CMP002,C001824,2024-06-10,0,0.0,92.0
CMP002,C004370,2024-06-10,0,0.0,92.0
CMP002,C005956,2024-06-10,1,1134.79,92.0
CMP002,C005104,2024-06-10,1,531.55,92.0
CMP002,C002933,2024-06-10,1,807.02,92.0
CMP002,C000760,2024-06-10,1,432.94,92.0
CMP002,C002208,2024-06-10,0,0.0,92.0
CMP002,C001534,2024-06-10,0,0.0,92.0
CMP002,C002447,2024-06-10,0,0.0,92.0
CMP002,C002023,2024-06-10,0,0.0,92.0
CMP002,C005162,2024-06-10,0,0.0,92.0
CMP002,C001613,2024-06-10,0,0.0,92.0
CMP002,C003412,2024-06-10,1,871.45,92.0
CMP002,C004054,2024-06-10,0,0.0,92.0
CMP002,C003623,2024-06-10,0,0.0,92.0
CMP002,C001914,2024-06-10,0,0.0,92.0
CMP002,C001798,2024-06-10,1,801.73,92.0
CMP002,C000622,2024-06-10,0,0.0,92.0
CMP002,C005067,2024-06-10,0,0.0,92.0
CMP002,C002594,2024-06-10,0,0.0,92.0
CMP002,C005024,2024-06-10,1,1783.46,92.0
CMP002,C004806,2024-06-10,0,0.0,92.0
CMP002,C001496,2024-06-10,0,0.0,92.0
CMP002,C003678,2024-06-10,0,0.0,92.0
CMP002,C001206,2024-06-10,1,837.21,92.0
CMP002,C002198,2024-06-10,0,0.0,92.0
CMP002,C002780,2024-06-10,0,0.0,92.0
CMP003,C004054,2024-09-01,1,1743.24,46.0
CMP003,C000172,2024-09-01,0,0.0,46.0
CMP003,C001612,2024-09-01,1,444.44,46.0
CMP003,C003879,2024-09-01,0,0.0,46.0
CMP003,C005176,2024-09-01,0,0.0,46.0
CMP003,C005489,2024-09-01,0,0.0,46.0
CMP003,C000190,2024-09-01,0,0.0,46.0
CMP003,C000941,2024-09-01,0,0.0,46.0
CMP003,C003926,2024-09-01,1,883.3,46.0
CMP003,C002476,2024-09-01,0,0.0,46.0
CMP003,C001514,2024-09-01,0,0.0,46.0
CMP003,C000031,2024-09-01,1,999.48,46.0
CMP003,C004330,2024-09-01,0,0.0,46.0
CMP003,C005525,2024-09-01,0,0.0,46.0
CMP003,C001773,2024-09-01,0,0.0,46.0
CMP003,C001101,2024-09-01,0,0.0,46.0
CMP003,C000414,2024-09-01,0,0.0,46.0
CMP003,C003951,2024-09-01,0,0.0,46.0
CMP003,C004672,2024-09-01,0,0.0,46.0
CMP003,C003722,2024-09-01,0,0.0,46.0
CMP003,C002248,2024-09-01,1,928.7,46.0
CMP003,C000751,2024-09-01,1,2127.35,46.0
CMP003,C000289,2024-09-01,0,0.0,46.0
CMP003,C005715,2024-09-01,1,1559.82,46.0
CMP003,C002492,2024-09-01,1,376.46,46.0
CMP003,C000039,2024-09-01,0,0.0,46.0
CMP003,C004933,2024-09-01,0,0.0,46.0
CMP003,C004962,2024-09-01,0,0.0,46.0
CMP003,C001105,2024-09-01,1,1401.88,46.0
CMP003,C005041,2024-09-01,0,0.0,46.0
CMP003,C002920,2024-09-01,0,0.0,46.0
CMP003,C000565,2024-09-01,0,0.0,46.0
CMP003,C003080,2024-09-01,0,0.0,46.0
CMP003,C005216,2024-09-01,1,497.77,46.0
CMP003,C000421,2024-09-01,1,582.14,46.0
CMP003,C001701,2024-09-01,0,0.0,46.0
CMP003,C005907,2024-09-01,0,0.0,46.0
CMP003,C004752,2024-09-01,0,0.0,46.0
CMP003,C005087,2024-09-01,0,0.0,46.0
CMP003,C002214,2024-09-01,0,0.0,46.0
CMP003,C004012,2024-09-01,0,0.0,46.0
CMP003,C001350,2024-09-01,0,0.0,46.0
CMP003,C005771,2024-09-01,0,0.0,46.0
CMP003,C003044,2024-09-01,0,0.0,46.0
CMP003,C004406,2024-09-01,0,0.0,46.0
CMP003,C003128,2024-09-01,0,0.0,46.0
CMP003,C002409,2024-09-01,1,1503.92,46.0
CMP003,C005493,2024-09-01,0,0.0,46.0
CMP003,C004136,2024-09-01,0,0.0,46.0
CMP003,C000525,2024-09-01,0,0.0,46.0
CMP003,C002653,2024-09-01,0,0.0,46.0
CMP003,C004104,2024-09-01,0,0.0,46.0
CMP003,C004696,2024-09-01,0,0.0,46.0
CMP003,C005574,2024-09-01,0,0.0,46.0
CMP003,C005140,2024-09-01,0,0.0,46.0
CMP003,C003901,2024-09-01,0,0.0,46.0
CMP003,C000098,2024-09-01,0,0.0,46.0
CMP003,C000670,2024-09-01,0,0.0,46.0
CMP003,C000465,2024-09-01,0,0.0,46.0
CMP003,C001271,2024-09-01,0,0.0,46.0
CMP003,C005815,2024-09-01,1,692.95,46.0
CMP003,C005726,2024-09-01,0,0.0,46.0
CMP003,C004712,2024-09-01,0,0.0,46.0
CMP003,C002091,2024-09-01,0,0.0,46.0
CMP003,C002906,2024-09-01,0,0.0,46.0
CMP003,C002419,2024-09-01,0,0.0,46.0
CMP003,C001683,2024-09-01,0,0.0,46.0
CMP003,C004967,2024-09-01,0,0.0,46.0
CMP003,C002963,2024-09-01,0,0.0,46.0
CMP003,C005238,2024-09-01,0,0.0,46.0
CMP003,C003006,2024-09-01,1,1579.18,46.0
CMP003,C002580,2024-09-01,0,0.0,46.0
CMP003,C004937,2024-09-01,0,0.0,46.0
CMP003,C004593,2024-09-01,0,0.0,46.0
CMP003,C000173,2024-09-01,0,0.0,46.0
CMP003,C004798,2024-09-01,0,0.0,46.0
CMP003,C005887,2024-09-01,0,0.0,46.0
CMP003,C001202,2024-09-01,1,1048.51,46.0
CMP003,C005274,2024-09-01,1,4137.88,46.0
CMP003,C004158,2024-09-01,0,0.0,46.0
CMP003,C004215,2024-09-01,0,0.0,46.0
CMP003,C001388,2024-09-01,0,0.0,46.0
CMP003,C001365,2024-09-01,0,0.0,46.0
CMP003,C001086,2024-09-01,0,0.0,46.0
CMP003,C000016,2024-09-01,0,0.0,46.0
CMP003,C000744,2024-09-01,0,0.0,46.0
CMP003,C000752,2024-09-01,0,0.0,46.0
CMP003,C005422,2024-09-01,0,0.0,46.0
CMP003,C000081,2024-09-01,0,0.0,46.0
CMP003,C002464,2024-09-01,0,0.0,46.0
CMP003,C002505,2024-09-01,0,0.0,46.0
CMP003,C002879,2024-09-01,1,1107.56,46.0
CMP003,C003123,2024-09-01,0,0.0,46.0
CMP003,C005711,2024-09-01,0,0.0,46.0
CMP003,C001777,2024-09-01,0,0.0,46.0
CMP003,C000155,2024-09-01,1,736.14,46.0
CMP003,C000355,2024-09-01,0,0.0,46.0
CMP003,C001872,2024-09-01,0,0.0,46.0
CMP003,C002597,2024-09-01,0,0.0,46.0
CMP003,C000360,2024-09-01,0,0.0,46.0
CMP003,C000025,2024-09-01,0,0.0,46.0
CMP003,C004547,2024-09-01,1,651.16,46.0
CMP003,C002064,2024-09-01,0,0.0,46.0
CMP003,C003731,2024-09-01,0,0.0,46.0
CMP003,C003038,2024-09-01,1,153.23,46.0
CMP003,C004273,2024-09-01,0,0.0,46.0
CMP003,C000655,2024-09-01,0,0.0,46.0
CMP003,C004372,2024-09-01,0,0.0,46.0
CMP003,C005440,2024-09-01,1,157.69,46.0
CMP003,C004190,2024-09-01,0,0.0,46.0
CMP003,C000417,2024-09-01,1,946.77,46.0
CMP003,C005071,2024-09-01,0,0.0,46.0
CMP003,C000457,2024-09-01,0,0.0,46.0
CMP003,C005571,2024-09-01,0,0.0,46.0
CMP003,C002655,2024-09-01,0,0.0,46.0
CMP003,C003595,2024-09-01,0,0.0,46.0
CMP003,C005391,2024-09-01,0,0.0,46.0
CMP003,C004078,2024-09-01,0,0.0,46.0
CMP003,C004271,2024-09-01,0,0.0,46.0
CMP003,C004904,2024-09-01,0,0.0,46.0
CMP003,C005948,2024-09-01,0,0.0,46.0
CMP003,C002469,2024-09-01,0,0.0,46.0
CMP003,C003882,2024-09-01,0,0.0,46.0
CMP003,C004388,2024-09-01,0,0.0,46.0
CMP003,C001643,2024-09-01,0,0.0,46.0
CMP003,C004023,2024-09-01,0,0.0,46.0
CMP003,C002975,2024-09-01,0,0.0,46.0
CMP003,C000188,2024-09-01,0,0.0,46.0
CMP003,C005108,2024-09-01,0,0.0,46.0
CMP003,C002250,2024-09-01,0,0.0,46.0
CMP003,C001672,2024-09-01,1,1760.8,46.0
CMP003,C001226,2024-09-01,0,0.0,46.0
CMP003,C000260,2024-09-01,0,0.0,46.0
CMP003,C002974,2024-09-01,0,0.0,46.0
CMP003,C005615,2024-09-01,0,0.0,46.0
CMP003,C005967,2024-09-01,0,0.0,46.0
CMP003,C000194,2024-09-01,0,0.0,46.0
CMP003,C000233,2024-09-01,0,0.0,46.0
CMP003,C000556,2024-09-01,1,1031.21,46.0
CMP003,C000664,2024-09-01,0,0.0,46.0
CMP003,C002656,2024-09-01,1,970.26,46.0
CMP003,C001096,2024-09-01,0,0.0,46.0
CMP003,C003288,2024-09-01,0,0.0,46.0
CMP003,C004237,2024-09-01,0,0.0,46.0
CMP003,C001052,2024-09-01,0,0.0,46.0
CMP003,C005122,2024-09-01,1,2463.73,46.0
CMP003,C001785,2024-09-01,0,0.0,46.0
CMP003,C002990,2024-09-01,0,0.0,46.0
CMP003,C001901,2024-09-01,0,0.0,46.0
CMP003,C002548,2024-09-01,0,0.0,46.0
CMP003,C005141,2024-09-01,0,0.0,46.0
CMP003,C000300,2024-09-01,1,2191.41,46.0
CMP003,C003636,2024-09-01,0,0.0,46.0
CMP003,C003429,2024-09-01,1,3069.43,46.0
CMP003,C005374,2024-09-01,0,0.0,46.0
CMP003,C002144,2024-09-01,0,0.0,46.0
CMP003,C005673,2024-09-01,0,0.0,46.0
CMP003,C001292,2024-09-01,0,0.0,46.0
CMP003,C000902,2024-09-01,0,0.0,46.0
CMP003,C002306,2024-09-01,0,0.0,46.0
CMP003,C005706,2024-09-01,1,622.43,46.0
CMP003,C000939,2024-09-01,0,0.0,46.0
CMP003,C001188,2024-09-01,0,0.0,46.0
CMP003,C002853,2024-09-01,0,0.0,46.0
CMP003,C001170,2024-09-01,0,0.0,46.0
CMP003,C003558,2024-09-01,0,0.0,46.0
CMP003,C000838,2024-09-01,0,0.0,46.0
CMP003,C004438,2024-09-01,0,0.0,46.0
CMP003,C005424,2024-09-01,1,752.74,46.0
CMP003,C004654,2024-09-01,0,0.0,46.0
CMP003,C001562,2024-09-01,0,0.0,46.0
CMP003,C005960,2024-09-01,0,0.0,46.0
CMP003,C003442,2024-09-01,0,0.0,46.0
CMP003,C003623,2024-09-01,0,0.0,46.0
CMP003,C005602,2024-09-01,0,0.0,46.0
CMP003,C002201,2024-09-01,1,2565.8,46.0
CMP003,C000444,2024-09-01,1,1124.21,46.0
CMP003,C001752,2024-09-01,0,0.0,46.0
CMP003,C001383,2024-09-01,0,0.0,46.0
CMP003,C001753,2024-09-01,0,0.0,46.0
CMP003,C004179,2024-09-01,0,0.0,46.0
CMP003,C002707,2024-09-01,0,0.0,46.0
CMP003,C005598,2024-09-01,0,0.0,46.0
CMP003,C002661,2024-09-01,0,0.0,46.0
CMP003,C005956,2024-09-01,0,0.0,46.0
CMP003,C005497,2024-09-01,0,0.0,46.0
CMP003,C001695,2024-09-01,0,0.0,46.0
CMP003,C003045,2024-09-01,1,931.73,46.0
CMP003,C004207,2024-09-01,0,0.0,46.0
CMP003,C005226,2024-09-01,0,0.0,46.0
CMP003,C002917,2024-09-01,0,0.0,46.0
CMP003,C001204,2024-09-01,0,0.0,46.0
CMP003,C003913,2024-09-01,0,0.0,46.0
CMP003,C001140,2024-09-01,0,0.0,46.0
CMP003,C002239,2024-09-01,0,0.0,46.0
CMP003,C004370,2024-09-01,1,1343.57,46.0
CMP003,C001658,2024-09-01,0,0.0,46.0
CMP003,C002232,2024-09-01,0,0.0,46.0
CMP003,C003581,2024-09-01,0,0.0,46.0
CMP003,C005173,2024-09-01,0,0.0,46.0
CMP003,C002841,2024-09-01,0,0.0,46.0
CMP003,C001165,2024-09-01,0,0.0,46.0
CMP003,C003310,2024-09-01,0,0.0,46.0
CMP003,C004657,2024-09-01,0,0.0,46.0
CMP003,C003527,2024-09-01,0,0.0,46.0
CMP003,C003035,2024-09-01,0,0.0,46.0
CMP003,C005103,2024-09-01,0,0.0,46.0
CMP003,C003751,2024-09-01,0,0.0,46.0
CMP003,C005674,2024-09-01,0,0.0,46.0
CMP003,C005852,2024-09-01,0,0.0,46.0
CMP003,C001153,2024-09-01,0,0.0,46.0
CMP003,C003589,2024-09-01,0,0.0,46.0
CMP003,C005690,2024-09-01,1,745.47,46.0
CMP003,C000749,2024-09-01,0,0.0,46.0
CMP003,C000261,2024-09-01,0,0.0,46.0
CMP003,C005256,2024-09-01,0,0.0,46.0
CMP003,C005268,2024-09-01,1,1834.4,46.0
CMP003,C002919,2024-09-01,1,478.43,46.0
CMP003,C000994,2024-09-01,1,542.17,46.0
CMP003,C002296,2024-09-01,1,350.72,46.0
CMP003,C005288,2024-09-01,0,0.0,46.0
CMP003,C005154,2024-09-01,0,0.0,46.0
CMP003,C000275,2024-09-01,1,998.14,46.0
CMP003,C004746,2024-09-01,0,0.0,46.0
CMP003,C000270,2024-09-01,0,0.0,46.0
CMP003,C001110,2024-09-01,1,614.47,46.0
CMP003,C000296,2024-09-01,0,0.0,46.0
CMP003,C002876,2024-09-01,1,2808.38,46.0
CMP003,C003328,2024-09-01,0,0.0,46.0
CMP003,C004007,2024-09-01,0,0.0,46.0
CMP003,C001175,2024-09-01,0,0.0,46.0
CMP003,C004529,2024-09-01,0,0.0,46.0
CMP003,C004168,2024-09-01,0,0.0,46.0
CMP003,C005284,2024-09-01,0,0.0,46.0
CMP003,C005926,2024-09-01,0,0.0,46.0
CMP003,C005851,2024-09-01,0,0.0,46.0
CMP003,C004592,2024-09-01,0,0.0,46.0
CMP003,C005199,2024-09-01,0,0.0,46.0
CMP003,C000486,2024-09-01,0,0.0,46.0
CMP003,C002538,2024-09-01,0,0.0,46.0
CMP003,C005984,2024-09-01,1,613.99,46.0
CMP003,C000064,2024-09-01,1,2141.32,46.0
CMP003,C004762,2024-09-01,1,871.19,46.0
CMP003,C005248,2024-09-01,0,0.0,46.0
CMP003,C000978,2024-09-01,0,0.0,46.0
CMP003,C004440,2024-09-01,0,0.0,46.0
CMP003,C004767,2024-09-01,1,909.68,46.0
CMP003,C004322,2024-09-01,1,1409.17,46.0
CMP003,C001454,2024-09-01,0,0.0,46.0
CMP003,C004743,2024-09-01,0,0.0,46.0
CMP003,C002536,2024-09-01,0,0.0,46.0
CMP003,C002335,2024-09-01,0,0.0,46.0
CMP003,C003382,2024-09-01,0,0.0,46.0
CMP003,C000814,2024-09-01,0,0.0,46.0
CMP003,C000047,2024-09-01,0,0.0,46.0
CMP003,C002821,2024-09-01,0,0.0,46.0
CMP003,C005353,2024-09-01,1,882.51,46.0
CMP003,C002461,2024-09-01,0,0.0,46.0
CMP003,C003978,2024-09-01,0,0.0,46.0
CMP003,C004723,2024-09-01,0,0.0,46.0
CMP003,C002544,2024-09-01,0,0.0,46.0
CMP003,C001442,2024-09-01,0,0.0,46.0
CMP003,C005408,2024-09-01,0,0.0,46.0
CMP003,C004176,2024-09-01,1,2718.83,46.0
CMP003,C005336,2024-09-01,0,0.0,46.0
CMP003,C001699,2024-09-01,0,0.0,46.0
CMP003,C002652,2024-09-01,1,2131.71,46.0
CMP003,C004565,2024-09-01,0,0.0,46.0
CMP003,C002577,2024-09-01,1,2672.18,46.0
CMP003,C005970,2024-09-01,0,0.0,46.0
CMP003,C004250,2024-09-01,1,311.95,46.0
CMP003,C001698,2024-09-01,0,0.0,46.0
CMP003,C003625,2024-09-01,0,0.0,46.0
CMP003,C000699,2024-09-01,0,0.0,46.0
CMP003,C002343,2024-09-01,0,0.0,46.0
CMP003,C002053,2024-09-01,0,0.0,46.0
CMP003,C004287,2024-09-01,0,0.0,46.0
CMP003,C004198,2024-09-01,0,0.0,46.0
CMP003,C002726,2024-09-01,1,2266.16,46.0
CMP003,C004868,2024-09-01,1,1154.97,46.0
CMP003,C003670,2024-09-01,0,0.0,46.0
CMP003,C004953,2024-09-01,1,3741.46,46.0
CMP003,C003749,2024-09-01,1,1402.95,46.0
CMP003,C004694,2024-09-01,1,683.38,46.0
CMP003,C000019,2024-09-01,1,628.4,46.0
CMP003,C005718,2024-09-01,0,0.0,46.0
CMP003,C003713,2024-09-01,0,0.0,46.0
CMP003,C001929,2024-09-01,0,0.0,46.0
CMP003,C002562,2024-09-01,1,451.01,46.0
CMP003,C001887,2024-09-01,0,0.0,46.0
CMP003,C004277,2024-09-01,0,0.0,46.0
CMP003,C002150,2024-09-01,0,0.0,46.0
CMP003,C002036,2024-09-01,0,0.0,46.0
CMP003,C003164,2024-09-01,0,0.0,46.0
CMP003,C000431,2024-09-01,1,291.73,46.0
CMP003,C004390,2024-09-01,0,0.0,46.0
CMP003,C003188,2024-09-01,1,293.05,46.0
CMP003,C005865,2024-09-01,0,0.0,46.0
CMP003,C005366,2024-09-01,1,279.97,46.0
CMP003,C004651,2024-09-01,0,0.0,46.0
CMP003,C004222,2024-09-01,0,0.0,46.0
CMP003,C004419,2024-09-01,0,0.0,46.0
CMP003,C000364,2024-09-01,1,166.38,46.0
CMP003,C003643,2024-09-01,0,0.0,46.0
CMP003,C002396,2024-09-01,0,0.0,46.0
CMP003,C004914,2024-09-01,0,0.0,46.0
CMP003,C003998,2024-09-01,0,0.0,46.0
CMP003,C005030,2024-09-01,0,0.0,46.0
CMP003,C001077,2024-09-01,0,0.0,46.0
CMP003,C003408,2024-09-01,1,631.61,46.0
CMP003,C005952,2024-09-01,0,0.0,46.0
CMP003,C005830,2024-09-01,0,0.0,46.0
CMP003,C000294,2024-09-01,0,0.0,46.0
CMP003,C002640,2024-09-01,0,0.0,46.0
CMP003,C005072,2024-09-01,1,429.67,46.0
CMP003,C004213,2024-09-01,0,0.0,46.0
CMP003,C003281,2024-09-01,1,2285.31,46.0
CMP003,C002667,2024-09-01,0,0.0,46.0
CMP003,C003066,2024-09-01,0,0.0,46.0
CMP003,C000329,2024-09-01,0,0.0,46.0
CMP003,C003233,2024-09-01,1,864.04,46.0
CMP003,C001553,2024-09-01,0,0.0,46.0
CMP003,C005477,2024-09-01,1,235.47,46.0
CMP003,C000620,2024-09-01,0,0.0,46.0
CMP003,C003543,2024-09-01,0,0.0,46.0
CMP003,C003216,2024-09-01,1,1950.99,46.0
CMP003,C000445,2024-09-01,0,0.0,46.0
CMP003,C001792,2024-09-01,0,0.0,46.0
CMP003,C002178,2024-09-01,1,513.53,46.0
CMP003,C004043,2024-09-01,0,0.0,46.0
CMP003,C001664,2024-09-01,0,0.0,46.0
CMP003,C000803,2024-09-01,0,0.0,46.0
CMP003,C005136,2024-09-01,1,1441.62,46.0
CMP003,C003761,2024-09-01,0,0.0,46.0
CMP003,C003576,2024-09-01,1,1353.5,46.0
CMP003,C002233,2024-09-01,1,376.99,46.0
CMP003,C001462,2024-09-01,0,0.0,46.0
CMP003,C003778,2024-09-01,0,0.0,46.0
CMP003,C000197,2024-09-01,0,0.0,46.0
CMP003,C005723,2024-09-01,0,0.0,46.0
CMP003,C003659,2024-09-01,0,0.0,46.0
CMP003,C001626,2024-09-01,0,0.0,46.0
CMP003,C003465,2024-09-01,0,0.0,46.0
CMP003,C006000,2024-09-01,0,0.0,46.0
CMP003,C002357,2024-09-01,0,0.0,46.0
CMP003,C002393,2024-09-01,0,0.0,46.0
CMP003,C005681,2024-09-01,0,0.0,46.0
CMP003,C002000,2024-09-01,0,0.0,46.0
CMP003,C000832,2024-09-01,1,1787.62,46.0
CMP003,C005742,2024-09-01,0,0.0,46.0
CMP003,C005252,2024-09-01,0,0.0,46.0
CMP003,C002931,2024-09-01,0,0.0,46.0
CMP003,C002698,2024-09-01,0,0.0,46.0
CMP003,C004112,2024-09-01,0,0.0,46.0
CMP003,C001834,2024-09-01,0,0.0,46.0
CMP003,C003313,2024-09-01,0,0.0,46.0
CMP003,C005755,2024-09-01,1,2033.8,46.0
CMP003,C002140,2024-09-01,0,0.0,46.0
CMP003,C000534,2024-09-01,1,423.81,46.0
CMP003,C003366,2024-09-01,1,447.84,46.0
CMP003,C003067,2024-09-01,0,0.0,46.0
CMP003,C004424,2024-09-01,0,0.0,46.0
CMP003,C002363,2024-09-01,1,1768.84,46.0
CMP003,C004003,2024-09-01,0,0.0,46.0
CMP003,C004646,2024-09-01,0,0.0,46.0
CMP003,C002824,2024-09-01,0,0.0,46.0
CMP003,C000391,2024-09-01,0,0.0,46.0
CMP003,C001272,2024-09-01,0,0.0,46.0
CMP003,C000379,2024-09-01,0,0.0,46.0
CMP003,C002336,2024-09-01,1,754.57,46.0
CMP003,C003763,2024-09-01,0,0.0,46.0
CMP003,C001280,2024-09-01,0,0.0,46.0
CMP003,C000593,2024-09-01,0,0.0,46.0
CMP003,C000259,2024-09-01,0,0.0,46.0
CMP003,C001713,2024-09-01,0,0.0,46.0
CMP003,C002710,2024-09-01,0,0.0,46.0
CMP003,C004447,2024-09-01,0,0.0,46.0
CMP003,C004264,2024-09-01,0,0.0,46.0
CMP003,C003902,2024-09-01,0,0.0,46.0
CMP003,C003088,2024-09-01,1,850.27,46.0
CMP003,C005479,2024-09-01,0,0.0,46.0
CMP003,C005921,2024-09-01,1,1705.31,46.0
CMP003,C004001,2024-09-01,0,0.0,46.0
CMP003,C000915,2024-09-01,0,0.0,46.0
CMP003,C000808,2024-09-01,0,0.0,46.0
CMP003,C005928,2024-09-01,0,0.0,46.0
CMP003,C002282,2024-09-01,0,0.0,46.0
CMP003,C001557,2024-09-01,0,0.0,46.0
CMP003,C005021,2024-09-01,0,0.0,46.0
CMP003,C005241,2024-09-01,0,0.0,46.0
CMP003,C003222,2024-09-01,0,0.0,46.0
CMP003,C002048,2024-09-01,0,0.0,46.0
CMP003,C003125,2024-09-01,0,0.0,46.0
CMP003,C000696,2024-09-01,0,0.0,46.0
CMP003,C005488,2024-09-01,0,0.0,46.0
CMP003,C003470,2024-09-01,0,0.0,46.0
CMP003,C002728,2024-09-01,0,0.0,46.0
CMP003,C002835,2024-09-01,0,0.0,46.0
CMP003,C001481,2024-09-01,1,709.21,46.0
CMP003,C005934,2024-09-01,0,0.0,46.0
CMP003,C005354,2024-09-01,0,0.0,46.0
CMP003,C000622,2024-09-01,0,0.0,46.0
CMP003,C002628,2024-09-01,1,2478.2,46.0
CMP003,C005456,2024-09-01,0,0.0,46.0
CMP003,C002617,2024-09-01,0,0.0,46.0
CMP003,C000023,2024-09-01,0,0.0,46.0
CMP003,C004434,2024-09-01,0,0.0,46.0
CMP003,C000566,2024-09-01,1,1850.85,46.0
CMP003,C000393,2024-09-01,0,0.0,46.0
CMP003,C001586,2024-09-01,0,0.0,46.0
CMP003,C002100,2024-09-01,0,0.0,46.0
CMP003,C000891,2024-09-01,0,0.0,46.0
CMP003,C005694,2024-09-01,0,0.0,46.0
CMP003,C003660,2024-09-01,0,0.0,46.0
CMP003,C003511,2024-09-01,0,0.0,46.0
CMP003,C001673,2024-09-01,0,0.0,46.0
CMP003,C005299,2024-09-01,1,3000.32,46.0
CMP003,C000500,2024-09-01,0,0.0,46.0
CMP003,C001594,2024-09-01,0,0.0,46.0
CMP003,C001797,2024-09-01,0,0.0,46.0
CMP003,C000206,2024-09-01,1,264.8,46.0
CMP003,C001855,2024-09-01,1,157.5,46.0
CMP003,C003314,2024-09-01,0,0.0,46.0
CMP003,C003095,2024-09-01,0,0.0,46.0
CMP003,C005899,2024-09-01,0,0.0,46.0
CMP003,C000164,2024-09-01,0,0.0,46.0
CMP003,C001380,2024-09-01,0,0.0,46.0
CMP003,C002490,2024-09-01,1,584.08,46.0
CMP003,C004653,2024-09-01,0,0.0,46.0
CMP003,C005451,2024-09-01,0,0.0,46.0
CMP003,C002451,2024-09-01,0,0.0,46.0
CMP003,C000578,2024-09-01,0,0.0,46.0
CMP003,C004011,2024-09-01,0,0.0,46.0
CMP003,C002616,2024-09-01,0,0.0,46.0
CMP003,C003094,2024-09-01,0,0.0,46.0
CMP003,C004945,2024-09-01,0,0.0,46.0
CMP003,C002156,2024-09-01,0,0.0,46.0
CMP003,C004385,2024-09-01,0,0.0,46.0
CMP003,C005803,2024-09-01,0,0.0,46.0
CMP003,C000822,2024-09-01,0,0.0,46.0
CMP003,C005034,2024-09-01,0,0.0,46.0
CMP003,C001521,2024-09-01,0,0.0,46.0
CMP003,C002302,2024-09-01,0,0.0,46.0
CMP003,C005455,2024-09-01,0,0.0,46.0
CMP003,C004960,2024-09-01,0,0.0,46.0
CMP003,C003115,2024-09-01,1,470.06,46.0
CMP003,C000619,2024-09-01,0,0.0,46.0
CMP003,C002253,2024-09-01,0,0.0,46.0
CMP003,C004735,2024-09-01,0,0.0,46.0
CMP003,C002186,2024-09-01,0,0.0,46.0
CMP003,C004965,2024-09-01,1,556.84,46.0
CMP003,C005621,2024-09-01,0,0.0,46.0
CMP003,C003481,2024-09-01,0,0.0,46.0
CMP003,C005955,2024-09-01,0,0.0,46.0
CMP003,C000412,2024-09-01,0,0.0,46.0
CMP003,C005272,2024-09-01,0,0.0,46.0
CMP003,C004833,2024-09-01,0,0.0,46.0
CMP003,C001921,2024-09-01,1,1967.02,46.0
CMP003,C002947,2024-09-01,0,0.0,46.0
CMP003,C004605,2024-09-01,1,1096.39,46.0
CMP003,C002365,2024-09-01,0,0.0,46.0
CMP003,C005842,2024-09-01,1,1943.52,46.0
CMP003,C004038,2024-09-01,1,801.27,46.0
CMP003,C000661,2024-09-01,0,0.0,46.0
CMP003,C003410,2024-09-01,0,0.0,46.0
CMP003,C002395,2024-09-01,0,0.0,46.0
CMP003,C000394,2024-09-01,0,0.0,46.0
CMP003,C005660,2024-09-01,0,0.0,46.0
CMP003,C003440,2024-09-01,0,0.0,46.0
CMP003,C001725,2024-09-01,0,0.0,46.0
CMP003,C001575,2024-09-01,0,0.0,46.0
CMP003,C001437,2024-09-01,1,2218.31,46.0
CMP003,C002730,2024-09-01,0,0.0,46.0
CMP003,C005262,2024-09-01,0,0.0,46.0
CMP003,C001517,2024-09-01,0,0.0,46.0
CMP003,C000812,2024-09-01,0,0.0,46.0
CMP003,C004018,2024-09-01,0,0.0,46.0
CMP003,C003267,2024-09-01,0,0.0,46.0
CMP003,C004223,2024-09-01,1,630.95,46.0
CMP003,C001426,2024-09-01,0,0.0,46.0
CMP003,C003832,2024-09-01,0,0.0,46.0
CMP003,C005670,2024-09-01,0,0.0,46.0
CMP003,C000295,2024-09-01,0,0.0,46.0
CMP003,C002114,2024-09-01,0,0.0,46.0
CMP003,C004465,2024-09-01,0,0.0,46.0
CMP003,C004160,2024-09-01,0,0.0,46.0
CMP003,C005058,2024-09-01,0,0.0,46.0
CMP003,C005211,2024-09-01,0,0.0,46.0
CMP003,C001467,2024-09-01,0,0.0,46.0
CMP003,C002450,2024-09-01,0,0.0,46.0
CMP003,C003637,2024-09-01,0,0.0,46.0
CMP003,C002619,2024-09-01,0,0.0,46.0
CMP003,C002521,2024-09-01,1,688.18,46.0
CMP003,C003646,2024-09-01,0,0.0,46.0
CMP003,C004808,2024-09-01,0,0.0,46.0
CMP003,C002751,2024-09-01,0,0.0,46.0
CMP003,C001111,2024-09-01,1,166.51,46.0
CMP003,C000615,2024-09-01,0,0.0,46.0
CMP003,C003550,2024-09-01,0,0.0,46.0
CMP003,C003561,2024-09-01,0,0.0,46.0
CMP003,C004535,2024-09-01,1,3166.02,46.0
CMP003,C002670,2024-09-01,0,0.0,46.0
CMP003,C000682,2024-09-01,0,0.0,46.0
CMP003,C001984,2024-09-01,0,0.0,46.0
CMP003,C002483,2024-09-01,1,605.64,46.0
CMP003,C001305,2024-09-01,1,3612.83,46.0
CMP003,C005194,2024-09-01,0,0.0,46.0
CMP003,C004540,2024-09-01,0,0.0,46.0
CMP003,C003224,2024-09-01,0,0.0,46.0
CMP003,C000982,2024-09-01,1,1220.43,46.0
CMP003,C002720,2024-09-01,0,0.0,46.0
CMP003,C002196,2024-09-01,0,0.0,46.0
CMP003,C002414,2024-09-01,0,0.0,46.0
CMP003,C001220,2024-09-01,1,402.99,46.0
CMP003,C000967,2024-09-01,1,2152.01,46.0
CMP003,C001824,2024-09-01,0,0.0,46.0
CMP003,C001758,2024-09-01,0,0.0,46.0
CMP003,C000303,2024-09-01,0,0.0,46.0
CMP003,C004865,2024-09-01,0,0.0,46.0
CMP003,C001559,2024-09-01,1,122.22,46.0
CMP003,C005671,2024-09-01,1,1009.29,46.0
CMP003,C002049,2024-09-01,0,0.0,46.0
CMP003,C001537,2024-09-01,0,0.0,46.0
CMP003,C003723,2024-09-01,0,0.0,46.0
CMP003,C004354,2024-09-01,0,0.0,46.0
CMP003,C002318,2024-09-01,1,370.9,46.0
CMP003,C004840,2024-09-01,0,0.0,46.0
CMP003,C004569,2024-09-01,0,0.0,46.0
CMP003,C001565,2024-09-01,0,0.0,46.0
CMP003,C005023,2024-09-01,0,0.0,46.0
CMP003,C001588,2024-09-01,0,0.0,46.0
CMP003,C005003,2024-09-01,0,0.0,46.0
CMP003,C003868,2024-09-01,0,0.0,46.0
CMP003,C002494,2024-09-01,0,0.0,46.0
CMP003,C004164,2024-09-01,1,3003.7,46.0
CMP003,C000861,2024-09-01,0,0.0,46.0
CMP003,C005680,2024-09-01,0,0.0,46.0
CMP003,C002541,2024-09-01,0,0.0,46.0
CMP003,C003491,2024-09-01,0,0.0,46.0
CMP003,C005964,2024-09-01,1,1698.96,46.0
CMP003,C005368,2024-09-01,1,690.58,46.0
CMP003,C000033,2024-09-01,0,0.0,46.0
CMP003,C002235,2024-09-01,0,0.0,46.0
CMP003,C003013,2024-09-01,0,0.0,46.0
CMP003,C002508,2024-09-01,0,0.0,46.0
CMP003,C001625,2024-09-01,0,0.0,46.0
CMP003,C004693,2024-09-01,0,0.0,46.0
CMP003,C003697,2024-09-01,1,1615.02,46.0
CMP003,C005716,2024-09-01,0,0.0,46.0
CMP003,C003924,2024-09-01,1,1301.46,46.0
CMP003,C001651,2024-09-01,0,0.0,46.0
CMP003,C005395,2024-09-01,0,0.0,46.0
CMP003,C003820,2024-09-01,1,539.86,46.0
CMP003,C004059,2024-09-01,1,751.87,46.0
CMP003,C005782,2024-09-01,0,0.0,46.0
CMP003,C001191,2024-09-01,0,0.0,46.0
CMP003,C000656,2024-09-01,1,543.26,46.0
CMP003,C003856,2024-09-01,0,0.0,46.0
CMP003,C000952,2024-09-01,1,1410.26,46.0
CMP003,C003202,2024-09-01,0,0.0,46.0
CMP003,C005297,2024-09-01,0,0.0,46.0
CMP003,C003583,2024-09-01,0,0.0,46.0
CMP003,C001940,2024-09-01,0,0.0,46.0
CMP003,C001427,2024-09-01,0,0.0,46.0
CMP003,C003395,2024-09-01,1,1639.45,46.0
CMP003,C003573,2024-09-01,0,0.0,46.0
CMP003,C005116,2024-09-01,0,0.0,46.0
CMP003,C004612,2024-09-01,0,0.0,46.0
CMP003,C002830,2024-09-01,0,0.0,46.0
CMP003,C003039,2024-09-01,0,0.0,46.0
CMP003,C005624,2024-09-01,0,0.0,46.0
CMP003,C003908,2024-09-01,1,691.88,46.0
CMP003,C002295,2024-09-01,0,0.0,46.0
CMP003,C000632,2024-09-01,1,1220.23,46.0
CMP003,C000836,2024-09-01,0,0.0,46.0
CMP003,C001422,2024-09-01,0,0.0,46.0
CMP003,C000490,2024-09-01,0,0.0,46.0
CMP003,C004209,2024-09-01,1,420.77,46.0
CMP003,C005725,2024-09-01,0,0.0,46.0
CMP003,C000483,2024-09-01,0,0.0,46.0
CMP003,C000482,2024-09-01,0,0.0,46.0
CMP003,C003807,2024-09-01,0,0.0,46.0
CMP003,C002788,2024-09-01,0,0.0,46.0
CMP003,C005949,2024-09-01,0,0.0,46.0
CMP003,C005509,2024-09-01,0,0.0,46.0
CMP003,C003520,2024-09-01,0,0.0,46.0
CMP003,C001316,2024-09-01,0,0.0,46.0
CMP003,C004552,2024-09-01,0,0.0,46.0
CMP003,C004844,2024-09-01,0,0.0,46.0
CMP003,C005180,2024-09-01,0,0.0,46.0
CMP003,C001496,2024-09-01,0,0.0,46.0
CMP003,C000658,2024-09-01,0,0.0,46.0
CMP003,C004507,2024-09-01,0,0.0,46.0
CMP003,C003447,2024-09-01,0,0.0,46.0
CMP003,C005308,2024-09-01,0,0.0,46.0
CMP003,C004373,2024-09-01,0,0.0,46.0
CMP003,C001199,2024-09-01,0,0.0,46.0
CMP003,C005731,2024-09-01,0,0.0,46.0
CMP003,C004280,2024-09-01,1,6515.36,46.0
CMP003,C002390,2024-09-01,0,0.0,46.0
CMP003,C005991,2024-09-01,0,0.0,46.0
CMP003,C001152,2024-09-01,0,0.0,46.0
CMP003,C005922,2024-09-01,0,0.0,46.0
CMP003,C005720,2024-09-01,0,0.0,46.0
CMP003,C004978,2024-09-01,0,0.0,46.0
CMP003,C001471,2024-09-01,0,0.0,46.0
CMP003,C003958,2024-09-01,0,0.0,46.0
CMP003,C001345,2024-09-01,0,0.0,46.0
CMP003,C005647,2024-09-01,0,0.0,46.0
CMP003,C004880,2024-09-01,0,0.0,46.0
CMP003,C005749,2024-09-01,0,0.0,46.0
CMP003,C004192,2024-09-01,0,0.0,46.0
CMP003,C004589,2024-09-01,0,0.0,46.0
CMP003,C000342,2024-09-01,1,531.73,46.0
CMP003,C003577,2024-09-01,0,0.0,46.0
CMP003,C003546,2024-09-01,0,0.0,46.0
CMP003,C001171,2024-09-01,0,0.0,46.0
CMP003,C004188,2024-09-01,0,0.0,46.0
CMP003,C004829,2024-09-01,0,0.0,46.0
CMP003,C002857,2024-09-01,0,0.0,46.0
CMP003,C003972,2024-09-01,0,0.0,46.0
CMP003,C004458,2024-09-01,0,0.0,46.0
CMP003,C002210,2024-09-01,0,0.0,46.0
CMP003,C001479,2024-09-01,0,0.0,46.0
CMP003,C004296,2024-09-01,0,0.0,46.0
CMP003,C005566,2024-09-01,0,0.0,46.0
CMP003,C004674,2024-09-01,0,0.0,46.0
CMP003,C005372,2024-09-01,0,0.0,46.0
CMP003,C001411,2024-09-01,0,0.0,46.0
CMP003,C004306,2024-09-01,0,0.0,46.0
CMP003,C004733,2024-09-01,0,0.0,46.0
CMP003,C004669,2024-09-01,0,0.0,46.0
CMP003,C000204,2024-09-01,0,0.0,46.0
CMP003,C002472,2024-09-01,0,0.0,46.0
CMP003,C002151,2024-09-01,0,0.0,46.0
CMP003,C000779,2024-09-01,0,0.0,46.0
CMP003,C004812,2024-09-01,0,0.0,46.0
CMP003,C000236,2024-09-01,0,0.0,46.0
CMP003,C003472,2024-09-01,0,0.0,46.0
CMP003,C001378,2024-09-01,0,0.0,46.0
CMP003,C003004,2024-09-01,0,0.0,46.0
CMP003,C001503,2024-09-01,0,0.0,46.0
CMP003,C003316,2024-09-01,0,0.0,46.0
CMP003,C004491,2024-09-01,0,0.0,46.0
CMP003,C002087,2024-09-01,1,520.65,46.0
CMP003,C003584,2024-09-01,0,0.0,46.0
CMP003,C005266,2024-09-01,0,0.0,46.0
CMP003,C003522,2024-09-01,1,142.74,46.0
CMP003,C000606,2024-09-01,0,0.0,46.0
CMP003,C002858,2024-09-01,0,0.0,46.0
CMP003,C003423,2024-09-01,1,1589.92,46.0
CMP003,C004171,2024-09-01,0,0.0,46.0
CMP003,C003516,2024-09-01,1,709.91,46.0
CMP003,C001009,2024-09-01,0,0.0,46.0
CMP003,C000840,2024-09-01,0,0.0,46.0
CMP003,C003241,2024-09-01,1,1608.86,46.0
CMP003,C001980,2024-09-01,0,0.0,46.0
CMP003,C001656,2024-09-01,0,0.0,46.0
CMP003,C004487,2024-09-01,0,0.0,46.0
CMP003,C000464,2024-09-01,0,0.0,46.0
CMP003,C003871,2024-09-01,0,0.0,46.0
CMP003,C000291,2024-09-01,0,0.0,46.0
CMP003,C004524,2024-09-01,0,0.0,46.0
CMP003,C005833,2024-09-01,1,1195.3,46.0
CMP003,C001538,2024-09-01,0,0.0,46.0
CMP003,C004156,2024-09-01,0,0.0,46.0
CMP003,C004395,2024-09-01,0,0.0,46.0
CMP003,C000322,2024-09-01,0,0.0,46.0
CMP003,C002868,2024-09-01,0,0.0,46.0
CMP003,C002910,2024-09-01,0,0.0,46.0
CMP003,C002349,2024-09-01,0,0.0,46.0
CMP003,C004412,2024-09-01,0,0.0,46.0
CMP003,C004035,2024-09-01,0,0.0,46.0
CMP003,C000481,2024-09-01,0,0.0,46.0
CMP003,C004048,2024-09-01,0,0.0,46.0
CMP003,C004819,2024-09-01,0,0.0,46.0
CMP003,C005045,2024-09-01,0,0.0,46.0
CMP003,C005902,2024-09-01,0,0.0,46.0
CMP003,C002375,2024-09-01,0,0.0,46.0
CMP003,C005114,2024-09-01,1,651.57,46.0
CMP003,C001317,2024-09-01,0,0.0,46.0
CMP003,C000799,2024-09-01,0,0.0,46.0
CMP003,C004480,2024-09-01,0,0.0,46.0
CMP003,C002085,2024-09-01,0,0.0,46.0
CMP003,C002428,2024-09-01,0,0.0,46.0
CMP003,C004004,2024-09-01,1,1281.98,46.0
CMP003,C003679,2024-09-01,0,0.0,46.0
CMP003,C000980,2024-09-01,0,0.0,46.0
CMP003,C004080,2024-09-01,0,0.0,46.0
CMP003,C004976,2024-09-01,0,0.0,46.0
CMP003,C000707,2024-09-01,0,0.0,46.0
CMP003,C003704,2024-09-01,0,0.0,46.0
CMP003,C001988,2024-09-01,0,0.0,46.0
CMP003,C002392,2024-09-01,0,0.0,46.0
CMP003,C003016,2024-09-01,0,0.0,46.0
CMP003,C001580,2024-09-01,0,0.0,46.0
CMP003,C003614,2024-09-01,0,0.0,46.0
CMP003,C000857,2024-09-01,0,0.0,46.0
CMP003,C005724,2024-09-01,1,2932.31,46.0
CMP003,C005635,2024-09-01,0,0.0,46.0
CMP003,C000594,2024-09-01,0,0.0,46.0
CMP003,C004286,2024-09-01,0,0.0,46.0
CMP003,C005788,2024-09-01,0,0.0,46.0
CMP003,C003771,2024-09-01,0,0.0,46.0
CMP003,C004996,2024-09-01,1,1121.79,46.0
CMP003,C002101,2024-09-01,0,0.0,46.0
CMP003,C004432,2024-09-01,0,0.0,46.0
CMP003,C004017,2024-09-01,0,0.0,46.0
CMP003,C005857,2024-09-01,0,0.0,46.0
CMP003,C001273,2024-09-01,0,0.0,46.0
CMP003,C001726,2024-09-01,1,589.1,46.0
CMP003,C005307,2024-09-01,1,1149.34,46.0
CMP003,C004446,2024-09-01,1,390.94,46.0
CMP003,C004105,2024-09-01,0,0.0,46.0
CMP003,C001258,2024-09-01,0,0.0,46.0
CMP003,C003591,2024-09-01,0,0.0,46.0
CMP003,C003743,2024-09-01,1,395.98,46.0
CMP003,C002194,2024-09-01,0,0.0,46.0
CMP003,C000684,2024-09-01,0,0.0,46.0
CMP003,C004272,2024-09-01,0,0.0,46.0
CMP003,C000313,2024-09-01,0,0.0,46.0
CMP003,C000057,2024-09-01,1,1538.65,46.0
CMP003,C003530,2024-09-01,0,0.0,46.0
CMP003,C001016,2024-09-01,0,0.0,46.0
CMP003,C001616,2024-09-01,0,0.0,46.0
CMP003,C004506,2024-09-01,0,0.0,46.0
CMP003,C001512,2024-09-01,0,0.0,46.0
CMP003,C001428,2024-09-01,0,0.0,46.0
CMP003,C005515,2024-09-01,1,820.97,46.0
CMP003,C004366,2024-09-01,0,0.0,46.0
CMP003,C002587,2024-09-01,1,822.16,46.0
CMP003,C003549,2024-09-01,0,0.0,46.0
CMP003,C003204,2024-09-01,0,0.0,46.0
CMP003,C002981,2024-09-01,0,0.0,46.0
CMP003,C004609,2024-09-01,0,0.0,46.0
CMP003,C004686,2024-09-01,0,0.0,46.0
CMP003,C003554,2024-09-01,0,0.0,46.0
CMP003,C000781,2024-09-01,0,0.0,46.0
CMP003,C004568,2024-09-01,0,0.0,46.0
CMP003,C000467,2024-09-01,1,970.31,46.0
CMP003,C004659,2024-09-01,0,0.0,46.0
CMP003,C002096,2024-09-01,0,0.0,46.0
CMP003,C000910,2024-09-01,0,0.0,46.0
CMP003,C004410,2024-09-01,0,0.0,46.0
CMP003,C000638,2024-09-01,0,0.0,46.0
CMP003,C004749,2024-09-01,0,0.0,46.0
CMP003,C003588,2024-09-01,0,0.0,46.0
CMP003,C003744,2024-09-01,0,0.0,46.0
CMP003,C000255,2024-09-01,1,456.75,46.0
CMP003,C004426,2024-09-01,0,0.0,46.0
CMP003,C001534,2024-09-01,1,224.3,46.0
CMP003,C003750,2024-09-01,0,0.0,46.0
CMP003,C003500,2024-09-01,0,0.0,46.0
CMP003,C003610,2024-09-01,0,0.0,46.0
CMP003,C003962,2024-09-01,0,0.0,46.0
CMP003,C003833,2024-09-01,0,0.0,46.0
CMP003,C004233,2024-09-01,0,0.0,46.0
CMP003,C004897,2024-09-01,0,0.0,46.0
CMP003,C005930,2024-09-01,0,0.0,46.0
CMP003,C001798,2024-09-01,0,0.0,46.0
CMP003,C001544,2024-09-01,0,0.0,46.0
CMP003,C004859,2024-09-01,1,1133.18,46.0
CMP003,C000741,2024-09-01,0,0.0,46.0
CMP003,C003988,2024-09-01,1,151.82,46.0
CMP003,C003724,2024-09-01,0,0.0,46.0
CMP003,C005048,2024-09-01,0,0.0,46.0
CMP003,C004785,2024-09-01,0,0.0,46.0
CMP003,C004442,2024-09-01,0,0.0,46.0
CMP003,C003378,2024-09-01,0,0.0,46.0
CMP003,C000076,2024-09-01,0,0.0,46.0
CMP003,C002437,2024-09-01,0,0.0,46.0
CMP003,C000888,2024-09-01,1,1235.64,46.0
CMP003,C001974,2024-09-01,0,0.0,46.0
CMP003,C001282,2024-09-01,0,0.0,46.0
CMP003,C002284,2024-09-01,1,592.72,46.0
CMP003,C003843,2024-09-01,0,0.0,46.0
CMP003,C000199,2024-09-01,0,0.0,46.0
CMP003,C005776,2024-09-01,0,0.0,46.0
CMP003,C004020,2024-09-01,0,0.0,46.0
CMP003,C003943,2024-09-01,0,0.0,46.0
CMP003,C002814,2024-09-01,0,0.0,46.0
CMP003,C004531,2024-09-01,0,0.0,46.0
CMP003,C003431,2024-09-01,0,0.0,46.0
CMP003,C000934,2024-09-01,0,0.0,46.0
CMP003,C004134,2024-09-01,0,0.0,46.0
CMP003,C004847,2024-09-01,1,537.66,46.0
CMP003,C000571,2024-09-01,0,0.0,46.0
CMP003,C003428,2024-09-01,0,0.0,46.0
CMP003,C002883,2024-09-01,0,0.0,46.0
CMP003,C000597,2024-09-01,0,0.0,46.0
CMP003,C005396,2024-09-01,1,459.78,46.0
CMP003,C003383,2024-09-01,0,0.0,46.0
CMP003,C005594,2024-09-01,0,0.0,46.0
CMP003,C002987,2024-09-01,1,42.75,46.0
CMP003,C005759,2024-09-01,0,0.0,46.0
CMP003,C001659,2024-09-01,0,0.0,46.0
CMP003,C004225,2024-09-01,1,521.21,46.0
CMP003,C002267,2024-09-01,0,0.0,46.0
CMP003,C000984,2024-09-01,1,361.31,46.0
CMP003,C003079,2024-09-01,0,0.0,46.0
CMP003,C001601,2024-09-01,1,426.99,46.0
CMP003,C000478,2024-09-01,0,0.0,46.0
CMP003,C005070,2024-09-01,1,162.8,46.0
CMP003,C005820,2024-09-01,1,2643.83,46.0
CMP003,C003291,2024-09-01,0,0.0,46.0
CMP003,C002786,2024-09-01,0,0.0,46.0
CMP003,C002013,2024-09-01,1,886.45,46.0
CMP003,C004783,2024-09-01,0,0.0,46.0
CMP003,C005848,2024-09-01,0,0.0,46.0
CMP003,C003306,2024-09-01,0,0.0,46.0
CMP003,C003253,2024-09-01,0,0.0,46.0
CMP003,C001811,2024-09-01,1,732.98,46.0
CMP003,C003570,2024-09-01,0,0.0,46.0
CMP003,C005355,2024-09-01,0,0.0,46.0
CMP003,C004132,2024-09-01,0,0.0,46.0
CMP003,C000966,2024-09-01,1,472.05,46.0
CMP003,C003025,2024-09-01,0,0.0,46.0
CMP003,C001334,2024-09-01,0,0.0,46.0
CMP003,C003317,2024-09-01,0,0.0,46.0
CMP003,C000504,2024-09-01,0,0.0,46.0
CMP003,C002718,2024-09-01,0,0.0,46.0
CMP003,C003728,2024-09-01,1,2491.01,46.0
CMP003,C004916,2024-09-01,1,317.72,46.0
CMP003,C001903,2024-09-01,0,0.0,46.0
CMP003,C002497,2024-09-01,1,763.69,46.0
CMP003,C001993,2024-09-01,0,0.0,46.0
CMP003,C001409,2024-09-01,0,0.0,46.0
CMP003,C001735,2024-09-01,0,0.0,46.0
CMP003,C005557,2024-09-01,0,0.0,46.0
CMP003,C001558,2024-09-01,0,0.0,46.0
CMP003,C001721,2024-09-01,0,0.0,46.0
CMP003,C001104,2024-09-01,1,774.71,46.0
CMP003,C000415,2024-09-01,1,658.02,46.0
CMP003,C001003,2024-09-01,0,0.0,46.0
CMP003,C005895,2024-09-01,0,0.0,46.0
CMP003,C003135,2024-09-01,0,0.0,46.0
CMP003,C005840,2024-09-01,0,0.0,46.0
CMP003,C004191,2024-09-01,1,5603.9,46.0
CMP003,C004016,2024-09-01,0,0.0,46.0
CMP003,C003671,2024-09-01,0,0.0,46.0
CMP003,C002429,2024-09-01,0,0.0,46.0
CMP003,C000813,2024-09-01,0,0.0,46.0
CMP003,C003649,2024-09-01,1,2443.13,46.0
CMP003,C003644,2024-09-01,0,0.0,46.0
CMP003,C002812,2024-09-01,0,0.0,46.0
CMP003,C003074,2024-09-01,0,0.0,46.0
CMP003,C002736,2024-09-01,0,0.0,46.0
CMP003,C000311,2024-09-01,0,0.0,46.0
CMP003,C003888,2024-09-01,0,0.0,46.0
CMP003,C004543,2024-09-01,0,0.0,46.0
CMP003,C005804,2024-09-01,0,0.0,46.0
CMP003,C002247,2024-09-01,1,1078.26,46.0
CMP003,C001760,2024-09-01,1,452.0,46.0
CMP003,C003657,2024-09-01,0,0.0,46.0
CMP003,C001750,2024-09-01,0,0.0,46.0
CMP003,C001046,2024-09-01,0,0.0,46.0
CMP003,C002467,2024-09-01,0,0.0,46.0
CMP003,C002999,2024-09-01,0,0.0,46.0
CMP003,C000998,2024-09-01,0,0.0,46.0
CMP003,C005573,2024-09-01,1,1946.04,46.0
CMP003,C003884,2024-09-01,0,0.0,46.0
CMP003,C001284,2024-09-01,0,0.0,46.0
CMP003,C005802,2024-09-01,0,0.0,46.0
CMP003,C005152,2024-09-01,0,0.0,46.0
CMP003,C001866,2024-09-01,0,0.0,46.0
CMP003,C003982,2024-09-01,0,0.0,46.0
CMP003,C002029,2024-09-01,0,0.0,46.0
CMP003,C000651,2024-09-01,0,0.0,46.0
CMP003,C001847,2024-09-01,0,0.0,46.0
CMP003,C003875,2024-09-01,0,0.0,46.0
CMP003,C003921,2024-09-01,0,0.0,46.0
CMP003,C005357,2024-09-01,0,0.0,46.0
CMP003,C005184,2024-09-01,0,0.0,46.0
CMP003,C000523,2024-09-01,0,0.0,46.0
CMP003,C004677,2024-09-01,1,950.56,46.0
CMP003,C004660,2024-09-01,0,0.0,46.0
CMP003,C004970,2024-09-01,0,0.0,46.0
CMP003,C001335,2024-09-01,0,0.0,46.0
CMP003,C000979,2024-09-01,0,0.0,46.0
CMP003,C002447,2024-09-01,1,473.04,46.0
CMP003,C001130,2024-09-01,1,948.39,46.0
CMP003,C005129,2024-09-01,0,0.0,46.0
CMP003,C001066,2024-09-01,0,0.0,46.0
CMP003,C004472,2024-09-01,0,0.0,46.0
CMP003,C004042,2024-09-01,0,0.0,46.0
CMP003,C004219,2024-09-01,0,0.0,46.0
CMP003,C002808,2024-09-01,0,0.0,46.0
CMP003,C000797,2024-09-01,0,0.0,46.0
CMP003,C000372,2024-09-01,0,0.0,46.0
CMP003,C000760,2024-09-01,0,0.0,46.0
CMP003,C001772,2024-09-01,0,0.0,46.0
CMP003,C002358,2024-09-01,0,0.0,46.0
CMP003,C004974,2024-09-01,1,310.96,46.0
CMP003,C001509,2024-09-01,1,1145.76,46.0
CMP003,C003841,2024-09-01,1,522.31,46.0
CMP003,C002646,2024-09-01,1,922.96,46.0
CMP003,C001631,2024-09-01,0,0.0,46.0
CMP003,C004969,2024-09-01,0,0.0,46.0
CMP003,C001373,2024-09-01,0,0.0,46.0
CMP003,C000576,2024-09-01,0,0.0,46.0
CMP003,C000612,2024-09-01,0,0.0,46.0
CMP003,C004297,2024-09-01,1,722.32,46.0
CMP003,C002182,2024-09-01,0,0.0,46.0
CMP003,C004633,2024-09-01,0,0.0,46.0
CMP003,C003541,2024-09-01,1,1016.88,46.0
CMP003,C004450,2024-09-01,1,558.28,46.0
CMP003,C002887,2024-09-01,0,0.0,46.0
CMP003,C004377,2024-09-01,0,0.0,46.0
CMP003,C005279,2024-09-01,0,0.0,46.0
CMP003,C001817,2024-09-01,1,424.29,46.0
CMP003,C003716,2024-09-01,0,0.0,46.0
CMP003,C001159,2024-09-01,0,0.0,46.0
CMP003,C003451,2024-09-01,0,0.0,46.0
CMP003,C001634,2024-09-01,0,0.0,46.0
CMP003,C005534,2024-09-01,0,0.0,46.0
CMP003,C005741,2024-09-01,0,0.0,46.0
CMP003,C003836,2024-09-01,1,3496.01,46.0
CMP003,C002909,2024-09-01,0,0.0,46.0
CMP003,C003170,2024-09-01,0,0.0,46.0
CMP003,C005315,2024-09-01,0,0.0,46.0
CMP003,C005997,2024-09-01,0,0.0,46.0
CMP003,C005644,2024-09-01,0,0.0,46.0
CMP003,C004053,2024-09-01,0,0.0,46.0
CMP003,C003180,2024-09-01,0,0.0,46.0
CMP003,C003867,2024-09-01,0,0.0,46.0
CMP003,C003655,2024-09-01,0,0.0,46.0
CMP003,C001477,2024-09-01,0,0.0,46.0
CMP003,C003266,2024-09-01,0,0.0,46.0
CMP003,C002009,2024-09-01,0,0.0,46.0
CMP003,C002952,2024-09-01,0,0.0,46.0
CMP003,C005551,2024-09-01,0,0.0,46.0
CMP003,C004086,2024-09-01,0,0.0,46.0
CMP003,C004734,2024-09-01,0,0.0,46.0
CMP003,C004640,2024-09-01,0,0.0,46.0
CMP003,C001908,2024-09-01,0,0.0,46.0
CMP003,C001425,2024-09-01,0,0.0,46.0
CMP003,C002561,2024-09-01,0,0.0,46.0
CMP003,C002967,2024-09-01,0,0.0,46.0
CMP003,C003619,2024-09-01,0,0.0,46.0
CMP003,C002167,2024-09-01,1,4771.86,46.0
CMP003,C001261,2024-09-01,0,0.0,46.0
CMP003,C001108,2024-09-01,0,0.0,46.0
CMP003,C000404,2024-09-01,0,0.0,46.0
CMP003,C003326,2024-09-01,0,0.0,46.0
CMP003,C002208,2024-09-01,0,0.0,46.0
CMP003,C001560,2024-09-01,1,718.98,46.0
CMP003,C000919,2024-09-01,0,0.0,46.0
CMP003,C002862,2024-09-01,0,0.0,46.0
CMP003,C005906,2024-09-01,1,3353.71,46.0
CMP003,C003621,2024-09-01,0,0.0,46.0
CMP003,C005961,2024-09-01,0,0.0,46.0
CMP003,C002811,2024-09-01,0,0.0,46.0
CMP003,C000340,2024-09-01,1,2132.35,46.0
CMP003,C001078,2024-09-01,1,526.86,46.0
CMP003,C003141,2024-09-01,0,0.0,46.0
CMP003,C002679,2024-09-01,1,655.08,46.0
CMP003,C001401,2024-09-01,0,0.0,46.0
CMP003,C001087,2024-09-01,0,0.0,46.0
CMP003,C003322,2024-09-01,0,0.0,46.0
CMP003,C005825,2024-09-01,0,0.0,46.0
CMP003,C004675,2024-09-01,1,1871.27,46.0
CMP003,C001270,2024-09-01,1,1884.27,46.0
CMP003,C000179,2024-09-01,0,0.0,46.0
CMP003,C005646,2024-09-01,0,0.0,46.0
CMP003,C004585,2024-09-01,0,0.0,46.0
CMP003,C002904,2024-09-01,0,0.0,46.0
CMP003,C004060,2024-09-01,1,1358.13,46.0
CMP003,C002837,2024-09-01,0,0.0,46.0
CMP003,C000007,2024-09-01,1,576.23,46.0
CMP003,C004864,2024-09-01,0,0.0,46.0
CMP003,C001680,2024-09-01,1,1068.04,46.0
CMP003,C001059,2024-09-01,0,0.0,46.0
CMP003,C003503,2024-09-01,0,0.0,46.0
CMP003,C003859,2024-09-01,0,0.0,46.0
CMP003,C000170,2024-09-01,0,0.0,46.0
CMP003,C000601,2024-09-01,0,0.0,46.0
CMP003,C001371,2024-09-01,1,239.54,46.0
CMP003,C005137,2024-09-01,0,0.0,46.0
CMP003,C003702,2024-09-01,0,0.0,46.0
CMP003,C001830,2024-09-01,0,0.0,46.0
CMP003,C001483,2024-09-01,0,0.0,46.0
CMP003,C004415,2024-09-01,0,0.0,46.0
CMP003,C005317,2024-09-01,0,0.0,46.0
CMP003,C003987,2024-09-01,1,685.95,46.0
CMP003,C000396,2024-09-01,1,317.49,46.0
CMP003,C002107,2024-09-01,0,0.0,46.0
CMP003,C005555,2024-09-01,0,0.0,46.0
CMP003,C002572,2024-09-01,1,644.52,46.0
CMP003,C003388,2024-09-01,0,0.0,46.0
CMP003,C001352,2024-09-01,0,0.0,46.0
CMP003,C000089,2024-09-01,0,0.0,46.0
CMP003,C002097,2024-09-01,1,946.34,46.0
CMP003,C005946,2024-09-01,0,0.0,46.0
CMP003,C001458,2024-09-01,0,0.0,46.0
CMP003,C002134,2024-09-01,0,0.0,46.0
CMP003,C003773,2024-09-01,0,0.0,46.0
CMP003,C002019,2024-09-01,0,0.0,46.0
CMP003,C004958,2024-09-01,1,641.82,46.0
CMP003,C005169,2024-09-01,0,0.0,46.0
CMP003,C005959,2024-09-01,1,2114.12,46.0
CMP003,C003764,2024-09-01,0,0.0,46.0
CMP003,C001647,2024-09-01,1,1024.68,46.0
CMP003,C003877,2024-09-01,1,136.65,46.0
CMP003,C000802,2024-09-01,0,0.0,46.0
CMP003,C000367,2024-09-01,0,0.0,46.0
CMP003,C005522,2024-09-01,0,0.0,46.0
CMP003,C001641,2024-09-01,0,0.0,46.0
CMP003,C001766,2024-09-01,0,0.0,46.0
CMP003,C005663,2024-09-01,1,1268.58,46.0
CMP003,C004205,2024-09-01,0,0.0,46.0
CMP003,C004751,2024-09-01,0,0.0,46.0
CMP003,C000520,2024-09-01,0,0.0,46.0
CMP003,C003368,2024-09-01,0,0.0,46.0
CMP003,C005005,2024-09-01,1,372.0,46.0
CMP003,C000410,2024-09-01,0,0.0,46.0
CMP003,C000983,2024-09-01,0,0.0,46.0
CMP003,C000056,2024-09-01,0,0.0,46.0
CMP003,C003861,2024-09-01,0,0.0,46.0
CMP003,C001709,2024-09-01,1,2352.9,46.0
CMP003,C005700,2024-09-01,1,844.4,46.0
CMP003,C005055,2024-09-01,0,0.0,46.0
CMP003,C003287,2024-09-01,0,0.0,46.0
CMP003,C004927,2024-09-01,1,1011.97,46.0
CMP003,C001133,2024-09-01,0,0.0,46.0
CMP003,C005060,2024-09-01,0,0.0,46.0
CMP003,C002693,2024-09-01,0,0.0,46.0
CMP003,C002520,2024-09-01,0,0.0,46.0
CMP003,C005000,2024-09-01,0,0.0,46.0
CMP003,C000371,2024-09-01,0,0.0,46.0
CMP003,C004678,2024-09-01,0,0.0,46.0
CMP003,C000229,2024-09-01,0,0.0,46.0
CMP003,C005341,2024-09-01,1,1767.63,46.0
CMP003,C005012,2024-09-01,0,0.0,46.0
CMP003,C003417,2024-09-01,0,0.0,46.0
CMP003,C005218,2024-09-01,1,909.85,46.0
CMP003,C001585,2024-09-01,0,0.0,46.0
CMP003,C002780,2024-09-01,0,0.0,46.0
CMP003,C005016,2024-09-01,0,0.0,46.0
CMP003,C003777,2024-09-01,0,0.0,46.0
CMP003,C000183,2024-09-01,0,0.0,46.0
CMP003,C003940,2024-09-01,0,0.0,46.0
CMP003,C002771,2024-09-01,0,0.0,46.0
CMP003,C001706,2024-09-01,0,0.0,46.0
CMP003,C003303,2024-09-01,0,0.0,46.0
CMP003,C005617,2024-09-01,1,1228.84,46.0
CMP003,C004800,2024-09-01,0,0.0,46.0
CMP003,C000800,2024-09-01,0,0.0,46.0
CMP003,C004031,2024-09-01,0,0.0,46.0
CMP003,C000538,2024-09-01,0,0.0,46.0
CMP003,C003072,2024-09-01,0,0.0,46.0
CMP003,C000191,2024-09-01,0,0.0,46.0
CMP003,C002875,2024-09-01,0,0.0,46.0
CMP003,C002344,2024-09-01,1,560.61,46.0
CMP003,C004906,2024-09-01,0,0.0,46.0
CMP003,C003690,2024-09-01,1,289.58,46.0
CMP003,C001958,2024-09-01,0,0.0,46.0
CMP003,C005806,2024-09-01,1,2692.05,46.0
CMP003,C005691,2024-09-01,1,620.74,46.0
CMP003,C001639,2024-09-01,0,0.0,46.0
CMP003,C000399,2024-09-01,0,0.0,46.0
CMP003,C001366,2024-09-01,0,0.0,46.0
CMP003,C002613,2024-09-01,1,676.32,46.0
CMP003,C005275,2024-09-01,0,0.0,46.0
CMP003,C000069,2024-09-01,0,0.0,46.0
CMP003,C003622,2024-09-01,1,842.28,46.0
CMP003,C002132,2024-09-01,1,1500.51,46.0
CMP003,C004502,2024-09-01,0,0.0,46.0
CMP003,C000032,2024-09-01,0,0.0,46.0
CMP003,C003695,2024-09-01,0,0.0,46.0
CMP003,C001920,2024-09-01,0,0.0,46.0
CMP003,C003426,2024-09-01,1,700.67,46.0
CMP003,C005847,2024-09-01,0,0.0,46.0
CMP003,C001769,2024-09-01,0,0.0,46.0
CMP003,C003865,2024-09-01,0,0.0,46.0
CMP003,C001860,2024-09-01,0,0.0,46.0
CMP003,C002973,2024-09-01,0,0.0,46.0
CMP003,C003846,2024-09-01,0,0.0,46.0
CMP003,C005376,2024-09-01,0,0.0,46.0
CMP003,C004861,2024-09-01,0,0.0,46.0
CMP003,C002425,2024-09-01,0,0.0,46.0
CMP003,C000717,2024-09-01,0,0.0,46.0
CMP003,C002790,2024-09-01,0,0.0,46.0
CMP003,C000390,2024-09-01,0,0.0,46.0
CMP003,C001710,2024-09-01,0,0.0,46.0
CMP003,C005885,2024-09-01,1,2049.76,46.0
CMP003,C002956,2024-09-01,0,0.0,46.0
CMP003,C004396,2024-09-01,0,0.0,46.0
CMP003,C005511,2024-09-01,1,1155.79,46.0
CMP003,C003081,2024-09-01,0,0.0,46.0
CMP003,C002794,2024-09-01,0,0.0,46.0
CMP003,C001436,2024-09-01,0,0.0,46.0
CMP003,C005954,2024-09-01,0,0.0,46.0
CMP003,C000211,2024-09-01,0,0.0,46.0
CMP003,C003137,2024-09-01,0,0.0,46.0
CMP003,C000649,2024-09-01,0,0.0,46.0
CMP003,C000536,2024-09-01,0,0.0,46.0
CMP003,C003727,2024-09-01,0,0.0,46.0
CMP003,C002590,2024-09-01,1,916.86,46.0
CMP003,C000222,2024-09-01,1,1727.95,46.0
CMP003,C005637,2024-09-01,0,0.0,46.0
CMP003,C000428,2024-09-01,1,1078.16,46.0
CMP003,C005729,2024-09-01,0,0.0,46.0
CMP003,C005714,2024-09-01,0,0.0,46.0
CMP003,C005562,2024-09-01,0,0.0,46.0
CMP003,C000258,2024-09-01,0,0.0,46.0
CMP003,C002051,2024-09-01,0,0.0,46.0
CMP003,C002236,2024-09-01,0,0.0,46.0
CMP003,C003364,2024-09-01,0,0.0,46.0
CMP003,C005160,2024-09-01,0,0.0,46.0
CMP003,C002831,2024-09-01,0,0.0,46.0
CMP003,C002915,2024-09-01,0,0.0,46.0
CMP003,C004519,2024-09-01,0,0.0,46.0
CMP003,C005784,2024-09-01,0,0.0,46.0
CMP003,C005471,2024-09-01,0,0.0,46.0
CMP003,C003243,2024-09-01,1,667.23,46.0
CMP003,C002921,2024-09-01,0,0.0,46.0
CMP003,C005709,2024-09-01,0,0.0,46.0
CMP003,C002219,2024-09-01,0,0.0,46.0
CMP003,C001393,2024-09-01,0,0.0,46.0
CMP003,C004896,2024-09-01,0,0.0,46.0
CMP003,C003172,2024-09-01,0,0.0,46.0
CMP003,C001914,2024-09-01,0,0.0,46.0
CMP003,C001364,2024-09-01,0,0.0,46.0
CMP003,C001794,2024-09-01,0,0.0,46.0
CMP003,C003029,2024-09-01,0,0.0,46.0
CMP003,C005281,2024-09-01,1,89.98,46.0
CMP003,C000721,2024-09-01,0,0.0,46.0
CMP003,C005809,2024-09-01,0,0.0,46.0
CMP003,C002068,2024-09-01,0,0.0,46.0
CMP003,C005329,2024-09-01,1,324.94,46.0
CMP003,C003165,2024-09-01,0,0.0,46.0
CMP003,C001566,2024-09-01,0,0.0,46.0
CMP003,C001742,2024-09-01,1,1604.91,46.0
CMP003,C005808,2024-09-01,1,1707.68,46.0
CMP003,C002338,2024-09-01,0,0.0,46.0
CMP003,C001020,2024-09-01,0,0.0,46.0
CMP003,C001099,2024-09-01,1,1065.79,46.0
CMP003,C004121,2024-09-01,0,0.0,46.0
CMP003,C000689,2024-09-01,0,0.0,46.0
CMP003,C002320,2024-09-01,0,0.0,46.0
CMP003,C002836,2024-09-01,0,0.0,46.0
CMP003,C002411,2024-09-01,0,0.0,46.0
CMP003,C003844,2024-09-01,0,0.0,46.0
CMP003,C005239,2024-09-01,0,0.0,46.0
CMP003,C000590,2024-09-01,1,1643.73,46.0
CMP003,C000434,2024-09-01,1,389.86,46.0
CMP003,C002008,2024-09-01,0,0.0,46.0
CMP003,C000071,2024-09-01,0,0.0,46.0
CMP003,C000124,2024-09-01,0,0.0,46.0
CMP003,C001472,2024-09-01,0,0.0,46.0
CMP003,C005346,2024-09-01,0,0.0,46.0
CMP003,C000647,2024-09-01,1,1962.18,46.0
CMP003,C001333,2024-09-01,1,741.48,46.0
CMP003,C001376,2024-09-01,1,138.36,46.0
CMP003,C004983,2024-09-01,0,0.0,46.0
CMP003,C002040,2024-09-01,0,0.0,46.0
CMP003,C002757,2024-09-01,1,1326.38,46.0
CMP003,C002729,2024-09-01,0,0.0,46.0
CMP003,C002668,2024-09-01,0,0.0,46.0
CMP003,C000131,2024-09-01,1,1027.66,46.0
CMP003,C000602,2024-09-01,0,0.0,46.0
CMP003,C004382,2024-09-01,0,0.0,46.0
CMP003,C005989,2024-09-01,0,0.0,46.0
CMP003,C005817,2024-09-01,0,0.0,46.0
CMP003,C000413,2024-09-01,0,0.0,46.0
CMP003,C000046,2024-09-01,0,0.0,46.0
CMP003,C004493,2024-09-01,1,168.28,46.0
CMP003,C000787,2024-09-01,0,0.0,46.0
CMP003,C004811,2024-09-01,1,3130.56,46.0
CMP003,C002256,2024-09-01,0,0.0,46.0
CMP003,C004744,2024-09-01,0,0.0,46.0
CMP003,C002555,2024-09-01,1,1133.79,46.0
CMP003,C001034,2024-09-01,0,0.0,46.0
CMP003,C002512,2024-09-01,0,0.0,46.0
CMP003,C001139,2024-09-01,1,1017.75,46.0
CMP003,C001464,2024-09-01,0,0.0,46.0
CMP003,C000040,2024-09-01,0,0.0,46.0
CMP003,C002822,2024-09-01,1,341.31,46.0
CMP003,C005427,2024-09-01,0,0.0,46.0
CMP003,C002412,2024-09-01,0,0.0,46.0
CMP003,C004050,2024-09-01,1,733.22,46.0
CMP003,C001906,2024-09-01,0,0.0,46.0
CMP003,C003899,2024-09-01,0,0.0,46.0
CMP003,C000453,2024-09-01,0,0.0,46.0
CMP003,C003903,2024-09-01,0,0.0,46.0
CMP003,C000877,2024-09-01,1,1634.71,46.0
CMP003,C002801,2024-09-01,1,1260.3,46.0
CMP003,C002988,2024-09-01,0,0.0,46.0
CMP003,C000411,2024-09-01,1,1394.84,46.0
CMP003,C001978,2024-09-01,0,0.0,46.0
CMP003,C004587,2024-09-01,0,0.0,46.0
CMP003,C001502,2024-09-01,0,0.0,46.0
CMP003,C003129,2024-09-01,0,0.0,46.0
CMP003,C004512,2024-09-01,0,0.0,46.0
CMP003,C001608,2024-09-01,0,0.0,46.0
CMP003,C004999,2024-09-01,0,0.0,46.0
CMP003,C003086,2024-09-01,0,0.0,46.0
CMP003,C002713,2024-09-01,0,0.0,46.0
CMP003,C003705,2024-09-01,0,0.0,46.0
CMP003,C000314,2024-09-01,0,0.0,46.0
CMP003,C002839,2024-09-01,1,1606.43,46.0
CMP003,C000507,2024-09-01,0,0.0,46.0
CMP003,C001837,2024-09-01,0,0.0,46.0
CMP003,C004199,2024-09-01,0,0.0,46.0
CMP003,C004341,2024-09-01,0,0.0,46.0
CMP003,C005443,2024-09-01,1,380.7,46.0
CMP003,C000563,2024-09-01,0,0.0,46.0
CMP003,C005337,2024-09-01,0,0.0,46.0
CMP003,C004153,2024-09-01,0,0.0,46.0
CMP003,C002397,2024-09-01,0,0.0,46.0
CMP003,C004165,2024-09-01,0,0.0,46.0
CMP003,C004288,2024-09-01,0,0.0,46.0
CMP003,C000015,2024-09-01,0,0.0,46.0
CMP003,C000084,2024-09-01,0,0.0,46.0
CMP003,C001168,2024-09-01,1,1269.73,46.0
CMP003,C002052,2024-09-01,0,0.0,46.0
CMP003,C005665,2024-09-01,0,0.0,46.0
CMP003,C001147,2024-09-01,0,0.0,46.0
CMP003,C001539,2024-09-01,0,0.0,46.0
CMP003,C000210,2024-09-01,1,2025.29,46.0
CMP003,C001689,2024-09-01,1,1920.99,46.0
CMP003,C000146,2024-09-01,0,0.0,46.0
CMP003,C004391,2024-09-01,0,0.0,46.0
CMP003,C005839,2024-09-01,1,260.61,46.0
CMP003,C005909,2024-09-01,1,1080.59,46.0
CMP003,C000792,2024-09-01,0,0.0,46.0
CMP003,C002759,2024-09-01,0,0.0,46.0
CMP003,C005892,2024-09-01,0,0.0,46.0
CMP003,C000642,2024-09-01,0,0.0,46.0
CMP003,C001853,2024-09-01,0,0.0,46.0
CMP003,C003208,2024-09-01,0,0.0,46.0
CMP003,C005499,2024-09-01,1,287.0,46.0
CMP003,C002192,2024-09-01,0,0.0,46.0
CMP003,C001264,2024-09-01,0,0.0,46.0
CMP003,C003179,2024-09-01,0,0.0,46.0
CMP003,C004763,2024-09-01,1,2129.09,46.0
CMP003,C001918,2024-09-01,0,0.0,46.0
CMP003,C002762,2024-09-01,0,0.0,46.0
CMP003,C002184,2024-09-01,0,0.0,46.0
CMP003,C003784,2024-09-01,0,0.0,46.0
CMP003,C002011,2024-09-01,0,0.0,46.0
CMP003,C004312,2024-09-01,0,0.0,46.0
CMP003,C000341,2024-09-01,0,0.0,46.0
CMP003,C002356,2024-09-01,0,0.0,46.0
CMP003,C003298,2024-09-01,1,271.88,46.0
CMP003,C000368,2024-09-01,0,0.0,46.0
CMP003,C005526,2024-09-01,0,0.0,46.0
CMP003,C005512,2024-09-01,0,0.0,46.0
CMP003,C002489,2024-09-01,0,0.0,46.0
CMP003,C002740,2024-09-01,1,2710.99,46.0
CMP003,C004807,2024-09-01,0,0.0,46.0
CMP003,C000570,2024-09-01,0,0.0,46.0
CMP003,C005683,2024-09-01,0,0.0,46.0
CMP003,C002103,2024-09-01,0,0.0,46.0
CMP003,C003479,2024-09-01,0,0.0,46.0
CMP003,C000319,2024-09-01,1,3331.36,46.0
CMP003,C002431,2024-09-01,1,823.05,46.0
CMP003,C001619,2024-09-01,0,0.0,46.0
CMP003,C004293,2024-09-01,1,1344.49,46.0
CMP003,C004638,2024-09-01,0,0.0,46.0
CMP003,C000901,2024-09-01,0,0.0,46.0
CMP003,C002535,2024-09-01,0,0.0,46.0
CMP003,C001909,2024-09-01,0,0.0,46.0
CMP003,C003391,2024-09-01,0,0.0,46.0
CMP003,C000066,2024-09-01,0,0.0,46.0
CMP003,C001884,2024-09-01,0,0.0,46.0
CMP003,C002796,2024-09-01,0,0.0,46.0
CMP003,C002871,2024-09-01,0,0.0,46.0
CMP003,C000876,2024-09-01,1,896.14,46.0
CMP003,C004079,2024-09-01,1,936.69,46.0
CMP003,C005380,2024-09-01,0,0.0,46.0
CMP003,C004632,2024-09-01,1,378.97,46.0
CMP003,C004581,2024-09-01,1,1206.15,46.0
CMP003,C003661,2024-09-01,0,0.0,46.0
CMP003,C000598,2024-09-01,1,3308.27,46.0
CMP003,C001070,2024-09-01,1,446.46,46.0
CMP003,C004002,2024-09-01,0,0.0,46.0
CMP003,C005446,2024-09-01,0,0.0,46.0
CMP003,C003467,2024-09-01,0,0.0,46.0
CMP003,C002389,2024-09-01,0,0.0,46.0
CMP003,C002584,2024-09-01,1,388.56,46.0
CMP003,C001939,2024-09-01,0,0.0,46.0
CMP003,C001092,2024-09-01,0,0.0,46.0
CMP003,C002213,2024-09-01,0,0.0,46.0
CMP003,C001739,2024-09-01,0,0.0,46.0
CMP003,C001091,2024-09-01,0,0.0,46.0
CMP003,C003872,2024-09-01,1,2241.22,46.0
CMP003,C001506,2024-09-01,0,0.0,46.0
CMP003,C005834,2024-09-01,0,0.0,46.0
CMP003,C001501,2024-09-01,0,0.0,46.0
CMP003,C002148,2024-09-01,0,0.0,46.0
CMP003,C001417,2024-09-01,0,0.0,46.0
CMP003,C004878,2024-09-01,0,0.0,46.0
CMP003,C002986,2024-09-01,0,0.0,46.0
CMP003,C003980,2024-09-01,0,0.0,46.0
CMP003,C001526,2024-09-01,0,0.0,46.0
CMP003,C000060,2024-09-01,1,669.95,46.0
CMP003,C001290,2024-09-01,0,0.0,46.0
CMP003,C001221,2024-09-01,0,0.0,46.0
CMP003,C001870,2024-09-01,0,0.0,46.0
CMP003,C004596,2024-09-01,0,0.0,46.0
CMP003,C002523,2024-09-01,0,0.0,46.0
CMP003,C005580,2024-09-01,0,0.0,46.0
CMP003,C004718,2024-09-01,1,664.03,46.0
CMP003,C000694,2024-09-01,0,0.0,46.0
CMP003,C004401,2024-09-01,0,0.0,46.0
CMP003,C001032,2024-09-01,0,0.0,46.0
CMP003,C004910,2024-09-01,0,0.0,46.0
CMP003,C001653,2024-09-01,0,0.0,46.0
CMP003,C001254,2024-09-01,0,0.0,46.0
CMP003,C003480,2024-09-01,0,0.0,46.0
CMP003,C000918,2024-09-01,1,1129.59,46.0
CMP003,C002067,2024-09-01,0,0.0,46.0
CMP003,C003759,2024-09-01,1,94.2,46.0
CMP003,C001950,2024-09-01,0,0.0,46.0
CMP003,C003145,2024-09-01,0,0.0,46.0
CMP003,C001491,2024-09-01,0,0.0,46.0
CMP003,C001961,2024-09-01,0,0.0,46.0
CMP003,C005519,2024-09-01,0,0.0,46.0
CMP003,C005864,2024-09-01,0,0.0,46.0
CMP003,C001137,2024-09-01,1,1544.42,46.0
CMP003,C001593,2024-09-01,0,0.0,46.0
CMP003,C001278,2024-09-01,1,514.14,46.0
CMP003,C002844,2024-09-01,0,0.0,46.0
CMP003,C005151,2024-09-01,0,0.0,46.0
CMP003,C005513,2024-09-01,0,0.0,46.0
CMP003,C004576,2024-09-01,0,0.0,46.0
CMP003,C004601,2024-09-01,0,0.0,46.0
CMP003,C005507,2024-09-01,1,374.84,46.0
CMP003,C003411,2024-09-01,0,0.0,46.0
CMP003,C001943,2024-09-01,0,0.0,46.0
CMP003,C001981,2024-09-01,0,0.0,46.0
CMP003,C004118,2024-09-01,0,0.0,46.0
CMP003,C004473,2024-09-01,0,0.0,46.0
CMP003,C004142,2024-09-01,0,0.0,46.0
CMP003,C003283,2024-09-01,0,0.0,46.0
CMP003,C004365,2024-09-01,0,0.0,46.0
CMP003,C003464,2024-09-01,0,0.0,46.0
CMP003,C002190,2024-09-01,0,0.0,46.0
CMP003,C004788,2024-09-01,1,521.46,46.0
CMP003,C001843,2024-09-01,0,0.0,46.0
CMP003,C000013,2024-09-01,0,0.0,46.0
CMP003,C005837,2024-09-01,1,2295.53,46.0
CMP003,C003599,2024-09-01,0,0.0,46.0
CMP003,C001495,2024-09-01,0,0.0,46.0
CMP003,C004041,2024-09-01,0,0.0,46.0
CMP003,C002193,2024-09-01,0,0.0,46.0
CMP003,C001707,2024-09-01,0,0.0,46.0
CMP003,C003851,2024-09-01,0,0.0,46.0
CMP003,C002576,2024-09-01,1,715.8,46.0
CMP003,C001135,2024-09-01,0,0.0,46.0
CMP003,C003528,2024-09-01,0,0.0,46.0
CMP003,C004477,2024-09-01,0,0.0,46.0
CMP003,C005164,2024-09-01,0,0.0,46.0
CMP003,C000923,2024-09-01,0,0.0,46.0
CMP003,C005360,2024-09-01,0,0.0,46.0
CMP003,C002737,2024-09-01,0,0.0,46.0
CMP003,C005772,2024-09-01,0,0.0,46.0
CMP003,C005843,2024-09-01,0,0.0,46.0
CMP003,C003531,2024-09-01,1,487.77,46.0
CMP003,C000093,2024-09-01,1,2482.58,46.0
CMP003,C004824,2024-09-01,1,1063.9,46.0
CMP003,C001629,2024-09-01,0,0.0,46.0
CMP003,C000663,2024-09-01,1,647.2,46.0
CMP003,C000972,2024-09-01,0,0.0,46.0
CMP003,C005233,2024-09-01,0,0.0,46.0
CMP003,C003572,2024-09-01,0,0.0,46.0
CMP003,C001762,2024-09-01,0,0.0,46.0
CMP003,C005654,2024-09-01,0,0.0,46.0
CMP003,C002452,2024-09-01,1,1373.02,46.0
CMP003,C004920,2024-09-01,0,0.0,46.0
CMP003,C004623,2024-09-01,1,1021.72,46.0
CMP003,C000588,2024-09-01,0,0.0,46.0
CMP003,C000592,2024-09-01,0,0.0,46.0
CMP003,C005607,2024-09-01,0,0.0,46.0
CMP003,C003455,2024-09-01,0,0.0,46.0
CMP003,C000908,2024-09-01,0,0.0,46.0
CMP003,C000878,2024-09-01,0,0.0,46.0
CMP003,C001459,2024-09-01,0,0.0,46.0
CMP003,C005894,2024-09-01,0,0.0,46.0
CMP003,C005918,2024-09-01,0,0.0,46.0
CMP003,C004711,2024-09-01,0,0.0,46.0
CMP003,C005985,2024-09-01,0,0.0,46.0
CMP003,C001935,2024-09-01,0,0.0,46.0
CMP003,C005910,2024-09-01,0,0.0,46.0
CMP003,C000761,2024-09-01,0,0.0,46.0
CMP003,C002549,2024-09-01,0,0.0,46.0
CMP003,C002674,2024-09-01,0,0.0,46.0
CMP003,C004379,2024-09-01,0,0.0,46.0
CMP003,C001516,2024-09-01,0,0.0,46.0
CMP003,C001771,2024-09-01,0,0.0,46.0
CMP003,C000627,2024-09-01,0,0.0,46.0
CMP003,C002031,2024-09-01,1,813.35,46.0
CMP003,C005287,2024-09-01,0,0.0,46.0
CMP003,C004468,2024-09-01,0,0.0,46.0
CMP003,C000110,2024-09-01,0,0.0,46.0
CMP003,C004730,2024-09-01,0,0.0,46.0
CMP003,C005069,2024-09-01,0,0.0,46.0
CMP003,C000637,2024-09-01,1,1203.03,46.0
CMP003,C003187,2024-09-01,1,930.99,46.0
CMP003,C000181,2024-09-01,1,455.76,46.0
CMP003,C004911,2024-09-01,0,0.0,46.0
CMP003,C000522,2024-09-01,0,0.0,46.0
CMP003,C002708,2024-09-01,0,0.0,46.0
CMP003,C002168,2024-09-01,0,0.0,46.0
CMP003,C001354,2024-09-01,0,0.0,46.0
CMP003,C003158,2024-09-01,0,0.0,46.0
CMP003,C002145,2024-09-01,0,0.0,46.0
CMP003,C001577,2024-09-01,1,1191.37,46.0
CMP003,C004486,2024-09-01,1,158.55,46.0
CMP003,C004144,2024-09-01,0,0.0,46.0
CMP003,C002649,2024-09-01,0,0.0,46.0
CMP003,C002989,2024-09-01,0,0.0,46.0
CMP003,C005696,2024-09-01,0,0.0,46.0
CMP003,C001737,2024-09-01,0,0.0,46.0
CMP003,C001982,2024-09-01,0,0.0,46.0
CMP003,C001615,2024-09-01,0,0.0,46.0
CMP003,C005530,2024-09-01,1,587.19,46.0
CMP003,C004259,2024-09-01,0,0.0,46.0
CMP003,C003689,2024-09-01,0,0.0,46.0
CMP003,C005600,2024-09-01,0,0.0,46.0
CMP003,C003105,2024-09-01,0,0.0,46.0
CMP003,C004588,2024-09-01,1,1855.0,46.0
CMP003,C000516,2024-09-01,0,0.0,46.0
CMP003,C000726,2024-09-01,0,0.0,46.0
CMP003,C002177,2024-09-01,0,0.0,46.0
CMP003,C001587,2024-09-01,0,0.0,46.0
CMP003,C001991,2024-09-01,0,0.0,46.0
CMP003,C002502,2024-09-01,0,0.0,46.0
CMP003,C005543,2024-09-01,0,0.0,46.0
CMP003,C000195,2024-09-01,1,381.51,46.0
CMP003,C005873,2024-09-01,0,0.0,46.0
CMP003,C000886,2024-09-01,0,0.0,46.0
CMP003,C003077,2024-09-01,0,0.0,46.0
CMP003,C002224,2024-09-01,0,0.0,46.0
CMP003,C005765,2024-09-01,0,0.0,46.0
CMP003,C002434,2024-09-01,0,0.0,46.0
CMP003,C002281,2024-09-01,0,0.0,46.0
CMP003,C002155,2024-09-01,0,0.0,46.0
CMP003,C004116,2024-09-01,0,0.0,46.0
CMP003,C004320,2024-09-01,0,0.0,46.0
CMP003,C002750,2024-09-01,1,1107.34,46.0
CMP003,C003419,2024-09-01,1,1676.24,46.0
CMP003,C004555,2024-09-01,1,438.17,46.0
CMP003,C003874,2024-09-01,0,0.0,46.0
CMP003,C004852,2024-09-01,0,0.0,46.0
CMP003,C000232,2024-09-01,1,276.67,46.0
CMP003,C004065,2024-09-01,0,0.0,46.0
CMP003,C004110,2024-09-01,0,0.0,46.0
CMP003,C000756,2024-09-01,0,0.0,46.0
CMP003,C001076,2024-09-01,0,0.0,46.0
CMP003,C001948,2024-09-01,0,0.0,46.0
CMP003,C001069,2024-09-01,0,0.0,46.0
CMP003,C005188,2024-09-01,0,0.0,46.0
CMP003,C002160,2024-09-01,0,0.0,46.0
CMP003,C001023,2024-09-01,0,0.0,46.0
CMP003,C004375,2024-09-01,1,79.81,46.0
CMP003,C001237,2024-09-01,0,0.0,46.0
CMP003,C000416,2024-09-01,0,0.0,46.0
CMP003,C003349,2024-09-01,0,0.0,46.0
CMP003,C004513,2024-09-01,1,1294.29,46.0
CMP003,C005028,2024-09-01,0,0.0,46.0
CMP003,C003311,2024-09-01,0,0.0,46.0
CMP003,C004544,2024-09-01,0,0.0,46.0
CMP003,C004333,2024-09-01,0,0.0,46.0
CMP003,C005077,2024-09-01,0,0.0,46.0
CMP003,C004497,2024-09-01,0,0.0,46.0
CMP003,C004590,2024-09-01,0,0.0,46.0
CMP003,C002792,2024-09-01,0,0.0,46.0
CMP003,C005052,2024-09-01,1,607.31,46.0
CMP003,C002057,2024-09-01,0,0.0,46.0
CMP003,C001413,2024-09-01,0,0.0,46.0
CMP003,C003394,2024-09-01,0,0.0,46.0
CMP003,C003510,2024-09-01,1,634.54,46.0
CMP003,C003184,2024-09-01,0,0.0,46.0
CMP003,C002391,2024-09-01,0,0.0,46.0
CMP003,C003900,2024-09-01,0,0.0,46.0
CMP003,C005508,2024-09-01,0,0.0,46.0
CMP003,C002322,2024-09-01,0,0.0,46.0
CMP003,C003392,2024-09-01,0,0.0,46.0
CMP003,C005973,2024-09-01,0,0.0,46.0
CMP003,C003726,2024-09-01,1,1055.44,46.0
CMP003,C004352,2024-09-01,0,0.0,46.0
CMP003,C002394,2024-09-01,0,0.0,46.0
CMP003,C005050,2024-09-01,0,0.0,46.0
CMP003,C005215,2024-09-01,0,0.0,46.0
CMP003,C002188,2024-09-01,0,0.0,46.0
CMP003,C004242,2024-09-01,0,0.0,46.0
CMP003,C001691,2024-09-01,0,0.0,46.0
CMP003,C002324,2024-09-01,1,1416.67,46.0
CMP003,C005816,2024-09-01,0,0.0,46.0
CMP003,C000973,2024-09-01,0,0.0,46.0
CMP003,C001004,2024-09-01,1,869.16,46.0
CMP003,C000798,2024-09-01,0,0.0,46.0
CMP003,C002869,2024-09-01,0,0.0,46.0
CMP003,C000895,2024-09-01,0,0.0,46.0
CMP003,C004147,2024-09-01,0,0.0,46.0
CMP003,C005769,2024-09-01,1,294.29,46.0
CMP003,C003796,2024-09-01,0,0.0,46.0
CMP003,C001157,2024-09-01,0,0.0,46.0
CMP004,C005512,2024-11-15,0,0.0,72.0
CMP004,C004565,2024-11-15,0,0.0,72.0
CMP004,C004626,2024-11-15,0,0.0,72.0
CMP004,C002103,2024-11-15,0,0.0,72.0
CMP004,C000860,2024-11-15,1,1188.43,72.0
CMP004,C004879,2024-11-15,0,0.0,72.0
CMP004,C005861,2024-11-15,0,0.0,72.0
CMP004,C004950,2024-11-15,1,819.87,72.0
CMP004,C000981,2024-11-15,1,282.09,72.0
CMP004,C002645,2024-11-15,0,0.0,72.0
CMP004,C004724,2024-11-15,0,0.0,72.0
CMP004,C003937,2024-11-15,0,0.0,72.0
CMP004,C002479,2024-11-15,0,0.0,72.0
CMP004,C004983,2024-11-15,0,0.0,72.0
CMP004,C004198,2024-11-15,0,0.0,72.0
CMP004,C003341,2024-11-15,0,0.0,72.0
CMP004,C001106,2024-11-15,0,0.0,72.0
CMP004,C003466,2024-11-15,0,0.0,72.0
CMP004,C000566,2024-11-15,1,1820.39,72.0
CMP004,C004967,2024-11-15,0,0.0,72.0
CMP004,C004693,2024-11-15,0,0.0,72.0
CMP004,C003924,2024-11-15,0,0.0,72.0
CMP004,C000120,2024-11-15,0,0.0,72.0
CMP004,C002098,2024-11-15,0,0.0,72.0
CMP004,C004677,2024-11-15,0,0.0,72.0
CMP004,C002586,2024-11-15,0,0.0,72.0
CMP004,C001615,2024-11-15,0,0.0,72.0
CMP004,C005527,2024-11-15,0,0.0,72.0
CMP004,C003374,2024-11-15,0,0.0,72.0
CMP004,C005408,2024-11-15,0,0.0,72.0
CMP004,C003456,2024-11-15,0,0.0,72.0
CMP004,C005545,2024-11-15,0,0.0,72.0
CMP004,C003417,2024-11-15,0,0.0,72.0
CMP004,C000187,2024-11-15,0,0.0,72.0
CMP004,C001605,2024-11-15,0,0.0,72.0
CMP004,C002264,2024-11-15,0,0.0,72.0
CMP004,C002325,2024-11-15,0,0.0,72.0
CMP004,C002188,2024-11-15,0,0.0,72.0
CMP004,C002300,2024-11-15,1,388.58,72.0
CMP004,C001426,2024-11-15,0,0.0,72.0
CMP004,C003287,2024-11-15,0,0.0,72.0
CMP004,C001127,2024-11-15,0,0.0,72.0
CMP004,C002984,2024-11-15,0,0.0,72.0
CMP004,C002670,2024-11-15,0,0.0,72.0
CMP004,C000046,2024-11-15,0,0.0,72.0
CMP004,C005537,2024-11-15,0,0.0,72.0
CMP004,C004012,2024-11-15,0,0.0,72.0
CMP004,C002169,2024-11-15,0,0.0,72.0
CMP004,C003126,2024-11-15,0,0.0,72.0
CMP004,C005163,2024-11-15,0,0.0,72.0
CMP004,C004810,2024-11-15,0,0.0,72.0
CMP004,C000736,2024-11-15,1,735.8,72.0
CMP004,C002741,2024-11-15,1,766.71,72.0
CMP004,C005532,2024-11-15,1,270.94,72.0
CMP004,C003188,2024-11-15,0,0.0,72.0
CMP004,C000125,2024-11-15,0,0.0,72.0
CMP004,C002513,2024-11-15,0,0.0,72.0
CMP004,C002296,2024-11-15,0,0.0,72.0
CMP004,C002543,2024-11-15,0,0.0,72.0
CMP004,C004019,2024-11-15,0,0.0,72.0
CMP004,C003582,2024-11-15,0,0.0,72.0
CMP004,C005003,2024-11-15,0,0.0,72.0
CMP004,C002933,2024-11-15,0,0.0,72.0
CMP004,C004553,2024-11-15,1,1894.34,72.0
CMP004,C004610,2024-11-15,0,0.0,72.0
CMP004,C003554,2024-11-15,0,0.0,72.0
CMP004,C004630,2024-11-15,0,0.0,72.0
CMP004,C000910,2024-11-15,0,0.0,72.0
CMP004,C000105,2024-11-15,1,761.94,72.0
CMP004,C000468,2024-11-15,0,0.0,72.0
CMP004,C001342,2024-11-15,0,0.0,72.0
CMP004,C000050,2024-11-15,1,1135.84,72.0
CMP004,C005605,2024-11-15,0,0.0,72.0
CMP004,C000058,2024-11-15,0,0.0,72.0
CMP004,C004578,2024-11-15,1,2067.88,72.0
CMP004,C002497,2024-11-15,1,676.85,72.0
CMP004,C005360,2024-11-15,0,0.0,72.0
CMP004,C003944,2024-11-15,0,0.0,72.0
CMP004,C000735,2024-11-15,0,0.0,72.0
CMP004,C003873,2024-11-15,0,0.0,72.0
CMP004,C001899,2024-11-15,1,2511.86,72.0
CMP004,C001438,2024-11-15,0,0.0,72.0
CMP004,C005274,2024-11-15,0,0.0,72.0
CMP004,C004960,2024-11-15,0,0.0,72.0
CMP004,C002393,2024-11-15,0,0.0,72.0
CMP004,C004278,2024-11-15,0,0.0,72.0
CMP004,C004180,2024-11-15,1,613.35,72.0
CMP004,C004672,2024-11-15,0,0.0,72.0
CMP004,C000164,2024-11-15,0,0.0,72.0
CMP004,C002132,2024-11-15,0,0.0,72.0
CMP004,C005695,2024-11-15,0,0.0,72.0
CMP004,C000438,2024-11-15,1,1557.63,72.0
CMP004,C003220,2024-11-15,0,0.0,72.0
CMP004,C001516,2024-11-15,0,0.0,72.0
CMP004,C000502,2024-11-15,0,0.0,72.0
CMP004,C001706,2024-11-15,0,0.0,72.0
CMP004,C005961,2024-11-15,0,0.0,72.0
CMP004,C004020,2024-11-15,0,0.0,72.0
CMP004,C001822,2024-11-15,1,1291.37,72.0
CMP004,C003769,2024-11-15,1,1316.96,72.0
CMP004,C003330,2024-11-15,0,0.0,72.0
CMP004,C002216,2024-11-15,0,0.0,72.0
CMP004,C002018,2024-11-15,0,0.0,72.0
CMP004,C000092,2024-11-15,0,0.0,72.0
CMP004,C005668,2024-11-15,0,0.0,72.0
CMP004,C004776,2024-11-15,0,0.0,72.0
CMP004,C005255,2024-11-15,0,0.0,72.0
CMP004,C002282,2024-11-15,0,0.0,72.0
CMP004,C001445,2024-11-15,1,1313.04,72.0
CMP004,C003397,2024-11-15,0,0.0,72.0
CMP004,C002712,2024-11-15,0,0.0,72.0
CMP004,C000671,2024-11-15,0,0.0,72.0
CMP004,C003834,2024-11-15,0,0.0,72.0
CMP004,C001097,2024-11-15,0,0.0,72.0
CMP004,C005920,2024-11-15,0,0.0,72.0
CMP004,C000898,2024-11-15,1,1147.9,72.0
CMP004,C004958,2024-11-15,1,2748.78,72.0
CMP004,C000045,2024-11-15,0,0.0,72.0
CMP004,C005494,2024-11-15,0,0.0,72.0
CMP004,C000013,2024-11-15,0,0.0,72.0
CMP004,C005797,2024-11-15,1,2522.63,72.0
CMP004,C003958,2024-11-15,0,0.0,72.0
CMP004,C005618,2024-11-15,0,0.0,72.0
CMP004,C000627,2024-11-15,0,0.0,72.0
CMP004,C003197,2024-11-15,0,0.0,72.0
CMP004,C005200,2024-11-15,0,0.0,72.0
CMP004,C005674,2024-11-15,0,0.0,72.0
CMP004,C003019,2024-11-15,0,0.0,72.0
CMP004,C005726,2024-11-15,0,0.0,72.0
CMP004,C001080,2024-11-15,0,0.0,72.0
CMP004,C000880,2024-11-15,0,0.0,72.0
CMP004,C003835,2024-11-15,1,1243.55,72.0
CMP004,C002541,2024-11-15,0,0.0,72.0
CMP004,C004140,2024-11-15,0,0.0,72.0
CMP004,C002275,2024-11-15,0,0.0,72.0
CMP004,C005495,2024-11-15,0,0.0,72.0
CMP004,C003158,2024-11-15,0,0.0,72.0
CMP004,C000593,2024-11-15,1,340.2,72.0
CMP004,C000110,2024-11-15,0,0.0,72.0
CMP004,C002728,2024-11-15,1,1379.99,72.0
CMP004,C000536,2024-11-15,0,0.0,72.0
CMP004,C003008,2024-11-15,0,0.0,72.0
CMP004,C005248,2024-11-15,0,0.0,72.0
CMP004,C004466,2024-11-15,0,0.0,72.0
CMP004,C005276,2024-11-15,0,0.0,72.0
CMP004,C004412,2024-11-15,0,0.0,72.0
CMP004,C003233,2024-11-15,0,0.0,72.0
CMP004,C000199,2024-11-15,0,0.0,72.0
CMP004,C003267,2024-11-15,0,0.0,72.0
CMP004,C003055,2024-11-15,0,0.0,72.0
CMP004,C004875,2024-11-15,0,0.0,72.0
CMP004,C004397,2024-11-15,0,0.0,72.0
CMP004,C003859,2024-11-15,0,0.0,72.0
CMP004,C001847,2024-11-15,0,0.0,72.0
CMP004,C002752,2024-11-15,0,0.0,72.0
CMP004,C003062,2024-11-15,1,1464.47,72.0
CMP004,C005222,2024-11-15,1,1093.56,72.0
CMP004,C004512,2024-11-15,0,0.0,72.0
CMP004,C002845,2024-11-15,0,0.0,72.0
CMP004,C005778,2024-11-15,0,0.0,72.0
CMP004,C005820,2024-11-15,1,713.11,72.0
CMP004,C004250,2024-11-15,1,1902.75,72.0
CMP004,C003517,2024-11-15,0,0.0,72.0
CMP004,C003584,2024-11-15,0,0.0,72.0
CMP004,C002698,2024-11-15,0,0.0,72.0
CMP004,C000133,2024-11-15,0,0.0,72.0
CMP004,C002192,2024-11-15,0,0.0,72.0
CMP004,C001198,2024-11-15,0,0.0,72.0
CMP004,C001454,2024-11-15,0,0.0,72.0
CMP004,C003523,2024-11-15,0,0.0,72.0
CMP004,C001951,2024-11-15,0,0.0,72.0
CMP004,C001993,2024-11-15,1,345.65,72.0
CMP004,C004337,2024-11-15,0,0.0,72.0
CMP004,C001125,2024-11-15,0,0.0,72.0
CMP004,C000206,2024-11-15,0,0.0,72.0
CMP004,C000262,2024-11-15,0,0.0,72.0
CMP004,C003507,2024-11-15,0,0.0,72.0
CMP004,C003421,2024-11-15,0,0.0,72.0
CMP004,C001290,2024-11-15,0,0.0,72.0
CMP004,C005749,2024-11-15,0,0.0,72.0
CMP004,C001059,2024-11-15,0,0.0,72.0
CMP004,C002726,2024-11-15,1,586.78,72.0
CMP004,C005840,2024-11-15,0,0.0,72.0
CMP004,C002693,2024-11-15,0,0.0,72.0
CMP004,C005833,2024-11-15,0,0.0,72.0
CMP004,C005308,2024-11-15,0,0.0,72.0
CMP004,C001842,2024-11-15,0,0.0,72.0
CMP004,C000839,2024-11-15,0,0.0,72.0
CMP004,C000025,2024-11-15,0,0.0,72.0
CMP004,C003913,2024-11-15,0,0.0,72.0
CMP004,C001869,2024-11-15,0,0.0,72.0
CMP004,C004802,2024-11-15,0,0.0,72.0
CMP004,C003813,2024-11-15,0,0.0,72.0
CMP004,C000550,2024-11-15,0,0.0,72.0
CMP004,C000015,2024-11-15,0,0.0,72.0
CMP004,C005928,2024-11-15,0,0.0,72.0
CMP004,C001769,2024-11-15,1,3265.48,72.0
CMP004,C004225,2024-11-15,0,0.0,72.0
CMP004,C000150,2024-11-15,0,0.0,72.0
CMP004,C001528,2024-11-15,1,843.29,72.0
CMP004,C001162,2024-11-15,0,0.0,72.0
CMP004,C002464,2024-11-15,0,0.0,72.0
CMP004,C005569,2024-11-15,0,0.0,72.0
CMP004,C001321,2024-11-15,1,1000.14,72.0
CMP004,C000255,2024-11-15,0,0.0,72.0
CMP004,C000803,2024-11-15,0,0.0,72.0
CMP004,C001108,2024-11-15,0,0.0,72.0
CMP004,C002365,2024-11-15,0,0.0,72.0
CMP004,C005393,2024-11-15,0,0.0,72.0
CMP004,C004896,2024-11-15,0,0.0,72.0
CMP004,C001586,2024-11-15,0,0.0,72.0
CMP004,C005380,2024-11-15,0,0.0,72.0
CMP004,C003373,2024-11-15,0,0.0,72.0
CMP004,C002396,2024-11-15,1,170.72,72.0
CMP004,C005872,2024-11-15,0,0.0,72.0
CMP004,C005395,2024-11-15,0,0.0,72.0
CMP004,C000437,2024-11-15,0,0.0,72.0
CMP004,C000503,2024-11-15,0,0.0,72.0
CMP004,C005176,2024-11-15,0,0.0,72.0
CMP004,C004164,2024-11-15,0,0.0,72.0
CMP004,C002613,2024-11-15,0,0.0,72.0
CMP004,C004762,2024-11-15,1,1289.77,72.0
CMP004,C001558,2024-11-15,0,0.0,72.0
CMP004,C000818,2024-11-15,0,0.0,72.0
CMP004,C001435,2024-11-15,0,0.0,72.0
CMP004,C000952,2024-11-15,0,0.0,72.0
CMP004,C003967,2024-11-15,0,0.0,72.0
CMP004,C005773,2024-11-15,0,0.0,72.0
CMP004,C002941,2024-11-15,1,299.43,72.0
CMP004,C005507,2024-11-15,1,666.43,72.0
CMP004,C004226,2024-11-15,0,0.0,72.0
CMP004,C000332,2024-11-15,0,0.0,72.0
CMP004,C001396,2024-11-15,0,0.0,72.0
CMP004,C004440,2024-11-15,0,0.0,72.0
CMP004,C002184,2024-11-15,0,0.0,72.0
CMP004,C001105,2024-11-15,0,0.0,72.0
CMP004,C004576,2024-11-15,0,0.0,72.0
CMP004,C000056,2024-11-15,0,0.0,72.0
CMP004,C003525,2024-11-15,0,0.0,72.0
CMP004,C004497,2024-11-15,0,0.0,72.0
CMP004,C001763,2024-11-15,0,0.0,72.0
CMP004,C003221,2024-11-15,0,0.0,72.0
CMP004,C003171,2024-11-15,0,0.0,72.0
CMP004,C004030,2024-11-15,0,0.0,72.0
CMP004,C001509,2024-11-15,0,0.0,72.0
CMP004,C000284,2024-11-15,1,604.02,72.0
CMP004,C003029,2024-11-15,0,0.0,72.0
CMP004,C001614,2024-11-15,0,0.0,72.0
CMP004,C001373,2024-11-15,0,0.0,72.0
CMP004,C004349,2024-11-15,0,0.0,72.0
CMP004,C004657,2024-11-15,0,0.0,72.0
CMP004,C001811,2024-11-15,1,1823.03,72.0
CMP004,C003164,2024-11-15,1,437.57,72.0
CMP004,C001719,2024-11-15,0,0.0,72.0
CMP004,C003561,2024-11-15,0,0.0,72.0
CMP004,C005597,2024-11-15,0,0.0,72.0
CMP004,C004119,2024-11-15,0,0.0,72.0
CMP004,C004341,2024-11-15,0,0.0,72.0
CMP004,C001395,2024-11-15,1,817.05,72.0
CMP004,C000939,2024-11-15,0,0.0,72.0
CMP004,C004751,2024-11-15,0,0.0,72.0
CMP004,C001542,2024-11-15,0,0.0,72.0
CMP004,C002764,2024-11-15,0,0.0,72.0
CMP004,C002222,2024-11-15,1,1644.96,72.0
CMP004,C002744,2024-11-15,0,0.0,72.0
CMP004,C001333,2024-11-15,0,0.0,72.0
CMP004,C000069,2024-11-15,0,0.0,72.0
CMP004,C003090,2024-11-15,1,1194.94,72.0
CMP004,C003378,2024-11-15,0,0.0,72.0
CMP004,C000265,2024-11-15,0,0.0,72.0
CMP004,C005404,2024-11-15,0,0.0,72.0
CMP004,C005294,2024-11-15,0,0.0,72.0
CMP004,C000047,2024-11-15,0,0.0,72.0
CMP004,C003856,2024-11-15,0,0.0,72.0
CMP004,C005680,2024-11-15,0,0.0,72.0
CMP004,C000475,2024-11-15,0,0.0,72.0
CMP004,C000456,2024-11-15,0,0.0,72.0
CMP004,C004447,2024-11-15,0,0.0,72.0
CMP004,C000090,2024-11-15,0,0.0,72.0
CMP004,C002579,2024-11-15,0,0.0,72.0
CMP004,C003413,2024-11-15,0,0.0,72.0
CMP004,C000385,2024-11-15,0,0.0,72.0
CMP004,C000522,2024-11-15,1,232.84,72.0
CMP004,C001412,2024-11-15,0,0.0,72.0
CMP004,C000014,2024-11-15,0,0.0,72.0
CMP004,C000890,2024-11-15,0,0.0,72.0
CMP004,C003761,2024-11-15,0,0.0,72.0
CMP004,C004653,2024-11-15,0,0.0,72.0
CMP004,C002201,2024-11-15,0,0.0,72.0
CMP004,C000507,2024-11-15,1,175.85,72.0
CMP004,C004773,2024-11-15,0,0.0,72.0
CMP004,C005104,2024-11-15,0,0.0,72.0
CMP004,C001379,2024-11-15,0,0.0,72.0
CMP004,C005012,2024-11-15,0,0.0,72.0
CMP004,C003024,2024-11-15,0,0.0,72.0
CMP004,C005645,2024-11-15,1,2048.73,72.0
CMP004,C004431,2024-11-15,0,0.0,72.0
CMP004,C003073,2024-11-15,0,0.0,72.0
CMP004,C002070,2024-11-15,1,316.79,72.0
CMP004,C002574,2024-11-15,0,0.0,72.0
CMP004,C003649,2024-11-15,0,0.0,72.0
CMP004,C001094,2024-11-15,0,0.0,72.0
CMP004,C001048,2024-11-15,1,1359.9,72.0
CMP004,C003801,2024-11-15,0,0.0,72.0
CMP004,C005969,2024-11-15,0,0.0,72.0
CMP004,C001526,2024-11-15,0,0.0,72.0
CMP004,C002421,2024-11-15,1,487.78,72.0
CMP004,C001585,2024-11-15,1,689.05,72.0
CMP004,C003743,2024-11-15,1,1617.13,72.0
CMP004,C002942,2024-11-15,0,0.0,72.0
CMP004,C002526,2024-11-15,0,0.0,72.0
CMP004,C002391,2024-11-15,0,0.0,72.0
CMP004,C001771,2024-11-15,0,0.0,72.0
CMP004,C003741,2024-11-15,0,0.0,72.0
CMP004,C001704,2024-11-15,1,497.22,72.0
CMP004,C001886,2024-11-15,0,0.0,72.0
CMP004,C003679,2024-11-15,0,0.0,72.0
CMP004,C005958,2024-11-15,0,0.0,72.0
CMP004,C002472,2024-11-15,1,1019.63,72.0
CMP004,C001647,2024-11-15,0,0.0,72.0
CMP004,C000295,2024-11-15,0,0.0,72.0
CMP004,C002562,2024-11-15,1,1595.26,72.0
CMP004,C003910,2024-11-15,1,2003.21,72.0
CMP004,C002794,2024-11-15,0,0.0,72.0
CMP004,C002020,2024-11-15,1,2684.03,72.0
CMP004,C003245,2024-11-15,0,0.0,72.0
CMP004,C004844,2024-11-15,0,0.0,72.0
CMP004,C003436,2024-11-15,0,0.0,72.0
CMP004,C002893,2024-11-15,0,0.0,72.0
CMP004,C001377,2024-11-15,0,0.0,72.0
CMP004,C001859,2024-11-15,0,0.0,72.0
CMP004,C002847,2024-11-15,0,0.0,72.0
CMP004,C000556,2024-11-15,0,0.0,72.0
CMP004,C001120,2024-11-15,0,0.0,72.0
CMP004,C004552,2024-11-15,0,0.0,72.0
CMP004,C002515,2024-11-15,0,0.0,72.0
CMP004,C001616,2024-11-15,1,1160.25,72.0
CMP004,C003930,2024-11-15,0,0.0,72.0
CMP004,C002782,2024-11-15,0,0.0,72.0
CMP004,C004255,2024-11-15,0,0.0,72.0
CMP004,C004172,2024-11-15,0,0.0,72.0
CMP004,C004002,2024-11-15,0,0.0,72.0
CMP004,C003115,2024-11-15,0,0.0,72.0
CMP004,C005344,2024-11-15,0,0.0,72.0
CMP004,C000313,2024-11-15,0,0.0,72.0
CMP004,C002488,2024-11-15,1,285.66,72.0
CMP004,C004886,2024-11-15,0,0.0,72.0
CMP004,C005307,2024-11-15,0,0.0,72.0
CMP004,C003616,2024-11-15,0,0.0,72.0
CMP004,C000052,2024-11-15,1,1667.01,72.0
CMP004,C003854,2024-11-15,0,0.0,72.0
CMP004,C005776,2024-11-15,0,0.0,72.0
CMP004,C002723,2024-11-15,0,0.0,72.0
CMP004,C005781,2024-11-15,0,0.0,72.0
CMP004,C001773,2024-11-15,0,0.0,72.0
CMP004,C000515,2024-11-15,0,0.0,72.0
CMP004,C001101,2024-11-15,0,0.0,72.0
CMP004,C001534,2024-11-15,0,0.0,72.0
CMP004,C005715,2024-11-15,1,1002.77,72.0
CMP004,C003291,2024-11-15,1,2287.41,72.0
CMP004,C004702,2024-11-15,0,0.0,72.0
CMP004,C005288,2024-11-15,0,0.0,72.0
CMP004,C003324,2024-11-15,0,0.0,72.0
CMP004,C001565,2024-11-15,0,0.0,72.0
CMP004,C000443,2024-11-15,0,0.0,72.0
CMP004,C001776,2024-11-15,0,0.0,72.0
CMP004,C003475,2024-11-15,0,0.0,72.0
CMP004,C005590,2024-11-15,0,0.0,72.0
CMP004,C000816,2024-11-15,0,0.0,72.0
CMP004,C004638,2024-11-15,1,432.54,72.0
CMP004,C000886,2024-11-15,0,0.0,72.0
CMP004,C001726,2024-11-15,0,0.0,72.0
CMP004,C005317,2024-11-15,0,0.0,72.0
CMP004,C003015,2024-11-15,0,0.0,72.0
CMP004,C003175,2024-11-15,0,0.0,72.0
CMP004,C001383,2024-11-15,0,0.0,72.0
CMP004,C005830,2024-11-15,0,0.0,72.0
CMP004,C002019,2024-11-15,0,0.0,72.0
CMP004,C003661,2024-11-15,0,0.0,72.0
CMP004,C005852,2024-11-15,0,0.0,72.0
CMP004,C005493,2024-11-15,1,335.33,72.0
CMP004,C000578,2024-11-15,0,0.0,72.0
CMP004,C000881,2024-11-15,1,1376.88,72.0
CMP004,C001750,2024-11-15,1,546.32,72.0
CMP004,C004709,2024-11-15,0,0.0,72.0
CMP004,C000260,2024-11-15,0,0.0,72.0
CMP004,C004087,2024-11-15,0,0.0,72.0
CMP004,C001619,2024-11-15,0,0.0,72.0
CMP004,C001027,2024-11-15,0,0.0,72.0
CMP004,C004071,2024-11-15,0,0.0,72.0
CMP004,C000946,2024-11-15,0,0.0,72.0
CMP004,C000457,2024-11-15,0,0.0,72.0
CMP004,C004048,2024-11-15,1,345.59,72.0
CMP004,C003402,2024-11-15,1,777.7,72.0
CMP004,C003526,2024-11-15,0,0.0,72.0
CMP004,C004847,2024-11-15,0,0.0,72.0
CMP004,C005155,2024-11-15,1,2042.65,72.0
CMP004,C001496,2024-11-15,0,0.0,72.0
CMP004,C001918,2024-11-15,1,3115.82,72.0
CMP004,C001870,2024-11-15,0,0.0,72.0
CMP004,C002926,2024-11-15,0,0.0,72.0
CMP004,C003979,2024-11-15,0,0.0,72.0
CMP004,C004969,2024-11-15,0,0.0,72.0
CMP004,C002786,2024-11-15,0,0.0,72.0
CMP004,C003651,2024-11-15,1,1475.55,72.0
CMP004,C004911,2024-11-15,0,0.0,72.0
CMP004,C000197,2024-11-15,0,0.0,72.0
CMP004,C003018,2024-11-15,0,0.0,72.0
CMP004,C003077,2024-11-15,0,0.0,72.0
CMP004,C004918,2024-11-15,0,0.0,72.0
CMP004,C003119,2024-11-15,0,0.0,72.0
CMP004,C005154,2024-11-15,0,0.0,72.0
CMP004,C005234,2024-11-15,0,0.0,72.0
CMP004,C002144,2024-11-15,1,568.61,72.0
CMP004,C001472,2024-11-15,1,676.46,72.0
CMP004,C003196,2024-11-15,0,0.0,72.0
CMP004,C000504,2024-11-15,0,0.0,72.0
CMP004,C003819,2024-11-15,0,0.0,72.0
CMP004,C001702,2024-11-15,0,0.0,72.0
CMP004,C003617,2024-11-15,1,2018.8,72.0
CMP004,C004734,2024-11-15,0,0.0,72.0
CMP004,C004473,2024-11-15,1,1850.76,72.0
CMP004,C000709,2024-11-15,0,0.0,72.0
CMP004,C000614,2024-11-15,0,0.0,72.0
CMP004,C001020,2024-11-15,0,0.0,72.0
CMP004,C000466,2024-11-15,1,461.95,72.0
CMP004,C003751,2024-11-15,0,0.0,72.0
CMP004,C004094,2024-11-15,0,0.0,72.0
CMP004,C001807,2024-11-15,0,0.0,72.0
CMP004,C003422,2024-11-15,1,3244.56,72.0
CMP004,C002398,2024-11-15,0,0.0,72.0
CMP004,C005478,2024-11-15,0,0.0,72.0
CMP004,C004023,2024-11-15,1,425.02,72.0
CMP004,C002210,2024-11-15,0,0.0,72.0
CMP004,C002917,2024-11-15,0,0.0,72.0
CMP004,C002178,2024-11-15,0,0.0,72.0
CMP004,C000221,2024-11-15,0,0.0,72.0
CMP004,C002126,2024-11-15,0,0.0,72.0
CMP004,C002370,2024-11-15,0,0.0,72.0
CMP004,C002213,2024-11-15,0,0.0,72.0
CMP004,C004300,2024-11-15,0,0.0,72.0
CMP004,C004938,2024-11-15,1,1237.43,72.0
CMP004,C002343,2024-11-15,1,1302.63,72.0
CMP004,C000155,2024-11-15,0,0.0,72.0
CMP004,C001305,2024-11-15,0,0.0,72.0
CMP004,C003946,2024-11-15,0,0.0,72.0
CMP004,C004114,2024-11-15,1,2569.67,72.0
CMP004,C005653,2024-11-15,0,0.0,72.0
CMP004,C004873,2024-11-15,0,0.0,72.0
CMP004,C005617,2024-11-15,0,0.0,72.0
CMP004,C004749,2024-11-15,0,0.0,72.0
CMP004,C004163,2024-11-15,1,949.13,72.0
CMP004,C005522,2024-11-15,0,0.0,72.0
CMP004,C002737,2024-11-15,0,0.0,72.0
CMP004,C000644,2024-11-15,0,0.0,72.0
CMP004,C000891,2024-11-15,0,0.0,72.0
CMP004,C002584,2024-11-15,0,0.0,72.0
CMP004,C003322,2024-11-15,1,919.43,72.0
CMP004,C001135,2024-11-15,1,5033.15,72.0
CMP004,C003443,2024-11-15,0,0.0,72.0
CMP004,C001961,2024-11-15,0,0.0,72.0
CMP004,C001345,2024-11-15,1,711.02,72.0
CMP004,C005424,2024-11-15,0,0.0,72.0
CMP004,C002837,2024-11-15,0,0.0,72.0
CMP004,C005318,2024-11-15,0,0.0,72.0
CMP004,C005174,2024-11-15,0,0.0,72.0
CMP004,C005122,2024-11-15,0,0.0,72.0
CMP004,C005956,2024-11-15,1,4915.1,72.0
CMP004,C005806,2024-11-15,0,0.0,72.0
CMP004,C003359,2024-11-15,0,0.0,72.0
CMP004,C002419,2024-11-15,0,0.0,72.0
CMP004,C003543,2024-11-15,0,0.0,72.0
CMP004,C002655,2024-11-15,1,963.63,72.0
CMP004,C001336,2024-11-15,0,0.0,72.0
CMP004,C005220,2024-11-15,1,1119.69,72.0
CMP004,C001972,2024-11-15,0,0.0,72.0
CMP004,C000654,2024-11-15,0,0.0,72.0
CMP004,C003076,2024-11-15,0,0.0,72.0
CMP004,C000250,2024-11-15,1,2280.37,72.0
CMP004,C004601,2024-11-15,0,0.0,72.0
CMP004,C000137,2024-11-15,1,1467.88,72.0
CMP004,C004957,2024-11-15,0,0.0,72.0
CMP004,C001023,2024-11-15,0,0.0,72.0
CMP004,C002040,2024-11-15,0,0.0,72.0
CMP004,C003978,2024-11-15,0,0.0,72.0
CMP004,C004895,2024-11-15,1,787.13,72.0
CMP004,C005625,2024-11-15,1,1862.36,72.0
CMP004,C003952,2024-11-15,0,0.0,72.0
CMP004,C002919,2024-11-15,0,0.0,72.0
CMP004,C004556,2024-11-15,0,0.0,72.0
CMP004,C004305,2024-11-15,0,0.0,72.0
CMP004,C001114,2024-11-15,0,0.0,72.0
CMP004,C003678,2024-11-15,1,2121.77,72.0
CMP004,C000272,2024-11-15,0,0.0,72.0
CMP004,C002868,2024-11-15,0,0.0,72.0
CMP004,C001861,2024-11-15,0,0.0,72.0
CMP004,C002862,2024-11-15,1,1062.99,72.0
CMP004,C004333,2024-11-15,0,0.0,72.0
CMP004,C000824,2024-11-15,0,0.0,72.0
CMP004,C004730,2024-11-15,0,0.0,72.0
CMP004,C003589,2024-11-15,0,0.0,72.0
CMP004,C000349,2024-11-15,0,0.0,72.0
CMP004,C004316,2024-11-15,0,0.0,72.0
CMP004,C000604,2024-11-15,1,1367.2,72.0
CMP004,C004625,2024-11-15,1,1163.07,72.0
CMP004,C003202,2024-11-15,0,0.0,72.0
CMP004,C005724,2024-11-15,0,0.0,72.0
CMP004,C000172,2024-11-15,0,0.0,72.0
CMP004,C002548,2024-11-15,1,1450.76,72.0
CMP004,C001909,2024-11-15,0,0.0,72.0
CMP004,C005701,2024-11-15,1,151.19,72.0
CMP004,C004161,2024-11-15,0,0.0,72.0
CMP004,C003510,2024-11-15,0,0.0,72.0
CMP004,C000462,2024-11-15,0,0.0,72.0
CMP004,C001022,2024-11-15,0,0.0,72.0
CMP004,C005334,2024-11-15,0,0.0,72.0
CMP004,C003719,2024-11-15,0,0.0,72.0
CMP004,C002863,2024-11-15,0,0.0,72.0
CMP004,C000188,2024-11-15,1,897.62,72.0
CMP004,C000089,2024-11-15,0,0.0,72.0
CMP004,C000364,2024-11-15,0,0.0,72.0
CMP004,C005572,2024-11-15,0,0.0,72.0
CMP004,C002932,2024-11-15,0,0.0,72.0
CMP004,C003556,2024-11-15,0,0.0,72.0
CMP004,C000019,2024-11-15,0,0.0,72.0
CMP004,C000176,2024-11-15,0,0.0,72.0
CMP004,C001950,2024-11-15,0,0.0,72.0
CMP004,C000321,2024-11-15,0,0.0,72.0
CMP004,C002168,2024-11-15,0,0.0,72.0
CMP004,C000251,2024-11-15,0,0.0,72.0
CMP004,C005877,2024-11-15,0,0.0,72.0
CMP004,C002534,2024-11-15,0,0.0,72.0
CMP004,C003391,2024-11-15,0,0.0,72.0
CMP004,C001211,2024-11-15,0,0.0,72.0
CMP004,C004609,2024-11-15,0,0.0,72.0
CMP004,C001160,2024-11-15,0,0.0,72.0
CMP004,C004366,2024-11-15,0,0.0,72.0
CMP004,C001515,2024-11-15,0,0.0,72.0
CMP004,C005635,2024-11-15,1,1749.05,72.0
CMP004,C005108,2024-11-15,0,0.0,72.0
CMP004,C004396,2024-11-15,1,3105.18,72.0
CMP004,C004515,2024-11-15,0,0.0,72.0
CMP004,C000495,2024-11-15,0,0.0,72.0
CMP004,C005426,2024-11-15,0,0.0,72.0
CMP004,C001711,2024-11-15,0,0.0,72.0
CMP004,C002759,2024-11-15,0,0.0,72.0
CMP004,C001714,2024-11-15,0,0.0,72.0
CMP004,C004272,2024-11-15,1,466.59,72.0
CMP004,C001570,2024-11-15,0,0.0,72.0
CMP004,C002689,2024-11-15,0,0.0,72.0
CMP004,C005911,2024-11-15,0,0.0,72.0
CMP004,C000521,2024-11-15,0,0.0,72.0
CMP004,C003275,2024-11-15,1,442.04,72.0
CMP004,C002950,2024-11-15,0,0.0,72.0
CMP004,C000934,2024-11-15,0,0.0,72.0
CMP004,C004605,2024-11-15,0,0.0,72.0
CMP004,C003107,2024-11-15,0,0.0,72.0
CMP004,C004861,2024-11-15,0,0.0,72.0
CMP004,C000546,2024-11-15,0,0.0,72.0
CMP004,C004507,2024-11-15,0,0.0,72.0
CMP004,C003644,2024-11-15,0,0.0,72.0
CMP004,C005955,2024-11-15,0,0.0,72.0
CMP004,C001892,2024-11-15,1,771.37,72.0
CMP004,C005431,2024-11-15,0,0.0,72.0
CMP004,C001752,2024-11-15,0,0.0,72.0
CMP004,C002099,2024-11-15,0,0.0,72.0
CMP004,C001675,2024-11-15,0,0.0,72.0
CMP004,C004475,2024-11-15,0,0.0,72.0
CMP004,C003409,2024-11-15,0,0.0,72.0
CMP004,C001350,2024-11-15,0,0.0,72.0
CMP004,C003693,2024-11-15,1,2411.28,72.0
CMP004,C002250,2024-11-15,1,306.01,72.0
CMP004,C004357,2024-11-15,0,0.0,72.0
CMP004,C001464,2024-11-15,0,0.0,72.0
CMP004,C001629,2024-11-15,0,0.0,72.0
CMP004,C001980,2024-11-15,0,0.0,72.0
CMP004,C005058,2024-11-15,0,0.0,72.0
CMP004,C001735,2024-11-15,0,0.0,72.0
CMP004,C002068,2024-11-15,0,0.0,72.0
CMP004,C001943,2024-11-15,0,0.0,72.0
CMP004,C005559,2024-11-15,1,489.3,72.0
CMP004,C004953,2024-11-15,0,0.0,72.0
CMP004,C002822,2024-11-15,0,0.0,72.0
CMP004,C001448,2024-11-15,0,0.0,72.0
CMP004,C001046,2024-11-15,0,0.0,72.0
CMP004,C001836,2024-11-15,1,1200.04,72.0
CMP004,C001285,2024-11-15,0,0.0,72.0
CMP004,C005567,2024-11-15,0,0.0,72.0
CMP004,C000571,2024-11-15,0,0.0,72.0
CMP004,C005544,2024-11-15,0,0.0,72.0
CMP004,C002390,2024-11-15,1,2730.72,72.0
CMP004,C005421,2024-11-15,0,0.0,72.0
CMP004,C005043,2024-11-15,0,0.0,72.0
CMP004,C004061,2024-11-15,0,0.0,72.0
CMP004,C001217,2024-11-15,0,0.0,72.0
CMP004,C001948,2024-11-15,0,0.0,72.0
CMP004,C004931,2024-11-15,0,0.0,72.0
CMP004,C002355,2024-11-15,0,0.0,72.0
CMP004,C005709,2024-11-15,1,1510.88,72.0
CMP004,C003166,2024-11-15,1,33.74,72.0
CMP004,C000453,2024-11-15,0,0.0,72.0
CMP004,C003207,2024-11-15,0,0.0,72.0
CMP004,C004833,2024-11-15,0,0.0,72.0
CMP004,C000684,2024-11-15,0,0.0,72.0
CMP004,C004711,2024-11-15,1,767.16,72.0
CMP004,C002097,2024-11-15,0,0.0,72.0
CMP004,C005558,2024-11-15,0,0.0,72.0
CMP004,C001296,2024-11-15,0,0.0,72.0
CMP004,C004311,2024-11-15,0,0.0,72.0
CMP004,C001975,2024-11-15,0,0.0,72.0
CMP004,C000682,2024-11-15,0,0.0,72.0
CMP004,C002351,2024-11-15,0,0.0,72.0
CMP004,C005327,2024-11-15,0,0.0,72.0
CMP004,C001104,2024-11-15,1,1957.66,72.0
CMP004,C004107,2024-11-15,0,0.0,72.0
CMP004,C005023,2024-11-15,0,0.0,72.0
CMP004,C005825,2024-11-15,0,0.0,72.0
CMP004,C005254,2024-11-15,0,0.0,72.0
CMP004,C002106,2024-11-15,0,0.0,72.0
CMP004,C004213,2024-11-15,0,0.0,72.0
CMP004,C004358,2024-11-15,0,0.0,72.0
CMP004,C005539,2024-11-15,0,0.0,72.0
CMP004,C005862,2024-11-15,0,0.0,72.0
CMP004,C000885,2024-11-15,0,0.0,72.0
CMP004,C002930,2024-11-15,0,0.0,72.0
CMP004,C005761,2024-11-15,1,139.29,72.0
CMP004,C002617,2024-11-15,0,0.0,72.0
CMP004,C004592,2024-11-15,0,0.0,72.0
CMP004,C002376,2024-11-15,0,0.0,72.0
CMP004,C001644,2024-11-15,0,0.0,72.0
CMP004,C000930,2024-11-15,0,0.0,72.0
CMP004,C002441,2024-11-15,1,2429.24,72.0
CMP004,C002313,2024-11-15,1,35.64,72.0
CMP004,C005445,2024-11-15,1,1873.97,72.0
CMP004,C000275,2024-11-15,0,0.0,72.0
CMP004,C003776,2024-11-15,0,0.0,72.0
CMP004,C002256,2024-11-15,0,0.0,72.0
CMP004,C004606,2024-11-15,1,2655.98,72.0
CMP004,C003086,2024-11-15,0,0.0,72.0
CMP004,C001034,2024-11-15,0,0.0,72.0
CMP004,C004376,2024-11-15,0,0.0,72.0
CMP004,C001901,2024-11-15,0,0.0,72.0
CMP004,C002627,2024-11-15,1,190.16,72.0
CMP004,C002008,2024-11-15,1,1044.71,72.0
CMP004,C000590,2024-11-15,1,2332.41,72.0
CMP004,C005016,2024-11-15,0,0.0,72.0
CMP004,C000351,2024-11-15,0,0.0,72.0
CMP004,C003347,2024-11-15,0,0.0,72.0
CMP004,C002386,2024-11-15,0,0.0,72.0
CMP004,C003972,2024-11-15,0,0.0,72.0
CMP004,C002753,2024-11-15,0,0.0,72.0
CMP004,C005885,2024-11-15,0,0.0,72.0
CMP004,C002973,2024-11-15,0,0.0,72.0
CMP004,C001024,2024-11-15,0,0.0,72.0
CMP004,C005115,2024-11-15,0,0.0,72.0
CMP004,C000065,2024-11-15,0,0.0,72.0
CMP004,C005280,2024-11-15,0,0.0,72.0
CMP004,C004453,2024-11-15,0,0.0,72.0
CMP004,C002233,2024-11-15,0,0.0,72.0
CMP004,C005102,2024-11-15,1,794.69,72.0
CMP004,C005100,2024-11-15,0,0.0,72.0
CMP004,C004026,2024-11-15,1,539.21,72.0
CMP004,C003635,2024-11-15,0,0.0,72.0
CMP004,C000021,2024-11-15,0,0.0,72.0
CMP004,C002616,2024-11-15,1,422.13,72.0
CMP004,C001783,2024-11-15,0,0.0,72.0
CMP004,C000326,2024-11-15,0,0.0,72.0
CMP004,C005897,2024-11-15,0,0.0,72.0
CMP004,C000747,2024-11-15,0,0.0,72.0
CMP004,C000100,2024-11-15,0,0.0,72.0
CMP004,C005390,2024-11-15,1,285.37,72.0
CMP004,C003228,2024-11-15,0,0.0,72.0
CMP004,C004624,2024-11-15,0,0.0,72.0
CMP004,C001491,2024-11-15,1,655.44,72.0
CMP004,C005637,2024-11-15,0,0.0,72.0
CMP004,C000314,2024-11-15,0,0.0,72.0
CMP004,C000665,2024-11-15,0,0.0,72.0
CMP004,C005456,2024-11-15,1,2136.02,72.0
CMP004,C005037,2024-11-15,0,0.0,72.0
CMP004,C002478,2024-11-15,0,0.0,72.0
CMP004,C001461,2024-11-15,0,0.0,72.0
CMP004,C004582,2024-11-15,0,0.0,72.0
CMP004,C002054,2024-11-15,0,0.0,72.0
CMP004,C004517,2024-11-15,0,0.0,72.0
CMP004,C004812,2024-11-15,0,0.0,72.0
CMP004,C001096,2024-11-15,0,0.0,72.0
CMP004,C005449,2024-11-15,0,0.0,72.0
CMP004,C001756,2024-11-15,0,0.0,72.0
CMP004,C000878,2024-11-15,0,0.0,72.0
CMP004,C005551,2024-11-15,0,0.0,72.0
CMP004,C000115,2024-11-15,0,0.0,72.0
CMP004,C004651,2024-11-15,0,0.0,72.0
CMP004,C005069,2024-11-15,0,0.0,72.0
CMP004,C002736,2024-11-15,0,0.0,72.0
CMP004,C003187,2024-11-15,0,0.0,72.0
CMP004,C002208,2024-11-15,0,0.0,72.0
CMP004,C005216,2024-11-15,0,0.0,72.0
CMP004,C002720,2024-11-15,1,103.35,72.0
CMP004,C004994,2024-11-15,0,0.0,72.0
CMP004,C000271,2024-11-15,0,0.0,72.0
CMP004,C005266,2024-11-15,1,2089.98,72.0
CMP004,C000601,2024-11-15,0,0.0,72.0
CMP004,C002152,2024-11-15,0,0.0,72.0
CMP004,C002751,2024-11-15,0,0.0,72.0
CMP004,C004743,2024-11-15,0,0.0,72.0
CMP004,C003467,2024-11-15,0,0.0,72.0
CMP004,C002221,2024-11-15,0,0.0,72.0
CMP004,C004876,2024-11-15,0,0.0,72.0
CMP004,C002849,2024-11-15,0,0.0,72.0
CMP004,C002691,2024-11-15,0,0.0,72.0
CMP004,C001032,2024-11-15,0,0.0,72.0
CMP004,C003146,2024-11-15,0,0.0,72.0
CMP004,C005922,2024-11-15,0,0.0,72.0
CMP004,C004591,2024-11-15,1,1754.73,72.0
CMP004,C003339,2024-11-15,0,0.0,72.0
CMP004,C001891,2024-11-15,0,0.0,72.0
CMP004,C005119,2024-11-15,0,0.0,72.0
CMP004,C003605,2024-11-15,0,0.0,72.0
CMP004,C001376,2024-11-15,0,0.0,72.0
CMP004,C004382,2024-11-15,0,0.0,72.0
CMP004,C001216,2024-11-15,0,0.0,72.0
CMP004,C002489,2024-11-15,0,0.0,72.0
CMP004,C005952,2024-11-15,0,0.0,72.0
CMP004,C002998,2024-11-15,0,0.0,72.0
CMP004,C003006,2024-11-15,1,1859.12,72.0
CMP004,C003697,2024-11-15,0,0.0,72.0
CMP004,C005191,2024-11-15,0,0.0,72.0
CMP004,C000678,2024-11-15,0,0.0,72.0
CMP004,C003230,2024-11-15,0,0.0,72.0
CMP004,C005034,2024-11-15,0,0.0,72.0
CMP004,C004432,2024-11-15,0,0.0,72.0
CMP004,C003002,2024-11-15,0,0.0,72.0
CMP004,C003806,2024-11-15,0,0.0,72.0
CMP004,C001269,2024-11-15,0,0.0,72.0
CMP004,C003376,2024-11-15,0,0.0,72.0
CMP004,C001930,2024-11-15,0,0.0,72.0
CMP004,C001245,2024-11-15,0,0.0,72.0
CMP004,C005889,2024-11-15,1,723.72,72.0
CMP004,C005516,2024-11-15,0,0.0,72.0
CMP004,C003726,2024-11-15,1,1146.98,72.0
CMP004,C005230,2024-11-15,0,0.0,72.0
CMP004,C004775,2024-11-15,0,0.0,72.0
CMP004,C005444,2024-11-15,1,5894.07,72.0
CMP004,C002735,2024-11-15,0,0.0,72.0
CMP004,C004004,2024-11-15,0,0.0,72.0
CMP004,C000772,2024-11-15,0,0.0,72.0
CMP004,C000607,2024-11-15,0,0.0,72.0
CMP004,C004370,2024-11-15,0,0.0,72.0
CMP004,C001458,2024-11-15,0,0.0,72.0
CMP004,C004395,2024-11-15,0,0.0,72.0
CMP004,C004940,2024-11-15,0,0.0,72.0
CMP004,C005045,2024-11-15,1,2307.96,72.0
CMP004,C001503,2024-11-15,0,0.0,72.0
CMP004,C003885,2024-11-15,1,547.34,72.0
CMP004,C003335,2024-11-15,1,650.37,72.0
CMP004,C000281,2024-11-15,0,0.0,72.0
CMP004,C005899,2024-11-15,1,2064.81,72.0
CMP004,C004053,2024-11-15,0,0.0,72.0
CMP004,C004629,2024-11-15,0,0.0,72.0
CMP004,C005211,2024-11-15,0,0.0,72.0
CMP004,C005443,2024-11-15,0,0.0,72.0
CMP004,C001116,2024-11-15,0,0.0,72.0
CMP004,C002539,2024-11-15,1,2337.08,72.0
CMP004,C002987,2024-11-15,1,1090.72,72.0
CMP004,C004837,2024-11-15,0,0.0,72.0
CMP004,C005929,2024-11-15,0,0.0,72.0
CMP004,C001431,2024-11-15,1,1450.86,72.0
CMP004,C004910,2024-11-15,0,0.0,72.0
CMP004,C001403,2024-11-15,1,554.35,72.0
CMP004,C000703,2024-11-15,0,0.0,72.0
CMP004,C004777,2024-11-15,1,1037.29,72.0
CMP004,C003695,2024-11-15,0,0.0,72.0
CMP004,C005846,2024-11-15,0,0.0,72.0
CMP004,C000649,2024-11-15,0,0.0,72.0
CMP004,C004990,2024-11-15,0,0.0,72.0
CMP004,C002715,2024-11-15,0,0.0,72.0
CMP004,C005052,2024-11-15,0,0.0,72.0
CMP004,C002788,2024-11-15,0,0.0,72.0
CMP004,C004480,2024-11-15,1,1711.43,72.0
CMP004,C001812,2024-11-15,0,0.0,72.0
CMP004,C002379,2024-11-15,0,0.0,72.0
CMP004,C004914,2024-11-15,0,0.0,72.0
CMP004,C004343,2024-11-15,0,0.0,72.0
CMP004,C002415,2024-11-15,0,0.0,72.0
CMP004,C000329,2024-11-15,0,0.0,72.0
CMP004,C000741,2024-11-15,0,0.0,72.0
CMP004,C004390,2024-11-15,0,0.0,72.0
CMP004,C005436,2024-11-15,0,0.0,72.0
CMP004,C004309,2024-11-15,0,0.0,72.0
CMP004,C004866,2024-11-15,0,0.0,72.0
CMP004,C005324,2024-11-15,0,0.0,72.0
CMP004,C002095,2024-11-15,0,0.0,72.0
CMP004,C000859,2024-11-15,0,0.0,72.0
CMP004,C002944,2024-11-15,0,0.0,72.0
CMP004,C001115,2024-11-15,0,0.0,72.0
CMP004,C002990,2024-11-15,0,0.0,72.0
CMP004,C002108,2024-11-15,0,0.0,72.0
CMP004,C003950,2024-11-15,0,0.0,72.0
CMP004,C003455,2024-11-15,0,0.0,72.0
CMP004,C001220,2024-11-15,1,92.66,72.0
CMP004,C003210,2024-11-15,0,0.0,72.0
CMP004,C001405,2024-11-15,1,907.68,72.0
CMP004,C005349,2024-11-15,0,0.0,72.0
CMP004,C005777,2024-11-15,0,0.0,72.0
CMP004,C001013,2024-11-15,0,0.0,72.0
CMP004,C004195,2024-11-15,0,0.0,72.0
CMP004,C003860,2024-11-15,0,0.0,72.0
CMP004,C002810,2024-11-15,0,0.0,72.0
CMP004,C005627,2024-11-15,0,0.0,72.0
CMP004,C001661,2024-11-15,1,387.91,72.0
CMP004,C005238,2024-11-15,0,0.0,72.0
CMP004,C005382,2024-11-15,1,388.08,72.0
CMP004,C003574,2024-11-15,0,0.0,72.0
CMP004,C004599,2024-11-15,0,0.0,72.0
CMP004,C005141,2024-11-15,0,0.0,72.0
CMP004,C002988,2024-11-15,0,0.0,72.0
CMP004,C003428,2024-11-15,0,0.0,72.0
CMP004,C003920,2024-11-15,0,0.0,72.0
CMP004,C000538,2024-11-15,0,0.0,72.0
CMP004,C000520,2024-11-15,0,0.0,72.0
CMP004,C005427,2024-11-15,0,0.0,72.0
CMP004,C005660,2024-11-15,1,1454.55,72.0
CMP004,C005268,2024-11-15,0,0.0,72.0
CMP004,C000712,2024-11-15,1,1143.41,72.0
CMP004,C003655,2024-11-15,0,0.0,72.0
CMP004,C003672,2024-11-15,0,0.0,72.0
CMP004,C000039,2024-11-15,0,0.0,72.0
CMP004,C005865,2024-11-15,0,0.0,72.0
CMP004,C000422,2024-11-15,0,0.0,72.0
CMP004,C004538,2024-11-15,0,0.0,72.0
CMP004,C000576,2024-11-15,1,498.47,72.0
CMP004,C004086,2024-11-15,0,0.0,72.0
CMP004,C000980,2024-11-15,0,0.0,72.0
CMP004,C004543,2024-11-15,1,2843.46,72.0
CMP004,C001040,2024-11-15,0,0.0,72.0
CMP004,C003990,2024-11-15,0,0.0,72.0
CMP004,C005509,2024-11-15,1,346.72,72.0
CMP004,C004660,2024-11-15,0,0.0,72.0
CMP004,C003480,2024-11-15,0,0.0,72.0
CMP004,C000368,2024-11-15,0,0.0,72.0
CMP004,C004429,2024-11-15,0,0.0,72.0
CMP004,C002227,2024-11-15,0,0.0,72.0
CMP004,C001981,2024-11-15,0,0.0,72.0
CMP004,C005647,2024-11-15,0,0.0,72.0
CMP004,C004093,2024-11-15,0,0.0,72.0
CMP004,C002590,2024-11-15,0,0.0,72.0
CMP004,C001272,2024-11-15,0,0.0,72.0
CMP004,C004137,2024-11-15,0,0.0,72.0
CMP004,C005671,2024-11-15,1,1206.0,72.0
CMP004,C000929,2024-11-15,0,0.0,72.0
CMP004,C000041,2024-11-15,0,0.0,72.0
CMP004,C005281,2024-11-15,0,0.0,72.0
CMP004,C004860,2024-11-15,0,0.0,72.0
CMP004,C000294,2024-11-15,0,0.0,72.0
CMP004,C001641,2024-11-15,0,0.0,72.0
CMP004,C001126,2024-11-15,0,0.0,72.0
CMP004,C002523,2024-11-15,1,3582.8,72.0
CMP004,C003071,2024-11-15,0,0.0,72.0
CMP004,C003222,2024-11-15,0,0.0,72.0
CMP004,C003094,2024-11-15,0,0.0,72.0
CMP004,C005067,2024-11-15,1,739.22,72.0
CMP004,C000658,2024-11-15,1,747.21,72.0
CMP004,C005936,2024-11-15,0,0.0,72.0
CMP004,C001086,2024-11-15,0,0.0,72.0
CMP004,C004636,2024-11-15,0,0.0,72.0
CMP004,C000233,2024-11-15,0,0.0,72.0
CMP004,C004188,2024-11-15,0,0.0,72.0
CMP004,C002273,2024-11-15,0,0.0,72.0
CMP004,C001074,2024-11-15,1,3275.41,72.0
CMP004,C005364,2024-11-15,1,916.3,72.0
CMP004,C002198,2024-11-15,0,0.0,72.0
CMP004,C000116,2024-11-15,0,0.0,72.0
CMP004,C003787,2024-11-15,0,0.0,72.0
CMP004,C000914,2024-11-15,0,0.0,72.0
CMP004,C000814,2024-11-15,0,0.0,72.0
CMP004,C002232,2024-11-15,0,0.0,72.0
CMP004,C000392,2024-11-15,1,634.68,72.0
CMP004,C002083,2024-11-15,1,991.24,72.0
CMP004,C005933,2024-11-15,0,0.0,72.0
CMP004,C002688,2024-11-15,0,0.0,72.0
CMP004,C002668,2024-11-15,0,0.0,72.0
CMP004,C000781,2024-11-15,1,455.16,72.0
CMP004,C004865,2024-11-15,0,0.0,72.0
CMP004,C002150,2024-11-15,0,0.0,72.0
CMP004,C000063,2024-11-15,0,0.0,72.0
CMP004,C003383,2024-11-15,0,0.0,72.0
CMP004,C004254,2024-11-15,0,0.0,72.0
CMP004,C005579,2024-11-15,0,0.0,72.0
CMP004,C004522,2024-11-15,1,659.88,72.0
CMP004,C000663,2024-11-15,0,0.0,72.0
CMP004,C005741,2024-11-15,1,1166.37,72.0
CMP004,C005624,2024-11-15,0,0.0,72.0
CMP004,C004811,2024-11-15,0,0.0,72.0
CMP004,C001019,2024-11-15,0,0.0,72.0
CMP004,C004452,2024-11-15,0,0.0,72.0
CMP004,C002220,2024-11-15,0,0.0,72.0
CMP004,C005864,2024-11-15,0,0.0,72.0
CMP004,C004282,2024-11-15,0,0.0,72.0
CMP004,C002611,2024-11-15,0,0.0,72.0
CMP004,C005640,2024-11-15,1,467.93,72.0
CMP004,C003192,2024-11-15,0,0.0,72.0
CMP004,C003899,2024-11-15,0,0.0,72.0
CMP004,C002319,2024-11-15,1,827.75,72.0
CMP004,C002087,2024-11-15,0,0.0,72.0
CMP004,C000754,2024-11-15,0,0.0,72.0
CMP004,C002792,2024-11-15,0,0.0,72.0
CMP004,C002740,2024-11-15,0,0.0,72.0
CMP004,C001495,2024-11-15,0,0.0,72.0
CMP004,C001137,2024-11-15,0,0.0,72.0
CMP004,C001282,2024-11-15,0,0.0,72.0
CMP004,C003067,2024-11-15,0,0.0,72.0
CMP004,C003621,2024-11-15,0,0.0,72.0
CMP004,C005948,2024-11-15,1,3022.35,72.0
CMP004,C003858,2024-11-15,0,0.0,72.0
CMP004,C001249,2024-11-15,1,1304.0,72.0
CMP004,C000676,2024-11-15,0,0.0,72.0
CMP004,C004752,2024-11-15,0,0.0,72.0
CMP004,C002285,2024-11-15,0,0.0,72.0
CMP004,C003064,2024-11-15,0,0.0,72.0
CMP004,C004951,2024-11-15,0,0.0,72.0
CMP004,C002614,2024-11-15,0,0.0,72.0
CMP004,C000787,2024-11-15,0,0.0,72.0
CMP004,C002422,2024-11-15,0,0.0,72.0
CMP004,C005673,2024-11-15,0,0.0,72.0
CMP004,C003850,2024-11-15,0,0.0,72.0
CMP004,C000300,2024-11-15,0,0.0,72.0
CMP004,C003660,2024-11-15,0,0.0,72.0
CMP004,C005634,2024-11-15,1,198.95,72.0
CMP004,C002659,2024-11-15,0,0.0,72.0
CMP004,C003562,2024-11-15,0,0.0,72.0
CMP004,C004166,2024-11-15,0,0.0,72.0
CMP004,C004299,2024-11-15,1,305.05,72.0
CMP004,C001041,2024-11-15,0,0.0,72.0
CMP004,C000707,2024-11-15,1,1157.35,72.0
CMP004,C003395,2024-11-15,0,0.0,72.0
CMP004,C003701,2024-11-15,0,0.0,72.0
CMP004,C002997,2024-11-15,0,0.0,72.0
CMP004,C000667,2024-11-15,0,0.0,72.0
CMP004,C005924,2024-11-15,0,0.0,72.0
CMP004,C000717,2024-11-15,0,0.0,72.0
CMP004,C001308,2024-11-15,0,0.0,72.0
CMP004,C000996,2024-11-15,0,0.0,72.0
CMP004,C000374,2024-11-15,0,0.0,72.0
CMP004,C000338,2024-11-15,0,0.0,72.0
CMP004,C005702,2024-11-15,0,0.0,72.0
CMP004,C003438,2024-11-15,0,0.0,72.0
CMP004,C005594,2024-11-15,0,0.0,72.0
CMP004,C004699,2024-11-15,0,0.0,72.0
CMP004,C003312,2024-11-15,0,0.0,72.0
CMP004,C002255,2024-11-15,0,0.0,72.0
CMP004,C001401,2024-11-15,1,189.62,72.0
CMP004,C001646,2024-11-15,0,0.0,72.0
CMP004,C001018,2024-11-15,0,0.0,72.0
CMP004,C003576,2024-11-15,1,291.09,72.0
CMP004,C001221,2024-11-15,0,0.0,72.0
CMP004,C001678,2024-11-15,0,0.0,72.0
CMP004,C005959,2024-11-15,0,0.0,72.0
CMP004,C002777,2024-11-15,0,0.0,72.0
CMP004,C005657,2024-11-15,1,543.23,72.0
CMP004,C001248,2024-11-15,0,0.0,72.0
CMP004,C003926,2024-11-15,1,1225.98,72.0
CMP004,C003778,2024-11-15,0,0.0,72.0
CMP004,C003698,2024-11-15,0,0.0,72.0
CMP004,C000713,2024-11-15,0,0.0,72.0
CMP004,C004110,2024-11-15,0,0.0,72.0
CMP004,C002214,2024-11-15,0,0.0,72.0
CMP004,C003981,2024-11-15,0,0.0,72.0
CMP004,C002123,2024-11-15,0,0.0,72.0
CMP004,C005815,2024-11-15,0,0.0,72.0
CMP004,C001157,2024-11-15,0,0.0,72.0
CMP004,C005064,2024-11-15,0,0.0,72.0
CMP004,C005192,2024-11-15,0,0.0,72.0
CMP004,C001912,2024-11-15,0,0.0,72.0
CMP004,C000800,2024-11-15,0,0.0,72.0
CMP004,C002112,2024-11-15,0,0.0,72.0
CMP004,C000391,2024-11-15,0,0.0,72.0
CMP004,C001322,2024-11-15,0,0.0,72.0
CMP004,C005736,2024-11-15,0,0.0,72.0
CMP004,C005770,2024-11-15,1,779.18,72.0
CMP004,C002303,2024-11-15,0,0.0,72.0
CMP004,C000966,2024-11-15,0,0.0,72.0
CMP004,C000626,2024-11-15,1,1137.76,72.0
CMP004,C002058,2024-11-15,1,3264.44,72.0
CMP004,C001042,2024-11-15,0,0.0,72.0
CMP004,C005880,2024-11-15,0,0.0,72.0
CMP004,C004584,2024-11-15,1,446.98,72.0
CMP004,C001370,2024-11-15,1,251.94,72.0
CMP004,C004794,2024-11-15,0,0.0,72.0
CMP004,C000360,2024-11-15,0,0.0,72.0
CMP004,C003558,2024-11-15,0,0.0,72.0
CMP004,C001973,2024-11-15,0,0.0,72.0
CMP004,C002879,2024-11-15,0,0.0,72.0
CMP004,C000210,2024-11-15,0,0.0,72.0
CMP004,C003800,2024-11-15,0,0.0,72.0
CMP004,C000833,2024-11-15,1,3144.08,72.0
CMP004,C005995,2024-11-15,0,0.0,72.0
CMP004,C000708,2024-11-15,1,360.84,72.0
CMP004,C000863,2024-11-15,0,0.0,72.0
CMP004,C002375,2024-11-15,0,0.0,72.0
CMP004,C001709,2024-11-15,0,0.0,72.0
CMP004,C004993,2024-11-15,0,0.0,72.0
CMP004,C000903,2024-11-15,1,260.91,72.0
CMP004,C005760,2024-11-15,0,0.0,72.0
CMP004,C004170,2024-11-15,0,0.0,72.0
CMP004,C000223,2024-11-15,0,0.0,72.0
CMP004,C002560,2024-11-15,0,0.0,72.0
CMP004,C001077,2024-11-15,0,0.0,72.0
CMP004,C000259,2024-11-15,0,0.0,72.0
CMP004,C003959,2024-11-15,0,0.0,72.0
CMP004,C001165,2024-11-15,0,0.0,72.0
CMP004,C000395,2024-11-15,0,0.0,72.0
CMP004,C002904,2024-11-15,0,0.0,72.0
CMP004,C003727,2024-11-15,0,0.0,72.0
CMP004,C004003,2024-11-15,0,0.0,72.0
CMP004,C004564,2024-11-15,0,0.0,72.0
CMP004,C002596,2024-11-15,0,0.0,72.0
CMP004,C003572,2024-11-15,0,0.0,72.0
CMP004,C004936,2024-11-15,0,0.0,72.0
CMP004,C003968,2024-11-15,1,610.29,72.0
CMP004,C001651,2024-11-15,0,0.0,72.0
CMP004,C004168,2024-11-15,0,0.0,72.0
CMP004,C005907,2024-11-15,1,1863.74,72.0
CMP004,C002650,2024-11-15,0,0.0,72.0
CMP004,C004210,2024-11-15,0,0.0,72.0
CMP004,C005454,2024-11-15,0,0.0,72.0
CMP004,C001935,2024-11-15,0,0.0,72.0
CMP004,C001831,2024-11-15,0,0.0,72.0
CMP004,C002619,2024-11-15,0,0.0,72.0
CMP004,C005759,2024-11-15,0,0.0,72.0
CMP004,C001347,2024-11-15,1,1585.17,72.0
CMP004,C003296,2024-11-15,0,0.0,72.0
CMP004,C001876,2024-11-15,0,0.0,72.0
CMP004,C003026,2024-11-15,0,0.0,72.0
CMP004,C000664,2024-11-15,0,0.0,72.0
CMP004,C002694,2024-11-15,1,1544.3,72.0
CMP004,C001959,2024-11-15,0,0.0,72.0
CMP004,C001637,2024-11-15,0,0.0,72.0
CMP004,C001297,2024-11-15,0,0.0,72.0
CMP004,C003760,2024-11-15,0,0.0,72.0
CMP004,C001512,2024-11-15,0,0.0,72.0
CMP004,C000362,2024-11-15,1,1307.6,72.0
CMP004,C001923,2024-11-15,0,0.0,72.0
CMP004,C003614,2024-11-15,0,0.0,72.0
CMP004,C002999,2024-11-15,0,0.0,72.0
CMP004,C005600,2024-11-15,1,489.58,72.0
CMP004,C004821,2024-11-15,0,0.0,72.0
CMP004,C004080,2024-11-15,0,0.0,72.0
CMP004,C003722,2024-11-15,0,0.0,72.0
CMP004,C002502,2024-11-15,0,0.0,72.0
CMP004,C002428,2024-11-15,0,0.0,72.0
CMP004,C002652,2024-11-15,0,0.0,72.0
CMP004,C001875,2024-11-15,1,2277.37,72.0
CMP004,C000941,2024-11-15,0,0.0,72.0
CMP004,C004424,2024-11-15,0,0.0,72.0
CMP004,C003485,2024-11-15,0,0.0,72.0
CMP004,C003713,2024-11-15,1,327.42,72.0
CMP004,C001452,2024-11-15,1,687.92,72.0
CMP004,C004656,2024-11-15,0,0.0,72.0
CMP004,C005127,2024-11-15,0,0.0,72.0
CMP004,C002521,2024-11-15,0,0.0,72.0
CMP004,C002718,2024-11-15,1,975.86,72.0
CMP004,C001514,2024-11-15,1,1195.95,72.0
CMP004,C004567,2024-11-15,1,752.53,72.0
CMP004,C004264,2024-11-15,0,0.0,72.0
CMP004,C004903,2024-11-15,1,1409.75,72.0
CMP004,C005164,2024-11-15,1,1150.57,72.0
CMP004,C004975,2024-11-15,0,0.0,72.0
CMP004,C005823,2024-11-15,0,0.0,72.0
CMP004,C002031,2024-11-15,0,0.0,72.0
CMP004,C001408,2024-11-15,1,1576.08,72.0
CMP004,C001492,2024-11-15,0,0.0,72.0
CMP004,C005515,2024-11-15,1,240.9,72.0
CMP004,C005185,2024-11-15,1,914.72,72.0
CMP004,C005149,2024-11-15,0,0.0,72.0
CMP004,C003110,2024-11-15,0,0.0,72.0
CMP004,C001443,2024-11-15,0,0.0,72.0
CMP004,C005279,2024-11-15,0,0.0,72.0
CMP004,C005954,2024-11-15,1,2083.0,72.0
CMP004,C004379,2024-11-15,1,1273.68,72.0
CMP004,C002461,2024-11-15,0,0.0,72.0
CMP004,C004181,2024-11-15,0,0.0,72.0
CMP004,C000666,2024-11-15,1,1338.39,72.0
CMP004,C005021,2024-11-15,0,0.0,72.0
CMP004,C004386,2024-11-15,0,0.0,72.0
CMP004,C005842,2024-11-15,0,0.0,72.0
CMP004,C005670,2024-11-15,0,0.0,72.0
CMP004,C002190,2024-11-15,1,442.35,72.0
CMP004,C005239,2024-11-15,0,0.0,72.0
CMP004,C005005,2024-11-15,0,0.0,72.0
CMP004,C001906,2024-11-15,1,172.49,72.0
CMP004,C002224,2024-11-15,0,0.0,72.0
CMP004,C005355,2024-11-15,0,0.0,72.0
CMP004,C001830,2024-11-15,1,634.43,72.0
CMP004,C000570,2024-11-15,0,0.0,72.0
CMP004,C001553,2024-11-15,0,0.0,72.0
CMP004,C000179,2024-11-15,0,0.0,72.0
CMP004,C004199,2024-11-15,0,0.0,72.0
CMP004,C002234,2024-11-15,1,1236.56,72.0
CMP004,C004202,2024-11-15,0,0.0,72.0
CMP004,C005301,2024-11-15,0,0.0,72.0
CMP004,C005750,2024-11-15,0,0.0,72.0
CMP004,C004331,2024-11-15,0,0.0,72.0
CMP004,C005087,2024-11-15,0,0.0,72.0
CMP004,C004201,2024-11-15,0,0.0,72.0
CMP004,C003089,2024-11-15,0,0.0,72.0
CMP004,C005711,2024-11-15,0,0.0,72.0
CMP004,C002876,2024-11-15,0,0.0,72.0
CMP004,C001289,2024-11-15,0,0.0,72.0
CMP004,C001880,2024-11-15,0,0.0,72.0
CMP004,C000778,2024-11-15,0,0.0,72.0
CMP004,C003528,2024-11-15,0,0.0,72.0
CMP004,C002248,2024-11-15,0,0.0,72.0
CMP004,C004686,2024-11-15,1,544.2,72.0
CMP004,C004790,2024-11-15,0,0.0,72.0
CMP004,C002884,2024-11-15,0,0.0,72.0
CMP004,C004265,2024-11-15,0,0.0,72.0
CMP004,C001817,2024-11-15,1,820.44,72.0
CMP004,C002576,2024-11-15,0,0.0,72.0
CMP004,C005725,2024-11-15,0,0.0,72.0
CMP004,C002707,2024-11-15,0,0.0,72.0
CMP004,C004134,2024-11-15,1,788.52,72.0
CMP004,C002117,2024-11-15,0,0.0,72.0
CMP004,C002975,2024-11-15,1,487.0,72.0
CMP004,C004771,2024-11-15,0,0.0,72.0
CMP004,C005350,2024-11-15,0,0.0,72.0
CMP004,C002385,2024-11-15,0,0.0,72.0
CMP004,C000990,2024-11-15,0,0.0,72.0
CMP004,C002508,2024-11-15,0,0.0,72.0
CMP004,C000519,2024-11-15,0,0.0,72.0
CMP004,C001683,2024-11-15,0,0.0,72.0
CMP004,C001568,2024-11-15,0,0.0,72.0
CMP004,C001388,2024-11-15,1,973.28,72.0
CMP004,C000998,2024-11-15,1,119.19,72.0
CMP004,C004069,2024-11-15,1,1613.48,72.0
CMP004,C003828,2024-11-15,0,0.0,72.0
CMP004,C004933,2024-11-15,0,0.0,72.0
CMP004,C001089,2024-11-15,0,0.0,72.0
CMP004,C000224,2024-11-15,0,0.0,72.0
CMP004,C001990,2024-11-15,1,961.79,72.0
CMP004,C002801,2024-11-15,0,0.0,72.0
CMP004,C002127,2024-11-15,0,0.0,72.0
CMP004,C000381,2024-11-15,0,0.0,72.0
CMP004,C004422,2024-11-15,0,0.0,72.0
CMP004,C003939,2024-11-15,0,0.0,72.0
CMP004,C004223,2024-11-15,1,360.28,72.0
CMP004,C003238,2024-11-15,0,0.0,72.0
CMP004,C003112,2024-11-15,0,0.0,72.0
CMP004,C004868,2024-11-15,0,0.0,72.0
CMP004,C004354,2024-11-15,0,0.0,72.0
CMP004,C001991,2024-11-15,0,0.0,72.0
CMP004,C002207,2024-11-15,1,344.0,72.0
CMP004,C003982,2024-11-15,1,1328.43,72.0
CMP004,C005137,2024-11-15,0,0.0,72.0
CMP004,C005706,2024-11-15,0,0.0,72.0
CMP004,C001964,2024-11-15,0,0.0,72.0
CMP004,C000166,2024-11-15,0,0.0,72.0
CMP004,C000228,2024-11-15,0,0.0,72.0
CMP004,C000812,2024-11-15,0,0.0,72.0
CMP004,C001881,2024-11-15,0,0.0,72.0
CMP004,C002298,2024-11-15,0,0.0,72.0
CMP004,C001578,2024-11-15,1,299.67,72.0
CMP004,C003541,2024-11-15,1,433.46,72.0
CMP004,C000498,2024-11-15,0,0.0,72.0
CMP004,C001029,2024-11-15,0,0.0,72.0
CMP004,C003141,2024-11-15,0,0.0,72.0
CMP004,C002555,2024-11-15,0,0.0,72.0
CMP004,C000983,2024-11-15,0,0.0,72.0
CMP004,C003847,2024-11-15,0,0.0,72.0
CMP004,C005232,2024-11-15,1,434.0,72.0
CMP004,C002575,2024-11-15,0,0.0,72.0
CMP004,C004142,2024-11-15,1,536.74,72.0
CMP004,C004631,2024-11-15,0,0.0,72.0
CMP004,C004222,2024-11-15,0,0.0,72.0
CMP004,C001828,2024-11-15,1,1384.19,72.0
CMP004,C001202,2024-11-15,0,0.0,72.0
CMP004,C000049,2024-11-15,0,0.0,72.0
CMP004,C002623,2024-11-15,0,0.0,72.0
CMP004,C005510,2024-11-15,0,0.0,72.0
CMP004,C004204,2024-11-15,0,0.0,72.0
CMP004,C004807,2024-11-15,0,0.0,72.0
CMP004,C000978,2024-11-15,0,0.0,72.0
CMP004,C005775,2024-11-15,0,0.0,72.0
CMP004,C004667,2024-11-15,0,0.0,72.0
CMP004,C000454,2024-11-15,1,777.52,72.0
CMP004,C004635,2024-11-15,0,0.0,72.0
CMP004,C004939,2024-11-15,1,379.04,72.0
CMP004,C000796,2024-11-15,0,0.0,72.0
CMP004,C005461,2024-11-15,0,0.0,72.0
CMP004,C001609,2024-11-15,1,845.12,72.0
CMP004,C001344,2024-11-15,0,0.0,72.0
CMP004,C005423,2024-11-15,0,0.0,72.0
CMP004,C000565,2024-11-15,0,0.0,72.0
CMP004,C005993,2024-11-15,0,0.0,72.0
CMP004,C000431,2024-11-15,1,378.66,72.0
CMP004,C003691,2024-11-15,0,0.0,72.0
CMP004,C003629,2024-11-15,1,1141.29,72.0
CMP004,C001241,2024-11-15,0,0.0,72.0
CMP004,C001076,2024-11-15,0,0.0,72.0
CMP004,C001147,2024-11-15,0,0.0,72.0
CMP004,C001192,2024-11-15,0,0.0,72.0
CMP004,C003248,2024-11-15,0,0.0,72.0
CMP004,C002505,2024-11-15,0,0.0,72.0
CMP004,C004829,2024-11-15,0,0.0,72.0
CMP004,C005748,2024-11-15,0,0.0,72.0
CMP004,C004105,2024-11-15,0,0.0,72.0
CMP004,C003851,2024-11-15,0,0.0,72.0
CMP004,C004596,2024-11-15,0,0.0,72.0
CMP004,C001884,2024-11-15,0,0.0,72.0
CMP004,C001152,2024-11-15,0,0.0,72.0
CMP004,C005416,2024-11-15,1,1373.39,72.0
CMP004,C005129,2024-11-15,0,0.0,72.0
CMP004,C004488,2024-11-15,0,0.0,72.0
CMP004,C001369,2024-11-15,1,1379.41,72.0
CMP004,C003180,2024-11-15,0,0.0,72.0
CMP004,C000173,2024-11-15,1,4247.4,72.0
CMP004,C001626,2024-11-15,1,943.59,72.0
CMP004,C001867,2024-11-15,0,0.0,72.0
CMP004,C003587,2024-11-15,0,0.0,72.0
CMP004,C000404,2024-11-15,0,0.0,72.0
CMP004,C003882,2024-11-15,0,0.0,72.0
CMP004,C002931,2024-11-15,0,0.0,72.0
CMP004,C003533,2024-11-15,0,0.0,72.0
CMP004,C004618,2024-11-15,0,0.0,72.0
CMP004,C005228,2024-11-15,0,0.0,72.0
CMP004,C001978,2024-11-15,0,0.0,72.0
CMP004,C000836,2024-11-15,0,0.0,72.0
CMP004,C005070,2024-11-15,0,0.0,72.0
CMP004,C004493,2024-11-15,0,0.0,72.0
CMP004,C001199,2024-11-15,0,0.0,72.0
CMP004,C000064,2024-11-15,0,0.0,72.0
CMP004,C004973,2024-11-15,0,0.0,72.0
CMP004,C000004,2024-11-15,1,734.83,72.0
CMP004,C001286,2024-11-15,1,421.32,72.0
CMP004,C000918,2024-11-15,0,0.0,72.0
CMP004,C005890,2024-11-15,0,0.0,72.0
CMP004,C001466,2024-11-15,0,0.0,72.0
CMP004,C001707,2024-11-15,1,2489.92,72.0
CMP004,C005065,2024-11-15,0,0.0,72.0
CMP004,C002954,2024-11-15,0,0.0,72.0
CMP004,C003430,2024-11-15,0,0.0,72.0
CMP004,C005391,2024-11-15,0,0.0,72.0
CMP004,C001863,2024-11-15,1,684.38,72.0
CMP004,C004999,2024-11-15,0,0.0,72.0
CMP004,C001410,2024-11-15,1,1450.51,72.0
CMP004,C001582,2024-11-15,0,0.0,72.0
CMP004,C004482,2024-11-15,1,996.9,72.0
CMP004,C000413,2024-11-15,0,0.0,72.0
CMP004,C001021,2024-11-15,1,800.32,72.0
CMP004,C001777,2024-11-15,0,0.0,72.0
CMP004,C004421,2024-11-15,1,771.48,72.0
CMP004,C005004,2024-11-15,1,919.07,72.0
CMP004,C005458,2024-11-15,1,700.48,72.0
CMP004,C001798,2024-11-15,0,0.0,72.0
CMP004,C004623,2024-11-15,0,0.0,72.0
CMP004,C004442,2024-11-15,0,0.0,72.0
CMP004,C003063,2024-11-15,0,0.0,72.0
CMP004,C000051,2024-11-15,0,0.0,72.0
CMP004,C003392,2024-11-15,0,0.0,72.0
CMP004,C004267,2024-11-15,0,0.0,72.0
CMP004,C003426,2024-11-15,0,0.0,72.0
CMP004,C001768,2024-11-15,0,0.0,72.0
CMP004,C000605,2024-11-15,0,0.0,72.0
CMP004,C001274,2024-11-15,0,0.0,72.0
CMP004,C000615,2024-11-15,0,0.0,72.0
CMP004,C004016,2024-11-15,0,0.0,72.0
CMP004,C002656,2024-11-15,0,0.0,72.0
CMP004,C002908,2024-11-15,1,574.51,72.0
CMP004,C002357,2024-11-15,0,0.0,72.0
CMP004,C002071,2024-11-15,0,0.0,72.0
CMP004,C002230,2024-11-15,1,2380.12,72.0
CMP004,C004718,2024-11-15,0,0.0,72.0
CMP004,C002571,2024-11-15,0,0.0,72.0
CMP004,C000204,2024-11-15,0,0.0,72.0
CMP004,C001008,2024-11-15,0,0.0,72.0
CMP004,C000354,2024-11-15,0,0.0,72.0
CMP004,C001302,2024-11-15,0,0.0,72.0
CMP004,C005738,2024-11-15,0,0.0,72.0
CMP004,C005793,2024-11-15,0,0.0,72.0
CMP004,C005765,2024-11-15,0,0.0,72.0
CMP004,C000994,2024-11-15,0,0.0,72.0
CMP004,C005383,2024-11-15,0,0.0,72.0
CMP004,C002994,2024-11-15,0,0.0,72.0
CMP004,C004384,2024-11-15,0,0.0,72.0
CMP004,C005056,2024-11-15,0,0.0,72.0
CMP004,C000972,2024-11-15,0,0.0,72.0
CMP004,C001102,2024-11-15,0,0.0,72.0
CMP004,C004018,2024-11-15,0,0.0,72.0
CMP004,C003857,2024-11-15,0,0.0,72.0
CMP004,C005513,2024-11-15,0,0.0,72.0
CMP004,C002767,2024-11-15,0,0.0,72.0
CMP004,C004436,2024-11-15,0,0.0,72.0
CMP004,C003894,2024-11-15,0,0.0,72.0
CMP004,C002947,2024-11-15,1,1011.67,72.0
CMP004,C000160,2024-11-15,0,0.0,72.0
CMP004,C001301,2024-11-15,1,1206.97,72.0
CMP004,C000111,2024-11-15,0,0.0,72.0
CMP004,C004621,2024-11-15,1,982.67,72.0
CMP004,C002239,2024-11-15,0,0.0,72.0
CMP004,C005060,2024-11-15,0,0.0,72.0
CMP004,C002182,2024-11-15,1,1441.81,72.0
CMP004,C003929,2024-11-15,0,0.0,72.0
CMP004,C002700,2024-11-15,0,0.0,72.0
CMP004,C005803,2024-11-15,0,0.0,72.0
CMP004,C002641,2024-11-15,0,0.0,72.0
CMP004,C001872,2024-11-15,0,0.0,72.0
CMP004,C004500,2024-11-15,1,1466.28,72.0
CMP004,C005485,2024-11-15,0,0.0,72.0
CMP004,C005892,2024-11-15,0,0.0,72.0
CMP004,C000270,2024-11-15,0,0.0,72.0
CMP004,C002053,2024-11-15,0,0.0,72.0
CMP004,C001358,2024-11-15,0,0.0,72.0
CMP004,C001857,2024-11-15,1,539.13,72.0
CMP004,C003464,2024-11-15,0,0.0,72.0
CMP004,C002013,2024-11-15,0,0.0,72.0
CMP004,C001604,2024-11-15,0,0.0,72.0
CMP004,C005477,2024-11-15,0,0.0,72.0
CMP004,C000307,2024-11-15,0,0.0,72.0
CMP004,C003786,2024-11-15,0,0.0,72.0
CMP004,C001632,2024-11-15,0,0.0,72.0
CMP004,C001599,2024-11-15,0,0.0,72.0
CMP004,C005690,2024-11-15,1,122.38,72.0
CMP004,C000650,2024-11-15,0,0.0,72.0
CMP004,C004586,2024-11-15,0,0.0,72.0
CMP004,C002762,2024-11-15,0,0.0,72.0
CMP004,C003162,2024-11-15,0,0.0,72.0
CMP004,C000683,2024-11-15,1,3343.32,72.0
CMP004,C004088,2024-11-15,1,1027.3,72.0
CMP004,C003501,2024-11-15,0,0.0,72.0
CMP004,C000040,2024-11-15,0,0.0,72.0
CMP004,C004735,2024-11-15,0,0.0,72.0
CMP004,C005249,2024-11-15,1,1944.35,72.0
CMP004,C003984,2024-11-15,0,0.0,72.0
CMP004,C003637,2024-11-15,1,399.22,72.0
CMP004,C000567,2024-11-15,0,0.0,72.0
CMP004,C005353,2024-11-15,1,413.89,72.0
CMP004,C003241,2024-11-15,0,0.0,72.0
CMP004,C000982,2024-11-15,1,929.48,72.0
CMP004,C003326,2024-11-15,0,0.0,72.0
CMP004,C001139,2024-11-15,0,0.0,72.0
CMP004,C004237,2024-11-15,0,0.0,72.0
CMP004,C004761,2024-11-15,1,157.54,72.0
CMP004,C000686,2024-11-15,0,0.0,72.0
CMP004,C001567,2024-11-15,0,0.0,72.0
CMP004,C000597,2024-11-15,0,0.0,72.0
CMP004,C001522,2024-11-15,0,0.0,72.0
CMP004,C005079,2024-11-15,1,801.27,72.0
CMP004,C002328,2024-11-15,0,0.0,72.0
CMP004,C003280,2024-11-15,0,0.0,72.0
CMP004,C003832,2024-11-15,1,1998.69,72.0
CMP004,C002304,2024-11-15,0,0.0,72.0
CMP004,C000563,2024-11-15,0,0.0,72.0
CMP004,C004946,2024-11-15,0,0.0,72.0
CMP004,C004927,2024-11-15,0,0.0,72.0
CMP004,C001482,2024-11-15,1,897.27,72.0
CMP004,C000289,2024-11-15,0,0.0,72.0
CMP004,C001753,2024-11-15,0,0.0,72.0
CMP004,C001129,2024-11-15,0,0.0,72.0
CMP004,C002045,2024-11-15,0,0.0,72.0
CMP004,C004388,2024-11-15,0,0.0,72.0
CMP004,C005026,2024-11-15,0,0.0,72.0
CMP004,C002100,2024-11-15,0,0.0,72.0
CMP004,C002592,2024-11-15,1,645.21,72.0
CMP004,C000305,2024-11-15,0,0.0,72.0
CMP004,C004725,2024-11-15,0,0.0,72.0
CMP004,C003105,2024-11-15,0,0.0,72.0
CMP004,C001902,2024-11-15,0,0.0,72.0
CMP004,C003129,2024-11-15,0,0.0,72.0
CMP004,C005257,2024-11-15,0,0.0,72.0
CMP004,C004717,2024-11-15,0,0.0,72.0
CMP004,C002072,2024-11-15,0,0.0,72.0
CMP004,C003735,2024-11-15,0,0.0,72.0
CMP004,C002855,2024-11-15,0,0.0,72.0
CMP004,C004524,2024-11-15,0,0.0,72.0
CMP004,C005157,2024-11-15,0,0.0,72.0
CMP004,C000124,2024-11-15,1,1044.17,72.0
CMP004,C004330,2024-11-15,0,0.0,72.0
CMP004,C001335,2024-11-15,0,0.0,72.0
CMP004,C003595,2024-11-15,1,274.28,72.0
CMP004,C002573,2024-11-15,0,0.0,72.0
CMP004,C000336,2024-11-15,0,0.0,72.0
CMP004,C004841,2024-11-15,0,0.0,72.0
CMP004,C003599,2024-11-15,0,0.0,72.0
CMP004,C000894,2024-11-15,0,0.0,72.0
CMP004,C005887,2024-11-15,0,0.0,72.0
CMP004,C002536,2024-11-15,0,0.0,72.0
CMP004,C002821,2024-11-15,0,0.0,72.0
CMP004,C003442,2024-11-15,0,0.0,72.0
CMP004,C002476,2024-11-15,0,0.0,72.0
CMP004,C001731,2024-11-15,0,0.0,72.0
CMP004,C000694,2024-11-15,0,0.0,72.0
CMP004,C005997,2024-11-15,1,810.09,72.0
CMP004,C003452,2024-11-15,1,3045.82,72.0
CMP004,C003964,2024-11-15,0,0.0,72.0
CMP004,C002081,2024-11-15,1,931.12,72.0
CMP004,C004520,2024-11-15,1,2031.82,72.0
CMP004,C003059,2024-11-15,0,0.0,72.0
CMP004,C002459,2024-11-15,0,0.0,72.0
CMP004,C005607,2024-11-15,0,0.0,72.0
CMP004,C002252,2024-11-15,1,449.11,72.0
CMP004,C002839,2024-11-15,0,0.0,72.0
CMP004,C004150,2024-11-15,0,0.0,72.0
CMP004,C004712,2024-11-15,0,0.0,72.0
CMP004,C001974,2024-11-15,0,0.0,72.0
CMP004,C002049,2024-11-15,0,0.0,72.0
CMP004,C002790,2024-11-15,0,0.0,72.0
CMP004,C001121,2024-11-15,0,0.0,72.0
CMP004,C002630,2024-11-15,0,0.0,72.0
CMP004,C004663,2024-11-15,1,785.55,72.0
CMP004,C004615,2024-11-15,0,0.0,72.0
CMP004,C000060,2024-11-15,0,0.0,72.0
CMP004,C005788,2024-11-15,0,0.0,72.0
CMP004,C000238,2024-11-15,1,2239.76,72.0
CMP004,C001258,2024-11-15,0,0.0,72.0
CMP004,C000906,2024-11-15,0,0.0,72.0
CMP004,C001676,2024-11-15,1,304.4,72.0
CMP004,C001318,2024-11-15,0,0.0,72.0
CMP004,C000889,2024-11-15,1,491.14,72.0
CMP004,C004280,2024-11-15,0,0.0,72.0
CMP004,C001677,2024-11-15,0,0.0,72.0
CMP004,C003121,2024-11-15,1,2306.57,72.0
CMP004,C005484,2024-11-15,0,0.0,72.0
CMP004,C001315,2024-11-15,0,0.0,72.0
CMP004,C005661,2024-11-15,0,0.0,72.0
CMP004,C003310,2024-11-15,1,1542.39,72.0
CMP004,C000922,2024-11-15,0,0.0,72.0
CMP004,C005866,2024-11-15,0,0.0,72.0
CMP004,C001366,2024-11-15,0,0.0,72.0
CMP004,C005589,2024-11-15,0,0.0,72.0
CMP004,C001140,2024-11-15,0,0.0,72.0
CMP004,C002134,2024-11-15,0,0.0,72.0
CMP004,C000086,2024-11-15,0,0.0,72.0
CMP004,C005387,2024-11-15,1,587.65,72.0
CMP004,C004132,2024-11-15,0,0.0,72.0
CMP004,C005860,2024-11-15,0,0.0,72.0
CMP004,C005169,2024-11-15,1,399.99,72.0
CMP004,C004241,2024-11-15,0,0.0,72.0
CMP004,C004266,2024-11-15,0,0.0,72.0
CMP004,C001824,2024-11-15,0,0.0,72.0
CMP004,C000875,2024-11-15,0,0.0,72.0
CMP004,C002463,2024-11-15,1,1373.5,72.0
CMP004,C004652,2024-11-15,0,0.0,72.0
CMP004,C003824,2024-11-15,0,0.0,72.0
CMP004,C003235,2024-11-15,0,0.0,72.0
CMP004,C002841,2024-11-15,1,140.56,72.0
CMP004,C003963,2024-11-15,1,5682.9,72.0
CMP004,C005235,2024-11-15,0,0.0,72.0
CMP004,C001091,2024-11-15,0,0.0,72.0
CMP004,C004944,2024-11-15,0,0.0,72.0
CMP004,C001561,2024-11-15,0,0.0,72.0
CMP004,C004970,2024-11-15,0,0.0,72.0
CMP004,C003434,2024-11-15,1,154.71,72.0
CMP004,C001071,2024-11-15,0,0.0,72.0
CMP004,C001607,2024-11-15,0,0.0,72.0
CMP004,C001332,2024-11-15,0,0.0,72.0
CMP004,C004685,2024-11-15,0,0.0,72.0
CMP004,C004506,2024-11-15,0,0.0,72.0
CMP004,C002949,2024-11-15,0,0.0,72.0
CMP004,C001625,2024-11-15,0,0.0,72.0
CMP004,C005577,2024-11-15,0,0.0,72.0
CMP004,C004106,2024-11-15,0,0.0,72.0
CMP004,C002467,2024-11-15,0,0.0,72.0
CMP004,C002026,2024-11-15,1,274.45,72.0
CMP004,C001940,2024-11-15,1,463.66,72.0
CMP004,C002475,2024-11-15,0,0.0,72.0
CMP004,C003898,2024-11-15,0,0.0,72.0
CMP004,C005514,2024-11-15,1,1516.7,72.0
CMP004,C003381,2024-11-15,0,0.0,72.0
CMP004,C003607,2024-11-15,0,0.0,72.0
CMP004,C005792,2024-11-15,0,0.0,72.0
CMP004,C002202,2024-11-15,0,0.0,72.0
CMP004,C002093,2024-11-15,0,0.0,72.0
CMP004,C003389,2024-11-15,0,0.0,72.0
CMP004,C004092,2024-11-15,0,0.0,72.0
CMP004,C003423,2024-11-15,0,0.0,72.0
CMP004,C003470,2024-11-15,0,0.0,72.0
CMP004,C005964,2024-11-15,0,0.0,72.0
CMP004,C005396,2024-11-15,0,0.0,72.0
CMP004,C001411,2024-11-15,0,0.0,72.0
CMP004,C001371,2024-11-15,0,0.0,72.0
CMP004,C003928,2024-11-15,0,0.0,72.0
CMP004,C003916,2024-11-15,0,0.0,72.0
CMP004,C004977,2024-11-15,0,0.0,72.0
CMP004,C004909,2024-11-15,0,0.0,72.0
CMP004,C005409,2024-11-15,0,0.0,72.0
CMP004,C001278,2024-11-15,0,0.0,72.0
CMP004,C004856,2024-11-15,0,0.0,72.0
CMP004,C002963,2024-11-15,0,0.0,72.0
CMP004,C003394,2024-11-15,1,353.68,72.0
CMP004,C001471,2024-11-15,1,2636.3,72.0
CMP004,C003127,2024-11-15,0,0.0,72.0
CMP004,C004703,2024-11-15,0,0.0,72.0
CMP004,C000599,2024-11-15,0,0.0,72.0
CMP004,C005824,2024-11-15,0,0.0,72.0
CMP004,C000167,2024-11-15,0,0.0,72.0
CMP004,C001450,2024-11-15,0,0.0,72.0
CMP004,C004575,2024-11-15,0,0.0,72.0
CMP004,C002961,2024-11-15,0,0.0,72.0
CMP004,C003994,2024-11-15,0,0.0,72.0
CMP004,C000236,2024-11-15,0,0.0,72.0
CMP004,C005598,2024-11-15,0,0.0,72.0
CMP005,C000214,2025-01-12,0,0.0,61.0
CMP005,C000597,2025-01-12,0,0.0,61.0
CMP005,C002748,2025-01-12,1,481.22,61.0
CMP005,C002669,2025-01-12,1,1334.58,61.0
CMP005,C003322,2025-01-12,0,0.0,61.0
CMP005,C005990,2025-01-12,0,0.0,61.0
CMP005,C004547,2025-01-12,0,0.0,61.0
CMP005,C004865,2025-01-12,0,0.0,61.0
CMP005,C001034,2025-01-12,0,0.0,61.0
CMP005,C005154,2025-01-12,0,0.0,61.0
CMP005,C000760,2025-01-12,0,0.0,61.0
CMP005,C005077,2025-01-12,0,0.0,61.0
CMP005,C002952,2025-01-12,0,0.0,61.0
CMP005,C002458,2025-01-12,1,3340.28,61.0
CMP005,C005992,2025-01-12,0,0.0,61.0
CMP005,C000131,2025-01-12,0,0.0,61.0
CMP005,C005759,2025-01-12,0,0.0,61.0
CMP005,C002728,2025-01-12,1,1717.01,61.0
CMP005,C005382,2025-01-12,0,0.0,61.0
CMP005,C001364,2025-01-12,1,345.97,61.0
CMP005,C004409,2025-01-12,1,809.16,61.0
CMP005,C003943,2025-01-12,0,0.0,61.0
CMP005,C005500,2025-01-12,0,0.0,61.0
CMP005,C004611,2025-01-12,0,0.0,61.0
CMP005,C003230,2025-01-12,0,0.0,61.0
CMP005,C005132,2025-01-12,0,0.0,61.0
CMP005,C003558,2025-01-12,0,0.0,61.0
CMP005,C002814,2025-01-12,1,679.76,61.0
CMP005,C004104,2025-01-12,0,0.0,61.0
CMP005,C000321,2025-01-12,0,0.0,61.0
CMP005,C002269,2025-01-12,0,0.0,61.0
CMP005,C003112,2025-01-12,0,0.0,61.0
CMP005,C003874,2025-01-12,0,0.0,61.0
CMP005,C005839,2025-01-12,1,369.21,61.0
CMP005,C002145,2025-01-12,1,155.76,61.0
CMP005,C004192,2025-01-12,0,0.0,61.0
CMP005,C003868,2025-01-12,0,0.0,61.0
CMP005,C005169,2025-01-12,0,0.0,61.0
CMP005,C002881,2025-01-12,0,0.0,61.0
CMP005,C000901,2025-01-12,0,0.0,61.0
CMP005,C004811,2025-01-12,0,0.0,61.0
CMP005,C001493,2025-01-12,0,0.0,61.0
CMP005,C001892,2025-01-12,0,0.0,61.0
CMP005,C005933,2025-01-12,1,1700.82,61.0
CMP005,C005247,2025-01-12,1,1004.05,61.0
CMP005,C001619,2025-01-12,0,0.0,61.0
CMP005,C005220,2025-01-12,1,1715.35,61.0
CMP005,C000819,2025-01-12,0,0.0,61.0
CMP005,C005133,2025-01-12,0,0.0,61.0
CMP005,C000665,2025-01-12,0,0.0,61.0
CMP005,C003041,2025-01-12,0,0.0,61.0
CMP005,C005337,2025-01-12,1,719.51,61.0
CMP005,C005025,2025-01-12,0,0.0,61.0
CMP005,C004285,2025-01-12,0,0.0,61.0
CMP005,C000979,2025-01-12,0,0.0,61.0
CMP005,C003783,2025-01-12,0,0.0,61.0
CMP005,C000475,2025-01-12,0,0.0,61.0
CMP005,C003306,2025-01-12,0,0.0,61.0
CMP005,C005695,2025-01-12,1,2778.1,61.0
CMP005,C005573,2025-01-12,1,1759.43,61.0
CMP005,C001875,2025-01-12,0,0.0,61.0
CMP005,C000454,2025-01-12,0,0.0,61.0
CMP005,C000170,2025-01-12,0,0.0,61.0
CMP005,C000897,2025-01-12,0,0.0,61.0
CMP005,C004422,2025-01-12,0,0.0,61.0
CMP005,C005775,2025-01-12,0,0.0,61.0
CMP005,C000861,2025-01-12,0,0.0,61.0
CMP005,C000914,2025-01-12,1,600.24,61.0
CMP005,C002250,2025-01-12,1,1604.98,61.0
CMP005,C000693,2025-01-12,0,0.0,61.0
CMP005,C005315,2025-01-12,0,0.0,61.0
CMP005,C001860,2025-01-12,0,0.0,61.0
CMP005,C003654,2025-01-12,0,0.0,61.0
CMP005,C004491,2025-01-12,0,0.0,61.0
CMP005,C004906,2025-01-12,0,0.0,61.0
CMP005,C000381,2025-01-12,0,0.0,61.0
CMP005,C003820,2025-01-12,0,0.0,61.0
CMP005,C005530,2025-01-12,0,0.0,61.0
CMP005,C003252,2025-01-12,1,630.16,61.0
CMP005,C005221,2025-01-12,0,0.0,61.0
CMP005,C002882,2025-01-12,0,0.0,61.0
CMP005,C003258,2025-01-12,0,0.0,61.0
CMP005,C001703,2025-01-12,0,0.0,61.0
CMP005,C004146,2025-01-12,0,0.0,61.0
CMP005,C001308,2025-01-12,0,0.0,61.0
CMP005,C004880,2025-01-12,0,0.0,61.0
CMP005,C005635,2025-01-12,1,875.27,61.0
CMP005,C004960,2025-01-12,0,0.0,61.0
CMP005,C003176,2025-01-12,0,0.0,61.0
CMP005,C003542,2025-01-12,0,0.0,61.0
CMP005,C003451,2025-01-12,1,1372.47,61.0
CMP005,C005224,2025-01-12,0,0.0,61.0
CMP005,C000354,2025-01-12,0,0.0,61.0
CMP005,C000438,2025-01-12,0,0.0,61.0
CMP005,C004116,2025-01-12,1,557.01,61.0
CMP005,C002005,2025-01-12,0,0.0,61.0
CMP005,C004022,2025-01-12,0,0.0,61.0
CMP005,C000064,2025-01-12,0,0.0,61.0
CMP005,C000211,2025-01-12,0,0.0,61.0
CMP005,C002037,2025-01-12,0,0.0,61.0
CMP005,C001091,2025-01-12,0,0.0,61.0
CMP005,C002795,2025-01-12,0,0.0,61.0
CMP005,C000866,2025-01-12,1,1028.98,61.0
CMP005,C001487,2025-01-12,1,322.79,61.0
CMP005,C005206,2025-01-12,0,0.0,61.0
CMP005,C001690,2025-01-12,0,0.0,61.0
CMP005,C000197,2025-01-12,0,0.0,61.0
CMP005,C000941,2025-01-12,0,0.0,61.0
CMP005,C003065,2025-01-12,0,0.0,61.0
CMP005,C001144,2025-01-12,0,0.0,61.0
CMP005,C002700,2025-01-12,0,0.0,61.0
CMP005,C005746,2025-01-12,0,0.0,61.0
CMP005,C002213,2025-01-12,0,0.0,61.0
CMP005,C002645,2025-01-12,0,0.0,61.0
CMP005,C001673,2025-01-12,0,0.0,61.0
CMP005,C003607,2025-01-12,0,0.0,61.0
CMP005,C001381,2025-01-12,0,0.0,61.0
CMP005,C004322,2025-01-12,1,1490.49,61.0
CMP005,C001004,2025-01-12,0,0.0,61.0
CMP005,C001093,2025-01-12,0,0.0,61.0
CMP005,C005175,2025-01-12,0,0.0,61.0
CMP005,C001670,2025-01-12,1,214.65,61.0
CMP005,C000443,2025-01-12,0,0.0,61.0
CMP005,C003116,2025-01-12,0,0.0,61.0
CMP005,C002807,2025-01-12,0,0.0,61.0
CMP005,C003432,2025-01-12,0,0.0,61.0
CMP005,C002412,2025-01-12,0,0.0,61.0
CMP005,C001772,2025-01-12,0,0.0,61.0
CMP005,C003136,2025-01-12,0,0.0,61.0
CMP005,C000007,2025-01-12,0,0.0,61.0
CMP005,C005091,2025-01-12,0,0.0,61.0
CMP005,C000644,2025-01-12,0,0.0,61.0
CMP005,C002982,2025-01-12,1,188.67,61.0
CMP005,C001285,2025-01-12,1,359.76,61.0
CMP005,C005905,2025-01-12,0,0.0,61.0
CMP005,C000772,2025-01-12,0,0.0,61.0
CMP005,C004850,2025-01-12,0,0.0,61.0
CMP005,C001009,2025-01-12,0,0.0,61.0
CMP005,C005727,2025-01-12,0,0.0,61.0
CMP005,C000393,2025-01-12,0,0.0,61.0
CMP005,C001466,2025-01-12,0,0.0,61.0
CMP005,C002955,2025-01-12,1,3401.53,61.0
CMP005,C002614,2025-01-12,0,0.0,61.0
CMP005,C005723,2025-01-12,1,1260.72,61.0
CMP005,C003597,2025-01-12,0,0.0,61.0
CMP005,C004012,2025-01-12,0,0.0,61.0
CMP005,C002756,2025-01-12,0,0.0,61.0
CMP005,C003507,2025-01-12,1,2125.28,61.0
CMP005,C005131,2025-01-12,0,0.0,61.0
CMP005,C003696,2025-01-12,0,0.0,61.0
CMP005,C000651,2025-01-12,0,0.0,61.0
CMP005,C005665,2025-01-12,1,587.39,61.0
CMP005,C002319,2025-01-12,0,0.0,61.0
CMP005,C002456,2025-01-12,0,0.0,61.0
CMP005,C005376,2025-01-12,0,0.0,61.0
CMP005,C005895,2025-01-12,0,0.0,61.0
CMP005,C001902,2025-01-12,0,0.0,61.0
CMP005,C000302,2025-01-12,0,0.0,61.0
CMP005,C004974,2025-01-12,0,0.0,61.0
CMP005,C002984,2025-01-12,0,0.0,61.0
CMP005,C003326,2025-01-12,0,0.0,61.0
CMP005,C002643,2025-01-12,0,0.0,61.0
CMP005,C003719,2025-01-12,0,0.0,61.0
CMP005,C003044,2025-01-12,0,0.0,61.0
CMP005,C004080,2025-01-12,0,0.0,61.0
CMP005,C003873,2025-01-12,1,806.16,61.0
CMP005,C001378,2025-01-12,0,0.0,61.0
CMP005,C002463,2025-01-12,0,0.0,61.0
CMP005,C000562,2025-01-12,0,0.0,61.0
CMP005,C003339,2025-01-12,0,0.0,61.0
CMP005,C000194,2025-01-12,0,0.0,61.0
CMP005,C002398,2025-01-12,0,0.0,61.0
CMP005,C000251,2025-01-12,0,0.0,61.0
CMP005,C002875,2025-01-12,0,0.0,61.0
CMP005,C000955,2025-01-12,0,0.0,61.0
CMP005,C003902,2025-01-12,1,3382.1,61.0
CMP005,C002429,2025-01-12,0,0.0,61.0
CMP005,C000242,2025-01-12,0,0.0,61.0
CMP005,C005872,2025-01-12,0,0.0,61.0
CMP005,C003524,2025-01-12,0,0.0,61.0
CMP005,C001631,2025-01-12,0,0.0,61.0
CMP005,C004465,2025-01-12,1,1259.23,61.0
CMP005,C000971,2025-01-12,0,0.0,61.0
CMP005,C000210,2025-01-12,0,0.0,61.0
CMP005,C002587,2025-01-12,0,0.0,61.0
CMP005,C004003,2025-01-12,0,0.0,61.0
CMP005,C004004,2025-01-12,0,0.0,61.0
CMP005,C005559,2025-01-12,0,0.0,61.0
CMP005,C000014,2025-01-12,0,0.0,61.0
CMP005,C005314,2025-01-12,1,4640.03,61.0
CMP005,C000563,2025-01-12,0,0.0,61.0
CMP005,C000289,2025-01-12,0,0.0,61.0
CMP005,C002529,2025-01-12,0,0.0,61.0
CMP005,C000181,2025-01-12,0,0.0,61.0
CMP005,C005516,2025-01-12,0,0.0,61.0
CMP005,C002481,2025-01-12,1,118.11,61.0
CMP005,C003701,2025-01-12,1,1757.6,61.0
CMP005,C003335,2025-01-12,0,0.0,61.0
CMP005,C004938,2025-01-12,0,0.0,61.0
CMP005,C005701,2025-01-12,0,0.0,61.0
CMP005,C000744,2025-01-12,0,0.0,61.0
CMP005,C003773,2025-01-12,0,0.0,61.0
CMP005,C005216,2025-01-12,0,0.0,61.0
CMP005,C005932,2025-01-12,0,0.0,61.0
CMP005,C001277,2025-01-12,0,0.0,61.0
CMP005,C003492,2025-01-12,0,0.0,61.0
CMP005,C004150,2025-01-12,1,2235.28,61.0
CMP005,C002466,2025-01-12,1,1529.54,61.0
CMP005,C005690,2025-01-12,1,1659.21,61.0
CMP005,C000350,2025-01-12,1,1052.11,61.0
CMP005,C004018,2025-01-12,0,0.0,61.0
CMP005,C003295,2025-01-12,0,0.0,61.0
CMP005,C004500,2025-01-12,0,0.0,61.0
CMP005,C005724,2025-01-12,1,1465.68,61.0
CMP005,C004362,2025-01-12,0,0.0,61.0
CMP005,C001331,2025-01-12,0,0.0,61.0
CMP005,C001702,2025-01-12,0,0.0,61.0
CMP005,C005702,2025-01-12,0,0.0,61.0
CMP005,C005076,2025-01-12,0,0.0,61.0
CMP005,C005223,2025-01-12,0,0.0,61.0
CMP005,C001113,2025-01-12,0,0.0,61.0
CMP005,C004161,2025-01-12,0,0.0,61.0
CMP005,C002483,2025-01-12,1,128.61,61.0
CMP005,C001278,2025-01-12,0,0.0,61.0
CMP005,C004419,2025-01-12,0,0.0,61.0
CMP005,C000806,2025-01-12,0,0.0,61.0
CMP005,C004453,2025-01-12,1,2573.09,61.0
CMP005,C002415,2025-01-12,0,0.0,61.0
CMP005,C003702,2025-01-12,1,284.24,61.0
CMP005,C001887,2025-01-12,0,0.0,61.0
CMP005,C000746,2025-01-12,0,0.0,61.0
CMP005,C004426,2025-01-12,0,0.0,61.0
CMP005,C002019,2025-01-12,1,143.79,61.0
CMP005,C003496,2025-01-12,1,1194.81,61.0
CMP005,C001560,2025-01-12,0,0.0,61.0
CMP005,C000654,2025-01-12,1,775.79,61.0
CMP005,C003918,2025-01-12,0,0.0,61.0
CMP005,C005911,2025-01-12,0,0.0,61.0
CMP005,C003982,2025-01-12,0,0.0,61.0
CMP005,C002990,2025-01-12,0,0.0,61.0
CMP005,C003389,2025-01-12,0,0.0,61.0
CMP005,C003428,2025-01-12,0,0.0,61.0
CMP005,C004636,2025-01-12,1,243.05,61.0
CMP005,C000796,2025-01-12,0,0.0,61.0
CMP005,C003778,2025-01-12,0,0.0,61.0
CMP005,C003671,2025-01-12,0,0.0,61.0
CMP005,C004535,2025-01-12,0,0.0,61.0
CMP005,C005740,2025-01-12,0,0.0,61.0
CMP005,C003808,2025-01-12,0,0.0,61.0
CMP005,C005731,2025-01-12,0,0.0,61.0
CMP005,C004631,2025-01-12,0,0.0,61.0
CMP005,C001476,2025-01-12,0,0.0,61.0
CMP005,C002580,2025-01-12,0,0.0,61.0
CMP005,C002845,2025-01-12,0,0.0,61.0
CMP005,C004020,2025-01-12,0,0.0,61.0
CMP005,C004349,2025-01-12,0,0.0,61.0
CMP005,C001594,2025-01-12,0,0.0,61.0
CMP005,C000250,2025-01-12,0,0.0,61.0
CMP005,C003422,2025-01-12,0,0.0,61.0
CMP005,C002779,2025-01-12,0,0.0,61.0
CMP005,C001870,2025-01-12,0,0.0,61.0
CMP005,C004519,2025-01-12,1,953.22,61.0
CMP005,C005888,2025-01-12,1,2670.1,61.0
CMP005,C002593,2025-01-12,0,0.0,61.0
CMP005,C003487,2025-01-12,0,0.0,61.0
CMP005,C005258,2025-01-12,0,0.0,61.0
CMP005,C004198,2025-01-12,0,0.0,61.0
CMP005,C000896,2025-01-12,0,0.0,61.0
CMP005,C005525,2025-01-12,1,2165.12,61.0
CMP005,C000647,2025-01-12,0,0.0,61.0
CMP005,C000523,2025-01-12,0,0.0,61.0
CMP005,C005272,2025-01-12,1,590.94,61.0
CMP005,C002374,2025-01-12,0,0.0,61.0
CMP005,C002867,2025-01-12,0,0.0,61.0
CMP005,C003224,2025-01-12,0,0.0,61.0
CMP005,C003047,2025-01-12,0,0.0,61.0
CMP005,C001611,2025-01-12,0,0.0,61.0
CMP005,C003695,2025-01-12,0,0.0,61.0
CMP005,C005694,2025-01-12,0,0.0,61.0
CMP005,C000689,2025-01-12,0,0.0,61.0
CMP005,C000808,2025-01-12,0,0.0,61.0
CMP005,C002096,2025-01-12,0,0.0,61.0
CMP005,C001024,2025-01-12,0,0.0,61.0
CMP005,C002303,2025-01-12,1,1764.0,61.0
CMP005,C004367,2025-01-12,0,0.0,61.0
CMP005,C004172,2025-01-12,0,0.0,61.0
CMP005,C005716,2025-01-12,0,0.0,61.0
CMP005,C003582,2025-01-12,1,927.47,61.0
CMP005,C005239,2025-01-12,0,0.0,61.0
CMP005,C005745,2025-01-12,0,0.0,61.0
CMP005,C003746,2025-01-12,0,0.0,61.0
CMP005,C003135,2025-01-12,0,0.0,61.0
CMP005,C001106,2025-01-12,0,0.0,61.0
CMP005,C003086,2025-01-12,1,1818.56,61.0
CMP005,C003817,2025-01-12,0,0.0,61.0
CMP005,C005993,2025-01-12,0,0.0,61.0
CMP005,C004950,2025-01-12,0,0.0,61.0
CMP005,C000846,2025-01-12,0,0.0,61.0
CMP005,C001752,2025-01-12,0,0.0,61.0
CMP005,C000976,2025-01-12,0,0.0,61.0
CMP005,C003103,2025-01-12,1,1344.12,61.0
CMP005,C004742,2025-01-12,0,0.0,61.0
CMP005,C004490,2025-01-12,1,4498.64,61.0
CMP005,C002208,2025-01-12,0,0.0,61.0
CMP005,C003841,2025-01-12,0,0.0,61.0
CMP005,C004686,2025-01-12,0,0.0,61.0
CMP005,C003512,2025-01-12,0,0.0,61.0
CMP005,C003394,2025-01-12,0,0.0,61.0
CMP005,C005902,2025-01-12,0,0.0,61.0
CMP005,C003236,2025-01-12,0,0.0,61.0
CMP005,C000798,2025-01-12,0,0.0,61.0
CMP005,C005865,2025-01-12,0,0.0,61.0
CMP005,C003844,2025-01-12,0,0.0,61.0
CMP005,C004136,2025-01-12,0,0.0,61.0
CMP005,C004918,2025-01-12,0,0.0,61.0
CMP005,C000118,2025-01-12,1,549.25,61.0
CMP005,C004241,2025-01-12,0,0.0,61.0
CMP005,C004959,2025-01-12,0,0.0,61.0
CMP005,C000910,2025-01-12,0,0.0,61.0
CMP005,C000157,2025-01-12,0,0.0,61.0
CMP005,C000006,2025-01-12,0,0.0,61.0
CMP005,C005446,2025-01-12,0,0.0,61.0
CMP005,C000829,2025-01-12,0,0.0,61.0
CMP005,C004468,2025-01-12,0,0.0,61.0
CMP005,C004744,2025-01-12,0,0.0,61.0
CMP005,C002461,2025-01-12,1,2098.01,61.0
CMP005,C001786,2025-01-12,0,0.0,61.0
CMP005,C000441,2025-01-12,0,0.0,61.0
CMP005,C005725,2025-01-12,0,0.0,61.0
CMP005,C004204,2025-01-12,1,1152.67,61.0
CMP005,C005544,2025-01-12,0,0.0,61.0
CMP005,C002628,2025-01-12,1,1346.18,61.0
CMP005,C005659,2025-01-12,1,1812.06,61.0
CMP005,C001047,2025-01-12,1,138.1,61.0
CMP005,C002713,2025-01-12,0,0.0,61.0
CMP005,C005765,2025-01-12,0,0.0,61.0
CMP005,C002386,2025-01-12,0,0.0,61.0
CMP005,C005968,2025-01-12,0,0.0,61.0
CMP005,C003313,2025-01-12,0,0.0,61.0
CMP005,C002059,2025-01-12,0,0.0,61.0
CMP005,C001425,2025-01-12,0,0.0,61.0
CMP005,C002787,2025-01-12,0,0.0,61.0
CMP005,C004119,2025-01-12,0,0.0,61.0
CMP005,C000190,2025-01-12,0,0.0,61.0
CMP005,C004087,2025-01-12,0,0.0,61.0
CMP005,C004137,2025-01-12,0,0.0,61.0
CMP005,C003959,2025-01-12,0,0.0,61.0
CMP005,C001366,2025-01-12,1,991.04,61.0
CMP005,C003127,2025-01-12,0,0.0,61.0
CMP005,C003580,2025-01-12,0,0.0,61.0
CMP005,C004665,2025-01-12,0,0.0,61.0
CMP005,C005424,2025-01-12,0,0.0,61.0
CMP005,C002216,2025-01-12,0,0.0,61.0
CMP005,C004279,2025-01-12,1,627.15,61.0
CMP005,C002771,2025-01-12,0,0.0,61.0
CMP005,C000140,2025-01-12,0,0.0,61.0
CMP005,C004522,2025-01-12,1,1782.86,61.0
CMP005,C004201,2025-01-12,1,862.7,61.0
CMP005,C000229,2025-01-12,0,0.0,61.0
CMP005,C005823,2025-01-12,1,1099.8,61.0
CMP005,C001133,2025-01-12,0,0.0,61.0
CMP005,C001474,2025-01-12,1,1115.96,61.0
CMP005,C002916,2025-01-12,0,0.0,61.0
CMP005,C000328,2025-01-12,0,0.0,61.0
CMP005,C005736,2025-01-12,0,0.0,61.0
CMP005,C001437,2025-01-12,0,0.0,61.0
CMP005,C000659,2025-01-12,0,0.0,61.0
CMP005,C001829,2025-01-12,0,0.0,61.0
CMP005,C004337,2025-01-12,0,0.0,61.0
CMP005,C000799,2025-01-12,0,0.0,61.0
CMP005,C000401,2025-01-12,0,0.0,61.0
CMP005,C001529,2025-01-12,0,0.0,61.0
CMP005,C003851,2025-01-12,0,0.0,61.0
CMP005,C002762,2025-01-12,0,0.0,61.0
CMP005,C000230,2025-01-12,0,0.0,61.0
CMP005,C004625,2025-01-12,0,0.0,61.0
CMP005,C001391,2025-01-12,0,0.0,61.0
CMP005,C005864,2025-01-12,1,3197.82,61.0
CMP005,C005200,2025-01-12,0,0.0,61.0
CMP005,C001168,2025-01-12,0,0.0,61.0
CMP005,C001448,2025-01-12,0,0.0,61.0
CMP005,C001018,2025-01-12,0,0.0,61.0
CMP005,C002302,2025-01-12,1,2172.16,61.0
CMP005,C003530,2025-01-12,0,0.0,61.0
CMP005,C001321,2025-01-12,1,237.73,61.0
CMP005,C001120,2025-01-12,0,0.0,61.0
CMP005,C002941,2025-01-12,0,0.0,61.0
CMP005,C004787,2025-01-12,0,0.0,61.0
CMP005,C003290,2025-01-12,1,2368.15,61.0
CMP005,C004358,2025-01-12,0,0.0,61.0
CMP005,C002295,2025-01-12,0,0.0,61.0
CMP005,C003478,2025-01-12,0,0.0,61.0
CMP005,C000906,2025-01-12,0,0.0,61.0
CMP005,C004421,2025-01-12,0,0.0,61.0
CMP005,C004412,2025-01-12,0,0.0,61.0
CMP005,C001049,2025-01-12,0,0.0,61.0
CMP005,C000111,2025-01-12,0,0.0,61.0
CMP005,C003119,2025-01-12,0,0.0,61.0
CMP005,C001061,2025-01-12,0,0.0,61.0
CMP005,C005065,2025-01-12,0,0.0,61.0
CMP005,C002754,2025-01-12,0,0.0,61.0
CMP005,C003586,2025-01-12,0,0.0,61.0
CMP005,C002155,2025-01-12,0,0.0,61.0
CMP005,C000442,2025-01-12,0,0.0,61.0
CMP005,C000658,2025-01-12,0,0.0,61.0
CMP005,C001334,2025-01-12,0,0.0,61.0
CMP005,C001301,2025-01-12,1,2753.61,61.0
CMP005,C005359,2025-01-12,0,0.0,61.0
CMP005,C005353,2025-01-12,0,0.0,61.0
CMP005,C001335,2025-01-12,1,1015.45,61.0
CMP005,C001694,2025-01-12,0,0.0,61.0
CMP005,C005920,2025-01-12,0,0.0,61.0
CMP005,C003715,2025-01-12,0,0.0,61.0
CMP005,C000447,2025-01-12,1,576.26,61.0
CMP005,C001680,2025-01-12,0,0.0,61.0
CMP005,C005597,2025-01-12,1,480.8,61.0
CMP005,C000221,2025-01-12,1,3382.2,61.0
CMP005,C005684,2025-01-12,0,0.0,61.0
CMP005,C005335,2025-01-12,1,2493.79,61.0
CMP005,C003854,2025-01-12,0,0.0,61.0
CMP005,C005033,2025-01-12,0,0.0,61.0
CMP005,C004043,2025-01-12,0,0.0,61.0
CMP005,C003385,2025-01-12,0,0.0,61.0
CMP005,C001834,2025-01-12,0,0.0,61.0
CMP005,C001660,2025-01-12,0,0.0,61.0
CMP005,C005744,2025-01-12,0,0.0,61.0
CMP005,C002459,2025-01-12,0,0.0,61.0
CMP005,C005625,2025-01-12,0,0.0,61.0
CMP005,C001450,2025-01-12,0,0.0,61.0
CMP005,C005749,2025-01-12,0,0.0,61.0
CMP005,C004695,2025-01-12,0,0.0,61.0
CMP005,C003207,2025-01-12,0,0.0,61.0
CMP005,C004903,2025-01-12,0,0.0,61.0
CMP005,C001674,2025-01-12,1,1129.45,61.0
CMP005,C001396,2025-01-12,1,2219.62,61.0
CMP005,C004481,2025-01-12,1,196.05,61.0
CMP005,C000311,2025-01-12,0,0.0,61.0
CMP005,C000781,2025-01-12,0,0.0,61.0
CMP005,C003408,2025-01-12,0,0.0,61.0
CMP005,C004284,2025-01-12,0,0.0,61.0
CMP005,C005842,2025-01-12,1,2187.51,61.0
CMP005,C000106,2025-01-12,0,0.0,61.0
CMP005,C002991,2025-01-12,0,0.0,61.0
CMP005,C004564,2025-01-12,0,0.0,61.0
CMP005,C004383,2025-01-12,0,0.0,61.0
CMP005,C005445,2025-01-12,0,0.0,61.0
CMP005,C001092,2025-01-12,0,0.0,61.0
CMP005,C001157,2025-01-12,0,0.0,61.0
CMP005,C005163,2025-01-12,0,0.0,61.0
CMP005,C000254,2025-01-12,0,0.0,61.0
CMP005,C002753,2025-01-12,0,0.0,61.0
CMP005,C001318,2025-01-12,0,0.0,61.0
CMP005,C005116,2025-01-12,0,0.0,61.0
CMP005,C003042,2025-01-12,0,0.0,61.0
CMP005,C000413,2025-01-12,0,0.0,61.0
CMP005,C004755,2025-01-12,0,0.0,61.0
CMP005,C003503,2025-01-12,0,0.0,61.0
CMP005,C003928,2025-01-12,0,0.0,61.0
CMP005,C001874,2025-01-12,0,0.0,61.0
CMP005,C005409,2025-01-12,0,0.0,61.0
CMP005,C005427,2025-01-12,1,911.5,61.0
CMP005,C004031,2025-01-12,0,0.0,61.0
CMP005,C002108,2025-01-12,0,0.0,61.0
CMP005,C002009,2025-01-12,1,2039.43,61.0
CMP005,C004103,2025-01-12,0,0.0,61.0
CMP005,C000521,2025-01-12,0,0.0,61.0
CMP005,C004592,2025-01-12,0,0.0,61.0
CMP005,C002971,2025-01-12,0,0.0,61.0
CMP005,C004601,2025-01-12,1,587.74,61.0
CMP005,C003054,2025-01-12,0,0.0,61.0
CMP005,C005502,2025-01-12,0,0.0,61.0
CMP005,C002998,2025-01-12,0,0.0,61.0
CMP005,C003998,2025-01-12,0,0.0,61.0
CMP005,C005566,2025-01-12,0,0.0,61.0
CMP005,C002186,2025-01-12,0,0.0,61.0
CMP005,C000038,2025-01-12,0,0.0,61.0
CMP005,C002903,2025-01-12,0,0.0,61.0
CMP005,C004958,2025-01-12,1,1028.51,61.0
CMP005,C004505,2025-01-12,0,0.0,61.0
CMP005,C002620,2025-01-12,0,0.0,61.0
CMP005,C001483,2025-01-12,0,0.0,61.0
CMP005,C005948,2025-01-12,1,658.18,61.0
CMP005,C004300,2025-01-12,1,6011.9,61.0
CMP005,C000249,2025-01-12,0,0.0,61.0
CMP005,C002862,2025-01-12,0,0.0,61.0
CMP005,C000539,2025-01-12,0,0.0,61.0
CMP005,C004644,2025-01-12,0,0.0,61.0
CMP005,C004668,2025-01-12,0,0.0,61.0
CMP005,C001951,2025-01-12,0,0.0,61.0
CMP005,C001327,2025-01-12,1,447.69,61.0
CMP005,C004606,2025-01-12,0,0.0,61.0
CMP005,C002198,2025-01-12,0,0.0,61.0
CMP005,C002364,2025-01-12,0,0.0,61.0
CMP005,C005039,2025-01-12,0,0.0,61.0
CMP005,C003001,2025-01-12,0,0.0,61.0
CMP005,C001709,2025-01-12,0,0.0,61.0
CMP005,C000615,2025-01-12,0,0.0,61.0
CMP005,C005252,2025-01-12,0,0.0,61.0
CMP005,C004372,2025-01-12,0,0.0,61.0
CMP005,C003266,2025-01-12,1,1218.31,61.0
CMP005,C001921,2025-01-12,0,0.0,61.0
CMP005,C004467,2025-01-12,0,0.0,61.0
CMP005,C002810,2025-01-12,0,0.0,61.0
CMP005,C001291,2025-01-12,0,0.0,61.0
CMP005,C005408,2025-01-12,0,0.0,61.0
CMP005,C001417,2025-01-12,0,0.0,61.0
CMP005,C004660,2025-01-12,0,0.0,61.0
CMP005,C005866,2025-01-12,0,0.0,61.0
CMP005,C001880,2025-01-12,0,0.0,61.0
CMP005,C002349,2025-01-12,0,0.0,61.0
CMP005,C005466,2025-01-12,0,0.0,61.0
CMP005,C005593,2025-01-12,0,0.0,61.0
CMP005,C000082,2025-01-12,1,1286.63,61.0
CMP005,C004808,2025-01-12,0,0.0,61.0
CMP005,C005343,2025-01-12,0,0.0,61.0
CMP005,C000892,2025-01-12,0,0.0,61.0
CMP005,C001871,2025-01-12,0,0.0,61.0
CMP005,C003312,2025-01-12,1,1441.44,61.0
CMP005,C000908,2025-01-12,0,0.0,61.0
CMP005,C001462,2025-01-12,0,0.0,61.0
CMP005,C005961,2025-01-12,0,0.0,61.0
CMP005,C004664,2025-01-12,0,0.0,61.0
CMP005,C005374,2025-01-12,0,0.0,61.0
CMP005,C002936,2025-01-12,0,0.0,61.0
CMP005,C003764,2025-01-12,1,231.9,61.0
CMP005,C004780,2025-01-12,0,0.0,61.0
CMP005,C003924,2025-01-12,0,0.0,61.0
CMP005,C004884,2025-01-12,0,0.0,61.0
CMP005,C004008,2025-01-12,0,0.0,61.0
CMP005,C002408,2025-01-12,1,644.3,61.0
CMP005,C003561,2025-01-12,0,0.0,61.0
CMP005,C003085,2025-01-12,0,0.0,61.0
CMP005,C004273,2025-01-12,0,0.0,61.0
CMP005,C001201,2025-01-12,0,0.0,61.0
CMP005,C002924,2025-01-12,0,0.0,61.0
CMP005,C004940,2025-01-12,0,0.0,61.0
CMP005,C004724,2025-01-12,0,0.0,61.0
CMP005,C001906,2025-01-12,0,0.0,61.0
CMP005,C002244,2025-01-12,1,448.96,61.0
CMP005,C001423,2025-01-12,0,0.0,61.0
CMP005,C001138,2025-01-12,0,0.0,61.0
CMP005,C005292,2025-01-12,0,0.0,61.0
CMP005,C004721,2025-01-12,1,1426.5,61.0
CMP005,C004335,2025-01-12,0,0.0,61.0
CMP005,C001121,2025-01-12,0,0.0,61.0
CMP005,C002954,2025-01-12,1,1222.71,61.0
CMP005,C001739,2025-01-12,1,496.55,61.0
CMP005,C000166,2025-01-12,1,1322.38,61.0
CMP005,C004988,2025-01-12,0,0.0,61.0
CMP005,C003472,2025-01-12,0,0.0,61.0
CMP005,C001393,2025-01-12,0,0.0,61.0
CMP005,C004675,2025-01-12,1,626.41,61.0
CMP005,C004837,2025-01-12,1,760.82,61.0
CMP005,C005606,2025-01-12,0,0.0,61.0
CMP005,C004687,2025-01-12,0,0.0,61.0
CMP005,C001041,2025-01-12,0,0.0,61.0
CMP005,C004578,2025-01-12,0,0.0,61.0
CMP005,C000864,2025-01-12,0,0.0,61.0
CMP005,C001580,2025-01-12,0,0.0,61.0
CMP005,C002811,2025-01-12,0,0.0,61.0
CMP005,C004977,2025-01-12,0,0.0,61.0
CMP005,C005956,2025-01-12,0,0.0,61.0
CMP005,C002092,2025-01-12,0,0.0,61.0
CMP005,C003554,2025-01-12,0,0.0,61.0
CMP005,C002819,2025-01-12,0,0.0,61.0
CMP005,C000602,2025-01-12,0,0.0,61.0
CMP005,C005681,2025-01-12,0,0.0,61.0
CMP005,C002264,2025-01-12,0,0.0,61.0
CMP005,C003978,2025-01-12,0,0.0,61.0
CMP005,C003882,2025-01-12,0,0.0,61.0
CMP005,C000573,2025-01-12,0,0.0,61.0
CMP005,C001731,2025-01-12,0,0.0,61.0
CMP005,C003467,2025-01-12,0,0.0,61.0
CMP005,C002194,2025-01-12,0,0.0,61.0
CMP005,C002860,2025-01-12,0,0.0,61.0
CMP005,C000296,2025-01-12,0,0.0,61.0
CMP005,C000991,2025-01-12,0,0.0,61.0
CMP005,C003547,2025-01-12,1,527.67,61.0
CMP005,C004596,2025-01-12,0,0.0,61.0
CMP005,C004366,2025-01-12,0,0.0,61.0
CMP005,C003164,2025-01-12,0,0.0,61.0
CMP005,C003144,2025-01-12,0,0.0,61.0
CMP005,C001824,2025-01-12,0,0.0,61.0
CMP005,C005208,2025-01-12,1,3330.54,61.0
CMP005,C004956,2025-01-12,0,0.0,61.0
CMP005,C002061,2025-01-12,0,0.0,61.0
CMP005,C004879,2025-01-12,0,0.0,61.0
CMP005,C000089,2025-01-12,0,0.0,61.0
CMP005,C003391,2025-01-12,0,0.0,61.0
CMP005,C005590,2025-01-12,0,0.0,61.0
CMP005,C000466,2025-01-12,0,0.0,61.0
CMP005,C001537,2025-01-12,0,0.0,61.0
CMP005,C001551,2025-01-12,0,0.0,61.0
CMP005,C002752,2025-01-12,0,0.0,61.0
CMP005,C000657,2025-01-12,0,0.0,61.0
CMP005,C000678,2025-01-12,1,794.68,61.0
CMP005,C001470,2025-01-12,0,0.0,61.0
CMP005,C005373,2025-01-12,0,0.0,61.0
CMP005,C003192,2025-01-12,0,0.0,61.0
CMP005,C003080,2025-01-12,0,0.0,61.0
CMP005,C000494,2025-01-12,0,0.0,61.0
CMP005,C000261,2025-01-12,1,379.47,61.0
CMP005,C001082,2025-01-12,0,0.0,61.0
CMP005,C000885,2025-01-12,0,0.0,61.0
CMP005,C002855,2025-01-12,0,0.0,61.0
CMP005,C001359,2025-01-12,0,0.0,61.0
CMP005,C000022,2025-01-12,0,0.0,61.0
CMP005,C002210,2025-01-12,1,166.39,61.0
CMP005,C001550,2025-01-12,0,0.0,61.0
CMP005,C004446,2025-01-12,0,0.0,61.0
CMP005,C002886,2025-01-12,0,0.0,61.0
CMP005,C004054,2025-01-12,0,0.0,61.0
CMP005,C005862,2025-01-12,0,0.0,61.0
CMP005,C004545,2025-01-12,0,0.0,61.0
CMP005,C005898,2025-01-12,0,0.0,61.0
CMP005,C001533,2025-01-12,0,0.0,61.0
CMP005,C001052,2025-01-12,0,0.0,61.0
CMP005,C004331,2025-01-12,0,0.0,61.0
CMP005,C004588,2025-01-12,1,1263.6,61.0
CMP005,C005743,2025-01-12,0,0.0,61.0
CMP005,C001939,2025-01-12,0,0.0,61.0
CMP005,C004968,2025-01-12,0,0.0,61.0
CMP005,C005892,2025-01-12,0,0.0,61.0
CMP005,C002715,2025-01-12,1,716.5,61.0
CMP005,C003053,2025-01-12,0,0.0,61.0
CMP005,C004202,2025-01-12,0,0.0,61.0
CMP005,C002056,2025-01-12,0,0.0,61.0
CMP005,C005137,2025-01-12,0,0.0,61.0
CMP005,C005349,2025-01-12,0,0.0,61.0
CMP005,C002726,2025-01-12,0,0.0,61.0
CMP005,C000319,2025-01-12,0,0.0,61.0
CMP005,C002590,2025-01-12,0,0.0,61.0
CMP005,C002876,2025-01-12,0,0.0,61.0
CMP005,C003603,2025-01-12,1,828.97,61.0
CMP005,C003146,2025-01-12,1,1766.23,61.0
CMP005,C000835,2025-01-12,0,0.0,61.0
CMP005,C002526,2025-01-12,0,0.0,61.0
CMP005,C000098,2025-01-12,0,0.0,61.0
CMP005,C004785,2025-01-12,0,0.0,61.0
CMP005,C000341,2025-01-12,0,0.0,61.0
CMP005,C001655,2025-01-12,0,0.0,61.0
CMP005,C004890,2025-01-12,0,0.0,61.0
CMP005,C002967,2025-01-12,0,0.0,61.0
CMP005,C005070,2025-01-12,1,292.69,61.0
CMP005,C005600,2025-01-12,0,0.0,61.0
CMP005,C002396,2025-01-12,0,0.0,61.0
CMP005,C003270,2025-01-12,0,0.0,61.0
CMP005,C003872,2025-01-12,0,0.0,61.0
CMP005,C002566,2025-01-12,0,0.0,61.0
CMP005,C003505,2025-01-12,0,0.0,61.0
CMP005,C002261,2025-01-12,0,0.0,61.0
CMP005,C000822,2025-01-12,1,1439.3,61.0
CMP005,C002910,2025-01-12,1,156.17,61.0
CMP005,C004568,2025-01-12,0,0.0,61.0
CMP005,C005423,2025-01-12,1,729.63,61.0
CMP005,C005580,2025-01-12,0,0.0,61.0
CMP005,C005436,2025-01-12,0,0.0,61.0
CMP005,C002124,2025-01-12,0,0.0,61.0
CMP005,C004544,2025-01-12,1,737.05,61.0
CMP005,C005877,2025-01-12,0,0.0,61.0
CMP005,C001777,2025-01-12,0,0.0,61.0
CMP005,C005507,2025-01-12,1,378.95,61.0
CMP005,C000367,2025-01-12,0,0.0,61.0
CMP005,C000188,2025-01-12,0,0.0,61.0
CMP005,C002045,2025-01-12,0,0.0,61.0
CMP005,C000138,2025-01-12,0,0.0,61.0
CMP005,C004217,2025-01-12,0,0.0,61.0
CMP005,C002214,2025-01-12,0,0.0,61.0
CMP005,C005103,2025-01-12,1,628.22,61.0
CMP005,C000224,2025-01-12,0,0.0,61.0
CMP005,C004305,2025-01-12,0,0.0,61.0
CMP005,C004902,2025-01-12,0,0.0,61.0
CMP005,C002172,2025-01-12,0,0.0,61.0
CMP005,C000889,2025-01-12,0,0.0,61.0
CMP005,C003383,2025-01-12,0,0.0,61.0
CMP005,C000360,2025-01-12,0,0.0,61.0
CMP005,C004197,2025-01-12,1,1546.47,61.0
CMP005,C000496,2025-01-12,0,0.0,61.0
CMP005,C004223,2025-01-12,0,0.0,61.0
CMP005,C002688,2025-01-12,0,0.0,61.0
CMP005,C005369,2025-01-12,0,0.0,61.0
CMP005,C002956,2025-01-12,0,0.0,61.0
CMP005,C002520,2025-01-12,0,0.0,61.0
CMP005,C000540,2025-01-12,0,0.0,61.0
CMP005,C003052,2025-01-12,1,1073.34,61.0
CMP005,C003498,2025-01-12,0,0.0,61.0
CMP005,C000836,2025-01-12,0,0.0,61.0
CMP005,C005691,2025-01-12,1,735.14,61.0
CMP005,C001859,2025-01-12,0,0.0,61.0
CMP005,C000047,2025-01-12,1,240.83,61.0
CMP005,C001185,2025-01-12,0,0.0,61.0
CMP005,C004595,2025-01-12,0,0.0,61.0
CMP005,C004911,2025-01-12,0,0.0,61.0
CMP005,C001569,2025-01-12,0,0.0,61.0
CMP005,C003569,2025-01-12,1,779.38,61.0
CMP005,C001249,2025-01-12,0,0.0,61.0
CMP005,C005719,2025-01-12,1,2858.95,61.0
CMP005,C001380,2025-01-12,1,1577.52,61.0
CMP005,C000049,2025-01-12,1,524.75,61.0
CMP005,C003347,2025-01-12,0,0.0,61.0
CMP005,C003574,2025-01-12,0,0.0,61.0
CMP005,C001188,2025-01-12,0,0.0,61.0
CMP005,C004365,2025-01-12,0,0.0,61.0
CMP005,C000016,2025-01-12,0,0.0,61.0
CMP005,C004384,2025-01-12,0,0.0,61.0
CMP005,C005394,2025-01-12,0,0.0,61.0
CMP005,C003378,2025-01-12,0,0.0,61.0
CMP005,C002969,2025-01-12,1,1587.44,61.0
CMP005,C000206,2025-01-12,0,0.0,61.0
CMP005,C004621,2025-01-12,0,0.0,61.0
CMP005,C002653,2025-01-12,0,0.0,61.0
CMP005,C005979,2025-01-12,1,2140.37,61.0
CMP005,C001445,2025-01-12,0,0.0,61.0
CMP005,C001094,2025-01-12,0,0.0,61.0
CMP005,C004626,2025-01-12,0,0.0,61.0
CMP005,C001663,2025-01-12,0,0.0,61.0
CMP005,C001431,2025-01-12,0,0.0,61.0
CMP005,C000019,2025-01-12,1,1089.09,61.0
CMP005,C002919,2025-01-12,0,0.0,61.0
CMP005,C002476,2025-01-12,0,0.0,61.0
CMP005,C001499,2025-01-12,0,0.0,61.0
CMP005,C000404,2025-01-12,0,0.0,61.0
CMP005,C000416,2025-01-12,0,0.0,61.0
CMP005,C004255,2025-01-12,0,0.0,61.0
CMP005,C001403,2025-01-12,0,0.0,61.0
CMP005,C003631,2025-01-12,0,0.0,61.0
CMP005,C004718,2025-01-12,0,0.0,61.0
CMP005,C002888,2025-01-12,0,0.0,61.0
CMP005,C004886,2025-01-12,0,0.0,61.0
CMP005,C002723,2025-01-12,1,185.8,61.0
CMP005,C002841,2025-01-12,0,0.0,61.0
CMP005,C001333,2025-01-12,0,0.0,61.0
CMP005,C002696,2025-01-12,1,367.25,61.0
CMP005,C005395,2025-01-12,0,0.0,61.0
CMP005,C001930,2025-01-12,0,0.0,61.0
CMP005,C004920,2025-01-12,0,0.0,61.0
CMP005,C004242,2025-01-12,0,0.0,61.0
CMP005,C000460,2025-01-12,0,0.0,61.0
CMP005,C005537,2025-01-12,0,0.0,61.0
CMP005,C001661,2025-01-12,0,0.0,61.0
CMP005,C001782,2025-01-12,0,0.0,61.0
CMP005,C005772,2025-01-12,0,0.0,61.0
CMP005,C004910,2025-01-12,1,583.78,61.0
CMP005,C000886,2025-01-12,0,0.0,61.0
CMP005,C003281,2025-01-12,0,0.0,61.0
CMP005,C003857,2025-01-12,0,0.0,61.0
CMP005,C003438,2025-01-12,0,0.0,61.0
CMP005,C005401,2025-01-12,0,0.0,61.0
CMP005,C005921,2025-01-12,1,1090.17,61.0
CMP005,C003862,2025-01-12,0,0.0,61.0
CMP005,C002839,2025-01-12,0,0.0,61.0
CMP005,C005214,2025-01-12,0,0.0,61.0
CMP005,C002268,2025-01-12,0,0.0,61.0
CMP005,C001566,2025-01-12,0,0.0,61.0
CMP005,C000982,2025-01-12,0,0.0,61.0
CMP005,C004330,2025-01-12,0,0.0,61.0
CMP005,C001079,2025-01-12,1,4794.56,61.0
CMP005,C004860,2025-01-12,0,0.0,61.0
CMP005,C005549,2025-01-12,1,1628.38,61.0
CMP005,C005469,2025-01-12,0,0.0,61.0
CMP005,C001315,2025-01-12,0,0.0,61.0
CMP005,C001497,2025-01-12,0,0.0,61.0
CMP005,C002987,2025-01-12,1,1073.59,61.0
CMP005,C000915,2025-01-12,0,0.0,61.0
CMP005,C005808,2025-01-12,0,0.0,61.0
CMP005,C003539,2025-01-12,1,2863.08,61.0
CMP005,C001961,2025-01-12,0,0.0,61.0
CMP005,C000669,2025-01-12,0,0.0,61.0
CMP005,C004700,2025-01-12,0,0.0,61.0
CMP005,C003440,2025-01-12,0,0.0,61.0
CMP005,C002193,2025-01-12,0,0.0,61.0
CMP005,C001372,2025-01-12,1,997.92,61.0
CMP005,C004723,2025-01-12,0,0.0,61.0
CMP005,C004666,2025-01-12,0,0.0,61.0
CMP005,C001918,2025-01-12,1,693.36,61.0
CMP005,C000326,2025-01-12,1,921.52,61.0
CMP005,C005714,2025-01-12,0,0.0,61.0
CMP005,C002257,2025-01-12,0,0.0,61.0
CMP005,C001099,2025-01-12,0,0.0,61.0
CMP005,C003556,2025-01-12,0,0.0,61.0
CMP005,C005276,2025-01-12,0,0.0,61.0
CMP005,C002927,2025-01-12,0,0.0,61.0
CMP005,C002026,2025-01-12,1,782.78,61.0
CMP005,C002390,2025-01-12,1,287.27,61.0
CMP005,C002889,2025-01-12,0,0.0,61.0
CMP005,C005257,2025-01-12,0,0.0,61.0
CMP005,C005946,2025-01-12,0,0.0,61.0
CMP005,C001542,2025-01-12,0,0.0,61.0
CMP005,C003944,2025-01-12,0,0.0,61.0
CMP005,C000258,2025-01-12,0,0.0,61.0
CMP005,C005574,2025-01-12,0,0.0,61.0
CMP005,C001884,2025-01-12,0,0.0,61.0
CMP005,C000793,2025-01-12,0,0.0,61.0
CMP005,C003723,2025-01-12,0,0.0,61.0
CMP005,C002113,2025-01-12,0,0.0,61.0
CMP005,C001316,2025-01-12,0,0.0,61.0
CMP005,C004396,2025-01-12,0,0.0,61.0
CMP005,C004296,2025-01-12,0,0.0,61.0
CMP005,C001472,2025-01-12,0,0.0,61.0
CMP005,C002385,2025-01-12,0,0.0,61.0
CMP005,C003802,2025-01-12,0,0.0,61.0
CMP005,C002727,2025-01-12,1,940.1,61.0
CMP005,C001783,2025-01-12,0,0.0,61.0
CMP005,C001913,2025-01-12,0,0.0,61.0
CMP005,C000849,2025-01-12,0,0.0,61.0
CMP005,C000015,2025-01-12,0,0.0,61.0
CMP005,C004800,2025-01-12,0,0.0,61.0
CMP005,C005171,2025-01-12,0,0.0,61.0
CMP005,C000045,2025-01-12,0,0.0,61.0
CMP005,C004039,2025-01-12,0,0.0,61.0
CMP005,C002588,2025-01-12,0,0.0,61.0
CMP005,C004552,2025-01-12,0,0.0,61.0
CMP005,C003786,2025-01-12,1,879.52,61.0
CMP005,C002365,2025-01-12,0,0.0,61.0
CMP005,C005653,2025-01-12,1,970.72,61.0
CMP005,C002853,2025-01-12,0,0.0,61.0
CMP005,C003850,2025-01-12,0,0.0,61.0
CMP005,C005341,2025-01-12,0,0.0,61.0
CMP005,C003758,2025-01-12,0,0.0,61.0
CMP005,C003381,2025-01-12,0,0.0,61.0
CMP005,C001675,2025-01-12,0,0.0,61.0
CMP005,C002058,2025-01-12,0,0.0,61.0
CMP005,C002219,2025-01-12,0,0.0,61.0
CMP005,C002579,2025-01-12,0,0.0,61.0
CMP005,C002165,2025-01-12,0,0.0,61.0
CMP005,C001652,2025-01-12,0,0.0,61.0
CMP005,C005857,2025-01-12,1,947.36,61.0
CMP005,C003510,2025-01-12,1,516.96,61.0
CMP005,C003977,2025-01-12,0,0.0,61.0
CMP005,C005640,2025-01-12,0,0.0,61.0
CMP005,C005657,2025-01-12,0,0.0,61.0
CMP005,C004794,2025-01-12,0,0.0,61.0
CMP005,C001023,2025-01-12,0,0.0,61.0
CMP005,C001253,2025-01-12,0,0.0,61.0
CMP005,C000733,2025-01-12,0,0.0,61.0
CMP005,C005222,2025-01-12,0,0.0,61.0
CMP005,C005824,2025-01-12,0,0.0,61.0
CMP005,C002072,2025-01-12,0,0.0,61.0
CMP005,C005281,2025-01-12,1,1011.73,61.0
CMP005,C002514,2025-01-12,1,1496.25,61.0
CMP005,C004540,2025-01-12,0,0.0,61.0
CMP005,C005806,2025-01-12,0,0.0,61.0
CMP005,C004394,2025-01-12,0,0.0,61.0
CMP005,C001017,2025-01-12,1,758.56,61.0
CMP005,C003707,2025-01-12,0,0.0,61.0
CMP005,C001608,2025-01-12,0,0.0,61.0
CMP005,C000546,2025-01-12,0,0.0,61.0
CMP005,C000018,2025-01-12,0,0.0,61.0
CMP005,C001090,2025-01-12,0,0.0,61.0
CMP005,C000949,2025-01-12,0,0.0,61.0
CMP005,C000902,2025-01-12,0,0.0,61.0
CMP005,C002377,2025-01-12,0,0.0,61.0
CMP005,C005963,2025-01-12,0,0.0,61.0
CMP005,C004321,2025-01-12,0,0.0,61.0
CMP005,C000927,2025-01-12,1,1959.1,61.0
CMP005,C002087,2025-01-12,0,0.0,61.0
CMP005,C005274,2025-01-12,0,0.0,61.0
CMP005,C004066,2025-01-12,0,0.0,61.0
CMP005,C005235,2025-01-12,1,1309.02,61.0
CMP005,C003511,2025-01-12,0,0.0,61.0
CMP005,C005439,2025-01-12,1,3466.44,61.0
CMP005,C004253,2025-01-12,0,0.0,61.0
CMP005,C001515,2025-01-12,1,2609.98,61.0
CMP005,C001070,2025-01-12,0,0.0,61.0
CMP005,C005218,2025-01-12,0,0.0,61.0
CMP005,C001171,2025-01-12,0,0.0,61.0
CMP005,C002824,2025-01-12,0,0.0,61.0
CMP005,C003581,2025-01-12,0,0.0,61.0
CMP005,C001711,2025-01-12,0,0.0,61.0
CMP005,C001512,2025-01-12,0,0.0,61.0
CMP005,C000953,2025-01-12,0,0.0,61.0
CMP005,C003081,2025-01-12,0,0.0,61.0
CMP005,C000771,2025-01-12,1,1050.92,61.0
CMP005,C003520,2025-01-12,0,0.0,61.0
CMP005,C003940,2025-01-12,0,0.0,61.0
CMP005,C003896,2025-01-12,0,0.0,61.0
CMP005,C000062,2025-01-12,0,0.0,61.0
CMP005,C005560,2025-01-12,1,1065.41,61.0
CMP005,C000984,2025-01-12,0,0.0,61.0
CMP005,C005230,2025-01-12,1,3064.0,61.0
CMP005,C004388,2025-01-12,0,0.0,61.0
CMP005,C000275,2025-01-12,1,2286.27,61.0
CMP005,C000525,2025-01-12,0,0.0,61.0
CMP005,C003166,2025-01-12,0,0.0,61.0
CMP005,C005121,2025-01-12,1,269.64,61.0
CMP005,C005830,2025-01-12,1,420.17,61.0
CMP005,C005515,2025-01-12,0,0.0,61.0
CMP005,C005885,2025-01-12,0,0.0,61.0
CMP005,C001609,2025-01-12,0,0.0,61.0
CMP005,C003035,2025-01-12,0,0.0,61.0
CMP005,C003577,2025-01-12,0,0.0,61.0
CMP005,C002578,2025-01-12,0,0.0,61.0
CMP005,C004885,2025-01-12,1,920.55,61.0
CMP005,C000294,2025-01-12,1,722.15,61.0
CMP005,C003826,2025-01-12,0,0.0,61.0
CMP005,C000994,2025-01-12,1,909.13,61.0
CMP005,C005324,2025-01-12,0,0.0,61.0
CMP005,C005488,2025-01-12,0,0.0,61.0
CMP005,C005079,2025-01-12,1,2086.88,61.0
CMP005,C005263,2025-01-12,0,0.0,61.0
CMP005,C002939,2025-01-12,1,554.04,61.0
CMP005,C001972,2025-01-12,0,0.0,61.0
CMP005,C005127,2025-01-12,0,0.0,61.0
CMP005,C005757,2025-01-12,1,601.08,61.0
CMP005,C004444,2025-01-12,0,0.0,61.0
CMP005,C005034,2025-01-12,0,0.0,61.0
CMP005,C002231,2025-01-12,0,0.0,61.0
CMP005,C000840,2025-01-12,0,0.0,61.0
CMP005,C005510,2025-01-12,1,4353.31,61.0
CMP005,C001102,2025-01-12,1,935.46,61.0
CMP005,C004401,2025-01-12,1,1084.26,61.0
CMP005,C001618,2025-01-12,1,105.74,61.0
CMP005,C004019,2025-01-12,0,0.0,61.0
CMP005,C001054,2025-01-12,0,0.0,61.0
CMP005,C000105,2025-01-12,0,0.0,61.0
CMP005,C000012,2025-01-12,1,2243.38,61.0
CMP005,C004674,2025-01-12,0,0.0,61.0
CMP005,C002248,2025-01-12,0,0.0,61.0
CMP005,C001578,2025-01-12,0,0.0,61.0
CMP005,C000065,2025-01-12,0,0.0,61.0
CMP005,C003456,2025-01-12,0,0.0,61.0
CMP005,C001021,2025-01-12,0,0.0,61.0
CMP005,C005366,2025-01-12,0,0.0,61.0
CMP005,C005387,2025-01-12,0,0.0,61.0
CMP005,C005776,2025-01-12,1,433.17,61.0
CMP005,C005056,2025-01-12,0,0.0,61.0
CMP005,C000838,2025-01-12,0,0.0,61.0
CMP005,C003853,2025-01-12,0,0.0,61.0
CMP005,C002623,2025-01-12,0,0.0,61.0
CMP005,C005389,2025-01-12,0,0.0,61.0
CMP005,C002790,2025-01-12,0,0.0,61.0
CMP005,C003544,2025-01-12,0,0.0,61.0
CMP005,C005234,2025-01-12,0,0.0,61.0
CMP005,C004077,2025-01-12,0,0.0,61.0
CMP005,C004480,2025-01-12,0,0.0,61.0
CMP005,C001337,2025-01-12,0,0.0,61.0
CMP005,C001205,2025-01-12,0,0.0,61.0
CMP005,C004833,2025-01-12,1,956.94,61.0
CMP005,C004570,2025-01-12,0,0.0,61.0
CMP005,C000202,2025-01-12,0,0.0,61.0
CMP005,C005451,2025-01-12,0,0.0,61.0
CMP005,C005928,2025-01-12,0,0.0,61.0
CMP005,C003920,2025-01-12,0,0.0,61.0
CMP005,C003647,2025-01-12,0,0.0,61.0
CMP005,C004775,2025-01-12,0,0.0,61.0
CMP005,C005973,2025-01-12,1,242.32,61.0
CMP005,C005473,2025-01-12,0,0.0,61.0
CMP005,C000817,2025-01-12,0,0.0,61.0
CMP005,C000565,2025-01-12,0,0.0,61.0
CMP005,C002425,2025-01-12,0,0.0,61.0
CMP005,C002605,2025-01-12,0,0.0,61.0
CMP005,C001812,2025-01-12,0,0.0,61.0
CMP005,C003264,2025-01-12,0,0.0,61.0
CMP005,C000960,2025-01-12,0,0.0,61.0
CMP005,C002242,2025-01-12,0,0.0,61.0
CMP005,C005599,2025-01-12,0,0.0,61.0
CMP005,C000526,2025-01-12,0,0.0,61.0
CMP005,C000594,2025-01-12,0,0.0,61.0
CMP005,C001464,2025-01-12,0,0.0,61.0
CMP005,C003197,2025-01-12,0,0.0,61.0
CMP005,C004593,2025-01-12,0,0.0,61.0
CMP005,C003187,2025-01-12,0,0.0,61.0
CMP005,C005952,2025-01-12,0,0.0,61.0
CMP005,C000269,2025-01-12,0,0.0,61.0
CMP005,C004975,2025-01-12,0,0.0,61.0
CMP005,C000581,2025-01-12,1,348.62,61.0
CMP005,C004735,2025-01-12,0,0.0,61.0
CMP005,C004993,2025-01-12,1,603.59,61.0
CMP005,C001811,2025-01-12,1,1049.71,61.0
CMP005,C000967,2025-01-12,0,0.0,61.0
CMP005,C004442,2025-01-12,0,0.0,61.0
CMP005,C003687,2025-01-12,0,0.0,61.0
CMP005,C002028,2025-01-12,0,0.0,61.0
CMP005,C003962,2025-01-12,0,0.0,61.0
CMP005,C004402,2025-01-12,0,0.0,61.0
CMP005,C003370,2025-01-12,0,0.0,61.0
CMP005,C001302,2025-01-12,0,0.0,61.0
CMP005,C004610,2025-01-12,0,0.0,61.0
CMP005,C001553,2025-01-12,0,0.0,61.0
CMP005,C002266,2025-01-12,0,0.0,61.0
CMP005,C004199,2025-01-12,0,0.0,61.0
CMP005,C000619,2025-01-12,0,0.0,61.0
CMP005,C002138,2025-01-12,0,0.0,61.0
CMP005,C001714,2025-01-12,0,0.0,61.0
CMP005,C002107,2025-01-12,0,0.0,61.0
CMP005,C002039,2025-01-12,0,0.0,61.0
CMP005,C001886,2025-01-12,1,843.11,61.0
CMP005,C003466,2025-01-12,0,0.0,61.0
CMP005,C001022,2025-01-12,1,394.9,61.0
CMP005,C003165,2025-01-12,1,599.34,61.0
CMP005,C003716,2025-01-12,0,0.0,61.0
CMP005,C000732,2025-01-12,0,0.0,61.0
CMP005,C005385,2025-01-12,0,0.0,61.0
CMP005,C002127,2025-01-12,0,0.0,61.0
CMP005,C004605,2025-01-12,0,0.0,61.0
CMP005,C005236,2025-01-12,1,1274.93,61.0
CMP005,C001036,2025-01-12,0,0.0,61.0
CMP005,C000891,2025-01-12,0,0.0,61.0
CMP005,C000060,2025-01-12,0,0.0,61.0
CMP005,C001202,2025-01-12,0,0.0,61.0
CMP005,C004040,2025-01-12,0,0.0,61.0
CMP005,C004317,2025-01-12,0,0.0,61.0
CMP005,C001129,2025-01-12,0,0.0,61.0
CMP005,C004996,2025-01-12,1,896.79,61.0
CMP005,C004385,2025-01-12,0,0.0,61.0
CMP005,C003871,2025-01-12,0,0.0,61.0
CMP005,C004951,2025-01-12,0,0.0,61.0
CMP005,C003215,2025-01-12,0,0.0,61.0
CMP005,C003770,2025-01-12,0,0.0,61.0
CMP005,C002313,2025-01-12,0,0.0,61.0
CMP005,C003807,2025-01-12,0,0.0,61.0
CMP005,C003485,2025-01-12,0,0.0,61.0
CMP005,C004265,2025-01-12,0,0.0,61.0
CMP005,C005930,2025-01-12,0,0.0,61.0
CMP005,C002167,2025-01-12,0,0.0,61.0
CMP005,C003691,2025-01-12,1,2908.3,61.0
CMP005,C003292,2025-01-12,1,682.43,61.0
CMP005,C002183,2025-01-12,0,0.0,61.0
CMP005,C003549,2025-01-12,0,0.0,61.0
CMP005,C003221,2025-01-12,0,0.0,61.0
CMP005,C004107,2025-01-12,1,1179.76,61.0
CMP005,C002189,2025-01-12,0,0.0,61.0
CMP005,C000349,2025-01-12,0,0.0,61.0
CMP005,C004400,2025-01-12,0,0.0,61.0
CMP005,C004559,2025-01-12,0,0.0,61.0
CMP005,C003622,2025-01-12,1,1042.22,61.0
CMP005,C003029,2025-01-12,0,0.0,61.0
CMP005,C005881,2025-01-12,1,830.55,61.0
CMP005,C004893,2025-01-12,0,0.0,61.0
CMP005,C001471,2025-01-12,0,0.0,61.0
CMP005,C004085,2025-01-12,0,0.0,61.0
CMP005,C001214,2025-01-12,0,0.0,61.0
CMP005,C003015,2025-01-12,0,0.0,61.0
CMP005,C002989,2025-01-12,0,0.0,61.0
CMP005,C003129,2025-01-12,0,0.0,61.0
CMP005,C004088,2025-01-12,0,0.0,61.0
CMP005,C005539,2025-01-12,0,0.0,61.0
CMP005,C003031,2025-01-12,0,0.0,61.0
CMP005,C002281,2025-01-12,0,0.0,61.0
CMP005,C005241,2025-01-12,0,0.0,61.0
CMP005,C004823,2025-01-12,0,0.0,61.0
CMP005,C004389,2025-01-12,1,1074.36,61.0
CMP005,C003877,2025-01-12,1,457.13,61.0
CMP005,C000340,2025-01-12,1,316.93,61.0
CMP005,C001089,2025-01-12,0,0.0,61.0
CMP005,C003937,2025-01-12,0,0.0,61.0
CMP005,C000516,2025-01-12,1,1311.83,61.0
CMP005,C000187,2025-01-12,0,0.0,61.0
CMP005,C000090,2025-01-12,0,0.0,61.0
CMP005,C005674,2025-01-12,0,0.0,61.0
CMP005,C001365,2025-01-12,0,0.0,61.0
CMP005,C003006,2025-01-12,0,0.0,61.0
CMP005,C000176,2025-01-12,0,0.0,61.0
CMP005,C001682,2025-01-12,0,0.0,61.0
CMP005,C003659,2025-01-12,0,0.0,61.0
CMP005,C000870,2025-01-12,0,0.0,61.0
CMP005,C002906,2025-01-12,0,0.0,61.0
CMP005,C000894,2025-01-12,0,0.0,61.0
CMP005,C002247,2025-01-12,0,0.0,61.0
CMP005,C000464,2025-01-12,0,0.0,61.0
CMP005,C001651,2025-01-12,0,0.0,61.0
CMP005,C000631,2025-01-12,0,0.0,61.0
CMP005,C004152,2025-01-12,1,620.21,61.0
CMP005,C005345,2025-01-12,0,0.0,61.0
CMP005,C002784,2025-01-12,0,0.0,61.0
CMP005,C004745,2025-01-12,1,1266.89,61.0
CMP005,C000688,2025-01-12,0,0.0,61.0
CMP005,C000235,2025-01-12,0,0.0,61.0
CMP005,C004030,2025-01-12,0,0.0,61.0
CMP005,C002828,2025-01-12,0,0.0,61.0
CMP005,C001145,2025-01-12,0,0.0,61.0
CMP005,C000777,2025-01-12,0,0.0,61.0
CMP005,C003368,2025-01-12,0,0.0,61.0
CMP005,C000063,2025-01-12,0,0.0,61.0
CMP005,C000549,2025-01-12,0,0.0,61.0
CMP005,C003595,2025-01-12,0,0.0,61.0
CMP005,C000013,2025-01-12,1,1270.51,61.0
CMP005,C004182,2025-01-12,0,0.0,61.0
CMP005,C002755,2025-01-12,0,0.0,61.0
CMP005,C005582,2025-01-12,1,1411.0,61.0
CMP005,C004395,2025-01-12,1,841.82,61.0
CMP005,C005100,2025-01-12,0,0.0,61.0
CMP005,C003642,2025-01-12,1,1403.32,61.0
CMP005,C000025,2025-01-12,0,0.0,61.0
CMP005,C002931,2025-01-12,0,0.0,61.0
CMP005,C004234,2025-01-12,0,0.0,61.0
CMP005,C005123,2025-01-12,0,0.0,61.0
CMP005,C005303,2025-01-12,0,0.0,61.0
CMP005,C004859,2025-01-12,0,0.0,61.0
CMP005,C005141,2025-01-12,0,0.0,61.0
CMP005,C005254,2025-01-12,0,0.0,61.0
CMP005,C002720,2025-01-12,1,1115.24,61.0
CMP005,C002693,2025-01-12,0,0.0,61.0
CMP005,C004861,2025-01-12,0,0.0,61.0
CMP005,C005533,2025-01-12,1,78.98,61.0
CMP005,C000124,2025-01-12,1,3803.34,61.0
CMP005,C003970,2025-01-12,0,0.0,61.0
CMP005,C002535,2025-01-12,0,0.0,61.0
CMP005,C002667,2025-01-12,0,0.0,61.0
CMP005,C003303,2025-01-12,0,0.0,61.0
CMP005,C000612,2025-01-12,0,0.0,61.0
CMP005,C004749,2025-01-12,0,0.0,61.0
CMP005,C002201,2025-01-12,0,0.0,61.0
CMP005,C000428,2025-01-12,0,0.0,61.0
CMP005,C001625,2025-01-12,0,0.0,61.0
CMP005,C003045,2025-01-12,0,0.0,61.0
CMP005,C003324,2025-01-12,0,0.0,61.0
CMP005,C004302,2025-01-12,1,1037.09,61.0
CMP005,C005710,2025-01-12,0,0.0,61.0
CMP005,C003442,2025-01-12,0,0.0,61.0
CMP005,C000167,2025-01-12,0,0.0,61.0
CMP005,C005950,2025-01-12,0,0.0,61.0
CMP005,C005138,2025-01-12,0,0.0,61.0
CMP005,C002236,2025-01-12,0,0.0,61.0
CMP005,C005782,2025-01-12,0,0.0,61.0
CMP005,C003338,2025-01-12,0,0.0,61.0
CMP005,C000379,2025-01-12,0,0.0,61.0
CMP005,C000313,2025-01-12,0,0.0,61.0
CMP005,C000164,2025-01-12,0,0.0,61.0
CMP005,C002000,2025-01-12,0,0.0,61.0
CMP005,C005228,2025-01-12,1,2192.25,61.0
CMP005,C002782,2025-01-12,0,0.0,61.0
CMP005,C000511,2025-01-12,0,0.0,61.0
CMP005,C002877,2025-01-12,0,0.0,61.0
CMP005,C003741,2025-01-12,0,0.0,61.0
CMP005,C000844,2025-01-12,0,0.0,61.0
CMP005,C004584,2025-01-12,0,0.0,61.0
CMP005,C004142,2025-01-12,0,0.0,61.0
CMP005,C001744,2025-01-12,0,0.0,61.0
CMP005,C001342,2025-01-12,0,0.0,61.0
CMP005,C005781,2025-01-12,0,0.0,61.0
CMP005,C004269,2025-01-12,0,0.0,61.0
CMP005,C001975,2025-01-12,0,0.0,61.0
CMP005,C002125,2025-01-12,0,0.0,61.0
CMP005,C001127,2025-01-12,0,0.0,61.0
CMP005,C005498,2025-01-12,0,0.0,61.0
CMP005,C004617,2025-01-12,0,0.0,61.0
CMP005,C000304,2025-01-12,0,0.0,61.0
CMP005,C003752,2025-01-12,0,0.0,61.0
CMP005,C002488,2025-01-12,0,0.0,61.0
CMP005,C003517,2025-01-12,0,0.0,61.0
CMP005,C001613,2025-01-12,0,0.0,61.0
CMP005,C002273,2025-01-12,0,0.0,61.0
CMP005,C001135,2025-01-12,0,0.0,61.0
CMP005,C003283,2025-01-12,0,0.0,61.0
CMP005,C000468,2025-01-12,0,0.0,61.0
CMP005,C001582,2025-01-12,0,0.0,61.0
CMP005,C003238,2025-01-12,0,0.0,61.0
CMP005,C000683,2025-01-12,0,0.0,61.0
CMP005,C005535,2025-01-12,0,0.0,61.0
CMP005,C005477,2025-01-12,0,0.0,61.0
CMP005,C002278,2025-01-12,0,0.0,61.0
CMP005,C001184,2025-01-12,0,0.0,61.0
CMP005,C003879,2025-01-12,0,0.0,61.0
CMP005,C001919,2025-01-12,0,0.0,61.0
CMP005,C002233,2025-01-12,0,0.0,61.0
CMP005,C005014,2025-01-12,1,2209.09,61.0
CMP005,C005709,2025-01-12,0,0.0,61.0
CMP005,C001317,2025-01-12,0,0.0,61.0
CMP005,C005372,2025-01-12,0,0.0,61.0
CMP005,C001846,2025-01-12,0,0.0,61.0
CMP005,C001261,2025-01-12,0,0.0,61.0
CMP005,C003390,2025-01-12,0,0.0,61.0
CMP005,C001771,2025-01-12,0,0.0,61.0
CMP005,C003160,2025-01-12,0,0.0,61.0
CMP005,C000648,2025-01-12,0,0.0,61.0
CMP005,C005967,2025-01-12,0,0.0,61.0
CMP005,C000988,2025-01-12,0,0.0,61.0
CMP005,C000434,2025-01-12,0,0.0,61.0
CMP005,C001125,2025-01-12,0,0.0,61.0
CMP005,C001695,2025-01-12,0,0.0,61.0
CMP005,C005287,2025-01-12,0,0.0,61.0
CMP005,C002523,2025-01-12,0,0.0,61.0
CMP005,C002490,2025-01-12,0,0.0,61.0
CMP005,C001563,2025-01-12,1,1608.82,61.0
CMP005,C000642,2025-01-12,1,241.72,61.0
CMP005,C000179,2025-01-12,0,0.0,61.0
CMP005,C000912,2025-01-12,0,0.0,61.0
CMP005,C004138,2025-01-12,0,0.0,61.0
CMP005,C001983,2025-01-12,0,0.0,61.0
CMP005,C002338,2025-01-12,0,0.0,61.0
CMP005,C004050,2025-01-12,1,348.39,61.0
CMP005,C003265,2025-01-12,0,0.0,61.0
CMP005,C001147,2025-01-12,0,0.0,61.0
CMP005,C002375,2025-01-12,0,0.0,61.0
CMP005,C001964,2025-01-12,1,952.75,61.0
CMP005,C004589,2025-01-12,0,0.0,61.0
CMP005,C000338,2025-01-12,0,0.0,61.0
CMP005,C001270,2025-01-12,0,0.0,61.0
CMP005,C001557,2025-01-12,0,0.0,61.0
CMP005,C004864,2025-01-12,0,0.0,61.0
CMP005,C005288,2025-01-12,1,16.67,61.0
CMP005,C000183,2025-01-12,0,0.0,61.0
CMP005,C004158,2025-01-12,0,0.0,61.0
CMP005,C002772,2025-01-12,0,0.0,61.0
CMP005,C003317,2025-01-12,0,0.0,61.0
CMP005,C004662,2025-01-12,0,0.0,61.0
CMP005,C002106,2025-01-12,0,0.0,61.0
CMP005,C001096,2025-01-12,1,1518.55,61.0
CMP005,C004609,2025-01-12,0,0.0,61.0
CMP005,C003784,2025-01-12,0,0.0,61.0
CMP005,C004927,2025-01-12,0,0.0,61.0
CMP005,C002328,2025-01-12,0,0.0,61.0
CMP005,C001060,2025-01-12,0,0.0,61.0
CMP005,C004934,2025-01-12,0,0.0,61.0
CMP005,C005475,2025-01-12,1,166.96,61.0
CMP005,C001676,2025-01-12,0,0.0,61.0
CMP005,C001292,2025-01-12,0,0.0,61.0
CMP005,C000845,2025-01-12,1,347.77,61.0
CMP005,C003793,2025-01-12,0,0.0,61.0
CMP005,C005205,2025-01-12,0,0.0,61.0
CMP005,C002449,2025-01-12,0,0.0,61.0
CMP005,C001040,2025-01-12,0,0.0,61.0
CMP005,C005282,2025-01-12,1,1166.41,61.0
CMP005,C005585,2025-01-12,0,0.0,61.0
CMP005,C002446,2025-01-12,0,0.0,61.0
CMP005,C005383,2025-01-12,1,678.56,61.0
CMP005,C000335,2025-01-12,0,0.0,61.0
CMP005,C005104,2025-01-12,0,0.0,61.0
CMP005,C001389,2025-01-12,0,0.0,61.0
CMP005,C004071,2025-01-12,0,0.0,61.0
CMP005,C002011,2025-01-12,0,0.0,61.0
CMP005,C001217,2025-01-12,1,1854.48,61.0
CMP005,C001646,2025-01-12,0,0.0,61.0
CMP005,C001733,2025-01-12,0,0.0,61.0
CMP005,C004354,2025-01-12,1,2704.26,61.0
CMP005,C000114,2025-01-12,1,806.25,61.0
CMP005,C004844,2025-01-12,0,0.0,61.0
CMP005,C001373,2025-01-12,0,0.0,61.0
CMP005,C005543,2025-01-12,0,0.0,61.0
CMP005,C003525,2025-01-12,0,0.0,61.0
CMP005,C001063,2025-01-12,1,806.57,61.0
CMP005,C001514,2025-01-12,0,0.0,61.0
CMP005,C004747,2025-01-12,0,0.0,61.0
CMP005,C001601,2025-01-12,0,0.0,61.0
CMP005,C004852,2025-01-12,0,0.0,61.0
CMP005,C002665,2025-01-12,0,0.0,61.0
CMP005,C003648,2025-01-12,0,0.0,61.0
CMP005,C005738,2025-01-12,0,0.0,61.0
CMP005,C005480,2025-01-12,0,0.0,61.0
CMP005,C005793,2025-01-12,0,0.0,61.0
CMP005,C003903,2025-01-12,0,0.0,61.0
CMP005,C002025,2025-01-12,0,0.0,61.0
CMP005,C002973,2025-01-12,1,517.2,61.0
CMP005,C002013,2025-01-12,0,0.0,61.0
CMP005,C004277,2025-01-12,0,0.0,61.0
CMP005,C005162,2025-01-12,0,0.0,61.0
CMP005,C004914,2025-01-12,0,0.0,61.0
CMP005,C004953,2025-01-12,0,0.0,61.0
CMP005,C000916,2025-01-12,0,0.0,61.0
CMP005,C003583,2025-01-12,0,0.0,61.0
CMP005,C000368,2025-01-12,0,0.0,61.0
CMP005,C004538,2025-01-12,0,0.0,61.0
CMP005,C005953,2025-01-12,0,0.0,61.0
CMP005,C000028,2025-01-12,0,0.0,61.0
CMP005,C003623,2025-01-12,0,0.0,61.0
CMP005,C002536,2025-01-12,0,0.0,61.0
CMP005,C000663,2025-01-12,1,1307.06,61.0
CMP005,C004816,2025-01-12,1,695.79,61.0
CMP005,C000465,2025-01-12,1,477.09,61.0
CMP005,C003088,2025-01-12,1,627.32,61.0
CMP005,C003899,2025-01-12,0,0.0,61.0
CMP005,C005000,2025-01-12,1,2185.18,61.0
CMP005,C003840,2025-01-12,0,0.0,61.0
CMP005,C005108,2025-01-12,0,0.0,61.0
CMP005,C001059,2025-01-12,1,930.76,61.0
CMP005,C004286,2025-01-12,0,0.0,61.0
CMP005,C002562,2025-01-12,0,0.0,61.0
CMP005,C002641,2025-01-12,0,0.0,61.0
CMP005,C001427,2025-01-12,1,329.14,61.0
CMP005,C001370,2025-01-12,1,298.18,61.0
CMP005,C002586,2025-01-12,1,420.54,61.0
CMP005,C003731,2025-01-12,1,200.33,61.0
CMP005,C002395,2025-01-12,0,0.0,61.0
CMP005,C000593,2025-01-12,0,0.0,61.0
CMP005,C005386,2025-01-12,0,0.0,61.0
CMP005,C002267,2025-01-12,0,0.0,61.0
CMP005,C004072,2025-01-12,0,0.0,61.0
CMP005,C004651,2025-01-12,0,0.0,61.0
CMP005,C003486,2025-01-12,1,1728.99,61.0
CMP005,C002467,2025-01-12,0,0.0,61.0
CMP005,C004657,2025-01-12,1,359.83,61.0
CMP005,C001029,2025-01-12,0,0.0,61.0
CMP005,C000160,2025-01-12,0,0.0,61.0
CMP005,C003267,2025-01-12,0,0.0,61.0
CMP005,C003738,2025-01-12,0,0.0,61.0
CMP005,C005629,2025-01-12,0,0.0,61.0
CMP005,C001358,2025-01-12,0,0.0,61.0
CMP005,C001677,2025-01-12,0,0.0,61.0
CMP005,C002567,2025-01-12,0,0.0,61.0
CMP005,C004524,2025-01-12,0,0.0,61.0
CMP005,C004515,2025-01-12,0,0.0,61.0
CMP005,C002159,2025-01-12,1,254.06,61.0
CMP005,C001558,2025-01-12,1,1162.56,61.0
CMP005,C004458,2025-01-12,0,0.0,61.0
CMP005,C004493,2025-01-12,0,0.0,61.0
CMP005,C000639,2025-01-12,0,0.0,61.0
CMP005,C003527,2025-01-12,0,0.0,61.0
CMP005,C002974,2025-01-12,0,0.0,61.0
CMP005,C002215,2025-01-12,0,0.0,61.0
CMP005,C002534,2025-01-12,0,0.0,61.0
CMP005,C000763,2025-01-12,1,872.87,61.0
CMP005,C005275,2025-01-12,1,202.7,61.0
CMP005,C005102,2025-01-12,0,0.0,61.0
CMP005,C003046,2025-01-12,0,0.0,61.0
CMP005,C003629,2025-01-12,0,0.0,61.0
CMP005,C003219,2025-01-12,1,2815.97,61.0
CMP005,C001330,2025-01-12,0,0.0,61.0
CMP005,C005848,2025-01-12,0,0.0,61.0
CMP005,C004731,2025-01-12,0,0.0,61.0
CMP005,C000033,2025-01-12,0,0.0,61.0
CMP005,C003128,2025-01-12,0,0.0,61.0
CMP005,C004207,2025-01-12,0,0.0,61.0
CMP005,C005522,2025-01-12,0,0.0,61.0
CMP005,C005886,2025-01-12,0,0.0,61.0
CMP005,C002469,2025-01-12,0,0.0,61.0
CMP005,C006000,2025-01-12,0,0.0,61.0
CMP005,C003291,2025-01-12,0,0.0,61.0
CMP005,C000734,2025-01-12,0,0.0,61.0
CMP005,C003162,2025-01-12,0,0.0,61.0
CMP005,C003211,2025-01-12,0,0.0,61.0
CMP005,C001735,2025-01-12,0,0.0,61.0
CMP005,C004271,2025-01-12,0,0.0,61.0
CMP005,C003781,2025-01-12,0,0.0,61.0
CMP005,C002698,2025-01-12,0,0.0,61.0
CMP005,C002321,2025-01-12,0,0.0,61.0
CMP005,C002942,2025-01-12,1,297.01,61.0
CMP005,C003551,2025-01-12,0,0.0,61.0
CMP005,C000228,2025-01-12,0,0.0,61.0
CMP005,C002994,2025-01-12,0,0.0,61.0
CMP005,C005739,2025-01-12,0,0.0,61.0
CMP005,C003885,2025-01-12,1,5387.46,61.0
CMP005,C005509,2025-01-12,0,0.0,61.0
CMP005,C005803,2025-01-12,0,0.0,61.0
CMP005,C002738,2025-01-12,1,2058.54,61.0
CMP005,C005521,2025-01-12,0,0.0,61.0
CMP005,C005771,2025-01-12,0,0.0,61.0
CMP005,C005458,2025-01-12,0,0.0,61.0
CMP005,C003412,2025-01-12,0,0.0,61.0
CMP005,C004266,2025-01-12,0,0.0,61.0
CMP005,C003234,2025-01-12,0,0.0,61.0
CMP005,C000871,2025-01-12,0,0.0,61.0
CMP005,C003493,2025-01-12,0,0.0,61.0
CMP005,C002442,2025-01-12,0,0.0,61.0
CMP005,C002192,2025-01-12,0,0.0,61.0
CMP005,C000050,2025-01-12,0,0.0,61.0
CMP005,C005397,2025-01-12,0,0.0,61.0
CMP005,C000424,2025-01-12,0,0.0,61.0
CMP005,C000754,2025-01-12,0,0.0,61.0
CMP005,C004931,2025-01-12,0,0.0,61.0
CMP005,C002554,2025-01-12,1,391.77,61.0
CMP005,C001436,2025-01-12,0,0.0,61.0
CMP005,C002492,2025-01-12,0,0.0,61.0
CMP005,C004585,2025-01-12,0,0.0,61.0
CMP005,C001605,2025-01-12,0,0.0,61.0
CMP005,C004656,2025-01-12,1,121.12,61.0
CMP005,C003596,2025-01-12,1,1084.31,61.0
CMP005,C003462,2025-01-12,0,0.0,61.0
CMP005,C003649,2025-01-12,1,1456.58,61.0
CMP005,C004101,2025-01-12,1,901.65,61.0
CMP005,C002949,2025-01-12,0,0.0,61.0
CMP005,C004047,2025-01-12,1,99.64,61.0
CMP005,C000260,2025-01-12,0,0.0,61.0
CMP005,C000778,2025-01-12,0,0.0,61.0
CMP005,C003990,2025-01-12,0,0.0,61.0
CMP005,C001634,2025-01-12,0,0.0,61.0
CMP005,C003340,2025-01-12,0,0.0,61.0
CMP005,C005551,2025-01-12,0,0.0,61.0
CMP005,C003636,2025-01-12,0,0.0,61.0
CMP005,C000590,2025-01-12,1,1469.55,61.0
CMP005,C002363,2025-01-12,0,0.0,61.0
CMP005,C000352,2025-01-12,1,675.72,61.0
CMP005,C005949,2025-01-12,0,0.0,61.0
CMP005,C002220,2025-01-12,0,0.0,61.0
CMP005,C005284,2025-01-12,0,0.0,61.0
CMP005,C001903,2025-01-12,0,0.0,61.0
CMP005,C005117,2025-01-12,0,0.0,61.0
CMP005,C002821,2025-01-12,0,0.0,61.0
CMP005,C004571,2025-01-12,0,0.0,61.0
CMP005,C002592,2025-01-12,0,0.0,61.0
CMP005,C003865,2025-01-12,1,331.24,61.0
CMP005,C005621,2025-01-12,1,378.81,61.0
CMP005,C001297,2025-01-12,0,0.0,61.0
CMP005,C003004,2025-01-12,0,0.0,61.0
CMP005,C005501,2025-01-12,0,0.0,61.0
CMP005,C005995,2025-01-12,0,0.0,61.0
CMP005,C000607,2025-01-12,1,218.94,61.0
CMP005,C004373,2025-01-12,1,696.49,61.0
CMP005,C005209,2025-01-12,0,0.0,61.0
CMP005,C002304,2025-01-12,0,0.0,61.0
CMP005,C004652,2025-01-12,0,0.0,61.0
CMP005,C005598,2025-01-12,1,864.51,61.0
CMP005,C004188,2025-01-12,0,0.0,61.0
CMP005,C005970,2025-01-12,0,0.0,61.0
CMP005,C001411,2025-01-12,0,0.0,61.0
CMP005,C002808,2025-01-12,1,81.05,61.0
CMP005,C004507,2025-01-12,0,0.0,61.0
CMP005,C000952,2025-01-12,1,1114.36,61.0
CMP005,C002199,2025-01-12,0,0.0,61.0
CMP005,C004881,2025-01-12,0,0.0,61.0
CMP005,C004513,2025-01-12,1,919.94,61.0
CMP005,C005720,2025-01-12,0,0.0,61.0
CMP005,C000978,2025-01-12,1,1221.89,61.0
CMP005,C000983,2025-01-12,0,0.0,61.0
CMP005,C005586,2025-01-12,0,0.0,61.0
CMP005,C004222,2025-01-12,0,0.0,61.0
CMP005,C001458,2025-01-12,1,3683.69,61.0
CMP005,C005820,2025-01-12,0,0.0,61.0
CMP005,C001048,2025-01-12,1,928.28,61.0
CMP005,C001957,2025-01-12,0,0.0,61.0
CMP005,C004618,2025-01-12,0,0.0,61.0
CMP005,C003925,2025-01-12,0,0.0,61.0
CMP005,C004565,2025-01-12,0,0.0,61.0
CMP005,C001353,2025-01-12,1,1863.23,61.0
CMP005,C002222,2025-01-12,0,0.0,61.0
CMP005,C002801,2025-01-12,1,831.98,61.0
CMP005,C004967,2025-01-12,0,0.0,61.0
CMP005,C005326,2025-01-12,1,1905.29,61.0
CMP005,C000929,2025-01-12,0,0.0,61.0
CMP005,C003987,2025-01-12,0,0.0,61.0
CMP005,C002494,2025-01-12,0,0.0,61.0
CMP005,C000198,2025-01-12,0,0.0,61.0
CMP005,C004061,2025-01-12,0,0.0,61.0
CMP005,C000814,2025-01-12,0,0.0,61.0
CMP005,C001927,2025-01-12,0,0.0,61.0
CMP005,C003016,2025-01-12,0,0.0,61.0
CMP005,C000875,2025-01-12,1,917.42,61.0
CMP005,C000696,2025-01-12,0,0.0,61.0
CMP005,C000685,2025-01-12,1,679.51,61.0
CMP005,C004994,2025-01-12,0,0.0,61.0
CMP005,C000599,2025-01-12,0,0.0,61.0
CMP005,C004278,2025-01-12,0,0.0,61.0
CMP005,C005199,2025-01-12,0,0.0,61.0
CMP005,C005637,2025-01-12,0,0.0,61.0
CMP005,C005429,2025-01-12,1,964.39,61.0
CMP005,C004543,2025-01-12,0,0.0,61.0
CMP005,C005982,2025-01-12,0,0.0,61.0
CMP005,C004531,2025-01-12,0,0.0,61.0
CMP005,C004819,2025-01-12,0,0.0,61.0
CMP005,C002548,2025-01-12,0,0.0,61.0
CMP005,C005671,2025-01-12,1,1448.4,61.0
CMP005,C000080,2025-01-12,0,0.0,61.0
CMP005,C003981,2025-01-12,0,0.0,61.0
CMP005,C005570,2025-01-12,0,0.0,61.0
CMP005,C005030,2025-01-12,0,0.0,61.0
CMP005,C004447,2025-01-12,1,634.79,61.0
CMP005,C004466,2025-01-12,0,0.0,61.0
CMP005,C003163,2025-01-12,0,0.0,61.0
CMP005,C002656,2025-01-12,0,0.0,61.0
CMP005,C002572,2025-01-12,0,0.0,61.0
CMP005,C001822,2025-01-12,0,0.0,61.0
CMP005,C001287,2025-01-12,0,0.0,61.0
CMP005,C001763,2025-01-12,0,0.0,61.0
CMP005,C004333,2025-01-12,0,0.0,61.0
CMP005,C003087,2025-01-12,1,486.59,61.0
CMP005,C004375,2025-01-12,0,0.0,61.0
CMP005,C001899,2025-01-12,0,0.0,61.0
CMP005,C000240,2025-01-12,0,0.0,61.0
CMP005,C001243,2025-01-12,0,0.0,61.0
CMP005,C002793,2025-01-12,0,0.0,61.0
CMP005,C002144,2025-01-12,0,0.0,61.0
CMP005,C001685,2025-01-12,1,965.55,61.0
CMP005,C005718,2025-01-12,0,0.0,61.0
CMP005,C005817,2025-01-12,0,0.0,61.0
CMP005,C001958,2025-01-12,1,1907.6,61.0
CMP005,C005004,2025-01-12,1,7187.84,61.0
CMP005,C004075,2025-01-12,0,0.0,61.0
CMP005,C001978,2025-01-12,0,0.0,61.0
CMP005,C003180,2025-01-12,0,0.0,61.0
CMP005,C003930,2025-01-12,1,706.3,61.0
CMP005,C001988,2025-01-12,0,0.0,61.0
CMP005,C002150,2025-01-12,0,0.0,61.0
CMP005,C005412,2025-01-12,0,0.0,61.0
CMP005,C004613,2025-01-12,0,0.0,61.0
CMP005,C005577,2025-01-12,0,0.0,61.0
CMP005,C004225,2025-01-12,0,0.0,61.0
CMP005,C000225,2025-01-12,0,0.0,61.0
CMP005,C002657,2025-01-12,1,227.51,61.0
CMP005,C000649,2025-01-12,0,0.0,61.0
CMP005,C004041,2025-01-12,0,0.0,61.0
CMP005,C003196,2025-01-12,0,0.0,61.0
CMP005,C004976,2025-01-12,0,0.0,61.0
CMP005,C000576,2025-01-12,0,0.0,61.0
CMP005,C004663,2025-01-12,0,0.0,61.0
CMP005,C005043,2025-01-12,1,406.13,61.0
CMP005,C004619,2025-01-12,0,0.0,61.0
CMP005,C002611,2025-01-12,0,0.0,61.0
CMP005,C000557,2025-01-12,0,0.0,61.0
CMP005,C004184,2025-01-12,0,0.0,61.0
CMP005,C004473,2025-01-12,0,0.0,61.0
CMP005,C001848,2025-01-12,1,1095.58,61.0
CMP005,C005453,2025-01-12,0,0.0,61.0
CMP005,C005569,2025-01-12,0,0.0,61.0
CMP005,C002182,2025-01-12,0,0.0,61.0
CMP005,C005405,2025-01-12,1,1253.21,61.0
CMP005,C002057,2025-01-12,0,0.0,61.0
CMP005,C003576,2025-01-12,0,0.0,61.0
CMP005,C001974,2025-01-12,0,0.0,61.0
CMP005,C000622,2025-01-12,0,0.0,61.0
CMP005,C002575,2025-01-12,0,0.0,61.0
CMP006,C000204,2025-04-18,0,0.0,38.0
CMP006,C001138,2025-04-18,0,0.0,38.0
CMP006,C004843,2025-04-18,1,4329.32,38.0
CMP006,C003884,2025-04-18,0,0.0,38.0
CMP006,C004994,2025-04-18,0,0.0,38.0
CMP006,C002702,2025-04-18,0,0.0,38.0
CMP006,C005544,2025-04-18,0,0.0,38.0
CMP006,C002381,2025-04-18,0,0.0,38.0
CMP006,C003723,2025-04-18,1,509.54,38.0
CMP006,C005639,2025-04-18,0,0.0,38.0
CMP006,C002300,2025-04-18,1,544.5,38.0
CMP006,C001353,2025-04-18,1,1249.01,38.0
CMP006,C002131,2025-04-18,0,0.0,38.0
CMP006,C002089,2025-04-18,0,0.0,38.0
CMP006,C003431,2025-04-18,0,0.0,38.0
CMP006,C000228,2025-04-18,0,0.0,38.0
CMP006,C004365,2025-04-18,0,0.0,38.0
CMP006,C001322,2025-04-18,0,0.0,38.0
CMP006,C002602,2025-04-18,0,0.0,38.0
CMP006,C004429,2025-04-18,0,0.0,38.0
CMP006,C000056,2025-04-18,0,0.0,38.0
CMP006,C001831,2025-04-18,0,0.0,38.0
CMP006,C001443,2025-04-18,0,0.0,38.0
CMP006,C001763,2025-04-18,0,0.0,38.0
CMP006,C005343,2025-04-18,0,0.0,38.0
CMP006,C001344,2025-04-18,0,0.0,38.0
CMP006,C001067,2025-04-18,0,0.0,38.0
CMP006,C002316,2025-04-18,0,0.0,38.0
CMP006,C005706,2025-04-18,1,1189.77,38.0
CMP006,C000232,2025-04-18,0,0.0,38.0
CMP006,C003033,2025-04-18,0,0.0,38.0
CMP006,C002409,2025-04-18,0,0.0,38.0
CMP006,C004140,2025-04-18,0,0.0,38.0
CMP006,C000838,2025-04-18,0,0.0,38.0
CMP006,C004006,2025-04-18,0,0.0,38.0
CMP006,C003045,2025-04-18,0,0.0,38.0
CMP006,C000243,2025-04-18,0,0.0,38.0
CMP006,C003750,2025-04-18,0,0.0,38.0
CMP006,C000706,2025-04-18,0,0.0,38.0
CMP006,C002506,2025-04-18,0,0.0,38.0
CMP006,C005509,2025-04-18,0,0.0,38.0
CMP006,C005526,2025-04-18,0,0.0,38.0
CMP006,C000635,2025-04-18,0,0.0,38.0
CMP006,C005037,2025-04-18,0,0.0,38.0
CMP006,C003836,2025-04-18,0,0.0,38.0
CMP006,C000714,2025-04-18,0,0.0,38.0
CMP006,C001521,2025-04-18,0,0.0,38.0
CMP006,C003223,2025-04-18,0,0.0,38.0
CMP006,C003865,2025-04-18,1,984.79,38.0
CMP006,C002926,2025-04-18,0,0.0,38.0
CMP006,C003127,2025-04-18,0,0.0,38.0
CMP006,C000148,2025-04-18,0,0.0,38.0
CMP006,C003312,2025-04-18,0,0.0,38.0
CMP006,C002183,2025-04-18,0,0.0,38.0
CMP006,C005934,2025-04-18,1,1750.06,38.0
CMP006,C000022,2025-04-18,0,0.0,38.0
CMP006,C004978,2025-04-18,0,0.0,38.0
CMP006,C005367,2025-04-18,1,1195.74,38.0
CMP006,C004825,2025-04-18,0,0.0,38.0
CMP006,C003209,2025-04-18,1,1243.08,38.0
CMP006,C002877,2025-04-18,0,0.0,38.0
CMP006,C002100,2025-04-18,0,0.0,38.0
CMP006,C001026,2025-04-18,0,0.0,38.0
CMP006,C002561,2025-04-18,0,0.0,38.0
CMP006,C004975,2025-04-18,0,0.0,38.0
CMP006,C003171,2025-04-18,0,0.0,38.0
CMP006,C003326,2025-04-18,0,0.0,38.0
CMP006,C004983,2025-04-18,0,0.0,38.0
CMP006,C001903,2025-04-18,0,0.0,38.0
CMP006,C002026,2025-04-18,1,3321.31,38.0
CMP006,C001476,2025-04-18,0,0.0,38.0
CMP006,C003515,2025-04-18,1,469.84,38.0
CMP006,C004524,2025-04-18,0,0.0,38.0
CMP006,C004665,2025-04-18,0,0.0,38.0
CMP006,C004251,2025-04-18,0,0.0,38.0
CMP006,C003238,2025-04-18,0,0.0,38.0
CMP006,C004051,2025-04-18,0,0.0,38.0
CMP006,C001777,2025-04-18,0,0.0,38.0
CMP006,C003188,2025-04-18,0,0.0,38.0
CMP006,C004480,2025-04-18,0,0.0,38.0
CMP006,C004302,2025-04-18,1,837.29,38.0
CMP006,C004723,2025-04-18,0,0.0,38.0
CMP006,C005152,2025-04-18,0,0.0,38.0
CMP006,C004370,2025-04-18,0,0.0,38.0
CMP006,C003390,2025-04-18,0,0.0,38.0
CMP006,C000973,2025-04-18,0,0.0,38.0
CMP006,C004242,2025-04-18,0,0.0,38.0
CMP006,C001218,2025-04-18,1,297.72,38.0
CMP006,C000861,2025-04-18,0,0.0,38.0
CMP006,C001892,2025-04-18,1,3913.9,38.0
CMP006,C005983,2025-04-18,0,0.0,38.0
CMP006,C002728,2025-04-18,0,0.0,38.0
CMP006,C000744,2025-04-18,0,0.0,38.0
CMP006,C004187,2025-04-18,1,166.83,38.0
CMP006,C004823,2025-04-18,1,570.79,38.0
CMP006,C005576,2025-04-18,0,0.0,38.0
CMP006,C005016,2025-04-18,0,0.0,38.0
CMP006,C005169,2025-04-18,0,0.0,38.0
CMP006,C002847,2025-04-18,0,0.0,38.0
CMP006,C005644,2025-04-18,1,3295.94,38.0
CMP006,C001022,2025-04-18,0,0.0,38.0
CMP006,C001347,2025-04-18,0,0.0,38.0
CMP006,C001261,2025-04-18,0,0.0,38.0
CMP006,C001533,2025-04-18,0,0.0,38.0
CMP006,C003855,2025-04-18,0,0.0,38.0
CMP006,C001605,2025-04-18,0,0.0,38.0
CMP006,C001690,2025-04-18,0,0.0,38.0
CMP006,C002301,2025-04-18,0,0.0,38.0
CMP006,C004822,2025-04-18,0,0.0,38.0
CMP006,C004766,2025-04-18,0,0.0,38.0
CMP006,C005948,2025-04-18,0,0.0,38.0
CMP006,C002264,2025-04-18,0,0.0,38.0
CMP006,C003137,2025-04-18,0,0.0,38.0
CMP006,C001561,2025-04-18,0,0.0,38.0
CMP006,C005028,2025-04-18,0,0.0,38.0
CMP006,C002956,2025-04-18,1,714.97,38.0
CMP006,C001719,2025-04-18,1,2595.45,38.0
CMP006,C005431,2025-04-18,0,0.0,38.0
CMP006,C004181,2025-04-18,0,0.0,38.0
CMP006,C003527,2025-04-18,0,0.0,38.0
CMP006,C003769,2025-04-18,1,1579.14,38.0
CMP006,C001914,2025-04-18,0,0.0,38.0
CMP006,C005216,2025-04-18,1,3396.4,38.0
CMP006,C004452,2025-04-18,0,0.0,38.0
CMP006,C004696,2025-04-18,0,0.0,38.0
CMP006,C004800,2025-04-18,0,0.0,38.0
CMP006,C004652,2025-04-18,1,1698.98,38.0
CMP006,C002645,2025-04-18,0,0.0,38.0
CMP006,C000881,2025-04-18,0,0.0,38.0
CMP006,C000824,2025-04-18,0,0.0,38.0
CMP006,C004847,2025-04-18,0,0.0,38.0
CMP006,C003284,2025-04-18,1,770.12,38.0
CMP006,C005887,2025-04-18,0,0.0,38.0
CMP006,C002098,2025-04-18,0,0.0,38.0
CMP006,C003856,2025-04-18,0,0.0,38.0
CMP006,C002184,2025-04-18,0,0.0,38.0
CMP006,C003937,2025-04-18,0,0.0,38.0
CMP006,C000057,2025-04-18,0,0.0,38.0
CMP006,C002590,2025-04-18,1,1390.98,38.0
CMP006,C000622,2025-04-18,0,0.0,38.0
CMP006,C004516,2025-04-18,0,0.0,38.0
CMP006,C001028,2025-04-18,1,528.45,38.0
CMP006,C001466,2025-04-18,1,691.09,38.0
CMP006,C000836,2025-04-18,0,0.0,38.0
CMP006,C001162,2025-04-18,0,0.0,38.0
CMP006,C004940,2025-04-18,0,0.0,38.0
CMP006,C005268,2025-04-18,1,1035.18,38.0
CMP006,C005886,2025-04-18,0,0.0,38.0
CMP006,C002983,2025-04-18,0,0.0,38.0
CMP006,C001788,2025-04-18,0,0.0,38.0
CMP006,C003743,2025-04-18,0,0.0,38.0
CMP006,C005684,2025-04-18,0,0.0,38.0
CMP006,C000980,2025-04-18,0,0.0,38.0
CMP006,C004186,2025-04-18,0,0.0,38.0
CMP006,C003285,2025-04-18,0,0.0,38.0
CMP006,C005211,2025-04-18,1,218.78,38.0
CMP006,C003440,2025-04-18,0,0.0,38.0
CMP006,C000809,2025-04-18,1,201.01,38.0
CMP006,C000015,2025-04-18,0,0.0,38.0
CMP006,C003726,2025-04-18,0,0.0,38.0
CMP006,C002013,2025-04-18,0,0.0,38.0
CMP006,C004053,2025-04-18,1,2730.15,38.0
CMP006,C002230,2025-04-18,0,0.0,38.0
CMP006,C005691,2025-04-18,0,0.0,38.0
CMP006,C002751,2025-04-18,0,0.0,38.0
CMP006,C001184,2025-04-18,0,0.0,38.0
CMP006,C004893,2025-04-18,0,0.0,38.0
CMP006,C005163,2025-04-18,1,3020.91,38.0
CMP006,C003690,2025-04-18,0,0.0,38.0
CMP006,C005925,2025-04-18,0,0.0,38.0
CMP006,C001369,2025-04-18,0,0.0,38.0
CMP006,C001044,2025-04-18,0,0.0,38.0
CMP006,C002004,2025-04-18,0,0.0,38.0
CMP006,C005025,2025-04-18,0,0.0,38.0
CMP006,C004398,2025-04-18,0,0.0,38.0
CMP006,C000391,2025-04-18,0,0.0,38.0
CMP006,C004485,2025-04-18,0,0.0,38.0
CMP006,C004669,2025-04-18,0,0.0,38.0
CMP006,C003793,2025-04-18,0,0.0,38.0
CMP006,C004529,2025-04-18,0,0.0,38.0
CMP006,C003828,2025-04-18,0,0.0,38.0
CMP006,C002068,2025-04-18,0,0.0,38.0
CMP006,C003666,2025-04-18,0,0.0,38.0
CMP006,C004358,2025-04-18,0,0.0,38.0
CMP006,C000457,2025-04-18,0,0.0,38.0
CMP006,C001731,2025-04-18,0,0.0,38.0
CMP006,C005729,2025-04-18,0,0.0,38.0
CMP006,C000113,2025-04-18,0,0.0,38.0
CMP006,C003426,2025-04-18,0,0.0,38.0
CMP006,C001611,2025-04-18,0,0.0,38.0
CMP006,C004444,2025-04-18,0,0.0,38.0
CMP006,C005952,2025-04-18,0,0.0,38.0
CMP006,C005849,2025-04-18,0,0.0,38.0
CMP006,C005401,2025-04-18,1,531.25,38.0
CMP006,C004058,2025-04-18,0,0.0,38.0
CMP006,C001756,2025-04-18,1,1280.64,38.0
CMP006,C002244,2025-04-18,0,0.0,38.0
CMP006,C001806,2025-04-18,0,0.0,38.0
CMP006,C001616,2025-04-18,0,0.0,38.0
CMP006,C003761,2025-04-18,0,0.0,38.0
CMP006,C000017,2025-04-18,0,0.0,38.0
CMP006,C002629,2025-04-18,0,0.0,38.0
CMP006,C005146,2025-04-18,0,0.0,38.0
CMP006,C003833,2025-04-18,0,0.0,38.0
CMP006,C003089,2025-04-18,0,0.0,38.0
CMP006,C004776,2025-04-18,0,0.0,38.0
CMP006,C004154,2025-04-18,0,0.0,38.0
CMP006,C003841,2025-04-18,0,0.0,38.0
CMP006,C003072,2025-04-18,0,0.0,38.0
CMP006,C002855,2025-04-18,0,0.0,38.0
CMP006,C000732,2025-04-18,0,0.0,38.0
CMP006,C002391,2025-04-18,0,0.0,38.0
CMP006,C005248,2025-04-18,1,795.52,38.0
CMP006,C004151,2025-04-18,0,0.0,38.0
CMP006,C002451,2025-04-18,0,0.0,38.0
CMP006,C002123,2025-04-18,0,0.0,38.0
CMP006,C004391,2025-04-18,0,0.0,38.0
CMP006,C002801,2025-04-18,0,0.0,38.0
CMP006,C000802,2025-04-18,0,0.0,38.0
CMP006,C000038,2025-04-18,0,0.0,38.0
CMP006,C002073,2025-04-18,0,0.0,38.0
CMP006,C000454,2025-04-18,0,0.0,38.0
CMP006,C004699,2025-04-18,0,0.0,38.0
CMP006,C001423,2025-04-18,0,0.0,38.0
CMP006,C001701,2025-04-18,0,0.0,38.0
CMP006,C005510,2025-04-18,0,0.0,38.0
CMP006,C003766,2025-04-18,0,0.0,38.0
CMP006,C004041,2025-04-18,0,0.0,38.0
CMP006,C001684,2025-04-18,0,0.0,38.0
CMP006,C005698,2025-04-18,1,1328.77,38.0
CMP006,C004146,2025-04-18,0,0.0,38.0
CMP006,C000763,2025-04-18,0,0.0,38.0
CMP006,C002489,2025-04-18,0,0.0,38.0
CMP006,C002435,2025-04-18,0,0.0,38.0
CMP006,C005053,2025-04-18,0,0.0,38.0
CMP006,C003531,2025-04-18,0,0.0,38.0
CMP006,C000548,2025-04-18,0,0.0,38.0
CMP006,C002961,2025-04-18,0,0.0,38.0
CMP006,C004234,2025-04-18,0,0.0,38.0
CMP006,C000494,2025-04-18,0,0.0,38.0
CMP006,C002009,2025-04-18,0,0.0,38.0
CMP006,C005781,2025-04-18,0,0.0,38.0
CMP006,C004272,2025-04-18,0,0.0,38.0
CMP006,C003212,2025-04-18,0,0.0,38.0
CMP006,C003596,2025-04-18,0,0.0,38.0
CMP006,C001551,2025-04-18,0,0.0,38.0
CMP006,C000910,2025-04-18,0,0.0,38.0
CMP006,C004873,2025-04-18,0,0.0,38.0
CMP006,C001271,2025-04-18,0,0.0,38.0
CMP006,C001599,2025-04-18,0,0.0,38.0
CMP006,C001094,2025-04-18,1,1496.67,38.0
CMP006,C005573,2025-04-18,0,0.0,38.0
CMP006,C003635,2025-04-18,0,0.0,38.0
CMP006,C004500,2025-04-18,0,0.0,38.0
CMP006,C005155,2025-04-18,0,0.0,38.0
CMP006,C004865,2025-04-18,0,0.0,38.0
CMP006,C005985,2025-04-18,0,0.0,38.0
CMP006,C004911,2025-04-18,0,0.0,38.0
CMP006,C003162,2025-04-18,0,0.0,38.0
CMP006,C003292,2025-04-18,0,0.0,38.0
CMP006,C005164,2025-04-18,0,0.0,38.0
CMP006,C002592,2025-04-18,0,0.0,38.0
CMP006,C003443,2025-04-18,0,0.0,38.0
CMP006,C005620,2025-04-18,0,0.0,38.0
CMP006,C000222,2025-04-18,0,0.0,38.0
CMP006,C002496,2025-04-18,0,0.0,38.0
CMP006,C003288,2025-04-18,0,0.0,38.0
CMP006,C002916,2025-04-18,1,629.0,38.0
CMP006,C001170,2025-04-18,0,0.0,38.0
CMP006,C000155,2025-04-18,0,0.0,38.0
CMP006,C003633,2025-04-18,0,0.0,38.0
CMP006,C001032,2025-04-18,0,0.0,38.0
CMP006,C005291,2025-04-18,0,0.0,38.0
CMP006,C000092,2025-04-18,0,0.0,38.0
CMP006,C005986,2025-04-18,0,0.0,38.0
CMP006,C000929,2025-04-18,0,0.0,38.0
CMP006,C003980,2025-04-18,0,0.0,38.0
CMP006,C004233,2025-04-18,0,0.0,38.0
CMP006,C005110,2025-04-18,0,0.0,38.0
CMP006,C002236,2025-04-18,0,0.0,38.0
CMP006,C002667,2025-04-18,0,0.0,38.0
CMP006,C002406,2025-04-18,0,0.0,38.0
CMP006,C005058,2025-04-18,0,0.0,38.0
CMP006,C001506,2025-04-18,0,0.0,38.0
CMP006,C002293,2025-04-18,0,0.0,38.0
CMP006,C000272,2025-04-18,0,0.0,38.0
CMP006,C004426,2025-04-18,0,0.0,38.0
CMP006,C002132,2025-04-18,1,2436.51,38.0
CMP006,C004700,2025-04-18,0,0.0,38.0
CMP006,C005458,2025-04-18,0,0.0,38.0
CMP006,C003126,2025-04-18,0,0.0,38.0
CMP006,C001089,2025-04-18,0,0.0,38.0
CMP006,C004596,2025-04-18,1,988.68,38.0
CMP006,C003091,2025-04-18,0,0.0,38.0
CMP006,C003412,2025-04-18,0,0.0,38.0
CMP006,C000966,2025-04-18,0,0.0,38.0
CMP006,C005310,2025-04-18,0,0.0,38.0
CMP006,C000784,2025-04-18,0,0.0,38.0
CMP006,C003232,2025-04-18,1,1307.21,38.0
CMP006,C002275,2025-04-18,0,0.0,38.0
CMP006,C002793,2025-04-18,0,0.0,38.0
CMP006,C002966,2025-04-18,0,0.0,38.0
CMP006,C004743,2025-04-18,0,0.0,38.0
CMP006,C003246,2025-04-18,0,0.0,38.0
CMP006,C003557,2025-04-18,0,0.0,38.0
CMP006,C001939,2025-04-18,0,0.0,38.0
CMP006,C000146,2025-04-18,0,0.0,38.0
CMP006,C003359,2025-04-18,0,0.0,38.0
CMP006,C005990,2025-04-18,0,0.0,38.0
CMP006,C002973,2025-04-18,0,0.0,38.0
CMP006,C004112,2025-04-18,0,0.0,38.0
CMP006,C002445,2025-04-18,1,1423.83,38.0
CMP006,C003885,2025-04-18,1,770.39,38.0
CMP006,C005799,2025-04-18,0,0.0,38.0
CMP006,C004877,2025-04-18,1,473.36,38.0
CMP006,C004597,2025-04-18,0,0.0,38.0
CMP006,C001557,2025-04-18,0,0.0,38.0
CMP006,C005629,2025-04-18,1,557.77,38.0
CMP006,C000578,2025-04-18,0,0.0,38.0
CMP006,C004045,2025-04-18,0,0.0,38.0
CMP006,C005039,2025-04-18,0,0.0,38.0
CMP006,C004673,2025-04-18,1,983.84,38.0
CMP006,C004686,2025-04-18,0,0.0,38.0
CMP006,C002720,2025-04-18,0,0.0,38.0
CMP006,C003438,2025-04-18,0,0.0,38.0
CMP006,C000565,2025-04-18,1,926.57,38.0
CMP006,C001673,2025-04-18,0,0.0,38.0
CMP006,C005364,2025-04-18,1,1232.33,38.0
CMP006,C000093,2025-04-18,0,0.0,38.0
CMP006,C004621,2025-04-18,0,0.0,38.0
CMP006,C002011,2025-04-18,0,0.0,38.0
CMP006,C001936,2025-04-18,0,0.0,38.0
CMP006,C001499,2025-04-18,0,0.0,38.0
CMP006,C005825,2025-04-18,0,0.0,38.0
CMP006,C005830,2025-04-18,0,0.0,38.0
CMP006,C005958,2025-04-18,0,0.0,38.0
CMP006,C004319,2025-04-18,0,0.0,38.0
CMP006,C003879,2025-04-18,1,754.73,38.0
CMP006,C004303,2025-04-18,0,0.0,38.0
CMP006,C003934,2025-04-18,0,0.0,38.0
CMP006,C003065,2025-04-18,0,0.0,38.0
CMP006,C003079,2025-04-18,1,774.06,38.0
CMP006,C003526,2025-04-18,0,0.0,38.0
CMP006,C004536,2025-04-18,0,0.0,38.0
CMP006,C001768,2025-04-18,0,0.0,38.0
CMP006,C004061,2025-04-18,0,0.0,38.0
CMP006,C005422,2025-04-18,0,0.0,38.0
CMP006,C004906,2025-04-18,0,0.0,38.0
CMP006,C005601,2025-04-18,0,0.0,38.0
CMP006,C000069,2025-04-18,1,464.3,38.0
CMP006,C001359,2025-04-18,0,0.0,38.0
CMP006,C000685,2025-04-18,0,0.0,38.0
CMP006,C003027,2025-04-18,0,0.0,38.0
CMP006,C003982,2025-04-18,0,0.0,38.0
CMP006,C000202,2025-04-18,0,0.0,38.0
CMP006,C003507,2025-04-18,1,907.95,38.0
CMP006,C003722,2025-04-18,0,0.0,38.0
CMP006,C004217,2025-04-18,0,0.0,38.0
CMP006,C000086,2025-04-18,0,0.0,38.0
CMP006,C000299,2025-04-18,0,0.0,38.0
CMP006,C003313,2025-04-18,0,0.0,38.0
CMP006,C003121,2025-04-18,0,0.0,38.0
CMP006,C005460,2025-04-18,0,0.0,38.0
CMP006,C004162,2025-04-18,0,0.0,38.0
CMP006,C001973,2025-04-18,0,0.0,38.0
CMP006,C000297,2025-04-18,0,0.0,38.0
CMP006,C002795,2025-04-18,0,0.0,38.0
CMP006,C002160,2025-04-18,0,0.0,38.0
CMP006,C005047,2025-04-18,0,0.0,38.0
CMP006,C002356,2025-04-18,0,0.0,38.0
CMP006,C001223,2025-04-18,0,0.0,38.0
CMP006,C005012,2025-04-18,0,0.0,38.0
CMP006,C004885,2025-04-18,0,0.0,38.0
CMP006,C001166,2025-04-18,0,0.0,38.0
CMP006,C005360,2025-04-18,0,0.0,38.0
CMP006,C003062,2025-04-18,0,0.0,38.0
CMP006,C000234,2025-04-18,1,1217.81,38.0
CMP006,C000096,2025-04-18,0,0.0,38.0
CMP006,C004660,2025-04-18,0,0.0,38.0
CMP006,C003419,2025-04-18,0,0.0,38.0
CMP006,C003592,2025-04-18,0,0.0,38.0
CMP006,C004824,2025-04-18,0,0.0,38.0
CMP006,C000564,2025-04-18,0,0.0,38.0
CMP006,C003253,2025-04-18,0,0.0,38.0
CMP006,C002578,2025-04-18,0,0.0,38.0
CMP006,C003898,2025-04-18,0,0.0,38.0
CMP006,C003697,2025-04-18,0,0.0,38.0
CMP006,C005743,2025-04-18,1,822.99,38.0
CMP006,C003241,2025-04-18,0,0.0,38.0
CMP006,C002426,2025-04-18,0,0.0,38.0
CMP006,C003220,2025-04-18,0,0.0,38.0
CMP006,C002829,2025-04-18,0,0.0,38.0
CMP006,C005354,2025-04-18,0,0.0,38.0
CMP006,C003395,2025-04-18,0,0.0,38.0
CMP006,C005926,2025-04-18,0,0.0,38.0
CMP006,C001365,2025-04-18,1,3177.98,38.0
CMP006,C004474,2025-04-18,1,2057.95,38.0
CMP006,C005426,2025-04-18,1,1019.72,38.0
CMP006,C004397,2025-04-18,0,0.0,38.0
CMP006,C001385,2025-04-18,0,0.0,38.0
CMP006,C002453,2025-04-18,0,0.0,38.0
CMP006,C002126,2025-04-18,0,0.0,38.0
CMP006,C004343,2025-04-18,0,0.0,38.0
CMP006,C005818,2025-04-18,1,37.4,38.0
CMP006,C000269,2025-04-18,0,0.0,38.0
CMP006,C005136,2025-04-18,1,708.95,38.0
CMP006,C004393,2025-04-18,0,0.0,38.0
CMP006,C002691,2025-04-18,0,0.0,38.0
CMP006,C005637,2025-04-18,0,0.0,38.0
CMP006,C000703,2025-04-18,0,0.0,38.0
CMP006,C002274,2025-04-18,0,0.0,38.0
CMP006,C004476,2025-04-18,1,523.78,38.0
CMP006,C001820,2025-04-18,0,0.0,38.0
CMP006,C000481,2025-04-18,1,689.87,38.0
CMP006,C004928,2025-04-18,0,0.0,38.0
CMP006,C000084,2025-04-18,0,0.0,38.0
CMP006,C002754,2025-04-18,0,0.0,38.0
CMP006,C001079,2025-04-18,1,1000.35,38.0
CMP006,C002991,2025-04-18,1,78.04,38.0
CMP006,C001983,2025-04-18,0,0.0,38.0
CMP006,C004257,2025-04-18,0,0.0,38.0
CMP006,C002210,2025-04-18,0,0.0,38.0
CMP006,C002061,2025-04-18,0,0.0,38.0
CMP006,C000300,2025-04-18,1,1045.01,38.0
CMP006,C005574,2025-04-18,0,0.0,38.0
CMP006,C002371,2025-04-18,0,0.0,38.0
CMP006,C003444,2025-04-18,1,578.55,38.0
CMP006,C000111,2025-04-18,0,0.0,38.0
CMP006,C001178,2025-04-18,0,0.0,38.0
CMP006,C005537,2025-04-18,0,0.0,38.0
CMP006,C005569,2025-04-18,0,0.0,38.0
CMP006,C002363,2025-04-18,0,0.0,38.0
CMP006,C000870,2025-04-18,0,0.0,38.0
CMP006,C003163,2025-04-18,0,0.0,38.0
CMP006,C000906,2025-04-18,0,0.0,38.0
CMP006,C000590,2025-04-18,1,302.23,38.0
CMP006,C003775,2025-04-18,0,0.0,38.0
CMP006,C000342,2025-04-18,1,2319.4,38.0
CMP006,C001751,2025-04-18,0,0.0,38.0
CMP006,C005964,2025-04-18,0,0.0,38.0
CMP006,C005491,2025-04-18,0,0.0,38.0
CMP006,C000268,2025-04-18,1,1738.05,38.0
CMP006,C000652,2025-04-18,1,813.74,38.0
CMP006,C002942,2025-04-18,0,0.0,38.0
CMP006,C003577,2025-04-18,0,0.0,38.0
CMP006,C000781,2025-04-18,0,0.0,38.0
CMP006,C002461,2025-04-18,0,0.0,38.0
CMP006,C001462,2025-04-18,1,1333.09,38.0
CMP006,C002449,2025-04-18,0,0.0,38.0
CMP006,C003859,2025-04-18,0,0.0,38.0
CMP006,C001427,2025-04-18,0,0.0,38.0
CMP006,C004286,2025-04-18,0,0.0,38.0
CMP006,C000060,2025-04-18,1,834.65,38.0
CMP006,C005936,2025-04-18,0,0.0,38.0
CMP006,C001290,2025-04-18,0,0.0,38.0
CMP006,C001877,2025-04-18,0,0.0,38.0
CMP006,C003000,2025-04-18,0,0.0,38.0
CMP006,C005301,2025-04-18,0,0.0,38.0
CMP006,C003116,2025-04-18,0,0.0,38.0
CMP006,C005759,2025-04-18,0,0.0,38.0
CMP006,C002804,2025-04-18,0,0.0,38.0
CMP006,C002767,2025-04-18,0,0.0,38.0
CMP006,C004096,2025-04-18,0,0.0,38.0
CMP006,C000994,2025-04-18,0,0.0,38.0
CMP006,C001923,2025-04-18,1,3777.2,38.0
CMP006,C000118,2025-04-18,0,0.0,38.0
CMP006,C002971,2025-04-18,0,0.0,38.0
CMP006,C001332,2025-04-18,0,0.0,38.0
CMP006,C004514,2025-04-18,1,793.36,38.0
CMP006,C004716,2025-04-18,0,0.0,38.0
CMP006,C005043,2025-04-18,0,0.0,38.0
CMP006,C003928,2025-04-18,0,0.0,38.0
CMP006,C000570,2025-04-18,0,0.0,38.0
CMP006,C005173,2025-04-18,0,0.0,38.0
CMP006,C004981,2025-04-18,0,0.0,38.0
CMP006,C002913,2025-04-18,1,109.31,38.0
CMP006,C004756,2025-04-18,1,578.95,38.0
CMP006,C005585,2025-04-18,0,0.0,38.0
CMP006,C004082,2025-04-18,0,0.0,38.0
CMP006,C005191,2025-04-18,0,0.0,38.0
CMP006,C004625,2025-04-18,1,496.8,38.0
CMP006,C001770,2025-04-18,0,0.0,38.0
CMP006,C002343,2025-04-18,0,0.0,38.0
CMP006,C000089,2025-04-18,1,253.02,38.0
CMP006,C004628,2025-04-18,0,0.0,38.0
CMP006,C003341,2025-04-18,0,0.0,38.0
CMP006,C003207,2025-04-18,1,1254.4,38.0
CMP006,C002120,2025-04-18,1,840.41,38.0
CMP006,C005417,2025-04-18,0,0.0,38.0
CMP006,C004914,2025-04-18,1,456.41,38.0
CMP006,C004265,2025-04-18,1,659.35,38.0
CMP006,C001030,2025-04-18,0,0.0,38.0
CMP006,C003095,2025-04-18,0,0.0,38.0
CMP006,C004264,2025-04-18,0,0.0,38.0
CMP006,C005439,2025-04-18,0,0.0,38.0
CMP006,C005558,2025-04-18,1,1120.62,38.0
CMP006,C001053,2025-04-18,0,0.0,38.0
CMP006,C002213,2025-04-18,1,2279.43,38.0
CMP006,C000689,2025-04-18,0,0.0,38.0
CMP006,C002657,2025-04-18,0,0.0,38.0
CMP006,C004755,2025-04-18,1,451.19,38.0
CMP006,C000952,2025-04-18,0,0.0,38.0
CMP006,C002341,2025-04-18,0,0.0,38.0
CMP006,C005904,2025-04-18,0,0.0,38.0
CMP006,C002704,2025-04-18,0,0.0,38.0
CMP006,C005968,2025-04-18,0,0.0,38.0
CMP006,C001217,2025-04-18,0,0.0,38.0
CMP006,C001160,2025-04-18,0,0.0,38.0
CMP006,C003064,2025-04-18,1,106.56,38.0
CMP006,C000927,2025-04-18,0,0.0,38.0
CMP006,C001185,2025-04-18,1,284.43,38.0
CMP006,C001294,2025-04-18,0,0.0,38.0
CMP006,C003445,2025-04-18,0,0.0,38.0
CMP006,C005731,2025-04-18,0,0.0,38.0
CMP006,C002881,2025-04-18,0,0.0,38.0
CMP006,C000605,2025-04-18,0,0.0,38.0
CMP006,C000049,2025-04-18,1,847.84,38.0
CMP006,C001024,2025-04-18,0,0.0,38.0
CMP006,C005488,2025-04-18,0,0.0,38.0
CMP006,C001675,2025-04-18,0,0.0,38.0
CMP006,C001783,2025-04-18,0,0.0,38.0
CMP006,C004459,2025-04-18,0,0.0,38.0
CMP006,C004171,2025-04-18,1,721.55,38.0
CMP006,C004453,2025-04-18,0,0.0,38.0
CMP006,C002319,2025-04-18,0,0.0,38.0
CMP006,C002376,2025-04-18,0,0.0,38.0
CMP006,C003291,2025-04-18,0,0.0,38.0
CMP006,C005294,2025-04-18,1,1172.18,38.0
CMP006,C001501,2025-04-18,0,0.0,38.0
CMP006,C002848,2025-04-18,0,0.0,38.0
CMP006,C001660,2025-04-18,1,3640.44,38.0
CMP006,C000377,2025-04-18,0,0.0,38.0
CMP006,C000679,2025-04-18,0,0.0,38.0
CMP006,C001437,2025-04-18,0,0.0,38.0
CMP006,C002476,2025-04-18,0,0.0,38.0
CMP006,C001582,2025-04-18,0,0.0,38.0
CMP006,C005695,2025-04-18,0,0.0,38.0
CMP006,C003234,2025-04-18,0,0.0,38.0
CMP006,C004807,2025-04-18,1,2117.47,38.0
CMP006,C004413,2025-04-18,0,0.0,38.0
CMP006,C004304,2025-04-18,0,0.0,38.0
CMP006,C003925,2025-04-18,0,0.0,38.0
CMP006,C001320,2025-04-18,0,0.0,38.0
CMP006,C001591,2025-04-18,0,0.0,38.0
CMP006,C000105,2025-04-18,0,0.0,38.0
CMP006,C004833,2025-04-18,0,0.0,38.0
CMP006,C003491,2025-04-18,0,0.0,38.0
CMP006,C000187,2025-04-18,0,0.0,38.0
CMP006,C004166,2025-04-18,0,0.0,38.0
CMP006,C002049,2025-04-18,1,2138.6,38.0
CMP006,C005154,2025-04-18,0,0.0,38.0
CMP006,C002151,2025-04-18,0,0.0,38.0
CMP006,C001493,2025-04-18,0,0.0,38.0
CMP006,C000498,2025-04-18,0,0.0,38.0
CMP006,C004043,2025-04-18,0,0.0,38.0
CMP006,C002086,2025-04-18,1,421.9,38.0
CMP006,C001528,2025-04-18,0,0.0,38.0
CMP006,C002579,2025-04-18,0,0.0,38.0
CMP006,C001975,2025-04-18,0,0.0,38.0
CMP006,C001453,2025-04-18,0,0.0,38.0
CMP006,C000392,2025-04-18,0,0.0,38.0
CMP006,C003530,2025-04-18,1,530.73,38.0
CMP006,C002448,2025-04-18,0,0.0,38.0
CMP006,C005557,2025-04-18,0,0.0,38.0
CMP006,C003155,2025-04-18,0,0.0,38.0
CMP006,C001378,2025-04-18,0,0.0,38.0
CMP006,C004999,2025-04-18,1,2561.97,38.0
CMP006,C005380,2025-04-18,0,0.0,38.0
CMP006,C005982,2025-04-18,1,929.3,38.0
CMP006,C002875,2025-04-18,0,0.0,38.0
CMP006,C003436,2025-04-18,0,0.0,38.0
CMP006,C005955,2025-04-18,0,0.0,38.0
CMP006,C005174,2025-04-18,0,0.0,38.0
CMP006,C004436,2025-04-18,0,0.0,38.0
CMP006,C002075,2025-04-18,0,0.0,38.0
CMP006,C005839,2025-04-18,0,0.0,38.0
CMP006,C005056,2025-04-18,0,0.0,38.0
CMP006,C005745,2025-04-18,0,0.0,38.0
CMP006,C001345,2025-04-18,0,0.0,38.0
CMP006,C001601,2025-04-18,0,0.0,38.0
CMP006,C003382,2025-04-18,0,0.0,38.0
CMP006,C005266,2025-04-18,0,0.0,38.0
CMP006,C001623,2025-04-18,0,0.0,38.0
CMP006,C002114,2025-04-18,0,0.0,38.0
CMP006,C002941,2025-04-18,0,0.0,38.0
CMP006,C002220,2025-04-18,1,416.15,38.0
CMP006,C003456,2025-04-18,1,4841.3,38.0
CMP006,C002772,2025-04-18,0,0.0,38.0
CMP006,C004003,2025-04-18,1,430.01,38.0
CMP006,C005802,2025-04-18,0,0.0,38.0
CMP006,C005214,2025-04-18,0,0.0,38.0
CMP006,C004584,2025-04-18,1,3174.6,38.0
CMP006,C002813,2025-04-18,0,0.0,38.0
CMP006,C003098,2025-04-18,0,0.0,38.0
CMP006,C000047,2025-04-18,0,0.0,38.0
CMP006,C001085,2025-04-18,0,0.0,38.0
CMP006,C000607,2025-04-18,0,0.0,38.0
CMP006,C004440,2025-04-18,0,0.0,38.0
CMP006,C003459,2025-04-18,0,0.0,38.0
CMP006,C002030,2025-04-18,0,0.0,38.0
CMP006,C000620,2025-04-18,0,0.0,38.0
CMP006,C005555,2025-04-18,0,0.0,38.0
CMP006,C005486,2025-04-18,1,3519.26,38.0
CMP006,C004422,2025-04-18,0,0.0,38.0
CMP006,C001291,2025-04-18,0,0.0,38.0
CMP006,C003224,2025-04-18,1,157.34,38.0
CMP006,C004547,2025-04-18,0,0.0,38.0
CMP006,C000322,2025-04-18,0,0.0,38.0
CMP006,C005356,2025-04-18,1,263.96,38.0
CMP006,C003204,2025-04-18,0,0.0,38.0
CMP006,C004540,2025-04-18,0,0.0,38.0
CMP006,C001199,2025-04-18,1,1495.31,38.0
CMP006,C003738,2025-04-18,0,0.0,38.0
CMP006,C004866,2025-04-18,0,0.0,38.0
CMP006,C005255,2025-04-18,0,0.0,38.0
CMP006,C002078,2025-04-18,0,0.0,38.0
CMP006,C004694,2025-04-18,0,0.0,38.0
CMP006,C001460,2025-04-18,0,0.0,38.0
CMP006,C001641,2025-04-18,0,0.0,38.0
CMP006,C004891,2025-04-18,0,0.0,38.0
CMP006,C001302,2025-04-18,0,0.0,38.0
CMP006,C002901,2025-04-18,0,0.0,38.0
CMP006,C003373,2025-04-18,0,0.0,38.0
CMP006,C000441,2025-04-18,0,0.0,38.0
CMP006,C001301,2025-04-18,0,0.0,38.0
CMP006,C004380,2025-04-18,0,0.0,38.0
CMP006,C000960,2025-04-18,0,0.0,38.0
CMP006,C005921,2025-04-18,0,0.0,38.0
CMP006,C002108,2025-04-18,1,568.89,38.0
CMP006,C005391,2025-04-18,1,1075.47,38.0
CMP006,C000897,2025-04-18,1,215.34,38.0
CMP006,C004867,2025-04-18,0,0.0,38.0
CMP006,C004564,2025-04-18,0,0.0,38.0
CMP006,C003784,2025-04-18,0,0.0,38.0
CMP006,C001875,2025-04-18,0,0.0,38.0
CMP006,C001580,2025-04-18,0,0.0,38.0
CMP006,C003942,2025-04-18,0,0.0,38.0
CMP006,C002927,2025-04-18,0,0.0,38.0
CMP006,C001643,2025-04-18,0,0.0,38.0
CMP006,C003025,2025-04-18,0,0.0,38.0
CMP006,C003517,2025-04-18,0,0.0,38.0
CMP006,C004331,2025-04-18,0,0.0,38.0
CMP006,C000688,2025-04-18,0,0.0,38.0
CMP006,C002722,2025-04-18,0,0.0,38.0
CMP006,C001752,2025-04-18,1,222.68,38.0
CMP006,C000424,2025-04-18,1,446.25,38.0
CMP006,C001364,2025-04-18,0,0.0,38.0
CMP006,C002242,2025-04-18,0,0.0,38.0
CMP006,C001922,2025-04-18,0,0.0,38.0
CMP006,C003618,2025-04-18,0,0.0,38.0
CMP006,C003340,2025-04-18,1,188.61,38.0
CMP006,C000894,2025-04-18,0,0.0,38.0
CMP006,C000693,2025-04-18,0,0.0,38.0
CMP006,C002020,2025-04-18,0,0.0,38.0
CMP006,C003643,2025-04-18,0,0.0,38.0
CMP006,C000225,2025-04-18,0,0.0,38.0
CMP006,C002551,2025-04-18,0,0.0,38.0
CMP006,C000040,2025-04-18,0,0.0,38.0
CMP006,C001815,2025-04-18,0,0.0,38.0
CMP006,C001935,2025-04-18,0,0.0,38.0
CMP006,C001082,2025-04-18,1,1944.89,38.0
CMP006,C004829,2025-04-18,0,0.0,38.0
CMP006,C004674,2025-04-18,1,332.57,38.0
CMP006,C004226,2025-04-18,0,0.0,38.0
CMP006,C001316,2025-04-18,0,0.0,38.0
CMP006,C001593,2025-04-18,0,0.0,38.0
CMP006,C005765,2025-04-18,1,1520.09,38.0
CMP006,C000476,2025-04-18,0,0.0,38.0
CMP006,C002744,2025-04-18,0,0.0,38.0
CMP006,C002715,2025-04-18,1,77.86,38.0
CMP006,C004803,2025-04-18,1,503.9,38.0
CMP006,C000496,2025-04-18,0,0.0,38.0
CMP006,C003983,2025-04-18,0,0.0,38.0
CMP006,C003275,2025-04-18,1,2156.84,38.0
CMP006,C000891,2025-04-18,0,0.0,38.0
CMP006,C005050,2025-04-18,0,0.0,38.0
CMP006,C003950,2025-04-18,1,1340.47,38.0
CMP006,C001377,2025-04-18,0,0.0,38.0
CMP006,C005293,2025-04-18,0,0.0,38.0
CMP006,C000901,2025-04-18,0,0.0,38.0
CMP006,C003462,2025-04-18,0,0.0,38.0
CMP006,C004197,2025-04-18,0,0.0,38.0
CMP006,C001438,2025-04-18,0,0.0,38.0
CMP006,C004555,2025-04-18,0,0.0,38.0
CMP006,C002741,2025-04-18,0,0.0,38.0
CMP006,C003479,2025-04-18,0,0.0,38.0
CMP006,C005760,2025-04-18,0,0.0,38.0
CMP006,C002986,2025-04-18,1,2013.47,38.0
CMP006,C003654,2025-04-18,0,0.0,38.0
CMP006,C002419,2025-04-18,0,0.0,38.0
CMP006,C005004,2025-04-18,0,0.0,38.0
CMP006,C000261,2025-04-18,0,0.0,38.0
CMP006,C001049,2025-04-18,0,0.0,38.0
CMP006,C000083,2025-04-18,1,2406.4,38.0
CMP006,C003591,2025-04-18,0,0.0,38.0
CMP006,C005918,2025-04-18,0,0.0,38.0
CMP006,C000919,2025-04-18,0,0.0,38.0
CMP006,C002172,2025-04-18,0,0.0,38.0
CMP006,C005475,2025-04-18,0,0.0,38.0
CMP006,C000351,2025-04-18,0,0.0,38.0
CMP006,C000401,2025-04-18,1,766.35,38.0
CMP006,C005808,2025-04-18,0,0.0,38.0
CMP006,C000497,2025-04-18,0,0.0,38.0
CMP006,C002879,2025-04-18,0,0.0,38.0
CMP006,C003569,2025-04-18,0,0.0,38.0
CMP006,C004023,2025-04-18,0,0.0,38.0
CMP006,C003882,2025-04-18,0,0.0,38.0
CMP006,C003813,2025-04-18,0,0.0,38.0
CMP006,C002167,2025-04-18,0,0.0,38.0
CMP006,C002037,2025-04-18,0,0.0,38.0
CMP006,C001793,2025-04-18,0,0.0,38.0
CMP006,C004190,2025-04-18,0,0.0,38.0
CMP006,C005565,2025-04-18,0,0.0,38.0
CMP006,C001905,2025-04-18,0,0.0,38.0
CMP006,C002630,2025-04-18,0,0.0,38.0
CMP006,C001887,2025-04-18,0,0.0,38.0
CMP006,C003642,2025-04-18,0,0.0,38.0
CMP006,C001449,2025-04-18,1,1405.18,38.0
CMP006,C001333,2025-04-18,0,0.0,38.0
CMP006,C001517,2025-04-18,0,0.0,38.0
CMP006,C001470,2025-04-18,0,0.0,38.0
CMP006,C003322,2025-04-18,1,1943.19,38.0
CMP006,C001699,2025-04-18,0,0.0,38.0
CMP006,C004710,2025-04-18,0,0.0,38.0
CMP006,C000595,2025-04-18,1,3075.99,38.0
CMP006,C002354,2025-04-18,0,0.0,38.0
CMP006,C001034,2025-04-18,0,0.0,38.0
CMP006,C002670,2025-04-18,0,0.0,38.0
CMP006,C002588,2025-04-18,1,1964.34,38.0
CMP006,C005817,2025-04-18,1,2948.71,38.0
CMP006,C004176,2025-04-18,0,0.0,38.0
CMP006,C002481,2025-04-18,0,0.0,38.0
CMP006,C005898,2025-04-18,0,0.0,38.0
CMP006,C004527,2025-04-18,0,0.0,38.0
CMP006,C005803,2025-04-18,1,912.22,38.0
CMP006,C002163,2025-04-18,0,0.0,38.0
CMP006,C003378,2025-04-18,0,0.0,38.0
CMP006,C001718,2025-04-18,0,0.0,38.0
CMP006,C003566,2025-04-18,0,0.0,38.0
CMP006,C000415,2025-04-18,1,1852.79,38.0
CMP006,C003854,2025-04-18,0,0.0,38.0
CMP006,C004543,2025-04-18,0,0.0,38.0
CMP006,C000842,2025-04-18,0,0.0,38.0
CMP006,C002388,2025-04-18,1,2656.97,38.0
CMP006,C005330,2025-04-18,0,0.0,38.0
CMP006,C000844,2025-04-18,0,0.0,38.0
CMP006,C001488,2025-04-18,0,0.0,38.0
CMP006,C001249,2025-04-18,0,0.0,38.0
CMP006,C000606,2025-04-18,1,1276.67,38.0
CMP006,C000991,2025-04-18,0,0.0,38.0
CMP006,C000149,2025-04-18,1,1015.59,38.0
CMP006,C000592,2025-04-18,0,0.0,38.0
CMP006,C001993,2025-04-18,0,0.0,38.0
CMP006,C005784,2025-04-18,0,0.0,38.0
CMP006,C004320,2025-04-18,1,1053.86,38.0
CMP006,C000853,2025-04-18,1,1342.47,38.0
CMP006,C004460,2025-04-18,1,550.64,38.0
CMP006,C003758,2025-04-18,0,0.0,38.0
CMP006,C004565,2025-04-18,0,0.0,38.0
CMP006,C001679,2025-04-18,0,0.0,38.0
CMP006,C000643,2025-04-18,0,0.0,38.0
CMP006,C001692,2025-04-18,0,0.0,38.0
CMP006,C000659,2025-04-18,0,0.0,38.0
CMP006,C004689,2025-04-18,0,0.0,38.0
CMP006,C002992,2025-04-18,0,0.0,38.0
CMP006,C004493,2025-04-18,0,0.0,38.0
CMP006,C001880,2025-04-18,0,0.0,38.0
CMP006,C001670,2025-04-18,0,0.0,38.0
CMP006,C005215,2025-04-18,0,0.0,38.0
CMP006,C003597,2025-04-18,0,0.0,38.0
CMP006,C005571,2025-04-18,0,0.0,38.0
CMP006,C005770,2025-04-18,0,0.0,38.0
CMP006,C005446,2025-04-18,0,0.0,38.0
CMP006,C000466,2025-04-18,0,0.0,38.0
CMP006,C000895,2025-04-18,0,0.0,38.0
CMP006,C003074,2025-04-18,0,0.0,38.0
CMP006,C004056,2025-04-18,0,0.0,38.0
CMP006,C000126,2025-04-18,0,0.0,38.0
CMP006,C000059,2025-04-18,1,2075.76,38.0
CMP006,C004775,2025-04-18,0,0.0,38.0
CMP006,C001482,2025-04-18,0,0.0,38.0
CMP006,C001040,2025-04-18,1,81.23,38.0
CMP006,C001286,2025-04-18,0,0.0,38.0
CMP006,C001436,2025-04-18,0,0.0,38.0
CMP006,C002379,2025-04-18,0,0.0,38.0
CMP006,C003447,2025-04-18,0,0.0,38.0
CMP006,C003404,2025-04-18,0,0.0,38.0
CMP006,C005081,2025-04-18,0,0.0,38.0
CMP006,C003546,2025-04-18,1,729.53,38.0
CMP006,C001848,2025-04-18,0,0.0,38.0
CMP006,C005114,2025-04-18,0,0.0,38.0
CMP006,C003529,2025-04-18,0,0.0,38.0
CMP006,C001743,2025-04-18,0,0.0,38.0
CMP006,C000778,2025-04-18,1,962.31,38.0
CMP006,C001588,2025-04-18,0,0.0,38.0
CMP006,C001503,2025-04-18,0,0.0,38.0
CMP006,C005262,2025-04-18,0,0.0,38.0
CMP006,C001766,2025-04-18,0,0.0,38.0
CMP006,C001543,2025-04-18,0,0.0,38.0
CMP006,C004974,2025-04-18,0,0.0,38.0
CMP006,C000284,2025-04-18,0,0.0,38.0
CMP006,C001802,2025-04-18,0,0.0,38.0
CMP006,C005267,2025-04-18,0,0.0,38.0
CMP006,C005269,2025-04-18,1,494.05,38.0
CMP006,C001872,2025-04-18,0,0.0,38.0
CMP006,C002056,2025-04-18,1,478.68,38.0
CMP006,C004002,2025-04-18,0,0.0,38.0
CMP006,C001834,2025-04-18,0,0.0,38.0
CMP006,C001739,2025-04-18,1,1636.87,38.0
CMP006,C002830,2025-04-18,0,0.0,38.0
CMP006,C000707,2025-04-18,0,0.0,38.0
CMP006,C000756,2025-04-18,0,0.0,38.0
CMP006,C003073,2025-04-18,1,315.02,38.0
CMP006,C000516,2025-04-18,0,0.0,38.0
CMP006,C003711,2025-04-18,0,0.0,38.0
CMP006,C000626,2025-04-18,0,0.0,38.0
CMP006,C005194,2025-04-18,0,0.0,38.0
CMP006,C001416,2025-04-18,1,1655.48,38.0
CMP006,C001955,2025-04-18,0,0.0,38.0
CMP006,C000510,2025-04-18,0,0.0,38.0
CMP006,C005250,2025-04-18,0,0.0,38.0
CMP006,C002415,2025-04-18,0,0.0,38.0
CMP006,C000583,2025-04-18,1,2203.34,38.0
CMP006,C004213,2025-04-18,0,0.0,38.0
CMP006,C002777,2025-04-18,0,0.0,38.0
CMP006,C004092,2025-04-18,0,0.0,38.0
CMP006,C001613,2025-04-18,0,0.0,38.0
CMP006,C002713,2025-04-18,0,0.0,38.0
CMP006,C000064,2025-04-18,0,0.0,38.0
CMP006,C000410,2025-04-18,0,0.0,38.0
CMP006,C000135,2025-04-18,0,0.0,38.0
CMP006,C001018,2025-04-18,0,0.0,38.0
CMP006,C002975,2025-04-18,0,0.0,38.0
CMP006,C004970,2025-04-18,0,0.0,38.0
CMP006,C003353,2025-04-18,0,0.0,38.0
CMP006,C003214,2025-04-18,0,0.0,38.0
CMP006,C001495,2025-04-18,0,0.0,38.0
CMP006,C000525,2025-04-18,0,0.0,38.0
CMP006,C004124,2025-04-18,0,0.0,38.0
CMP006,C003510,2025-04-18,0,0.0,38.0
CMP006,C000006,2025-04-18,0,0.0,38.0
CMP006,C003716,2025-04-18,0,0.0,38.0
CMP006,C004904,2025-04-18,0,0.0,38.0
CMP006,C003012,2025-04-18,0,0.0,38.0
CMP006,C001452,2025-04-18,1,1135.14,38.0
CMP006,C005972,2025-04-18,1,1994.98,38.0
CMP006,C003636,2025-04-18,0,0.0,38.0
CMP006,C003002,2025-04-18,0,0.0,38.0
CMP006,C005078,2025-04-18,0,0.0,38.0
CMP006,C002028,2025-04-18,1,918.99,38.0
CMP006,C001174,2025-04-18,0,0.0,38.0
CMP006,C000346,2025-04-18,0,0.0,38.0
CMP006,C004638,2025-04-18,1,992.82,38.0
CMP006,C002567,2025-04-18,0,0.0,38.0
CMP006,C005427,2025-04-18,0,0.0,38.0
CMP006,C000080,2025-04-18,0,0.0,38.0
CMP006,C001256,2025-04-18,0,0.0,38.0
CMP006,C004305,2025-04-18,0,0.0,38.0
CMP006,C003050,2025-04-18,0,0.0,38.0
CMP006,C000832,2025-04-18,0,0.0,38.0
CMP006,C002863,2025-04-18,0,0.0,38.0
CMP006,C000597,2025-04-18,1,3329.09,38.0
CMP006,C000859,2025-04-18,0,0.0,38.0
CMP006,C001358,2025-04-18,0,0.0,38.0
CMP006,C005577,2025-04-18,0,0.0,38.0
CMP006,C002543,2025-04-18,0,0.0,38.0
CMP006,C005315,2025-04-18,1,296.28,38.0
CMP006,C004497,2025-04-18,0,0.0,38.0
CMP006,C000681,2025-04-18,0,0.0,38.0
CMP006,C001698,2025-04-18,0,0.0,38.0
CMP006,C003594,2025-04-18,0,0.0,38.0
CMP006,C001663,2025-04-18,0,0.0,38.0
CMP006,C002514,2025-04-18,0,0.0,38.0
CMP006,C000654,2025-04-18,1,244.27,38.0
CMP006,C003725,2025-04-18,0,0.0,38.0
CMP006,C001214,2025-04-18,0,0.0,38.0
CMP006,C005198,2025-04-18,0,0.0,38.0
CMP006,C000624,2025-04-18,0,0.0,38.0
CMP006,C005606,2025-04-18,1,1730.72,38.0
CMP006,C005988,2025-04-18,0,0.0,38.0
CMP006,C004945,2025-04-18,0,0.0,38.0
CMP006,C003216,2025-04-18,0,0.0,38.0
CMP006,C004519,2025-04-18,0,0.0,38.0
CMP006,C002936,2025-04-18,0,0.0,38.0
CMP006,C001652,2025-04-18,0,0.0,38.0
CMP006,C004202,2025-04-18,0,0.0,38.0
CMP006,C002384,2025-04-18,0,0.0,38.0
CMP006,C003599,2025-04-18,0,0.0,38.0
CMP006,C000217,2025-04-18,0,0.0,38.0
CMP006,C002443,2025-04-18,1,1019.56,38.0
CMP006,C004022,2025-04-18,0,0.0,38.0
CMP006,C003103,2025-04-18,0,0.0,38.0
CMP006,C005162,2025-04-18,0,0.0,38.0
CMP006,C005467,2025-04-18,0,0.0,38.0
CMP006,C001646,2025-04-18,1,977.87,38.0
CMP006,C004761,2025-04-18,1,972.04,38.0
CMP006,C005327,2025-04-18,0,0.0,38.0
CMP006,C003497,2025-04-18,0,0.0,38.0
CMP006,C002931,2025-04-18,0,0.0,38.0
CMP006,C002917,2025-04-18,0,0.0,38.0
CMP006,C005369,2025-04-18,0,0.0,38.0
CMP006,C005400,2025-04-18,0,0.0,38.0
CMP006,C003046,2025-04-18,0,0.0,38.0
CMP006,C005045,2025-04-18,0,0.0,38.0
CMP006,C002189,2025-04-18,0,0.0,38.0
CMP006,C005328,2025-04-18,1,2610.97,38.0
CMP006,C004026,2025-04-18,0,0.0,38.0
CMP006,C001745,2025-04-18,0,0.0,38.0
CMP006,C001296,2025-04-18,0,0.0,38.0
CMP006,C000568,2025-04-18,0,0.0,38.0
CMP006,C000696,2025-04-18,0,0.0,38.0
CMP006,C002689,2025-04-18,0,0.0,38.0
CMP006,C000711,2025-04-18,1,1165.52,38.0
CMP006,C005661,2025-04-18,0,0.0,38.0
CMP006,C003217,2025-04-18,0,0.0,38.0
CMP006,C004730,2025-04-18,1,1627.98,38.0
CMP006,C002549,2025-04-18,0,0.0,38.0
CMP006,C002079,2025-04-18,0,0.0,38.0
CMP006,C003826,2025-04-18,1,1552.11,38.0
CMP006,C004316,2025-04-18,0,0.0,38.0
CMP006,C002869,2025-04-18,0,0.0,38.0
CMP006,C004749,2025-04-18,0,0.0,38.0
CMP006,C005944,2025-04-18,0,0.0,38.0
CMP006,C001409,2025-04-18,0,0.0,38.0
CMP006,C004095,2025-04-18,0,0.0,38.0
CMP006,C001550,2025-04-18,0,0.0,38.0
CMP006,C002298,2025-04-18,0,0.0,38.0
CMP006,C001873,2025-04-18,1,928.54,38.0
CMP006,C004888,2025-04-18,0,0.0,38.0
CMP006,C002740,2025-04-18,1,3305.44,38.0
CMP006,C004937,2025-04-18,0,0.0,38.0
CMP006,C000988,2025-04-18,0,0.0,38.0
CMP006,C000357,2025-04-18,0,0.0,38.0
CMP006,C004366,2025-04-18,0,0.0,38.0
CMP006,C003083,2025-04-18,0,0.0,38.0
CMP006,C002674,2025-04-18,1,343.14,38.0
CMP006,C002571,2025-04-18,1,750.27,38.0
CMP006,C005595,2025-04-18,0,0.0,38.0
CMP006,C005602,2025-04-18,0,0.0,38.0
CMP006,C002599,2025-04-18,0,0.0,38.0
CMP006,C002878,2025-04-18,0,0.0,38.0
CMP006,C001940,2025-04-18,0,0.0,38.0
CMP006,C004333,2025-04-18,0,0.0,38.0
CMP006,C003044,2025-04-18,0,0.0,38.0
CMP006,C005251,2025-04-18,0,0.0,38.0
CMP006,C005956,2025-04-18,0,0.0,38.0
CMP006,C001658,2025-04-18,0,0.0,38.0
CMP006,C003250,2025-04-18,0,0.0,38.0
CMP006,C001974,2025-04-18,0,0.0,38.0
CMP006,C001267,2025-04-18,0,0.0,38.0
CMP006,C002490,2025-04-18,0,0.0,38.0
CMP006,C004593,2025-04-18,0,0.0,38.0
CMP006,C003679,2025-04-18,0,0.0,38.0
CMP006,C005479,2025-04-18,0,0.0,38.0
CMP006,C004311,2025-04-18,0,0.0,38.0
CMP006,C001542,2025-04-18,0,0.0,38.0
CMP006,C005670,2025-04-18,0,0.0,38.0
CMP006,C001069,2025-04-18,0,0.0,38.0
CMP006,C004169,2025-04-18,0,0.0,38.0
CMP006,C005847,2025-04-18,0,0.0,38.0
CMP006,C005664,2025-04-18,0,0.0,38.0
CMP006,C003467,2025-04-18,0,0.0,38.0
CMP006,C000095,2025-04-18,0,0.0,38.0
CMP006,C002267,2025-04-18,0,0.0,38.0
CMP006,C003112,2025-04-18,0,0.0,38.0
CMP006,C005070,2025-04-18,0,0.0,38.0
CMP006,C005121,2025-04-18,0,0.0,38.0
CMP006,C000885,2025-04-18,0,0.0,38.0
CMP006,C001773,2025-04-18,0,0.0,38.0
CMP006,C002990,2025-04-18,0,0.0,38.0
CMP006,C002719,2025-04-18,0,0.0,38.0
CMP006,C001191,2025-04-18,0,0.0,38.0
CMP006,C003101,2025-04-18,0,0.0,38.0
CMP006,C004278,2025-04-18,0,0.0,38.0
CMP006,C000399,2025-04-18,0,0.0,38.0
CMP006,C003963,2025-04-18,0,0.0,38.0
CMP006,C002868,2025-04-18,0,0.0,38.0
CMP006,C004354,2025-04-18,0,0.0,38.0
CMP006,C005283,2025-04-18,0,0.0,38.0
CMP006,C005258,2025-04-18,0,0.0,38.0
CMP006,C005621,2025-04-18,0,0.0,38.0
CMP006,C004496,2025-04-18,0,0.0,38.0
CMP006,C002040,2025-04-18,0,0.0,38.0
CMP006,C001003,2025-04-18,0,0.0,38.0
CMP006,C004590,2025-04-18,0,0.0,38.0
CMP006,C000665,2025-04-18,0,0.0,38.0
CMP006,C005889,2025-04-18,0,0.0,38.0
CMP006,C002397,2025-04-18,0,0.0,38.0
CMP006,C005353,2025-04-18,0,0.0,38.0
CMP006,C005566,2025-04-18,0,0.0,38.0
CMP006,C001610,2025-04-18,1,1632.32,38.0
CMP006,C000514,2025-04-18,1,1785.46,38.0
CMP006,C003222,2025-04-18,0,0.0,38.0
CMP006,C000332,2025-04-18,0,0.0,38.0
CMP006,C004868,2025-04-18,0,0.0,38.0
CMP006,C003906,2025-04-18,0,0.0,38.0
CMP006,C004330,2025-04-18,0,0.0,38.0
CMP006,C004428,2025-04-18,0,0.0,38.0
CMP006,C002291,2025-04-18,0,0.0,38.0
CMP006,C001794,2025-04-18,0,0.0,38.0
CMP006,C002022,2025-04-18,0,0.0,38.0
CMP006,C001502,2025-04-18,0,0.0,38.0
CMP006,C001025,2025-04-18,0,0.0,38.0
CMP006,C003918,2025-04-18,0,0.0,38.0
CMP006,C004042,2025-04-18,0,0.0,38.0
CMP006,C001981,2025-04-18,0,0.0,38.0
CMP006,C005416,2025-04-18,0,0.0,38.0
CMP006,C003674,2025-04-18,0,0.0,38.0
CMP006,C000106,2025-04-18,0,0.0,38.0
CMP006,C000637,2025-04-18,1,1259.28,38.0
CMP006,C002323,2025-04-18,0,0.0,38.0
CMP006,C001655,2025-04-18,0,0.0,38.0
CMP006,C001829,2025-04-18,0,0.0,38.0
CMP006,C001534,2025-04-18,0,0.0,38.0
CMP006,C001849,2025-04-18,0,0.0,38.0
CMP006,C002322,2025-04-18,0,0.0,38.0
CMP006,C000649,2025-04-18,0,0.0,38.0
CMP006,C005357,2025-04-18,0,0.0,38.0
CMP006,C001911,2025-04-18,0,0.0,38.0
CMP006,C003739,2025-04-18,0,0.0,38.0
CMP006,C002466,2025-04-18,0,0.0,38.0
CMP006,C005804,2025-04-18,0,0.0,38.0
CMP006,C001568,2025-04-18,0,0.0,38.0
CMP006,C002615,2025-04-18,0,0.0,38.0
CMP006,C004672,2025-04-18,1,658.64,38.0
CMP006,C004769,2025-04-18,0,0.0,38.0
CMP006,C000190,2025-04-18,0,0.0,38.0
CMP006,C005721,2025-04-18,0,0.0,38.0
CMP006,C005071,2025-04-18,0,0.0,38.0
CMP006,C005855,2025-04-18,1,560.75,38.0
CMP006,C005873,2025-04-18,0,0.0,38.0
CMP006,C000444,2025-04-18,0,0.0,38.0
CMP006,C005884,2025-04-18,1,3289.46,38.0
CMP006,C003522,2025-04-18,0,0.0,38.0
CMP006,C005104,2025-04-18,0,0.0,38.0
CMP006,C005806,2025-04-18,1,849.54,38.0
CMP006,C004562,2025-04-18,0,0.0,38.0
CMP006,C002688,2025-04-18,0,0.0,38.0
CMP006,C001279,2025-04-18,0,0.0,38.0
CMP006,C003087,2025-04-18,0,0.0,38.0
CMP006,C003547,2025-04-18,0,0.0,38.0
CMP006,C004259,2025-04-18,0,0.0,38.0
CMP006,C000219,2025-04-18,0,0.0,38.0
CMP006,C000192,2025-04-18,0,0.0,38.0
CMP006,C004835,2025-04-18,0,0.0,38.0
CMP006,C003442,2025-04-18,0,0.0,38.0
CMP006,C004752,2025-04-18,0,0.0,38.0
CMP006,C001013,2025-04-18,0,0.0,38.0
CMP006,C004515,2025-04-18,0,0.0,38.0
CMP006,C001876,2025-04-18,0,0.0,38.0
CMP006,C001647,2025-04-18,0,0.0,38.0
CMP006,C000044,2025-04-18,0,0.0,38.0
CMP006,C001031,2025-04-18,0,0.0,38.0
CMP006,C005141,2025-04-18,0,0.0,38.0
CMP006,C002780,2025-04-18,1,540.54,38.0
CMP006,C003094,2025-04-18,0,0.0,38.0
CMP006,C001142,2025-04-18,1,933.74,38.0
CMP006,C005979,2025-04-18,0,0.0,38.0
CMP006,C005238,2025-04-18,0,0.0,38.0
CMP006,C000251,2025-04-18,1,721.27,38.0
CMP006,C002736,2025-04-18,0,0.0,38.0
CMP006,C004508,2025-04-18,0,0.0,38.0
CMP006,C004517,2025-04-18,0,0.0,38.0
CMP006,C003899,2025-04-18,0,0.0,38.0
CMP006,C005797,2025-04-18,0,0.0,38.0
CMP006,C004229,2025-04-18,0,0.0,38.0
CMP006,C002045,2025-04-18,0,0.0,38.0
CMP006,C003763,2025-04-18,0,0.0,38.0
CMP006,C001559,2025-04-18,0,0.0,38.0
CMP006,C005502,2025-04-18,0,0.0,38.0
CMP006,C001863,2025-04-18,0,0.0,38.0
CMP006,C005397,2025-04-18,1,450.35,38.0
CMP006,C002159,2025-04-18,0,0.0,38.0
CMP006,C000277,2025-04-18,1,764.74,38.0
CMP006,C002653,2025-04-18,0,0.0,38.0
CMP006,C002231,2025-04-18,0,0.0,38.0
CMP006,C001484,2025-04-18,0,0.0,38.0
CMP006,C003013,2025-04-18,0,0.0,38.0
CMP006,C002168,2025-04-18,0,0.0,38.0
CMP006,C000090,2025-04-18,0,0.0,38.0
CMP006,C004875,2025-04-18,1,1382.07,38.0
CMP006,C004191,2025-04-18,1,2706.39,38.0
CMP006,C005851,2025-04-18,0,0.0,38.0
CMP006,C002118,2025-04-18,0,0.0,38.0
CMP006,C003398,2025-04-18,0,0.0,38.0
CMP006,C001403,2025-04-18,0,0.0,38.0
CMP006,C001002,2025-04-18,0,0.0,38.0
CMP006,C000446,2025-04-18,0,0.0,38.0
CMP006,C003236,2025-04-18,0,0.0,38.0
CMP006,C003657,2025-04-18,0,0.0,38.0
CMP006,C002328,2025-04-18,1,1072.8,38.0
CMP006,C002090,2025-04-18,0,0.0,38.0
CMP006,C001009,2025-04-18,0,0.0,38.0
CMP006,C001733,2025-04-18,1,230.09,38.0
CMP006,C005317,2025-04-18,0,0.0,38.0
CMP006,C004434,2025-04-18,0,0.0,38.0
CMP006,C005144,2025-04-18,0,0.0,38.0
CMP006,C004542,2025-04-18,1,820.4,38.0
CMP006,C004373,2025-04-18,0,0.0,38.0
CMP006,C001063,2025-04-18,0,0.0,38.0
CMP006,C004507,2025-04-18,0,0.0,38.0
CMP006,C005906,2025-04-18,0,0.0,38.0
CMP006,C005010,2025-04-18,0,0.0,38.0
CMP006,C001197,2025-04-18,0,0.0,38.0
CMP006,C002444,2025-04-18,1,2283.49,38.0
CMP006,C002456,2025-04-18,0,0.0,38.0
CMP006,C003409,2025-04-18,0,0.0,38.0
CMP006,C005748,2025-04-18,0,0.0,38.0
CMP006,C002227,2025-04-18,0,0.0,38.0
CMP006,C004144,2025-04-18,0,0.0,38.0
CMP006,C004424,2025-04-18,0,0.0,38.0
CMP006,C003967,2025-04-18,0,0.0,38.0
CMP006,C001386,2025-04-18,0,0.0,38.0
CMP006,C004294,2025-04-18,0,0.0,38.0
CMP006,C004771,2025-04-18,1,568.14,38.0
CMP006,C003068,2025-04-18,0,0.0,38.0
CMP006,C001448,2025-04-18,1,1793.93,38.0
CMP006,C000942,2025-04-18,1,1860.43,38.0
CMP006,C003888,2025-04-18,0,0.0,38.0
CMP006,C000395,2025-04-18,0,0.0,38.0
CMP006,C000335,2025-04-18,0,0.0,38.0
CMP006,C004954,2025-04-18,0,0.0,38.0
CMP006,C001540,2025-04-18,1,646.92,38.0
CMP006,C005495,2025-04-18,0,0.0,38.0
CMP006,C003621,2025-04-18,0,0.0,38.0
CMP006,C000468,2025-04-18,0,0.0,38.0
CMP006,C003926,2025-04-18,0,0.0,38.0
CMP006,C001541,2025-04-18,0,0.0,38.0
CMP006,C001836,2025-04-18,0,0.0,38.0
CMP006,C001567,2025-04-18,0,0.0,38.0
CMP006,C002945,2025-04-18,0,0.0,38.0
CMP006,C004138,2025-04-18,1,1836.34,38.0
CMP006,C003032,2025-04-18,0,0.0,38.0
CMP006,C005686,2025-04-18,0,0.0,38.0
CMP006,C005842,2025-04-18,0,0.0,38.0
CMP006,C001721,2025-04-18,0,0.0,38.0
CMP006,C005096,2025-04-18,0,0.0,38.0
CMP006,C001081,2025-04-18,0,0.0,38.0
CMP006,C005974,2025-04-18,0,0.0,38.0
CMP006,C003872,2025-04-18,1,1208.14,38.0
CMP006,C001260,2025-04-18,0,0.0,38.0
CMP006,C005809,2025-04-18,0,0.0,38.0
CMP006,C000983,2025-04-18,0,0.0,38.0
CMP006,C002661,2025-04-18,1,1203.13,38.0
CMP006,C003269,2025-04-18,0,0.0,38.0
CMP006,C002031,2025-04-18,1,508.5,38.0
CMP006,C000686,2025-04-18,0,0.0,38.0
CMP006,C001379,2025-04-18,0,0.0,38.0
CMP006,C004738,2025-04-18,0,0.0,38.0
CMP006,C002981,2025-04-18,0,0.0,38.0
CMP006,C004198,2025-04-18,0,0.0,38.0
CMP006,C003946,2025-04-18,0,0.0,38.0
CMP006,C003537,2025-04-18,0,0.0,38.0
CMP006,C000411,2025-04-18,0,0.0,38.0
CMP006,C000066,2025-04-18,0,0.0,38.0
CMP006,C003071,2025-04-18,0,0.0,38.0
CMP006,C005350,2025-04-18,0,0.0,38.0
CMP006,C000021,2025-04-18,0,0.0,38.0
CMP006,C001269,2025-04-18,0,0.0,38.0
CMP006,C005819,2025-04-18,0,0.0,38.0
CMP006,C005877,2025-04-18,0,0.0,38.0
CMP006,C003280,2025-04-18,0,0.0,38.0
CMP006,C004842,2025-04-18,0,0.0,38.0
CMP006,C005140,2025-04-18,1,1945.19,38.0
CMP006,C004925,2025-04-18,0,0.0,38.0
CMP006,C002527,2025-04-18,0,0.0,38.0
CMP006,C005874,2025-04-18,0,0.0,38.0
CMP006,C000434,2025-04-18,0,0.0,38.0
CMP006,C001419,2025-04-18,0,0.0,38.0
CMP006,C005108,2025-04-18,0,0.0,38.0
CMP006,C004977,2025-04-18,0,0.0,38.0
CMP006,C002196,2025-04-18,0,0.0,38.0
CMP006,C003402,2025-04-18,0,0.0,38.0
CMP006,C004857,2025-04-18,0,0.0,38.0
CMP006,C000984,2025-04-18,1,3109.91,38.0
CMP006,C001411,2025-04-18,0,0.0,38.0
CMP006,C001139,2025-04-18,0,0.0,38.0
CMP006,C001221,2025-04-18,0,0.0,38.0
CMP006,C002261,2025-04-18,1,231.9,38.0
CMP006,C004968,2025-04-18,0,0.0,38.0
CMP006,C000255,2025-04-18,0,0.0,38.0
CMP006,C000598,2025-04-18,0,0.0,38.0
CMP006,C000633,2025-04-18,0,0.0,38.0
CMP006,C002752,2025-04-18,0,0.0,38.0
CMP006,C004284,2025-04-18,0,0.0,38.0
CMP006,C004959,2025-04-18,0,0.0,38.0
CMP006,C003922,2025-04-18,1,2038.62,38.0
CMP006,C003029,2025-04-18,0,0.0,38.0
CMP006,C004279,2025-04-18,0,0.0,38.0
CMP006,C002405,2025-04-18,0,0.0,38.0
CMP006,C003080,2025-04-18,0,0.0,38.0
CMP006,C003092,2025-04-18,0,0.0,38.0
CMP006,C005763,2025-04-18,1,179.51,38.0
CMP006,C002939,2025-04-18,1,3178.47,38.0
CMP006,C001455,2025-04-18,0,0.0,38.0
CMP006,C000557,2025-04-18,0,0.0,38.0
CMP006,C001776,2025-04-18,1,1423.69,38.0
CMP006,C000658,2025-04-18,0,0.0,38.0
CMP006,C003965,2025-04-18,0,0.0,38.0
CMP006,C002844,2025-04-18,0,0.0,38.0
CMP006,C004079,2025-04-18,0,0.0,38.0
CMP006,C004894,2025-04-18,0,0.0,38.0
CMP006,C000713,2025-04-18,0,0.0,38.0
CMP006,C003180,2025-04-18,0,0.0,38.0
CMP006,C003818,2025-04-18,0,0.0,38.0
CMP006,C005170,2025-04-18,0,0.0,38.0
CMP006,C000698,2025-04-18,0,0.0,38.0
CMP006,C004280,2025-04-18,1,4060.02,38.0
CMP006,C000742,2025-04-18,0,0.0,38.0
CMP006,C001607,2025-04-18,0,0.0,38.0
CMP006,C000817,2025-04-18,0,0.0,38.0
CMP006,C002693,2025-04-18,1,999.59,38.0
CMP006,C004848,2025-04-18,0,0.0,38.0
CMP006,C004976,2025-04-18,0,0.0,38.0
CMP006,C000150,2025-04-18,0,0.0,38.0
CMP006,C002538,2025-04-18,0,0.0,38.0
CMP006,C004036,2025-04-18,0,0.0,38.0
CMP006,C000780,2025-04-18,0,0.0,38.0
CMP006,C003042,2025-04-18,1,1311.53,38.0
CMP006,C002299,2025-04-18,0,0.0,38.0
CMP006,C004554,2025-04-18,0,0.0,38.0
CMP006,C000237,2025-04-18,1,1348.0,38.0
CMP006,C000581,2025-04-18,0,0.0,38.0
CMP006,C002997,2025-04-18,0,0.0,38.0
CMP006,C005405,2025-04-18,0,0.0,38.0
CMP006,C002517,2025-04-18,0,0.0,38.0
CMP006,C001917,2025-04-18,0,0.0,38.0
CMP006,C002169,2025-04-18,0,0.0,38.0
CMP006,C003677,2025-04-18,0,0.0,38.0
CMP006,C002969,2025-04-18,0,0.0,38.0
CMP006,C002434,2025-04-18,0,0.0,38.0
CMP006,C002841,2025-04-18,0,0.0,38.0
CMP006,C003819,2025-04-18,0,0.0,38.0
CMP006,C000526,2025-04-18,1,1078.73,38.0
CMP006,C001458,2025-04-18,1,1407.68,38.0
CMP006,C001093,2025-04-18,1,219.0,38.0
CMP006,C002302,2025-04-18,0,0.0,38.0
CMP006,C000211,2025-04-18,0,0.0,38.0
CMP006,C005896,2025-04-18,0,0.0,38.0
CMP006,C000265,2025-04-18,0,0.0,38.0
CMP006,C005640,2025-04-18,0,0.0,38.0
CMP006,C000455,2025-04-18,1,1873.16,38.0
CMP006,C003144,2025-04-18,0,0.0,38.0
CMP006,C002649,2025-04-18,0,0.0,38.0
CMP006,C002139,2025-04-18,0,0.0,38.0
CMP006,C001866,2025-04-18,0,0.0,38.0
CMP006,C005769,2025-04-18,0,0.0,38.0
CMP006,C000909,2025-04-18,0,0.0,38.0
CMP006,C001586,2025-04-18,0,0.0,38.0
CMP006,C001659,2025-04-18,0,0.0,38.0
CMP006,C005543,2025-04-18,0,0.0,38.0
CMP006,C003554,2025-04-18,0,0.0,38.0
CMP006,C005950,2025-04-18,0,0.0,38.0
CMP006,C001440,2025-04-18,0,0.0,38.0
CMP006,C005714,2025-04-18,0,0.0,38.0
CMP006,C004591,2025-04-18,1,296.73,38.0
CMP006,C004481,2025-04-18,1,234.88,38.0
CMP006,C002389,2025-04-18,0,0.0,38.0
CMP006,C000925,2025-04-18,0,0.0,38.0
CMP006,C000753,2025-04-18,0,0.0,38.0
CMP006,C005505,2025-04-18,0,0.0,38.0
CMP006,C003437,2025-04-18,0,0.0,38.0
CMP006,C003932,2025-04-18,0,0.0,38.0
CMP006,C002263,2025-04-18,0,0.0,38.0
CMP006,C002735,2025-04-18,0,0.0,38.0
CMP006,C001921,2025-04-18,0,0.0,38.0
CMP006,C001041,2025-04-18,0,0.0,38.0
CMP006,C000857,2025-04-18,1,1020.74,38.0
CMP006,C003298,2025-04-18,0,0.0,38.0
CMP006,C005239,2025-04-18,0,0.0,38.0
CMP006,C003090,2025-04-18,0,0.0,38.0
CMP006,C002241,2025-04-18,0,0.0,38.0
CMP006,C003364,2025-04-18,0,0.0,38.0
CMP006,C002429,2025-04-18,0,0.0,38.0
CMP006,C001402,2025-04-18,1,1487.31,38.0
CMP006,C005725,2025-04-18,0,0.0,38.0
CMP006,C005838,2025-04-18,0,0.0,38.0
CMP006,C001431,2025-04-18,0,0.0,38.0
CMP006,C005060,2025-04-18,0,0.0,38.0
CMP006,C000990,2025-04-18,1,2089.65,38.0
CMP006,C002158,2025-04-18,0,0.0,38.0
CMP006,C001619,2025-04-18,0,0.0,38.0
CMP006,C002521,2025-04-18,0,0.0,38.0
CMP006,C005395,2025-04-18,0,0.0,38.0
CMP006,C004463,2025-04-18,0,0.0,38.0
CMP006,C001694,2025-04-18,0,0.0,38.0
CMP006,C003977,2025-04-18,1,168.08,38.0
CMP006,C003680,2025-04-18,0,0.0,38.0
CMP006,C001740,2025-04-18,0,0.0,38.0
CMP006,C003047,2025-04-18,0,0.0,38.0
CMP006,C005668,2025-04-18,0,0.0,38.0
CMP006,C005833,2025-04-18,1,593.16,38.0
CMP006,C005404,2025-04-18,1,1406.53,38.0
CMP006,C001350,2025-04-18,0,0.0,38.0
CMP006,C000016,2025-04-18,0,0.0,38.0
CMP006,C003295,2025-04-18,1,180.34,38.0
CMP006,C003559,2025-04-18,0,0.0,38.0
CMP006,C000140,2025-04-18,0,0.0,38.0
CMP006,C005626,2025-04-18,0,0.0,38.0
CMP006,C002925,2025-04-18,0,0.0,38.0
CMP006,C003333,2025-04-18,0,0.0,38.0
CMP006,C005641,2025-04-18,0,0.0,38.0
CMP006,C001558,2025-04-18,0,0.0,38.0
CMP006,C003328,2025-04-18,0,0.0,38.0
CMP006,C002161,2025-04-18,0,0.0,38.0
CMP006,C003692,2025-04-18,1,858.84,38.0
CMP006,C001152,2025-04-18,1,1284.26,38.0
CMP006,C004635,2025-04-18,0,0.0,38.0
CMP006,C001008,2025-04-18,0,0.0,38.0
CMP006,C005580,2025-04-18,0,0.0,38.0
CMP006,C002428,2025-04-18,0,0.0,38.0
CMP006,C000125,2025-04-18,1,997.12,38.0
CMP006,C002660,2025-04-18,0,0.0,38.0
CMP006,C000949,2025-04-18,0,0.0,38.0
CMP006,C003832,2025-04-18,0,0.0,38.0
CMP006,C005724,2025-04-18,0,0.0,38.0
CMP006,C005604,2025-04-18,1,973.3,38.0
CMP006,C003728,2025-04-18,0,0.0,38.0
CMP006,C002613,2025-04-18,0,0.0,38.0
CMP006,C001059,2025-04-18,1,1970.8,38.0
CMP006,C003861,2025-04-18,0,0.0,38.0
CMP006,C001020,2025-04-18,0,0.0,38.0
CMP006,C000987,2025-04-18,0,0.0,38.0
CMP006,C002035,2025-04-18,0,0.0,38.0
CMP006,C000647,2025-04-18,1,1217.9,38.0
CMP006,C005635,2025-04-18,0,0.0,38.0
CMP006,C003978,2025-04-18,0,0.0,38.0
CMP006,C000845,2025-04-18,0,0.0,38.0
CMP006,C001052,2025-04-18,1,1546.74,38.0
CMP006,C001496,2025-04-18,0,0.0,38.0
CMP006,C003035,2025-04-18,1,282.46,38.0
CMP006,C001198,2025-04-18,0,0.0,38.0
CMP006,C004094,2025-04-18,0,0.0,38.0
CMP006,C002390,2025-04-18,0,0.0,38.0
CMP006,C005597,2025-04-18,0,0.0,38.0
CMP006,C002205,2025-04-18,0,0.0,38.0
CMP006,C005525,2025-04-18,0,0.0,38.0
CMP006,C004949,2025-04-18,0,0.0,38.0
CMP006,C004812,2025-04-18,1,825.04,38.0
CMP006,C005696,2025-04-18,0,0.0,38.0
CMP006,C002834,2025-04-18,0,0.0,38.0
CMP006,C004903,2025-04-18,0,0.0,38.0
CMP006,C004656,2025-04-18,0,0.0,38.0
CMP006,C000812,2025-04-18,1,203.55,38.0
CMP006,C005908,2025-04-18,0,0.0,38.0
CMP006,C003203,2025-04-18,0,0.0,38.0
CMP006,C004678,2025-04-18,0,0.0,38.0
CMP006,C003500,2025-04-18,1,2349.84,38.0
CMP006,C003556,2025-04-18,0,0.0,38.0
CMP006,C000281,2025-04-18,0,0.0,38.0
CMP006,C005023,2025-04-18,0,0.0,38.0
CMP006,C002170,2025-04-18,0,0.0,38.0
CMP006,C000609,2025-04-18,0,0.0,38.0
CMP006,C004131,2025-04-18,0,0.0,38.0
CMP006,C005440,2025-04-18,0,0.0,38.0
CMP006,C001153,2025-04-18,1,938.32,38.0
CMP006,C000911,2025-04-18,0,0.0,38.0
CMP006,C004886,2025-04-18,1,4102.5,38.0
CMP006,C003428,2025-04-18,0,0.0,38.0
CMP006,C001006,2025-04-18,0,0.0,38.0
CMP006,C001237,2025-04-18,0,0.0,38.0
CMP006,C000968,2025-04-18,0,0.0,38.0
CMP006,C005529,2025-04-18,0,0.0,38.0
CMP006,C004075,2025-04-18,1,82.2,38.0
CMP006,C004069,2025-04-18,1,952.86,38.0
CMP006,C000905,2025-04-18,0,0.0,38.0
CMP006,C003306,2025-04-18,0,0.0,38.0
CMP006,C001314,2025-04-18,0,0.0,38.0
CMP006,C004081,2025-04-18,0,0.0,38.0
CMP006,C000813,2025-04-18,1,599.88,38.0
CMP006,C004575,2025-04-18,0,0.0,38.0
CMP006,C003807,2025-04-18,0,0.0,38.0
CMP006,C001874,2025-04-18,0,0.0,38.0
CMP006,C004861,2025-04-18,1,400.44,38.0
CMP006,C003184,2025-04-18,0,0.0,38.0
CMP006,C000521,2025-04-18,1,537.73,38.0
CMP006,C002125,2025-04-18,0,0.0,38.0
CMP006,C000170,2025-04-18,0,0.0,38.0
CMP006,C005230,2025-04-18,0,0.0,38.0
CMP006,C001919,2025-04-18,1,3793.87,38.0
CMP006,C004240,2025-04-18,0,0.0,38.0
CMP006,C002700,2025-04-18,0,0.0,38.0
CMP006,C003182,2025-04-18,0,0.0,38.0
CMP006,C000428,2025-04-18,1,974.01,38.0
CMP006,C004206,2025-04-18,0,0.0,38.0
CMP006,C000556,2025-04-18,0,0.0,38.0
CMP006,C002219,2025-04-18,0,0.0,38.0
CMP006,C004512,2025-04-18,0,0.0,38.0
CMP006,C001405,2025-04-18,0,0.0,38.0
CMP006,C005436,2025-04-18,0,0.0,38.0
CMP006,C003804,2025-04-18,0,0.0,38.0
CMP006,C004258,2025-04-18,0,0.0,38.0
CMP006,C001048,2025-04-18,0,0.0,38.0
CMP006,C005739,2025-04-18,0,0.0,38.0
CMP006,C005738,2025-04-18,0,0.0,38.0
CMP006,C001144,2025-04-18,1,571.43,38.0
CMP006,C001195,2025-04-18,1,612.92,38.0
CMP006,C001906,2025-04-18,0,0.0,38.0
CMP006,C001870,2025-04-18,0,0.0,38.0
CMP006,C001070,2025-04-18,0,0.0,38.0
CMP006,C000566,2025-04-18,1,324.63,38.0
CMP006,C000050,2025-04-18,0,0.0,38.0
CMP006,C003808,2025-04-18,0,0.0,38.0
CMP006,C002377,2025-04-18,0,0.0,38.0
CMP006,C005297,2025-04-18,0,0.0,38.0
CMP006,C002364,2025-04-18,0,0.0,38.0
CMP006,C004430,2025-04-18,0,0.0,38.0
CMP006,C002873,2025-04-18,0,0.0,38.0
CMP006,C005351,2025-04-18,0,0.0,38.0
CMP006,C005478,2025-04-18,1,1021.3,38.0
CMP006,C003970,2025-04-18,1,4021.5,38.0
CMP006,C000068,2025-04-18,0,0.0,38.0
CMP006,C000653,2025-04-18,0,0.0,38.0
CMP006,C005511,2025-04-18,0,0.0,38.0
CMP006,C001705,2025-04-18,1,280.93,38.0
CMP006,C003543,2025-04-18,0,0.0,38.0
CMP006,C001428,2025-04-18,0,0.0,38.0
CMP006,C000866,2025-04-18,0,0.0,38.0
CMP006,C000254,2025-04-18,0,0.0,38.0
CMP006,C003221,2025-04-18,1,657.84,38.0
CMP006,C001621,2025-04-18,0,0.0,38.0
CMP006,C000751,2025-04-18,0,0.0,38.0
CMP006,C002904,2025-04-18,1,1003.32,38.0
CMP006,C003583,2025-04-18,1,389.91,38.0
CMP006,C000421,2025-04-18,0,0.0,38.0
CMP006,C000079,2025-04-18,0,0.0,38.0
CMP006,C005581,2025-04-18,0,0.0,38.0
CMP006,C000754,2025-04-18,0,0.0,38.0
CMP006,C004653,2025-04-18,0,0.0,38.0
CMP006,C001769,2025-04-18,0,0.0,38.0
CMP006,C004357,2025-04-18,0,0.0,38.0
CMP006,C004115,2025-04-18,0,0.0,38.0
CMP006,C003215,2025-04-18,0,0.0,38.0
CMP006,C005341,2025-04-18,0,0.0,38.0
CMP006,C004174,2025-04-18,1,1137.21,38.0
CMP006,C004612,2025-04-18,1,386.35,38.0
CMP006,C003973,2025-04-18,0,0.0,38.0
CMP006,C002416,2025-04-18,0,0.0,38.0
CMP006,C004129,2025-04-18,0,0.0,38.0
CMP006,C003581,2025-04-18,0,0.0,38.0
CMP006,C003317,2025-04-18,0,0.0,38.0
CMP006,C003693,2025-04-18,0,0.0,38.0
CMP006,C002029,2025-04-18,0,0.0,38.0
CMP006,C000412,2025-04-18,0,0.0,38.0
CMP006,C005715,2025-04-18,0,0.0,38.0
CMP006,C002669,2025-04-18,0,0.0,38.0
CMP006,C000168,2025-04-18,0,0.0,38.0
CMP006,C000326,2025-04-18,1,1242.69,38.0
CMP006,C002849,2025-04-18,0,0.0,38.0
CMP006,C002402,2025-04-18,0,0.0,38.0
CMP006,C005592,2025-04-18,0,0.0,38.0
CMP006,C003006,2025-04-18,0,0.0,38.0
CMP006,C003903,2025-04-18,0,0.0,38.0
CMP006,C002144,2025-04-18,0,0.0,38.0
CMP006,C003036,2025-04-18,0,0.0,38.0
CMP006,C003153,2025-04-18,0,0.0,38.0
CMP006,C002411,2025-04-18,0,0.0,38.0
CMP006,C000917,2025-04-18,0,0.0,38.0
CMP006,C005531,2025-04-18,0,0.0,38.0
CMP006,C001247,2025-04-18,0,0.0,38.0
CMP006,C001483,2025-04-18,0,0.0,38.0
CMP006,C001042,2025-04-18,0,0.0,38.0
CMP006,C004844,2025-04-18,0,0.0,38.0
CMP006,C003988,2025-04-18,0,0.0,38.0
CMP006,C002705,2025-04-18,0,0.0,38.0
CMP006,C005960,2025-04-18,0,0.0,38.0
CMP006,C002373,2025-04-18,0,0.0,38.0
CMP006,C005132,2025-04-18,1,440.59,38.0
CMP006,C003299,2025-04-18,0,0.0,38.0
CMP006,C001830,2025-04-18,0,0.0,38.0
CMP006,C000733,2025-04-18,0,0.0,38.0
CMP006,C005868,2025-04-18,0,0.0,38.0
CMP006,C004680,2025-04-18,0,0.0,38.0
CMP006,C000193,2025-04-18,1,8362.01,38.0
CMP006,C000794,2025-04-18,0,0.0,38.0
CMP006,C001454,2025-04-18,0,0.0,38.0
CMP006,C004695,2025-04-18,0,0.0,38.0
CMP006,C001515,2025-04-18,0,0.0,38.0
CMP006,C000513,2025-04-18,1,425.79,38.0
CMP006,C000252,2025-04-18,0,0.0,38.0
CMP006,C000007,2025-04-18,1,832.48,38.0
CMP006,C001327,2025-04-18,0,0.0,38.0
CMP006,C002240,2025-04-18,0,0.0,38.0
CMP006,C003265,2025-04-18,0,0.0,38.0
CMP006,C005742,2025-04-18,0,0.0,38.0
CMP006,C003944,2025-04-18,1,1044.56,38.0
CMP006,C001000,2025-04-18,0,0.0,38.0
CMP006,C000699,2025-04-18,0,0.0,38.0
CMP006,C005355,2025-04-18,0,0.0,38.0
CMP006,C002790,2025-04-18,0,0.0,38.0
CMP006,C000879,2025-04-18,0,0.0,38.0
CMP006,C005335,2025-04-18,0,0.0,38.0
CMP006,C003584,2025-04-18,0,0.0,38.0
CMP006,C002755,2025-04-18,0,0.0,38.0
CMP006,C004539,2025-04-18,0,0.0,38.0
CMP006,C003614,2025-04-18,0,0.0,38.0
CMP006,C005997,2025-04-18,0,0.0,38.0
CMP006,C001441,2025-04-18,1,1952.79,38.0
CMP006,C004802,2025-04-18,0,0.0,38.0
CMP006,C005033,2025-04-18,1,2039.72,38.0
CMP007,C002538,2025-07-05,0,0.0,49.0
CMP007,C000917,2025-07-05,0,0.0,49.0
CMP007,C002702,2025-07-05,0,0.0,49.0
CMP007,C002159,2025-07-05,1,3214.56,49.0
CMP007,C003830,2025-07-05,0,0.0,49.0
CMP007,C000631,2025-07-05,0,0.0,49.0
CMP007,C004341,2025-07-05,1,838.63,49.0
CMP007,C004442,2025-07-05,0,0.0,49.0
CMP007,C004771,2025-07-05,0,0.0,49.0
CMP007,C000740,2025-07-05,0,0.0,49.0
CMP007,C001777,2025-07-05,0,0.0,49.0
CMP007,C004906,2025-07-05,0,0.0,49.0
CMP007,C001740,2025-07-05,0,0.0,49.0
CMP007,C002321,2025-07-05,0,0.0,49.0
CMP007,C005302,2025-07-05,0,0.0,49.0
CMP007,C004322,2025-07-05,1,292.16,49.0
CMP007,C003389,2025-07-05,0,0.0,49.0
CMP007,C005108,2025-07-05,1,595.04,49.0
CMP007,C002356,2025-07-05,0,0.0,49.0
CMP007,C002902,2025-07-05,0,0.0,49.0
CMP007,C001828,2025-07-05,1,1230.82,49.0
CMP007,C003335,2025-07-05,0,0.0,49.0
CMP007,C000505,2025-07-05,1,1357.55,49.0
CMP007,C000138,2025-07-05,0,0.0,49.0
CMP007,C002399,2025-07-05,0,0.0,49.0
CMP007,C001670,2025-07-05,0,0.0,49.0
CMP007,C000755,2025-07-05,0,0.0,49.0
CMP007,C001972,2025-07-05,0,0.0,49.0
CMP007,C005256,2025-07-05,0,0.0,49.0
CMP007,C001590,2025-07-05,0,0.0,49.0
CMP007,C005696,2025-07-05,0,0.0,49.0
CMP007,C001053,2025-07-05,0,0.0,49.0
CMP007,C000281,2025-07-05,0,0.0,49.0
CMP007,C001731,2025-07-05,0,0.0,49.0
CMP007,C005092,2025-07-05,0,0.0,49.0
CMP007,C005594,2025-07-05,0,0.0,49.0
CMP007,C001068,2025-07-05,0,0.0,49.0
CMP007,C003025,2025-07-05,0,0.0,49.0
CMP007,C001356,2025-07-05,1,667.09,49.0
CMP007,C002766,2025-07-05,0,0.0,49.0
CMP007,C004437,2025-07-05,0,0.0,49.0
CMP007,C001648,2025-07-05,1,302.41,49.0
CMP007,C005816,2025-07-05,0,0.0,49.0
CMP007,C000844,2025-07-05,0,0.0,49.0
CMP007,C002473,2025-07-05,0,0.0,49.0
CMP007,C000276,2025-07-05,0,0.0,49.0
CMP007,C000379,2025-07-05,0,0.0,49.0
CMP007,C003065,2025-07-05,0,0.0,49.0
CMP007,C004990,2025-07-05,0,0.0,49.0
CMP007,C005454,2025-07-05,0,0.0,49.0
CMP007,C001580,2025-07-05,0,0.0,49.0
CMP007,C000044,2025-07-05,1,323.84,49.0
CMP007,C004711,2025-07-05,0,0.0,49.0
CMP007,C005328,2025-07-05,0,0.0,49.0
CMP007,C000126,2025-07-05,1,632.18,49.0
CMP007,C001766,2025-07-05,1,1458.84,49.0
CMP007,C002521,2025-07-05,0,0.0,49.0
CMP007,C004889,2025-07-05,0,0.0,49.0
CMP007,C003972,2025-07-05,0,0.0,49.0
CMP007,C005391,2025-07-05,1,2060.08,49.0
CMP007,C001097,2025-07-05,0,0.0,49.0
CMP007,C000071,2025-07-05,1,912.56,49.0
CMP007,C001829,2025-07-05,0,0.0,49.0
CMP007,C002932,2025-07-05,0,0.0,49.0
CMP007,C000009,2025-07-05,0,0.0,49.0
CMP007,C003373,2025-07-05,0,0.0,49.0
CMP007,C002334,2025-07-05,0,0.0,49.0
CMP007,C002655,2025-07-05,1,547.38,49.0
CMP007,C002725,2025-07-05,1,627.06,49.0
CMP007,C004022,2025-07-05,1,1547.95,49.0
CMP007,C000982,2025-07-05,0,0.0,49.0
CMP007,C000265,2025-07-05,0,0.0,49.0
CMP007,C001824,2025-07-05,1,1317.54,49.0
CMP007,C000618,2025-07-05,1,368.57,49.0
CMP007,C005654,2025-07-05,0,0.0,49.0
CMP007,C005155,2025-07-05,0,0.0,49.0
CMP007,C001885,2025-07-05,0,0.0,49.0
CMP007,C005661,2025-07-05,0,0.0,49.0
CMP007,C004547,2025-07-05,0,0.0,49.0
CMP007,C001202,2025-07-05,0,0.0,49.0
CMP007,C001488,2025-07-05,0,0.0,49.0
CMP007,C003433,2025-07-05,0,0.0,49.0
CMP007,C004360,2025-07-05,0,0.0,49.0
CMP007,C002935,2025-07-05,0,0.0,49.0
CMP007,C000503,2025-07-05,0,0.0,49.0
CMP007,C003008,2025-07-05,0,0.0,49.0
CMP007,C002454,2025-07-05,1,754.08,49.0
CMP007,C005500,2025-07-05,0,0.0,49.0
CMP007,C000952,2025-07-05,0,0.0,49.0
CMP007,C001535,2025-07-05,0,0.0,49.0
CMP007,C001615,2025-07-05,1,1499.51,49.0
CMP007,C004434,2025-07-05,1,589.69,49.0
CMP007,C004669,2025-07-05,0,0.0,49.0
CMP007,C002088,2025-07-05,0,0.0,49.0
CMP007,C004284,2025-07-05,0,0.0,49.0
CMP007,C004441,2025-07-05,0,0.0,49.0
CMP007,C000204,2025-07-05,0,0.0,49.0
CMP007,C003557,2025-07-05,1,645.06,49.0
CMP007,C005367,2025-07-05,0,0.0,49.0
CMP007,C001153,2025-07-05,0,0.0,49.0
CMP007,C004668,2025-07-05,0,0.0,49.0
CMP007,C001632,2025-07-05,0,0.0,49.0
CMP007,C001943,2025-07-05,0,0.0,49.0
CMP007,C003591,2025-07-05,1,1501.02,49.0
CMP007,C004319,2025-07-05,0,0.0,49.0
CMP007,C004826,2025-07-05,0,0.0,49.0
CMP007,C001403,2025-07-05,0,0.0,49.0
CMP007,C004203,2025-07-05,0,0.0,49.0
CMP007,C003266,2025-07-05,0,0.0,49.0
CMP007,C001955,2025-07-05,0,0.0,49.0
CMP007,C005423,2025-07-05,0,0.0,49.0
CMP007,C004263,2025-07-05,0,0.0,49.0
CMP007,C002573,2025-07-05,0,0.0,49.0
CMP007,C005004,2025-07-05,0,0.0,49.0
CMP007,C000199,2025-07-05,0,0.0,49.0
CMP007,C004946,2025-07-05,0,0.0,49.0
CMP007,C004218,2025-07-05,0,0.0,49.0
CMP007,C001230,2025-07-05,0,0.0,49.0
CMP007,C003026,2025-07-05,0,0.0,49.0
CMP007,C004800,2025-07-05,0,0.0,49.0
CMP007,C001864,2025-07-05,0,0.0,49.0
CMP007,C002223,2025-07-05,0,0.0,49.0
CMP007,C005405,2025-07-05,0,0.0,49.0
CMP007,C003083,2025-07-05,0,0.0,49.0
CMP007,C002365,2025-07-05,0,0.0,49.0
CMP007,C000372,2025-07-05,0,0.0,49.0
CMP007,C001919,2025-07-05,0,0.0,49.0
CMP007,C003632,2025-07-05,0,0.0,49.0
CMP007,C002546,2025-07-05,0,0.0,49.0
CMP007,C004217,2025-07-05,0,0.0,49.0
CMP007,C002263,2025-07-05,0,0.0,49.0
CMP007,C005307,2025-07-05,0,0.0,49.0
CMP007,C004991,2025-07-05,1,811.66,49.0
CMP007,C002856,2025-07-05,0,0.0,49.0
CMP007,C003467,2025-07-05,0,0.0,49.0
CMP007,C004920,2025-07-05,0,0.0,49.0
CMP007,C003981,2025-07-05,1,2065.18,49.0
CMP007,C003422,2025-07-05,0,0.0,49.0
CMP007,C002847,2025-07-05,0,0.0,49.0
CMP007,C005315,2025-07-05,0,0.0,49.0
CMP007,C005625,2025-07-05,0,0.0,49.0
CMP007,C000808,2025-07-05,0,0.0,49.0
CMP007,C003432,2025-07-05,0,0.0,49.0
CMP007,C005016,2025-07-05,0,0.0,49.0
CMP007,C005943,2025-07-05,0,0.0,49.0
CMP007,C001601,2025-07-05,0,0.0,49.0
CMP007,C003700,2025-07-05,0,0.0,49.0
CMP007,C004605,2025-07-05,0,0.0,49.0
CMP007,C000109,2025-07-05,0,0.0,49.0
CMP007,C003881,2025-07-05,0,0.0,49.0
CMP007,C001009,2025-07-05,0,0.0,49.0
CMP007,C000967,2025-07-05,0,0.0,49.0
CMP007,C003701,2025-07-05,0,0.0,49.0
CMP007,C003804,2025-07-05,0,0.0,49.0
CMP007,C004599,2025-07-05,1,1796.32,49.0
CMP007,C000305,2025-07-05,1,1075.17,49.0
CMP007,C005360,2025-07-05,0,0.0,49.0
CMP007,C005642,2025-07-05,0,0.0,49.0
CMP007,C002071,2025-07-05,1,254.03,49.0
CMP007,C001361,2025-07-05,0,0.0,49.0
CMP007,C005574,2025-07-05,0,0.0,49.0
CMP007,C002082,2025-07-05,0,0.0,49.0
CMP007,C001218,2025-07-05,0,0.0,49.0
CMP007,C003727,2025-07-05,0,0.0,49.0
CMP007,C001661,2025-07-05,0,0.0,49.0
CMP007,C003465,2025-07-05,0,0.0,49.0
CMP007,C003382,2025-07-05,1,763.8,49.0
CMP007,C001562,2025-07-05,0,0.0,49.0
CMP007,C000084,2025-07-05,1,1544.71,49.0
CMP007,C001842,2025-07-05,0,0.0,49.0
CMP007,C002543,2025-07-05,0,0.0,49.0
CMP007,C004352,2025-07-05,1,1028.57,49.0
CMP007,C005103,2025-07-05,0,0.0,49.0
CMP007,C003907,2025-07-05,0,0.0,49.0
CMP007,C005526,2025-07-05,0,0.0,49.0
CMP007,C000282,2025-07-05,1,428.71,49.0
CMP007,C003417,2025-07-05,0,0.0,49.0
CMP007,C005808,2025-07-05,1,1383.79,49.0
CMP007,C005228,2025-07-05,0,0.0,49.0
CMP007,C005326,2025-07-05,0,0.0,49.0
CMP007,C000536,2025-07-05,0,0.0,49.0
CMP007,C003252,2025-07-05,0,0.0,49.0
CMP007,C000794,2025-07-05,0,0.0,49.0
CMP007,C003193,2025-07-05,1,436.46,49.0
CMP007,C005291,2025-07-05,0,0.0,49.0
CMP007,C005246,2025-07-05,0,0.0,49.0
CMP007,C005120,2025-07-05,0,0.0,49.0
CMP007,C004794,2025-07-05,0,0.0,49.0
CMP007,C003807,2025-07-05,0,0.0,49.0
CMP007,C002673,2025-07-05,0,0.0,49.0
CMP007,C001023,2025-07-05,1,3386.66,49.0
CMP007,C000521,2025-07-05,0,0.0,49.0
CMP007,C003128,2025-07-05,0,0.0,49.0
CMP007,C003861,2025-07-05,0,0.0,49.0
CMP007,C003478,2025-07-05,0,0.0,49.0
CMP007,C005874,2025-07-05,0,0.0,49.0
CMP007,C002792,2025-07-05,1,946.3,49.0
CMP007,C005961,2025-07-05,1,368.6,49.0
CMP007,C002205,2025-07-05,0,0.0,49.0
CMP007,C000689,2025-07-05,0,0.0,49.0
CMP007,C000751,2025-07-05,0,0.0,49.0
CMP007,C001640,2025-07-05,0,0.0,49.0
CMP007,C004545,2025-07-05,0,0.0,49.0
CMP007,C002590,2025-07-05,0,0.0,49.0
CMP007,C001577,2025-07-05,0,0.0,49.0
CMP007,C005842,2025-07-05,0,0.0,49.0
CMP007,C001459,2025-07-05,0,0.0,49.0
CMP007,C004856,2025-07-05,0,0.0,49.0
CMP007,C000860,2025-07-05,1,2053.59,49.0
CMP007,C002840,2025-07-05,0,0.0,49.0
CMP007,C000469,2025-07-05,0,0.0,49.0
CMP007,C001069,2025-07-05,1,643.22,49.0
CMP007,C003296,2025-07-05,0,0.0,49.0
CMP007,C003556,2025-07-05,0,0.0,49.0
CMP007,C004169,2025-07-05,0,0.0,49.0
CMP007,C000224,2025-07-05,0,0.0,49.0
CMP007,C000658,2025-07-05,1,899.98,49.0
CMP007,C000038,2025-07-05,0,0.0,49.0
CMP007,C002065,2025-07-05,0,0.0,49.0
CMP007,C002135,2025-07-05,0,0.0,49.0
CMP007,C001079,2025-07-05,0,0.0,49.0
CMP007,C004999,2025-07-05,0,0.0,49.0
CMP007,C003616,2025-07-05,0,0.0,49.0
CMP007,C004879,2025-07-05,0,0.0,49.0
CMP007,C003979,2025-07-05,0,0.0,49.0
CMP007,C005394,2025-07-05,0,0.0,49.0
CMP007,C001914,2025-07-05,0,0.0,49.0
CMP007,C002723,2025-07-05,0,0.0,49.0
CMP007,C004785,2025-07-05,0,0.0,49.0
CMP007,C004838,2025-07-05,0,0.0,49.0
CMP007,C004660,2025-07-05,0,0.0,49.0
CMP007,C000797,2025-07-05,0,0.0,49.0
CMP007,C003899,2025-07-05,1,1927.73,49.0
CMP007,C001016,2025-07-05,0,0.0,49.0
CMP007,C004522,2025-07-05,0,0.0,49.0
CMP007,C000200,2025-07-05,0,0.0,49.0
CMP007,C001052,2025-07-05,0,0.0,49.0
CMP007,C004536,2025-07-05,0,0.0,49.0
CMP007,C005581,2025-07-05,0,0.0,49.0
CMP007,C004807,2025-07-05,0,0.0,49.0
CMP007,C005740,2025-07-05,0,0.0,49.0
CMP007,C001663,2025-07-05,0,0.0,49.0
CMP007,C002377,2025-07-05,0,0.0,49.0
CMP007,C001679,2025-07-05,1,2383.33,49.0
CMP007,C005498,2025-07-05,0,0.0,49.0
CMP007,C005694,2025-07-05,1,7184.83,49.0
CMP007,C004222,2025-07-05,0,0.0,49.0
CMP007,C005746,2025-07-05,0,0.0,49.0
CMP007,C002430,2025-07-05,0,0.0,49.0
CMP007,C004703,2025-07-05,0,0.0,49.0
CMP007,C003651,2025-07-05,0,0.0,49.0
CMP007,C000300,2025-07-05,1,1237.82,49.0
CMP007,C004049,2025-07-05,0,0.0,49.0
CMP007,C002134,2025-07-05,0,0.0,49.0
CMP007,C005546,2025-07-05,0,0.0,49.0
CMP007,C000041,2025-07-05,0,0.0,49.0
CMP007,C004267,2025-07-05,1,811.67,49.0
CMP007,C004875,2025-07-05,0,0.0,49.0
CMP007,C005689,2025-07-05,0,0.0,49.0
CMP007,C000179,2025-07-05,0,0.0,49.0
CMP007,C004962,2025-07-05,0,0.0,49.0
CMP007,C001605,2025-07-05,1,2531.4,49.0
CMP007,C000838,2025-07-05,0,0.0,49.0
CMP007,C005359,2025-07-05,0,0.0,49.0
CMP007,C000888,2025-07-05,0,0.0,49.0
CMP007,C004362,2025-07-05,0,0.0,49.0
CMP007,C004474,2025-07-05,0,0.0,49.0
CMP007,C000442,2025-07-05,1,775.64,49.0
CMP007,C001843,2025-07-05,0,0.0,49.0
CMP007,C000863,2025-07-05,0,0.0,49.0
CMP007,C001162,2025-07-05,0,0.0,49.0
CMP007,C003874,2025-07-05,0,0.0,49.0
CMP007,C001225,2025-07-05,0,0.0,49.0
CMP007,C002661,2025-07-05,0,0.0,49.0
CMP007,C000526,2025-07-05,0,0.0,49.0
CMP007,C003166,2025-07-05,0,0.0,49.0
CMP007,C003539,2025-07-05,0,0.0,49.0
CMP007,C000069,2025-07-05,0,0.0,49.0
CMP007,C005653,2025-07-05,0,0.0,49.0
CMP007,C003101,2025-07-05,0,0.0,49.0
CMP007,C001718,2025-07-05,1,1476.53,49.0
CMP007,C003648,2025-07-05,0,0.0,49.0
CMP007,C001041,2025-07-05,0,0.0,49.0
CMP007,C002140,2025-07-05,0,0.0,49.0
CMP007,C004656,2025-07-05,0,0.0,49.0
CMP007,C005272,2025-07-05,0,0.0,49.0
CMP007,C004488,2025-07-05,1,9.73,49.0
CMP007,C005134,2025-07-05,0,0.0,49.0
CMP007,C001060,2025-07-05,1,911.26,49.0
CMP007,C000253,2025-07-05,1,2311.55,49.0
CMP007,C002207,2025-07-05,0,0.0,49.0
CMP007,C005737,2025-07-05,0,0.0,49.0
CMP007,C004247,2025-07-05,0,0.0,49.0
CMP007,C004899,2025-07-05,0,0.0,49.0
CMP007,C000364,2025-07-05,0,0.0,49.0
CMP007,C002670,2025-07-05,0,0.0,49.0
CMP007,C004311,2025-07-05,0,0.0,49.0
CMP007,C004850,2025-07-05,0,0.0,49.0
CMP007,C001067,2025-07-05,0,0.0,49.0
CMP007,C002293,2025-07-05,0,0.0,49.0
CMP007,C001578,2025-07-05,0,0.0,49.0
CMP007,C000264,2025-07-05,1,4694.26,49.0
CMP007,C001973,2025-07-05,0,0.0,49.0
CMP007,C004938,2025-07-05,1,2033.73,49.0
CMP007,C003034,2025-07-05,1,645.03,49.0
CMP007,C002608,2025-07-05,0,0.0,49.0
CMP007,C004253,2025-07-05,1,544.62,49.0
CMP007,C004688,2025-07-05,0,0.0,49.0
CMP007,C000387,2025-07-05,0,0.0,49.0
CMP007,C000328,2025-07-05,0,0.0,49.0
CMP007,C004601,2025-07-05,1,350.52,49.0
CMP007,C004180,2025-07-05,1,601.27,49.0
CMP007,C003258,2025-07-05,0,0.0,49.0
CMP007,C003815,2025-07-05,0,0.0,49.0
CMP007,C005819,2025-07-05,0,0.0,49.0
CMP007,C003072,2025-07-05,0,0.0,49.0
CMP007,C003132,2025-07-05,1,979.83,49.0
CMP007,C001474,2025-07-05,0,0.0,49.0
CMP007,C004312,2025-07-05,0,0.0,49.0
CMP007,C004182,2025-07-05,0,0.0,49.0
CMP007,C004244,2025-07-05,0,0.0,49.0
CMP007,C002624,2025-07-05,0,0.0,49.0
CMP007,C000881,2025-07-05,1,1750.71,49.0
CMP007,C002818,2025-07-05,0,0.0,49.0
CMP007,C002209,2025-07-05,1,1370.93,49.0
CMP007,C003856,2025-07-05,1,2941.93,49.0
CMP007,C003059,2025-07-05,0,0.0,49.0
CMP007,C003988,2025-07-05,1,3156.79,49.0
CMP007,C004981,2025-07-05,0,0.0,49.0
CMP007,C003423,2025-07-05,0,0.0,49.0
CMP007,C000307,2025-07-05,0,0.0,49.0
CMP007,C003991,2025-07-05,0,0.0,49.0
CMP007,C004205,2025-07-05,0,0.0,49.0
CMP007,C004006,2025-07-05,0,0.0,49.0
CMP007,C001616,2025-07-05,1,3300.15,49.0
CMP007,C004016,2025-07-05,0,0.0,49.0
CMP007,C005557,2025-07-05,0,0.0,49.0
CMP007,C002588,2025-07-05,0,0.0,49.0
CMP007,C004245,2025-07-05,0,0.0,49.0
CMP007,C001419,2025-07-05,1,1530.03,49.0
CMP007,C005938,2025-07-05,0,0.0,49.0
CMP007,C000260,2025-07-05,0,0.0,49.0
CMP007,C004000,2025-07-05,0,0.0,49.0
CMP007,C002743,2025-07-05,0,0.0,49.0
CMP007,C003047,2025-07-05,1,4395.26,49.0
CMP007,C000666,2025-07-05,0,0.0,49.0
CMP007,C005525,2025-07-05,0,0.0,49.0
CMP007,C003046,2025-07-05,1,524.62,49.0
CMP007,C002343,2025-07-05,0,0.0,49.0
CMP007,C004281,2025-07-05,0,0.0,49.0
CMP007,C005736,2025-07-05,0,0.0,49.0
CMP007,C003321,2025-07-05,1,924.74,49.0
CMP007,C004209,2025-07-05,0,0.0,49.0
CMP007,C000898,2025-07-05,1,174.52,49.0
CMP007,C004223,2025-07-05,0,0.0,49.0
CMP007,C002233,2025-07-05,0,0.0,49.0
CMP007,C002239,2025-07-05,0,0.0,49.0
CMP007,C000082,2025-07-05,0,0.0,49.0
CMP007,C004818,2025-07-05,0,0.0,49.0
CMP007,C001178,2025-07-05,0,0.0,49.0
CMP007,C001609,2025-07-05,0,0.0,49.0
CMP007,C005171,2025-07-05,0,0.0,49.0
CMP007,C003354,2025-07-05,0,0.0,49.0
CMP007,C003603,2025-07-05,0,0.0,49.0
CMP007,C003674,2025-07-05,0,0.0,49.0
CMP007,C005674,2025-07-05,1,457.42,49.0
CMP007,C004769,2025-07-05,0,0.0,49.0
CMP007,C004777,2025-07-05,0,0.0,49.0
CMP007,C003649,2025-07-05,0,0.0,49.0
CMP007,C003837,2025-07-05,0,0.0,49.0
CMP007,C001259,2025-07-05,1,174.44,49.0
CMP007,C002383,2025-07-05,0,0.0,49.0
CMP007,C003535,2025-07-05,0,0.0,49.0
CMP007,C000119,2025-07-05,1,1104.2,49.0
CMP007,C004299,2025-07-05,0,0.0,49.0
CMP007,C001618,2025-07-05,0,0.0,49.0
CMP007,C001335,2025-07-05,0,0.0,49.0
CMP007,C000885,2025-07-05,0,0.0,49.0
CMP007,C003970,2025-07-05,0,0.0,49.0
CMP007,C004357,2025-07-05,0,0.0,49.0
CMP007,C002396,2025-07-05,0,0.0,49.0
CMP007,C001953,2025-07-05,0,0.0,49.0
CMP007,C005886,2025-07-05,1,2160.36,49.0
CMP007,C000340,2025-07-05,0,0.0,49.0
CMP007,C004738,2025-07-05,1,570.77,49.0
CMP007,C005330,2025-07-05,1,1796.0,49.0
CMP007,C005337,2025-07-05,0,0.0,49.0
CMP007,C003370,2025-07-05,0,0.0,49.0
CMP007,C001501,2025-07-05,0,0.0,49.0
CMP007,C000367,2025-07-05,0,0.0,49.0
CMP007,C004635,2025-07-05,0,0.0,49.0
CMP007,C002713,2025-07-05,0,0.0,49.0
CMP007,C005140,2025-07-05,0,0.0,49.0
CMP007,C000411,2025-07-05,0,0.0,49.0
CMP007,C000870,2025-07-05,0,0.0,49.0
CMP007,C005033,2025-07-05,1,894.04,49.0
CMP007,C003172,2025-07-05,0,0.0,49.0
CMP007,C004556,2025-07-05,1,2148.94,49.0
CMP007,C000381,2025-07-05,0,0.0,49.0
CMP007,C001223,2025-07-05,0,0.0,49.0
CMP007,C001767,2025-07-05,1,1696.1,49.0
CMP007,C002081,2025-07-05,1,410.48,49.0
CMP007,C002168,2025-07-05,1,694.83,49.0
CMP007,C000108,2025-07-05,1,850.25,49.0
CMP007,C004505,2025-07-05,0,0.0,49.0
CMP007,C000329,2025-07-05,0,0.0,49.0
CMP007,C000332,2025-07-05,0,0.0,49.0
CMP007,C001792,2025-07-05,0,0.0,49.0
CMP007,C001503,2025-07-05,1,2358.71,49.0
CMP007,C003509,2025-07-05,0,0.0,49.0
CMP007,C002370,2025-07-05,0,0.0,49.0
CMP007,C005156,2025-07-05,0,0.0,49.0
CMP007,C001935,2025-07-05,0,0.0,49.0
CMP007,C000907,2025-07-05,0,0.0,49.0
CMP007,C000818,2025-07-05,0,0.0,49.0
CMP007,C005532,2025-07-05,0,0.0,49.0
CMP007,C002675,2025-07-05,0,0.0,49.0
CMP007,C003704,2025-07-05,1,163.74,49.0
CMP007,C002132,2025-07-05,0,0.0,49.0
CMP007,C000464,2025-07-05,0,0.0,49.0
CMP007,C001790,2025-07-05,0,0.0,49.0
CMP007,C005715,2025-07-05,0,0.0,49.0
CMP007,C000414,2025-07-05,0,0.0,49.0
CMP007,C000876,2025-07-05,1,1199.01,49.0
CMP007,C004105,2025-07-05,0,0.0,49.0
CMP007,C003754,2025-07-05,0,0.0,49.0
CMP007,C000695,2025-07-05,0,0.0,49.0
CMP007,C005034,2025-07-05,0,0.0,49.0
CMP007,C000549,2025-07-05,0,0.0,49.0
CMP007,C003473,2025-07-05,1,1184.71,49.0
CMP007,C004500,2025-07-05,0,0.0,49.0
CMP007,C001922,2025-07-05,0,0.0,49.0
CMP007,C001388,2025-07-05,0,0.0,49.0
CMP007,C000839,2025-07-05,1,1500.33,49.0
CMP007,C002534,2025-07-05,0,0.0,49.0
CMP007,C005800,2025-07-05,1,365.18,49.0
CMP007,C005450,2025-07-05,1,529.37,49.0
CMP007,C001966,2025-07-05,1,746.52,49.0
CMP007,C000741,2025-07-05,1,1864.01,49.0
CMP007,C002192,2025-07-05,1,254.27,49.0
CMP007,C003857,2025-07-05,0,0.0,49.0
CMP007,C000878,2025-07-05,0,0.0,49.0
CMP007,C003834,2025-07-05,1,2124.44,49.0
CMP007,C003171,2025-07-05,0,0.0,49.0
CMP007,C003722,2025-07-05,1,626.56,49.0
CMP007,C004847,2025-07-05,0,0.0,49.0
CMP007,C004541,2025-07-05,0,0.0,49.0
CMP007,C004162,2025-07-05,0,0.0,49.0
CMP007,C003442,2025-07-05,1,4378.7,49.0
CMP007,C001491,2025-07-05,0,0.0,49.0
CMP007,C003269,2025-07-05,1,1211.0,49.0
CMP007,C005501,2025-07-05,0,0.0,49.0
CMP007,C005797,2025-07-05,0,0.0,49.0
CMP007,C001923,2025-07-05,0,0.0,49.0
CMP007,C002375,2025-07-05,0,0.0,49.0
CMP007,C003146,2025-07-05,0,0.0,49.0
CMP007,C000092,2025-07-05,0,0.0,49.0
CMP007,C001261,2025-07-05,0,0.0,49.0
CMP007,C001674,2025-07-05,0,0.0,49.0
CMP007,C000160,2025-07-05,1,227.48,49.0
CMP007,C002577,2025-07-05,0,0.0,49.0
CMP007,C005489,2025-07-05,0,0.0,49.0
CMP007,C001985,2025-07-05,0,0.0,49.0
CMP007,C002819,2025-07-05,0,0.0,49.0
CMP007,C003724,2025-07-05,0,0.0,49.0
CMP007,C002618,2025-07-05,0,0.0,49.0
CMP007,C001402,2025-07-05,0,0.0,49.0
CMP007,C004912,2025-07-05,0,0.0,49.0
CMP007,C003852,2025-07-05,1,764.67,49.0
CMP007,C004485,2025-07-05,0,0.0,49.0
CMP007,C005513,2025-07-05,0,0.0,49.0
CMP007,C003358,2025-07-05,0,0.0,49.0
CMP007,C005030,2025-07-05,0,0.0,49.0
CMP007,C005162,2025-07-05,0,0.0,49.0
CMP007,C004272,2025-07-05,0,0.0,49.0
CMP007,C000572,2025-07-05,1,271.66,49.0
CMP007,C001078,2025-07-05,0,0.0,49.0
CMP007,C005772,2025-07-05,0,0.0,49.0
CMP007,C005716,2025-07-05,1,570.01,49.0
CMP007,C002643,2025-07-05,1,1992.02,49.0
CMP007,C004101,2025-07-05,0,0.0,49.0
CMP007,C002782,2025-07-05,0,0.0,49.0
CMP007,C000856,2025-07-05,0,0.0,49.0
CMP007,C000940,2025-07-05,0,0.0,49.0
CMP007,C002161,2025-07-05,0,0.0,49.0
CMP007,C004480,2025-07-05,0,0.0,49.0
CMP007,C003983,2025-07-05,0,0.0,49.0
CMP007,C005861,2025-07-05,0,0.0,49.0
CMP007,C000722,2025-07-05,0,0.0,49.0
CMP007,C002627,2025-07-05,0,0.0,49.0
CMP007,C004046,2025-07-05,0,0.0,49.0
CMP007,C000629,2025-07-05,1,874.91,49.0
CMP007,C000410,2025-07-05,0,0.0,49.0
CMP007,C001906,2025-07-05,0,0.0,49.0
CMP007,C005868,2025-07-05,0,0.0,49.0
CMP007,C002957,2025-07-05,1,1385.2,49.0
CMP007,C001418,2025-07-05,0,0.0,49.0
CMP007,C005683,2025-07-05,0,0.0,49.0
CMP007,C005818,2025-07-05,0,0.0,49.0
CMP007,C001443,2025-07-05,0,0.0,49.0
CMP007,C000855,2025-07-05,0,0.0,49.0
CMP007,C005509,2025-07-05,0,0.0,49.0
CMP007,C005043,2025-07-05,0,0.0,49.0
CMP007,C001302,2025-07-05,0,0.0,49.0
CMP007,C005175,2025-07-05,0,0.0,49.0
CMP007,C005545,2025-07-05,0,0.0,49.0
CMP007,C000879,2025-07-05,1,1147.04,49.0
CMP007,C004206,2025-07-05,0,0.0,49.0
CMP007,C005198,2025-07-05,1,1682.66,49.0
CMP007,C003696,2025-07-05,0,0.0,49.0
CMP007,C004654,2025-07-05,0,0.0,49.0
CMP007,C004716,2025-07-05,0,0.0,49.0
CMP007,C003637,2025-07-05,0,0.0,49.0
CMP007,C001713,2025-07-05,0,0.0,49.0
CMP007,C002972,2025-07-05,0,0.0,49.0
CMP007,C005521,2025-07-05,0,0.0,49.0
CMP007,C002944,2025-07-05,0,0.0,49.0
CMP007,C004176,2025-07-05,0,0.0,49.0
CMP007,C001282,2025-07-05,0,0.0,49.0
CMP007,C003233,2025-07-05,0,0.0,49.0
CMP007,C002740,2025-07-05,0,0.0,49.0
CMP007,C003179,2025-07-05,0,0.0,49.0
CMP007,C001521,2025-07-05,0,0.0,49.0
CMP007,C000499,2025-07-05,0,0.0,49.0
CMP007,C004733,2025-07-05,0,0.0,49.0
CMP007,C005827,2025-07-05,0,0.0,49.0
CMP007,C002904,2025-07-05,0,0.0,49.0
CMP007,C004115,2025-07-05,0,0.0,49.0
CMP007,C000254,2025-07-05,1,649.55,49.0
CMP007,C002831,2025-07-05,0,0.0,49.0
CMP007,C005817,2025-07-05,0,0.0,49.0
CMP007,C002707,2025-07-05,0,0.0,49.0
CMP007,C003707,2025-07-05,1,51.02,49.0
CMP007,C000490,2025-07-05,0,0.0,49.0
CMP007,C003323,2025-07-05,0,0.0,49.0
CMP007,C003125,2025-07-05,0,0.0,49.0
CMP007,C004053,2025-07-05,0,0.0,49.0
CMP007,C002193,2025-07-05,0,0.0,49.0
CMP007,C004512,2025-07-05,0,0.0,49.0
CMP007,C002773,2025-07-05,0,0.0,49.0
CMP007,C000271,2025-07-05,1,266.04,49.0
CMP007,C000514,2025-07-05,0,0.0,49.0
CMP007,C002020,2025-07-05,1,10168.36,49.0
CMP007,C001515,2025-07-05,0,0.0,49.0
CMP007,C003894,2025-07-05,0,0.0,49.0
CMP007,C005812,2025-07-05,0,0.0,49.0
CMP007,C002414,2025-07-05,1,121.99,49.0
CMP007,C005784,2025-07-05,0,0.0,49.0
CMP007,C004189,2025-07-05,0,0.0,49.0
CMP007,C005512,2025-07-05,0,0.0,49.0
CMP007,C002240,2025-07-05,0,0.0,49.0
CMP007,C005058,2025-07-05,1,3389.47,49.0
CMP007,C001735,2025-07-05,0,0.0,49.0
CMP007,C004588,2025-07-05,1,1718.62,49.0
CMP007,C000116,2025-07-05,0,0.0,49.0
CMP007,C002166,2025-07-05,0,0.0,49.0
CMP007,C003889,2025-07-05,1,311.22,49.0
CMP007,C004546,2025-07-05,0,0.0,49.0
CMP007,C002712,2025-07-05,0,0.0,49.0
CMP007,C003973,2025-07-05,0,0.0,49.0
CMP007,C004463,2025-07-05,0,0.0,49.0
CMP007,C001127,2025-07-05,0,0.0,49.0
CMP007,C005857,2025-07-05,0,0.0,49.0
CMP007,C005071,2025-07-05,0,0.0,49.0
CMP007,C004343,2025-07-05,0,0.0,49.0
CMP007,C003777,2025-07-05,1,896.09,49.0
CMP007,C003867,2025-07-05,1,492.14,49.0
CMP007,C002125,2025-07-05,0,0.0,49.0
CMP007,C004929,2025-07-05,1,1080.77,49.0
CMP007,C000744,2025-07-05,0,0.0,49.0
CMP007,C002582,2025-07-05,0,0.0,49.0
CMP007,C002986,2025-07-05,0,0.0,49.0
CMP007,C003175,2025-07-05,0,0.0,49.0
CMP007,C000574,2025-07-05,1,583.03,49.0
CMP007,C000393,2025-07-05,0,0.0,49.0
CMP007,C000351,2025-07-05,0,0.0,49.0
CMP007,C003281,2025-07-05,1,1942.46,49.0
CMP007,C003074,2025-07-05,0,0.0,49.0
CMP007,C000105,2025-07-05,0,0.0,49.0
CMP007,C000681,2025-07-05,1,569.75,49.0
CMP007,C000255,2025-07-05,0,0.0,49.0
CMP007,C005864,2025-07-05,0,0.0,49.0
CMP007,C000686,2025-07-05,1,774.25,49.0
CMP007,C005451,2025-07-05,0,0.0,49.0
CMP007,C002906,2025-07-05,0,0.0,49.0
CMP007,C001149,2025-07-05,1,1389.25,49.0
CMP007,C004164,2025-07-05,1,1195.11,49.0
CMP007,C004472,2025-07-05,0,0.0,49.0
CMP007,C004552,2025-07-05,0,0.0,49.0
CMP007,C004881,2025-07-05,0,0.0,49.0
CMP007,C005299,2025-07-05,0,0.0,49.0
CMP007,C001675,2025-07-05,0,0.0,49.0
CMP007,C001031,2025-07-05,0,0.0,49.0
CMP007,C001074,2025-07-05,1,1248.03,49.0
CMP007,C002210,2025-07-05,0,0.0,49.0
CMP007,C002951,2025-07-05,1,1478.99,49.0
CMP007,C004154,2025-07-05,0,0.0,49.0
CMP007,C001889,2025-07-05,0,0.0,49.0
CMP007,C001260,2025-07-05,0,0.0,49.0
CMP007,C000256,2025-07-05,0,0.0,49.0
CMP007,C003697,2025-07-05,0,0.0,49.0
CMP007,C004686,2025-07-05,1,521.04,49.0
CMP007,C005226,2025-07-05,0,0.0,49.0
CMP007,C001458,2025-07-05,0,0.0,49.0
CMP007,C004867,2025-07-05,0,0.0,49.0
CMP007,C005250,2025-07-05,0,0.0,49.0
CMP007,C002217,2025-07-05,0,0.0,49.0
CMP007,C005389,2025-07-05,0,0.0,49.0
CMP007,C003500,2025-07-05,0,0.0,49.0
CMP007,C005268,2025-07-05,0,0.0,49.0
CMP007,C000626,2025-07-05,0,0.0,49.0
CMP007,C004385,2025-07-05,0,0.0,49.0
CMP007,C005566,2025-07-05,0,0.0,49.0
CMP007,C000843,2025-07-05,0,0.0,49.0
CMP007,C000459,2025-07-05,0,0.0,49.0
CMP007,C001688,2025-07-05,0,0.0,49.0
CMP007,C001412,2025-07-05,1,1129.69,49.0
CMP007,C002796,2025-07-05,0,0.0,49.0
CMP007,C002085,2025-07-05,0,0.0,49.0
CMP007,C005446,2025-07-05,0,0.0,49.0
CMP007,C003219,2025-07-05,0,0.0,49.0
CMP007,C001472,2025-07-05,0,0.0,49.0
CMP007,C004069,2025-07-05,0,0.0,49.0
CMP007,C004226,2025-07-05,0,0.0,49.0
CMP007,C002858,2025-07-05,0,0.0,49.0
CMP007,C000919,2025-07-05,0,0.0,49.0
CMP007,C004903,2025-07-05,1,822.15,49.0
CMP007,C004426,2025-07-05,0,0.0,49.0
CMP007,C001070,2025-07-05,1,584.63,49.0
CMP007,C001913,2025-07-05,0,0.0,49.0
CMP007,C000453,2025-07-05,1,1302.43,49.0
CMP007,C002128,2025-07-05,0,0.0,49.0
CMP007,C002226,2025-07-05,0,0.0,49.0
CMP007,C001782,2025-07-05,0,0.0,49.0
CMP007,C004396,2025-07-05,0,0.0,49.0
CMP007,C004316,2025-07-05,0,0.0,49.0
CMP007,C005725,2025-07-05,0,0.0,49.0
CMP007,C000996,2025-07-05,0,0.0,49.0
CMP007,C000434,2025-07-05,0,0.0,49.0
CMP007,C001025,2025-07-05,0,0.0,49.0
CMP007,C000206,2025-07-05,0,0.0,49.0
CMP007,C005368,2025-07-05,0,0.0,49.0
CMP007,C004166,2025-07-05,1,1348.9,49.0
CMP007,C004071,2025-07-05,0,0.0,49.0
CMP007,C003196,2025-07-05,0,0.0,49.0
CMP007,C001380,2025-07-05,1,1564.43,49.0
CMP007,C000021,2025-07-05,1,689.03,49.0
CMP007,C000229,2025-07-05,0,0.0,49.0
CMP007,C001364,2025-07-05,0,0.0,49.0
CMP007,C001857,2025-07-05,0,0.0,49.0
CMP007,C001205,2025-07-05,0,0.0,49.0
CMP007,C001817,2025-07-05,1,147.79,49.0
CMP007,C004507,2025-07-05,0,0.0,49.0
CMP007,C005203,2025-07-05,0,0.0,49.0
CMP007,C004529,2025-07-05,0,0.0,49.0
CMP007,C003642,2025-07-05,0,0.0,49.0
CMP007,C002372,2025-07-05,0,0.0,49.0
CMP007,C004975,2025-07-05,0,0.0,49.0
CMP007,C001105,2025-07-05,0,0.0,49.0
CMP007,C000696,2025-07-05,0,0.0,49.0
CMP007,C004353,2025-07-05,0,0.0,49.0
CMP007,C000096,2025-07-05,1,2607.85,49.0
CMP007,C001483,2025-07-05,0,0.0,49.0
CMP007,C004843,2025-07-05,0,0.0,49.0
CMP007,C003646,2025-07-05,0,0.0,49.0
CMP007,C004518,2025-07-05,0,0.0,49.0
CMP007,C003264,2025-07-05,0,0.0,49.0
CMP007,C005830,2025-07-05,1,4329.1,49.0
CMP007,C001631,2025-07-05,1,790.55,49.0
CMP007,C001375,2025-07-05,0,0.0,49.0
CMP007,C001793,2025-07-05,0,0.0,49.0
CMP007,C002919,2025-07-05,0,0.0,49.0
CMP007,C005417,2025-07-05,0,0.0,49.0
CMP007,C005240,2025-07-05,1,1779.38,49.0
CMP007,C002987,2025-07-05,0,0.0,49.0
CMP007,C004466,2025-07-05,0,0.0,49.0
CMP007,C001083,2025-07-05,0,0.0,49.0
CMP007,C002940,2025-07-05,0,0.0,49.0
CMP007,C002639,2025-07-05,0,0.0,49.0
CMP007,C000990,2025-07-05,1,2970.87,49.0
CMP007,C003054,2025-07-05,0,0.0,49.0
CMP007,C004824,2025-07-05,0,0.0,49.0
CMP007,C005048,2025-07-05,0,0.0,49.0
CMP007,C000117,2025-07-05,0,0.0,49.0
CMP007,C001708,2025-07-05,1,1594.28,49.0
CMP007,C002108,2025-07-05,0,0.0,49.0
CMP007,C004783,2025-07-05,1,257.99,49.0
CMP007,C004151,2025-07-05,1,2423.66,49.0
CMP007,C000057,2025-07-05,0,0.0,49.0
CMP007,C005317,2025-07-05,0,0.0,49.0
CMP007,C001701,2025-07-05,0,0.0,49.0
CMP007,C004309,2025-07-05,1,1273.32,49.0
CMP007,C004883,2025-07-05,1,2629.31,49.0
CMP007,C004974,2025-07-05,0,0.0,49.0
CMP007,C002708,2025-07-05,1,799.17,49.0
CMP007,C005278,2025-07-05,0,0.0,49.0
CMP007,C001347,2025-07-05,0,0.0,49.0
CMP007,C004188,2025-07-05,0,0.0,49.0
CMP007,C002798,2025-07-05,0,0.0,49.0
CMP007,C005978,2025-07-05,0,0.0,49.0
CMP007,C001814,2025-07-05,0,0.0,49.0
CMP007,C003235,2025-07-05,1,813.6,49.0
CMP007,C002755,2025-07-05,0,0.0,49.0
CMP007,C005820,2025-07-05,0,0.0,49.0
CMP007,C004395,2025-07-05,0,0.0,49.0
CMP007,C001165,2025-07-05,1,516.11,49.0
CMP007,C002878,2025-07-05,0,0.0,49.0
CMP007,C005936,2025-07-05,0,0.0,49.0
CMP007,C005616,2025-07-05,1,1043.78,49.0
CMP007,C000760,2025-07-05,0,0.0,49.0
CMP007,C002509,2025-07-05,0,0.0,49.0
CMP007,C001768,2025-07-05,0,0.0,49.0
CMP007,C004530,2025-07-05,1,6659.06,49.0
CMP007,C005877,2025-07-05,1,4316.79,49.0
CMP007,C004579,2025-07-05,0,0.0,49.0
CMP007,C003876,2025-07-05,1,974.16,49.0
CMP007,C001267,2025-07-05,0,0.0,49.0
CMP007,C001809,2025-07-05,0,0.0,49.0
CMP007,C001099,2025-07-05,0,0.0,49.0
CMP007,C004058,2025-07-05,0,0.0,49.0
CMP007,C004956,2025-07-05,0,0.0,49.0
CMP007,C004471,2025-07-05,0,0.0,49.0
CMP007,C004896,2025-07-05,0,0.0,49.0
CMP007,C002472,2025-07-05,0,0.0,49.0
CMP007,C000683,2025-07-05,1,721.11,49.0
CMP007,C003481,2025-07-05,0,0.0,49.0
CMP007,C003449,2025-07-05,0,0.0,49.0
CMP007,C000640,2025-07-05,0,0.0,49.0
CMP007,C000391,2025-07-05,0,0.0,49.0
CMP007,C005412,2025-07-05,1,4453.29,49.0
CMP007,C000335,2025-07-05,0,0.0,49.0
CMP007,C005170,2025-07-05,0,0.0,49.0
CMP007,C001092,2025-07-05,0,0.0,49.0
CMP007,C000366,2025-07-05,0,0.0,49.0
CMP007,C003580,2025-07-05,0,0.0,49.0
CMP007,C002961,2025-07-05,1,931.75,49.0
CMP007,C005005,2025-07-05,0,0.0,49.0
CMP007,C001495,2025-07-05,0,0.0,49.0
CMP007,C005435,2025-07-05,1,503.54,49.0
CMP007,C004735,2025-07-05,0,0.0,49.0
CMP007,C000194,2025-07-05,1,916.91,49.0
CMP007,C000486,2025-07-05,1,425.84,49.0
CMP007,C005854,2025-07-05,1,1213.21,49.0
CMP007,C001322,2025-07-05,0,0.0,49.0
CMP007,C005619,2025-07-05,1,678.85,49.0
CMP007,C005403,2025-07-05,0,0.0,49.0
CMP007,C002182,2025-07-05,0,0.0,49.0
CMP007,C005380,2025-07-05,0,0.0,49.0
CMP007,C005726,2025-07-05,1,1353.62,49.0
CMP007,C003655,2025-07-05,0,0.0,49.0
CMP007,C000939,2025-07-05,1,549.62,49.0
CMP007,C004144,2025-07-05,0,0.0,49.0
CMP007,C005486,2025-07-05,0,0.0,49.0
CMP007,C005567,2025-07-05,0,0.0,49.0
CMP007,C000858,2025-07-05,0,0.0,49.0
CMP007,C005530,2025-07-05,0,0.0,49.0
CMP007,C000468,2025-07-05,0,0.0,49.0
CMP007,C005461,2025-07-05,0,0.0,49.0
CMP007,C002163,2025-07-05,0,0.0,49.0
CMP007,C004373,2025-07-05,0,0.0,49.0
CMP007,C000012,2025-07-05,1,1403.38,49.0
CMP007,C005364,2025-07-05,0,0.0,49.0
CMP007,C004638,2025-07-05,0,0.0,49.0
CMP007,C001862,2025-07-05,1,3344.88,49.0
CMP007,C005247,2025-07-05,0,0.0,49.0
CMP007,C000606,2025-07-05,1,1130.53,49.0
CMP007,C000914,2025-07-05,0,0.0,49.0
CMP007,C001379,2025-07-05,0,0.0,49.0
CMP007,C005852,2025-07-05,1,293.68,49.0
CMP007,C001550,2025-07-05,0,0.0,49.0
CMP007,C002841,2025-07-05,1,1445.92,49.0
CMP007,C005760,2025-07-05,0,0.0,49.0
CMP007,C002394,2025-07-05,1,3399.26,49.0
CMP007,C004513,2025-07-05,0,0.0,49.0
CMP007,C002357,2025-07-05,0,0.0,49.0
CMP007,C002612,2025-07-05,0,0.0,49.0
CMP007,C003810,2025-07-05,1,873.24,49.0
CMP007,C001659,2025-07-05,0,0.0,49.0
CMP007,C004514,2025-07-05,1,460.9,49.0
CMP007,C002000,2025-07-05,0,0.0,49.0
CMP007,C000684,2025-07-05,0,0.0,49.0
CMP007,C005350,2025-07-05,0,0.0,49.0
CMP007,C002842,2025-07-05,1,1140.35,49.0
CMP007,C001666,2025-07-05,0,0.0,49.0
CMP007,C002260,2025-07-05,0,0.0,49.0
CMP007,C001710,2025-07-05,0,0.0,49.0
CMP007,C004331,2025-07-05,0,0.0,49.0
CMP007,C001240,2025-07-05,0,0.0,49.0
CMP007,C002507,2025-07-05,0,0.0,49.0
CMP007,C002855,2025-07-05,0,0.0,49.0
CMP007,C005387,2025-07-05,0,0.0,49.0
CMP007,C000889,2025-07-05,0,0.0,49.0
CMP007,C001811,2025-07-05,0,0.0,49.0
CMP007,C000609,2025-07-05,0,0.0,49.0
CMP007,C004998,2025-07-05,0,0.0,49.0
CMP007,C001226,2025-07-05,0,0.0,49.0
CMP007,C000972,2025-07-05,0,0.0,49.0
CMP007,C005733,2025-07-05,0,0.0,49.0
CMP007,C005901,2025-07-05,1,263.69,49.0
CMP007,C005985,2025-07-05,0,0.0,49.0
CMP007,C004958,2025-07-05,0,0.0,49.0
CMP007,C002057,2025-07-05,0,0.0,49.0
CMP007,C001309,2025-07-05,1,581.69,49.0
CMP007,C002235,2025-07-05,0,0.0,49.0
CMP007,C003015,2025-07-05,0,0.0,49.0
CMP007,C001238,2025-07-05,0,0.0,49.0
CMP007,C000113,2025-07-05,0,0.0,49.0
CMP007,C001191,2025-07-05,0,0.0,49.0
CMP007,C000985,2025-07-05,0,0.0,49.0
CMP007,C001475,2025-07-05,0,0.0,49.0
CMP007,C003516,2025-07-05,0,0.0,49.0
CMP007,C002415,2025-07-05,1,1392.11,49.0
CMP007,C002301,2025-07-05,0,0.0,49.0
CMP007,C002049,2025-07-05,0,0.0,49.0
CMP007,C002398,2025-07-05,0,0.0,49.0
CMP007,C003526,2025-07-05,1,91.7,49.0
CMP007,C001587,2025-07-05,0,0.0,49.0
CMP007,C002241,2025-07-05,0,0.0,49.0
CMP007,C003719,2025-07-05,1,2547.25,49.0
CMP007,C002114,2025-07-05,1,199.84,49.0
CMP007,C005720,2025-07-05,0,0.0,49.0
CMP007,C003243,2025-07-05,0,0.0,49.0
CMP007,C000085,2025-07-05,0,0.0,49.0
CMP007,C002891,2025-07-05,0,0.0,49.0
CMP007,C001317,2025-07-05,0,0.0,49.0
CMP007,C003110,2025-07-05,0,0.0,49.0
CMP007,C000214,2025-07-05,1,1780.22,49.0
CMP007,C002222,2025-07-05,0,0.0,49.0
CMP007,C000445,2025-07-05,0,0.0,49.0
CMP007,C004450,2025-07-05,0,0.0,49.0
CMP007,C002903,2025-07-05,0,0.0,49.0
CMP007,C001544,2025-07-05,0,0.0,49.0
CMP007,C004165,2025-07-05,0,0.0,49.0
CMP007,C001558,2025-07-05,0,0.0,49.0
CMP007,C005754,2025-07-05,0,0.0,49.0
CMP007,C001855,2025-07-05,0,0.0,49.0
CMP007,C003257,2025-07-05,1,271.0,49.0
CMP007,C000467,2025-07-05,0,0.0,49.0
CMP007,C002795,2025-07-05,0,0.0,49.0
CMP007,C005748,2025-07-05,0,0.0,49.0
CMP007,C001427,2025-07-05,0,0.0,49.0
CMP007,C004609,2025-07-05,0,0.0,49.0
CMP007,C003428,2025-07-05,0,0.0,49.0
CMP007,C004754,2025-07-05,0,0.0,49.0
CMP007,C000535,2025-07-05,0,0.0,49.0
CMP007,C000637,2025-07-05,0,0.0,49.0
CMP007,C002100,2025-07-05,1,569.26,49.0
CMP007,C001294,2025-07-05,1,924.53,49.0
CMP007,C004582,2025-07-05,1,1287.38,49.0
CMP007,C003996,2025-07-05,0,0.0,49.0
CMP007,C005236,2025-07-05,0,0.0,49.0
CMP007,C001354,2025-07-05,0,0.0,49.0
CMP007,C002389,2025-07-05,0,0.0,49.0
CMP007,C004572,2025-07-05,0,0.0,49.0
CMP007,C000198,2025-07-05,0,0.0,49.0
CMP007,C000125,2025-07-05,0,0.0,49.0
CMP007,C002264,2025-07-05,0,0.0,49.0
CMP007,C002541,2025-07-05,0,0.0,49.0
CMP007,C001445,2025-07-05,0,0.0,49.0
CMP007,C003077,2025-07-05,0,0.0,49.0
CMP007,C001198,2025-07-05,1,1121.42,49.0
CMP007,C002219,2025-07-05,0,0.0,49.0
CMP007,C003087,2025-07-05,1,828.6,49.0
CMP007,C000802,2025-07-05,0,0.0,49.0
CMP007,C000418,2025-07-05,0,0.0,49.0
CMP007,C005009,2025-07-05,0,0.0,49.0
CMP007,C003564,2025-07-05,0,0.0,49.0
CMP007,C005006,2025-07-05,0,0.0,49.0
CMP007,C005141,2025-07-05,0,0.0,49.0
CMP007,C003860,2025-07-05,0,0.0,49.0
CMP007,C002989,2025-07-05,1,2909.36,49.0
CMP007,C005577,2025-07-05,0,0.0,49.0
CMP007,C004335,2025-07-05,1,3081.68,49.0
CMP007,C002931,2025-07-05,0,0.0,49.0
CMP007,C000500,2025-07-05,0,0.0,49.0
CMP007,C002519,2025-07-05,1,3264.74,49.0
CMP007,C005531,2025-07-05,1,782.9,49.0
CMP007,C003287,2025-07-05,0,0.0,49.0
CMP007,C001027,2025-07-05,0,0.0,49.0
CMP007,C005493,2025-07-05,0,0.0,49.0
CMP007,C001712,2025-07-05,0,0.0,49.0
CMP007,C002056,2025-07-05,0,0.0,49.0
CMP007,C000083,2025-07-05,0,0.0,49.0
CMP007,C004305,2025-07-05,0,0.0,49.0
CMP007,C005887,2025-07-05,0,0.0,49.0
CMP007,C004836,2025-07-05,0,0.0,49.0
CMP007,C001121,2025-07-05,1,462.74,49.0
CMP007,C001237,2025-07-05,0,0.0,49.0
CMP007,C002160,2025-07-05,0,0.0,49.0
CMP007,C002584,2025-07-05,0,0.0,49.0
CMP007,C005982,2025-07-05,0,0.0,49.0
CMP007,C003968,2025-07-05,1,827.78,49.0
CMP007,C003910,2025-07-05,0,0.0,49.0
CMP007,C005928,2025-07-05,0,0.0,49.0
CMP007,C000709,2025-07-05,0,0.0,49.0
CMP007,C003043,2025-07-05,1,922.52,49.0
CMP007,C004775,2025-07-05,0,0.0,49.0
CMP007,C005090,2025-07-05,0,0.0,49.0
CMP007,C004653,2025-07-05,1,1230.21,49.0
CMP007,C004017,2025-07-05,0,0.0,49.0
CMP007,C000182,2025-07-05,0,0.0,49.0
CMP007,C002527,2025-07-05,1,3668.36,49.0
CMP007,C002917,2025-07-05,0,0.0,49.0
CMP007,C004918,2025-07-05,0,0.0,49.0
CMP007,C003783,2025-07-05,0,0.0,49.0
CMP007,C000840,2025-07-05,0,0.0,49.0
CMP007,C005217,2025-07-05,0,0.0,49.0
CMP007,C000718,2025-07-05,1,473.76,49.0
CMP007,C001786,2025-07-05,1,1179.49,49.0
CMP007,C005355,2025-07-05,0,0.0,49.0
CMP007,C003341,2025-07-05,0,0.0,49.0
CMP007,C005924,2025-07-05,0,0.0,49.0
CMP007,C002554,2025-07-05,1,378.47,49.0
CMP007,C002514,2025-07-05,0,0.0,49.0
CMP007,C004830,2025-07-05,0,0.0,49.0
CMP007,C005293,2025-07-05,0,0.0,49.0
CMP007,C004574,2025-07-05,0,0.0,49.0
CMP007,C001188,2025-07-05,0,0.0,49.0
CMP007,C005069,2025-07-05,0,0.0,49.0
CMP007,C001369,2025-07-05,1,1778.26,49.0
CMP007,C004293,2025-07-05,0,0.0,49.0
CMP007,C005037,2025-07-05,1,687.13,49.0
CMP007,C002785,2025-07-05,0,0.0,49.0
CMP007,C000103,2025-07-05,0,0.0,49.0
CMP007,C005560,2025-07-05,0,0.0,49.0
CMP007,C003153,2025-07-05,0,0.0,49.0
CMP007,C003414,2025-07-05,0,0.0,49.0
CMP007,C000424,2025-07-05,0,0.0,49.0
CMP007,C005231,2025-07-05,1,1258.63,49.0
CMP007,C004884,2025-07-05,0,0.0,49.0
CMP007,C001880,2025-07-05,0,0.0,49.0
CMP007,C002565,2025-07-05,0,0.0,49.0
CMP007,C002580,2025-07-05,0,0.0,49.0
CMP007,C005828,2025-07-05,1,337.28,49.0
CMP007,C000140,2025-07-05,0,0.0,49.0
CMP007,C006000,2025-07-05,0,0.0,49.0
CMP007,C005218,2025-07-05,0,0.0,49.0
CMP007,C000850,2025-07-05,0,0.0,49.0
CMP007,C000908,2025-07-05,0,0.0,49.0
CMP007,C005280,2025-07-05,0,0.0,49.0
CMP007,C002157,2025-07-05,0,0.0,49.0
CMP007,C000835,2025-07-05,0,0.0,49.0
CMP007,C002569,2025-07-05,0,0.0,49.0
CMP007,C004194,2025-07-05,0,0.0,49.0
CMP007,C003501,2025-07-05,1,1359.81,49.0
CMP007,C002425,2025-07-05,0,0.0,49.0
CMP007,C001612,2025-07-05,0,0.0,49.0
CMP007,C002881,2025-07-05,0,0.0,49.0
CMP007,C004747,2025-07-05,0,0.0,49.0
CMP007,C004152,2025-07-05,0,0.0,49.0
CMP007,C002869,2025-07-05,0,0.0,49.0
CMP007,C001253,2025-07-05,1,617.32,49.0
CMP007,C002750,2025-07-05,0,0.0,49.0
CMP007,C005143,2025-07-05,0,0.0,49.0
CMP007,C005892,2025-07-05,0,0.0,49.0
CMP007,C001528,2025-07-05,0,0.0,49.0
CMP007,C001438,2025-07-05,0,0.0,49.0
CMP007,C001961,2025-07-05,1,245.12,49.0
CMP007,C001639,2025-07-05,0,0.0,49.0
CMP007,C004953,2025-07-05,0,0.0,49.0
CMP007,C004040,2025-07-05,0,0.0,49.0
CMP007,C002331,2025-07-05,0,0.0,49.0
CMP007,C002727,2025-07-05,0,0.0,49.0
CMP007,C002556,2025-07-05,0,0.0,49.0
CMP007,C001269,2025-07-05,0,0.0,49.0
CMP007,C000504,2025-07-05,0,0.0,49.0
CMP007,C003824,2025-07-05,0,0.0,49.0
CMP007,C005991,2025-07-05,0,0.0,49.0
CMP007,C004445,2025-07-05,0,0.0,49.0
CMP007,C004731,2025-07-05,0,0.0,49.0
CMP007,C001830,2025-07-05,0,0.0,49.0
CMP007,C001537,2025-07-05,0,0.0,49.0
CMP007,C005770,2025-07-05,1,270.99,49.0
CMP007,C005668,2025-07-05,0,0.0,49.0
CMP007,C003113,2025-07-05,0,0.0,49.0
CMP007,C000384,2025-07-05,0,0.0,49.0
CMP007,C004611,2025-07-05,0,0.0,49.0
CMP007,C005646,2025-07-05,0,0.0,49.0
CMP007,C005306,2025-07-05,0,0.0,49.0
CMP007,C004942,2025-07-05,1,1325.12,49.0
CMP007,C005249,2025-07-05,0,0.0,49.0
CMP007,C001588,2025-07-05,0,0.0,49.0
CMP007,C004370,2025-07-05,0,0.0,49.0
CMP007,C005497,2025-07-05,1,1258.99,49.0
CMP007,C002512,2025-07-05,1,1327.87,49.0
CMP007,C002165,2025-07-05,0,0.0,49.0
CMP007,C004258,2025-07-05,0,0.0,49.0
CMP007,C000413,2025-07-05,0,0.0,49.0
CMP007,C005994,2025-07-05,0,0.0,49.0
CMP007,C000217,2025-07-05,0,0.0,49.0
CMP007,C003587,2025-07-05,0,0.0,49.0
CMP007,C001619,2025-07-05,1,698.96,49.0
CMP007,C002387,2025-07-05,1,822.23,49.0
CMP007,C000957,2025-07-05,0,0.0,49.0
CMP007,C001763,2025-07-05,0,0.0,49.0
CMP007,C003209,2025-07-05,0,0.0,49.0
CMP007,C000894,2025-07-05,0,0.0,49.0
CMP007,C004301,2025-07-05,0,0.0,49.0
CMP007,C004330,2025-07-05,0,0.0,49.0
CMP007,C002876,2025-07-05,0,0.0,49.0
CMP007,C001873,2025-07-05,0,0.0,49.0
CMP007,C003512,2025-07-05,0,0.0,49.0
CMP007,C000869,2025-07-05,0,0.0,49.0
CMP007,C005018,2025-07-05,0,0.0,49.0
CMP007,C002859,2025-07-05,0,0.0,49.0
CMP007,C005702,2025-07-05,0,0.0,49.0
CMP007,C001180,2025-07-05,0,0.0,49.0
CMP007,C000209,2025-07-05,0,0.0,49.0
CMP007,C004861,2025-07-05,0,0.0,49.0
CMP007,C003211,2025-07-05,0,0.0,49.0
CMP007,C003121,2025-07-05,1,1829.6,49.0
CMP007,C000588,2025-07-05,0,0.0,49.0
CMP007,C001452,2025-07-05,0,0.0,49.0
CMP007,C000541,2025-07-05,0,0.0,49.0
CMP007,C005954,2025-07-05,0,0.0,49.0
CMP007,C002751,2025-07-05,1,1708.96,49.0
CMP007,C002769,2025-07-05,0,0.0,49.0
CMP007,C000232,2025-07-05,0,0.0,49.0
CMP007,C005979,2025-07-05,0,0.0,49.0
CMP007,C002274,2025-07-05,0,0.0,49.0
CMP007,C003820,2025-07-05,0,0.0,49.0
CMP007,C004790,2025-07-05,1,809.1,49.0
CMP007,C001912,2025-07-05,0,0.0,49.0
CMP007,C005314,2025-07-05,0,0.0,49.0
CMP007,C003413,2025-07-05,0,0.0,49.0
CMP007,C003687,2025-07-05,0,0.0,49.0
CMP007,C002391,2025-07-05,0,0.0,49.0
CMP007,C002916,2025-07-05,0,0.0,49.0
CMP007,C002813,2025-07-05,0,0.0,49.0
CMP007,C004462,2025-07-05,1,1871.39,49.0
CMP007,C005204,2025-07-05,1,3335.58,49.0
CMP007,C004761,2025-07-05,0,0.0,49.0
CMP007,C003669,2025-07-05,0,0.0,49.0
CMP007,C005701,2025-07-05,1,237.66,49.0
CMP007,C003844,2025-07-05,1,662.02,49.0
CMP007,C005276,2025-07-05,0,0.0,49.0
CMP007,C003760,2025-07-05,0,0.0,49.0
CMP007,C005822,2025-07-05,0,0.0,49.0
CMP007,C004096,2025-07-05,0,0.0,49.0
CMP007,C004742,2025-07-05,0,0.0,49.0
CMP007,C001526,2025-07-05,0,0.0,49.0
CMP007,C002073,2025-07-05,0,0.0,49.0
CMP007,C004721,2025-07-05,0,0.0,49.0
CMP007,C000014,2025-07-05,0,0.0,49.0
CMP007,C000344,2025-07-05,0,0.0,49.0
CMP007,C005366,2025-07-05,1,2266.52,49.0
CMP007,C000732,2025-07-05,0,0.0,49.0
CMP007,C005084,2025-07-05,0,0.0,49.0
CMP007,C000814,2025-07-05,0,0.0,49.0
CMP007,C002820,2025-07-05,0,0.0,49.0
CMP007,C001652,2025-07-05,1,1189.42,49.0
CMP007,C000613,2025-07-05,0,0.0,49.0
CMP007,C003136,2025-07-05,0,0.0,49.0
CMP007,C000155,2025-07-05,0,0.0,49.0
CMP007,C002287,2025-07-05,0,0.0,49.0
CMP007,C003880,2025-07-05,0,0.0,49.0
CMP007,C001366,2025-07-05,1,951.48,49.0
CMP007,C002144,2025-07-05,0,0.0,49.0
CMP007,C004617,2025-07-05,0,0.0,49.0
CMP007,C000337,2025-07-05,0,0.0,49.0
CMP007,C000669,2025-07-05,0,0.0,49.0
CMP007,C001853,2025-07-05,0,0.0,49.0
CMP007,C004375,2025-07-05,0,0.0,49.0
CMP007,C003827,2025-07-05,0,0.0,49.0
CMP007,C002555,2025-07-05,0,0.0,49.0
CMP007,C000202,2025-07-05,0,0.0,49.0
CMP007,C002319,2025-07-05,0,0.0,49.0
CMP007,C005151,2025-07-05,0,0.0,49.0
CMP007,C004393,2025-07-05,0,0.0,49.0
CMP007,C004084,2025-07-05,0,0.0,49.0
CMP007,C003519,2025-07-05,1,222.85,49.0
CMP007,C002698,2025-07-05,0,0.0,49.0
CMP007,C004190,2025-07-05,0,0.0,49.0
CMP007,C001604,2025-07-05,0,0.0,49.0
CMP007,C000739,2025-07-05,0,0.0,49.0
CMP007,C003578,2025-07-05,0,0.0,49.0
CMP007,C003934,2025-07-05,0,0.0,49.0
CMP007,C005242,2025-07-05,0,0.0,49.0
CMP007,C003590,2025-07-05,1,1552.2,49.0
CMP007,C004490,2025-07-05,0,0.0,49.0
CMP007,C000047,2025-07-05,0,0.0,49.0
CMP007,C005292,2025-07-05,0,0.0,49.0
CMP007,C003579,2025-07-05,0,0.0,49.0
CMP007,C001214,2025-07-05,1,88.78,49.0
CMP007,C003221,2025-07-05,0,0.0,49.0
CMP007,C000644,2025-07-05,0,0.0,49.0
CMP007,C001656,2025-07-05,0,0.0,49.0
CMP007,C001530,2025-07-05,0,0.0,49.0
CMP007,C004678,2025-07-05,1,811.93,49.0
CMP007,C001076,2025-07-05,0,0.0,49.0
CMP007,C005718,2025-07-05,0,0.0,49.0
CMP007,C003429,2025-07-05,1,2578.34,49.0
CMP007,C001980,2025-07-05,0,0.0,49.0
CMP007,C001939,2025-07-05,1,996.29,49.0
CMP007,C000510,2025-07-05,0,0.0,49.0
CMP007,C001752,2025-07-05,0,0.0,49.0
CMP007,C002848,2025-07-05,0,0.0,49.0
CMP007,C005191,2025-07-05,0,0.0,49.0
CMP007,C005519,2025-07-05,0,0.0,49.0
CMP007,C005751,2025-07-05,0,0.0,49.0
CMP007,C004584,2025-07-05,0,0.0,49.0
CMP007,C000046,2025-07-05,0,0.0,49.0
CMP007,C005455,2025-07-05,0,0.0,49.0
CMP007,C001236,2025-07-05,1,258.2,49.0
CMP007,C000979,2025-07-05,0,0.0,49.0
CMP007,C003586,2025-07-05,0,0.0,49.0
CMP007,C002821,2025-07-05,0,0.0,49.0
CMP007,C004661,2025-07-05,0,0.0,49.0
CMP007,C000555,2025-07-05,0,0.0,49.0
CMP007,C004549,2025-07-05,1,355.8,49.0
CMP007,C001436,2025-07-05,0,0.0,49.0
CMP007,C003280,2025-07-05,0,0.0,49.0
CMP007,C005835,2025-07-05,0,0.0,49.0
CMP007,C004358,2025-07-05,0,0.0,49.0
CMP007,C005728,2025-07-05,0,0.0,49.0
CMP007,C003755,2025-07-05,1,1326.88,49.0
CMP007,C000830,2025-07-05,0,0.0,49.0
CMP007,C004484,2025-07-05,0,0.0,49.0
CMP007,C001416,2025-07-05,1,72.3,49.0
CMP007,C004941,2025-07-05,0,0.0,49.0
CMP007,C002696,2025-07-05,1,270.78,49.0
CMP007,C000583,2025-07-05,0,0.0,49.0
CMP007,C001804,2025-07-05,0,0.0,49.0
CMP007,C002652,2025-07-05,0,0.0,49.0
CMP007,C001011,2025-07-05,0,0.0,49.0
CMP007,C003718,2025-07-05,0,0.0,49.0
CMP007,C004672,2025-07-05,1,1642.98,49.0
CMP007,C000059,2025-07-05,1,2513.95,49.0
CMP007,C001982,2025-07-05,0,0.0,49.0
CMP007,C002508,2025-07-05,0,0.0,49.0
CMP007,C005397,2025-07-05,1,2517.25,49.0
CMP007,C002112,2025-07-05,0,0.0,49.0
CMP007,C001333,2025-07-05,0,0.0,49.0
CMP007,C002803,2025-07-05,0,0.0,49.0
CMP007,C001370,2025-07-05,1,375.03,49.0
CMP007,C000665,2025-07-05,0,0.0,49.0
CMP007,C001903,2025-07-05,1,2114.17,49.0
CMP007,C003759,2025-07-05,0,0.0,49.0
CMP007,C002722,2025-07-05,0,0.0,49.0
CMP007,C003472,2025-07-05,0,0.0,49.0
CMP007,C003278,2025-07-05,0,0.0,49.0
CMP007,C005096,2025-07-05,0,0.0,49.0
CMP007,C002026,2025-07-05,0,0.0,49.0
CMP007,C005183,2025-07-05,0,0.0,49.0
CMP007,C001657,2025-07-05,0,0.0,49.0
CMP007,C002908,2025-07-05,1,390.47,49.0
CMP007,C004543,2025-07-05,0,0.0,49.0
CMP007,C005911,2025-07-05,0,0.0,49.0
CMP007,C001147,2025-07-05,0,0.0,49.0
CMP007,C005902,2025-07-05,0,0.0,49.0
CMP007,C004018,2025-07-05,1,749.51,49.0
CMP007,C000144,2025-07-05,0,0.0,49.0
CMP007,C004508,2025-07-05,0,0.0,49.0
CMP007,C001785,2025-07-05,0,0.0,49.0
CMP007,C001654,2025-07-05,1,1008.55,49.0
CMP007,C000851,2025-07-05,0,0.0,49.0
CMP007,C001248,2025-07-05,0,0.0,49.0
CMP007,C005174,2025-07-05,0,0.0,49.0
CMP007,C005846,2025-07-05,1,767.02,49.0
CMP007,C002632,2025-07-05,0,0.0,49.0
CMP007,C003577,2025-07-05,0,0.0,49.0
CMP007,C004724,2025-07-05,0,0.0,49.0
CMP007,C002272,2025-07-05,0,0.0,49.0
CMP007,C001045,2025-07-05,0,0.0,49.0
CMP007,C005665,2025-07-05,0,0.0,49.0
CMP007,C003515,2025-07-05,0,0.0,49.0
CMP007,C002601,2025-07-05,0,0.0,49.0
CMP007,C001144,2025-07-05,1,1615.98,49.0
CMP007,C001108,2025-07-05,0,0.0,49.0
CMP007,C000181,2025-07-05,0,0.0,49.0
CMP007,C001185,2025-07-05,0,0.0,49.0
CMP007,C000540,2025-07-05,0,0.0,49.0
CMP007,C002807,2025-07-05,0,0.0,49.0
CMP007,C005524,2025-07-05,0,0.0,49.0
CMP007,C001626,2025-07-05,0,0.0,49.0
CMP007,C001028,2025-07-05,0,0.0,49.0
CMP007,C005471,2025-07-05,0,0.0,49.0
CMP007,C003597,2025-07-05,0,0.0,49.0
CMP007,C002058,2025-07-05,1,2568.18,49.0
CMP007,C001383,2025-07-05,1,1582.78,49.0
CMP007,C000237,2025-07-05,0,0.0,49.0
CMP007,C000494,2025-07-05,0,0.0,49.0
CMP007,C005515,2025-07-05,0,0.0,49.0
CMP007,C000824,2025-07-05,0,0.0,49.0
CMP007,C000130,2025-07-05,1,202.19,49.0
CMP007,C005456,2025-07-05,0,0.0,49.0
CMP007,C003480,2025-07-05,0,0.0,49.0
CMP007,C003744,2025-07-05,0,0.0,49.0
CMP007,C005288,2025-07-05,0,0.0,49.0
CMP007,C001002,2025-07-05,1,1333.64,49.0
CMP007,C000356,2025-07-05,0,0.0,49.0
CMP007,C001942,2025-07-05,1,676.22,49.0
CMP007,C005638,2025-07-05,1,1088.95,49.0
CMP007,C005721,2025-07-05,0,0.0,49.0
CMP007,C003463,2025-07-05,0,0.0,49.0
CMP007,C004658,2025-07-05,0,0.0,49.0
CMP007,C000953,2025-07-05,0,0.0,49.0
CMP007,C000173,2025-07-05,0,0.0,49.0
CMP007,C004020,2025-07-05,0,0.0,49.0
CMP007,C000812,2025-07-05,0,0.0,49.0
CMP007,C004712,2025-07-05,0,0.0,49.0
CMP007,C001787,2025-07-05,0,0.0,49.0
CMP007,C001126,2025-07-05,0,0.0,49.0
CMP007,C000236,2025-07-05,0,0.0,49.0
CMP007,C003778,2025-07-05,0,0.0,49.0
CMP007,C001509,2025-07-05,0,0.0,49.0
CMP007,C003188,2025-07-05,0,0.0,49.0
CMP007,C005356,2025-07-05,0,0.0,49.0
CMP007,C004273,2025-07-05,1,4728.74,49.0
CMP007,C004540,2025-07-05,0,0.0,49.0
CMP007,C004674,2025-07-05,0,0.0,49.0
CMP007,C001280,2025-07-05,0,0.0,49.0
CMP007,C000475,2025-07-05,0,0.0,49.0
CMP007,C005765,2025-07-05,0,0.0,49.0
CMP007,C001296,2025-07-05,0,0.0,49.0
CMP007,C005060,2025-07-05,0,0.0,49.0
CMP007,C004404,2025-07-05,0,0.0,49.0
CMP007,C004288,2025-07-05,0,0.0,49.0
CMP007,C003670,2025-07-05,1,621.94,49.0
CMP007,C005806,2025-07-05,1,439.6,49.0
CMP007,C003290,2025-07-05,1,159.19,49.0
CMP007,C000942,2025-07-05,0,0.0,49.0
CMP007,C001553,2025-07-05,0,0.0,49.0
CMP007,C004833,2025-07-05,0,0.0,49.0
CMP007,C003748,2025-07-05,1,1197.85,49.0
CMP007,C003749,2025-07-05,1,503.52,49.0
CMP007,C000998,2025-07-05,1,513.07,49.0
CMP007,C002095,2025-07-05,0,0.0,49.0
CMP007,C002928,2025-07-05,0,0.0,49.0
CMP007,C002568,2025-07-05,1,685.18,49.0
CMP007,C002693,2025-07-05,1,957.82,49.0
CMP007,C001466,2025-07-05,0,0.0,49.0
CMP007,C005000,2025-07-05,0,0.0,49.0
CMP007,C005940,2025-07-05,0,0.0,49.0
CMP007,C000122,2025-07-05,0,0.0,49.0
CMP007,C001783,2025-07-05,1,687.53,49.0
CMP007,C002770,2025-07-05,0,0.0,49.0
CMP007,C003702,2025-07-05,1,1333.54,49.0
CMP007,C003622,2025-07-05,0,0.0,49.0
CMP007,C005929,2025-07-05,0,0.0,49.0
CMP007,C004015,2025-07-05,0,0.0,49.0
CMP007,C004432,2025-07-05,0,0.0,49.0
CMP007,C003706,2025-07-05,1,2214.05,49.0
CMP007,C000440,2025-07-05,1,604.85,49.0
CMP007,C003154,2025-07-05,0,0.0,49.0
CMP007,C001714,2025-07-05,1,1482.45,49.0
CMP007,C003875,2025-07-05,0,0.0,49.0
CMP007,C003018,2025-07-05,0,0.0,49.0
CMP007,C000496,2025-07-05,0,0.0,49.0
CMP007,C004129,2025-07-05,0,0.0,49.0
CMP007,C004844,2025-07-05,0,0.0,49.0
CMP007,C004587,2025-07-05,0,0.0,49.0
CMP007,C004612,2025-07-05,0,0.0,49.0
CMP007,C002910,2025-07-05,1,604.79,49.0
CMP007,C003574,2025-07-05,0,0.0,49.0
CMP007,C000570,2025-07-05,1,171.11,49.0
CMP007,C002092,2025-07-05,0,0.0,49.0
CMP007,C002318,2025-07-05,0,0.0,49.0
CMP007,C005634,2025-07-05,0,0.0,49.0
CMP007,C005920,2025-07-05,0,0.0,49.0
CMP007,C004891,2025-07-05,0,0.0,49.0
CMP007,C001101,2025-07-05,0,0.0,49.0
CMP007,C004486,2025-07-05,0,0.0,49.0
CMP007,C004181,2025-07-05,0,0.0,49.0
CMP007,C002930,2025-07-05,0,0.0,49.0
CMP007,C001607,2025-07-05,0,0.0,49.0
CMP007,C000652,2025-07-05,0,0.0,49.0
CMP007,C002660,2025-07-05,0,0.0,49.0
CMP007,C005369,2025-07-05,0,0.0,49.0
CMP007,C001567,2025-07-05,1,458.91,49.0
CMP007,C001918,2025-07-05,0,0.0,49.0
CMP007,C002816,2025-07-05,0,0.0,49.0
CMP007,C000780,2025-07-05,0,0.0,49.0
CMP007,C003938,2025-07-05,0,0.0,49.0
CMP007,C000088,2025-07-05,1,907.5,49.0
CMP007,C002368,2025-07-05,1,1899.67,49.0
CMP007,C000090,2025-07-05,1,1792.12,49.0
CMP007,C001653,2025-07-05,0,0.0,49.0
CMP007,C002416,2025-07-05,0,0.0,49.0
CMP007,C005025,2025-07-05,0,0.0,49.0
CMP007,C003052,2025-07-05,0,0.0,49.0
CMP007,C004424,2025-07-05,0,0.0,49.0
CMP007,C005919,2025-07-05,0,0.0,49.0
CMP007,C000849,2025-07-05,0,0.0,49.0
CMP007,C004866,2025-07-05,0,0.0,49.0
CMP007,C002232,2025-07-05,0,0.0,49.0
CMP007,C003529,2025-07-05,1,1050.4,49.0
CMP007,C001017,2025-07-05,0,0.0,49.0
CMP007,C002231,2025-07-05,1,184.69,49.0
CMP007,C000650,2025-07-05,0,0.0,49.0
CMP007,C003404,2025-07-05,1,616.53,49.0
CMP007,C004504,2025-07-05,1,835.2,49.0
CMP007,C000171,2025-07-05,0,0.0,49.0
CMP007,C000483,2025-07-05,0,0.0,49.0
CMP007,C005050,2025-07-05,1,359.39,49.0
CMP007,C005176,2025-07-05,1,398.41,49.0
CMP007,C001393,2025-07-05,0,0.0,49.0
CMP007,C002029,2025-07-05,1,1325.18,49.0
CMP007,C001797,2025-07-05,0,0.0,49.0
CMP007,C003000,2025-07-05,1,1048.87,49.0
CMP007,C005706,2025-07-05,1,898.77,49.0
CMP007,C003840,2025-07-05,0,0.0,49.0
CMP007,C004780,2025-07-05,0,0.0,49.0
CMP007,C004380,2025-07-05,0,0.0,49.0
CMP007,C003383,2025-07-05,1,2015.07,49.0
CMP007,C003531,2025-07-05,0,0.0,49.0
CMP007,C003962,2025-07-05,0,0.0,49.0
CMP007,C003863,2025-07-05,0,0.0,49.0
CMP007,C001397,2025-07-05,1,220.53,49.0
CMP007,C001944,2025-07-05,0,0.0,49.0
CMP007,C003607,2025-07-05,0,0.0,49.0
CMP007,C005017,2025-07-05,0,0.0,49.0
CMP007,C003686,2025-07-05,0,0.0,49.0
CMP007,C005181,2025-07-05,0,0.0,49.0
CMP007,C005655,2025-07-05,1,1147.09,49.0
CMP007,C005507,2025-07-05,0,0.0,49.0
CMP007,C000031,2025-07-05,0,0.0,49.0
CMP007,C005185,2025-07-05,0,0.0,49.0
CMP007,C002535,2025-07-05,0,0.0,49.0
CMP007,C002256,2025-07-05,0,0.0,49.0
CMP007,C005942,2025-07-05,1,430.06,49.0
CMP007,C005514,2025-07-05,0,0.0,49.0
CMP007,C004970,2025-07-05,1,2169.69,49.0
CMP007,C000711,2025-07-05,0,0.0,49.0
CMP007,C002529,2025-07-05,1,3056.04,49.0
CMP007,C002216,2025-07-05,0,0.0,49.0
CMP007,C000810,2025-07-05,0,0.0,49.0
CMP007,C002648,2025-07-05,0,0.0,49.0
CMP007,C005764,2025-07-05,0,0.0,49.0
CMP007,C002352,2025-07-05,0,0.0,49.0
CMP007,C003855,2025-07-05,0,0.0,49.0
CMP007,C004961,2025-07-05,1,934.71,49.0
CMP007,C000250,2025-07-05,0,0.0,49.0
CMP007,C005463,2025-07-05,0,0.0,49.0
CMP007,C003270,2025-07-05,1,1441.73,49.0
CMP007,C004198,2025-07-05,0,0.0,49.0
CMP007,C004628,2025-07-05,0,0.0,49.0
CMP007,C002268,2025-07-05,0,0.0,49.0
CMP007,C004257,2025-07-05,1,3874.41,49.0
CMP007,C004972,2025-07-05,1,1011.29,49.0
CMP007,C000304,2025-07-05,0,0.0,49.0
CMP007,C004048,2025-07-05,0,0.0,49.0
CMP007,C005972,2025-07-05,0,0.0,49.0
CMP007,C001164,2025-07-05,0,0.0,49.0
CMP007,C000638,2025-07-05,1,827.16,49.0
CMP007,C000063,2025-07-05,1,744.99,49.0
CMP007,C002120,2025-07-05,0,0.0,49.0
CMP007,C001542,2025-07-05,1,636.33,49.0
CMP007,C001860,2025-07-05,1,464.09,49.0
CMP007,C005962,2025-07-05,0,0.0,49.0
CMP007,C005923,2025-07-05,0,0.0,49.0
CMP007,C005807,2025-07-05,0,0.0,49.0
CMP007,C005331,2025-07-05,1,570.59,49.0
CMP007,C003118,2025-07-05,0,0.0,49.0
CMP007,C000726,2025-07-05,1,2719.76,49.0
CMP007,C002835,2025-07-05,0,0.0,49.0
CMP007,C003131,2025-07-05,0,0.0,49.0
CMP007,C003793,2025-07-05,0,0.0,49.0
CMP007,C004064,2025-07-05,0,0.0,49.0
CMP007,C000909,2025-07-05,0,0.0,49.0
CMP007,C000371,2025-07-05,0,0.0,49.0
CMP007,C001173,2025-07-05,0,0.0,49.0
CMP007,C004068,2025-07-05,0,0.0,49.0
CMP007,C000653,2025-07-05,0,0.0,49.0
CMP007,C001292,2025-07-05,0,0.0,49.0
CMP007,C005254,2025-07-05,0,0.0,49.0
CMP007,C000654,2025-07-05,1,1647.45,49.0
CMP007,C004968,2025-07-05,0,0.0,49.0
CMP007,C000370,2025-07-05,0,0.0,49.0
CMP007,C005445,2025-07-05,0,0.0,49.0
CMP007,C005475,2025-07-05,0,0.0,49.0
CMP007,C003157,2025-07-05,0,0.0,49.0
CMP007,C003447,2025-07-05,0,0.0,49.0
CMP007,C000897,2025-07-05,0,0.0,49.0
CMP007,C005056,2025-07-05,0,0.0,49.0
CMP007,C005370,2025-07-05,1,382.95,49.0
CMP007,C004109,2025-07-05,0,0.0,49.0
CMP007,C000151,2025-07-05,0,0.0,49.0
CMP007,C005562,2025-07-05,1,180.23,49.0
CMP007,C001660,2025-07-05,0,0.0,49.0
CMP007,C003832,2025-07-05,1,1352.25,49.0
CMP007,C004819,2025-07-05,0,0.0,49.0
CMP007,C002051,2025-07-05,0,0.0,49.0
CMP007,C002466,2025-07-05,0,0.0,49.0
CMP007,C003311,2025-07-05,1,581.96,49.0
CMP007,C004255,2025-07-05,1,1474.68,49.0
CMP007,C001422,2025-07-05,1,8150.51,49.0
CMP007,C002586,2025-07-05,0,0.0,49.0
CMP007,C002626,2025-07-05,0,0.0,49.0
CMP007,C000120,2025-07-05,0,0.0,49.0
CMP007,C000017,2025-07-05,0,0.0,49.0
CMP007,C000230,2025-07-05,0,0.0,49.0
CMP007,C004156,2025-07-05,0,0.0,49.0
CMP007,C003004,2025-07-05,0,0.0,49.0
CMP007,C000651,2025-07-05,1,1607.51,49.0
CMP007,C005568,2025-07-05,0,0.0,49.0
CMP007,C004752,2025-07-05,0,0.0,49.0
CMP007,C005495,2025-07-05,0,0.0,49.0
CMP007,C004651,2025-07-05,1,1140.17,49.0
CMP007,C005623,2025-07-05,1,2433.0,49.0
CMP007,C005907,2025-07-05,0,0.0,49.0
CMP007,C003859,2025-07-05,1,166.89,49.0
CMP007,C002697,2025-07-05,0,0.0,49.0
CMP007,C005795,2025-07-05,0,0.0,49.0
CMP007,C001428,2025-07-05,0,0.0,49.0
CMP007,C000277,2025-07-05,1,1560.06,49.0
CMP007,C002059,2025-07-05,0,0.0,49.0
CMP007,C003381,2025-07-05,0,0.0,49.0
CMP007,C001171,2025-07-05,0,0.0,49.0
CMP007,C003445,2025-07-05,0,0.0,49.0
CMP007,C004320,2025-07-05,0,0.0,49.0
CMP007,C003062,2025-07-05,0,0.0,49.0
CMP007,C004892,2025-07-05,0,0.0,49.0
CMP007,C003271,2025-07-05,0,0.0,49.0
CMP007,C001435,2025-07-05,0,0.0,49.0
CMP007,C001594,2025-07-05,0,0.0,49.0
CMP007,C000787,2025-07-05,0,0.0,49.0
CMP007,C005085,2025-07-05,0,0.0,49.0
CMP007,C004440,2025-07-05,0,0.0,49.0
CMP007,C002810,2025-07-05,1,5403.6,49.0
CMP007,C002452,2025-07-05,0,0.0,49.0
CMP007,C000975,2025-07-05,0,0.0,49.0
CMP007,C001271,2025-07-05,0,0.0,49.0
CMP007,C005121,2025-07-05,0,0.0,49.0
CMP007,C001916,2025-07-05,0,0.0,49.0
CMP007,C004796,2025-07-05,1,1603.97,49.0
CMP007,C004519,2025-07-05,0,0.0,49.0
CMP007,C004596,2025-07-05,1,469.75,49.0
CMP007,C004168,2025-07-05,0,0.0,49.0
CMP007,C005479,2025-07-05,0,0.0,49.0
CMP007,C004957,2025-07-05,1,965.59,49.0
CMP007,C002753,2025-07-05,0,0.0,49.0
CMP007,C002462,2025-07-05,0,0.0,49.0
CMP007,C002379,2025-07-05,1,1175.72,49.0
CMP007,C002275,2025-07-05,1,1138.11,49.0
CMP007,C003801,2025-07-05,0,0.0,49.0
CMP007,C003995,2025-07-05,0,0.0,49.0
CMP007,C000642,2025-07-05,0,0.0,49.0
CMP007,C004980,2025-07-05,0,0.0,49.0
CMP007,C003957,2025-07-05,0,0.0,49.0
CMP007,C004012,2025-07-05,0,0.0,49.0
CMP007,C004927,2025-07-05,0,0.0,49.0
CMP007,C004562,2025-07-05,0,0.0,49.0
CMP007,C003985,2025-07-05,0,0.0,49.0
CMP007,C002090,2025-07-05,0,0.0,49.0
CMP007,C000497,2025-07-05,0,0.0,49.0
CMP007,C005719,2025-07-05,0,0.0,49.0
CMP007,C000193,2025-07-05,1,1428.3,49.0
CMP007,C003430,2025-07-05,0,0.0,49.0
CMP007,C004905,2025-07-05,1,887.11,49.0
CMP007,C005457,2025-07-05,0,0.0,49.0
CMP007,C003814,2025-07-05,0,0.0,49.0
CMP007,C002022,2025-07-05,0,0.0,49.0
CMP007,C005758,2025-07-05,0,0.0,49.0
CMP007,C003781,2025-07-05,0,0.0,49.0
CMP007,C000223,2025-07-05,0,0.0,49.0
CMP007,C000765,2025-07-05,1,715.58,49.0
CMP007,C000333,2025-07-05,0,0.0,49.0
CMP007,C002253,2025-07-05,0,0.0,49.0
CMP007,C001398,2025-07-05,0,0.0,49.0
CMP007,C005001,2025-07-05,0,0.0,49.0
CMP007,C003738,2025-07-05,0,0.0,49.0
CMP007,C004663,2025-07-05,1,1658.51,49.0
CMP007,C000935,2025-07-05,0,0.0,49.0
CMP007,C001702,2025-07-05,0,0.0,49.0
CMP007,C003741,2025-07-05,0,0.0,49.0
CMP007,C002526,2025-07-05,0,0.0,49.0
CMP007,C003045,2025-07-05,1,1856.54,49.0
CMP007,C000093,2025-07-05,0,0.0,49.0
CMP007,C000958,2025-07-05,0,0.0,49.0
CMP007,C004042,2025-07-05,1,738.87,49.0
CMP007,C002483,2025-07-05,0,0.0,49.0
CMP007,C001169,2025-07-05,0,0.0,49.0
CMP007,C005673,2025-07-05,0,0.0,49.0
CMP007,C004007,2025-07-05,0,0.0,49.0
CMP007,C005586,2025-07-05,0,0.0,49.0
CMP007,C000702,2025-07-05,0,0.0,49.0
CMP007,C005915,2025-07-05,0,0.0,49.0
CMP007,C001837,2025-07-05,0,0.0,49.0
CMP007,C005743,2025-07-05,0,0.0,49.0
CMP007,C004210,2025-07-05,0,0.0,49.0
CMP007,C005430,2025-07-05,0,0.0,49.0
CMP007,C002453,2025-07-05,1,978.4,49.0
CMP007,C002083,2025-07-05,1,953.86,49.0
CMP007,C002926,2025-07-05,0,0.0,49.0
CMP007,C000183,2025-07-05,0,0.0,49.0
CMP007,C005881,2025-07-05,0,0.0,49.0
CMP007,C000704,2025-07-05,0,0.0,49.0
CMP007,C001575,2025-07-05,0,0.0,49.0
CMP007,C000403,2025-07-05,0,0.0,49.0
CMP007,C004045,2025-07-05,0,0.0,49.0
CMP007,C002748,2025-07-05,0,0.0,49.0
CMP007,C003425,2025-07-05,0,0.0,49.0
CMP007,C000973,2025-07-05,0,0.0,49.0
CMP007,C001290,2025-07-05,0,0.0,49.0
CMP007,C000949,2025-07-05,1,2168.08,49.0
CMP007,C001565,2025-07-05,0,0.0,49.0
CMP007,C000537,2025-07-05,1,544.85,49.0
CMP007,C005406,2025-07-05,1,616.24,49.0
CMP007,C003160,2025-07-05,0,0.0,49.0
CMP008,C004768,2025-11-12,0,0.0,95.0
CMP008,C000654,2025-11-12,0,0.0,95.0
CMP008,C004236,2025-11-12,0,0.0,95.0
CMP008,C002692,2025-11-12,0,0.0,95.0
CMP008,C003786,2025-11-12,0,0.0,95.0
CMP008,C005141,2025-11-12,0,0.0,95.0
CMP008,C001477,2025-11-12,0,0.0,95.0
CMP008,C001393,2025-11-12,0,0.0,95.0
CMP008,C004403,2025-11-12,0,0.0,95.0
CMP008,C003851,2025-11-12,0,0.0,95.0
CMP008,C001091,2025-11-12,0,0.0,95.0
CMP008,C003109,2025-11-12,0,0.0,95.0
CMP008,C001202,2025-11-12,0,0.0,95.0
CMP008,C001597,2025-11-12,1,4068.28,95.0
CMP008,C003588,2025-11-12,0,0.0,95.0
CMP008,C005473,2025-11-12,0,0.0,95.0
CMP008,C005241,2025-11-12,0,0.0,95.0
CMP008,C004928,2025-11-12,0,0.0,95.0
CMP008,C001466,2025-11-12,0,0.0,95.0
CMP008,C000234,2025-11-12,0,0.0,95.0
CMP008,C004856,2025-11-12,0,0.0,95.0
CMP008,C002215,2025-11-12,0,0.0,95.0
CMP008,C005521,2025-11-12,1,1256.63,95.0
CMP008,C004385,2025-11-12,0,0.0,95.0
CMP008,C002054,2025-11-12,0,0.0,95.0
CMP008,C002166,2025-11-12,1,515.69,95.0
CMP008,C002818,2025-11-12,1,949.57,95.0
CMP008,C000908,2025-11-12,0,0.0,95.0
CMP008,C000944,2025-11-12,1,289.31,95.0
CMP008,C001787,2025-11-12,0,0.0,95.0
CMP008,C003421,2025-11-12,1,747.57,95.0
CMP008,C001624,2025-11-12,0,0.0,95.0
CMP008,C000972,2025-11-12,0,0.0,95.0
CMP008,C001188,2025-11-12,1,142.07,95.0
CMP008,C001224,2025-11-12,0,0.0,95.0
CMP008,C001044,2025-11-12,1,122.31,95.0
CMP008,C001337,2025-11-12,0,0.0,95.0
CMP008,C000648,2025-11-12,1,623.63,95.0
CMP008,C000354,2025-11-12,1,2121.32,95.0
CMP008,C005048,2025-11-12,0,0.0,95.0
CMP008,C004867,2025-11-12,0,0.0,95.0
CMP008,C004206,2025-11-12,0,0.0,95.0
CMP008,C005191,2025-11-12,0,0.0,95.0
CMP008,C001098,2025-11-12,1,2521.19,95.0
CMP008,C004071,2025-11-12,0,0.0,95.0
CMP008,C002560,2025-11-12,0,0.0,95.0
CMP008,C000890,2025-11-12,1,488.84,95.0
CMP008,C002464,2025-11-12,0,0.0,95.0
CMP008,C003554,2025-11-12,1,1809.0,95.0
CMP008,C001117,2025-11-12,0,0.0,95.0
CMP008,C000509,2025-11-12,0,0.0,95.0
CMP008,C003685,2025-11-12,0,0.0,95.0
CMP008,C002678,2025-11-12,0,0.0,95.0
CMP008,C003827,2025-11-12,0,0.0,95.0
CMP008,C004135,2025-11-12,0,0.0,95.0
CMP008,C005357,2025-11-12,0,0.0,95.0
CMP008,C001711,2025-11-12,0,0.0,95.0
CMP008,C005317,2025-11-12,0,0.0,95.0
CMP008,C003858,2025-11-12,0,0.0,95.0
CMP008,C001057,2025-11-12,0,0.0,95.0
CMP008,C000858,2025-11-12,0,0.0,95.0
CMP008,C001709,2025-11-12,0,0.0,95.0
CMP008,C002725,2025-11-12,0,0.0,95.0
CMP008,C000080,2025-11-12,0,0.0,95.0
CMP008,C003465,2025-11-12,0,0.0,95.0
CMP008,C003074,2025-11-12,0,0.0,95.0
CMP008,C000159,2025-11-12,0,0.0,95.0
CMP008,C000781,2025-11-12,0,0.0,95.0
CMP008,C003644,2025-11-12,0,0.0,95.0
CMP008,C002951,2025-11-12,1,2732.51,95.0
CMP008,C004919,2025-11-12,1,1407.71,95.0
CMP008,C002313,2025-11-12,1,1704.15,95.0
CMP008,C000838,2025-11-12,1,689.36,95.0
CMP008,C003326,2025-11-12,1,837.01,95.0
CMP008,C005941,2025-11-12,0,0.0,95.0
CMP008,C005232,2025-11-12,0,0.0,95.0
CMP008,C001084,2025-11-12,0,0.0,95.0
CMP008,C003408,2025-11-12,0,0.0,95.0
CMP008,C004999,2025-11-12,0,0.0,95.0
CMP008,C003686,2025-11-12,1,691.16,95.0
CMP008,C004732,2025-11-12,1,3175.16,95.0
CMP008,C001626,2025-11-12,1,843.26,95.0
CMP008,C002685,2025-11-12,0,0.0,95.0
CMP008,C005701,2025-11-12,0,0.0,95.0
CMP008,C002971,2025-11-12,0,0.0,95.0
CMP008,C004321,2025-11-12,0,0.0,95.0
CMP008,C004773,2025-11-12,1,264.2,95.0
CMP008,C005200,2025-11-12,0,0.0,95.0
CMP008,C004101,2025-11-12,0,0.0,95.0
CMP008,C005109,2025-11-12,0,0.0,95.0
CMP008,C000029,2025-11-12,0,0.0,95.0
CMP008,C005052,2025-11-12,0,0.0,95.0
CMP008,C003129,2025-11-12,0,0.0,95.0
CMP008,C000767,2025-11-12,0,0.0,95.0
CMP008,C002128,2025-11-12,1,1431.11,95.0
CMP008,C005842,2025-11-12,1,411.13,95.0
CMP008,C004914,2025-11-12,1,799.46,95.0
CMP008,C000820,2025-11-12,1,479.92,95.0
CMP008,C004957,2025-11-12,0,0.0,95.0
CMP008,C004861,2025-11-12,1,2274.66,95.0
CMP008,C005154,2025-11-12,0,0.0,95.0
CMP008,C000752,2025-11-12,0,0.0,95.0
CMP008,C004136,2025-11-12,0,0.0,95.0
CMP008,C002718,2025-11-12,0,0.0,95.0
CMP008,C004926,2025-11-12,0,0.0,95.0
CMP008,C004483,2025-11-12,0,0.0,95.0
CMP008,C001830,2025-11-12,1,1540.39,95.0
CMP008,C002442,2025-11-12,0,0.0,95.0
CMP008,C000255,2025-11-12,0,0.0,95.0
CMP008,C001269,2025-11-12,1,310.7,95.0
CMP008,C003146,2025-11-12,0,0.0,95.0
CMP008,C002087,2025-11-12,0,0.0,95.0
CMP008,C001366,2025-11-12,1,960.79,95.0
CMP008,C000328,2025-11-12,1,865.11,95.0
CMP008,C000826,2025-11-12,0,0.0,95.0
CMP008,C003643,2025-11-12,0,0.0,95.0
CMP008,C001879,2025-11-12,0,0.0,95.0
CMP008,C002741,2025-11-12,1,2449.86,95.0
CMP008,C000935,2025-11-12,1,677.38,95.0
CMP008,C003863,2025-11-12,0,0.0,95.0
CMP008,C000818,2025-11-12,0,0.0,95.0
CMP008,C002939,2025-11-12,0,0.0,95.0
CMP008,C004189,2025-11-12,0,0.0,95.0
CMP008,C005755,2025-11-12,1,525.64,95.0
CMP008,C005669,2025-11-12,0,0.0,95.0
CMP008,C001625,2025-11-12,0,0.0,95.0
CMP008,C005383,2025-11-12,0,0.0,95.0
CMP008,C003399,2025-11-12,0,0.0,95.0
CMP008,C003723,2025-11-12,0,0.0,95.0
CMP008,C000685,2025-11-12,0,0.0,95.0
CMP008,C005064,2025-11-12,0,0.0,95.0
CMP008,C005582,2025-11-12,1,200.33,95.0
CMP008,C003135,2025-11-12,0,0.0,95.0
CMP008,C001027,2025-11-12,0,0.0,95.0
CMP008,C004894,2025-11-12,0,0.0,95.0
CMP008,C000473,2025-11-12,0,0.0,95.0
CMP008,C001566,2025-11-12,0,0.0,95.0
CMP008,C003139,2025-11-12,1,527.43,95.0
CMP008,C001446,2025-11-12,0,0.0,95.0
CMP008,C000282,2025-11-12,0,0.0,95.0
CMP008,C002415,2025-11-12,0,0.0,95.0
CMP008,C004602,2025-11-12,1,2067.47,95.0
CMP008,C003597,2025-11-12,1,4247.18,95.0
CMP008,C002890,2025-11-12,0,0.0,95.0
CMP008,C003796,2025-11-12,1,1107.99,95.0
CMP008,C001937,2025-11-12,0,0.0,95.0
CMP008,C000720,2025-11-12,0,0.0,95.0
CMP008,C002472,2025-11-12,0,0.0,95.0
CMP008,C001134,2025-11-12,0,0.0,95.0
CMP008,C002450,2025-11-12,0,0.0,95.0
CMP008,C003099,2025-11-12,1,2308.16,95.0
CMP008,C004613,2025-11-12,1,276.42,95.0
CMP008,C003498,2025-11-12,0,0.0,95.0
CMP008,C001125,2025-11-12,1,1139.13,95.0
CMP008,C004334,2025-11-12,1,652.31,95.0
CMP008,C001850,2025-11-12,1,179.89,95.0
CMP008,C005989,2025-11-12,0,0.0,95.0
CMP008,C005018,2025-11-12,0,0.0,95.0
CMP008,C001712,2025-11-12,1,2685.07,95.0
CMP008,C005765,2025-11-12,0,0.0,95.0
CMP008,C001916,2025-11-12,1,375.24,95.0
CMP008,C005598,2025-11-12,1,283.89,95.0
CMP008,C004972,2025-11-12,0,0.0,95.0
CMP008,C000432,2025-11-12,0,0.0,95.0
CMP008,C005835,2025-11-12,1,263.76,95.0
CMP008,C002183,2025-11-12,1,928.39,95.0
CMP008,C005554,2025-11-12,0,0.0,95.0
CMP008,C005170,2025-11-12,0,0.0,95.0
CMP008,C005105,2025-11-12,0,0.0,95.0
CMP008,C001088,2025-11-12,1,665.37,95.0
CMP008,C002661,2025-11-12,0,0.0,95.0
CMP008,C000733,2025-11-12,0,0.0,95.0
CMP008,C003497,2025-11-12,0,0.0,95.0
CMP008,C005395,2025-11-12,0,0.0,95.0
CMP008,C005267,2025-11-12,0,0.0,95.0
CMP008,C003310,2025-11-12,0,0.0,95.0
CMP008,C000551,2025-11-12,1,1220.38,95.0
CMP008,C002028,2025-11-12,1,1186.16,95.0
CMP008,C005513,2025-11-12,0,0.0,95.0
CMP008,C005400,2025-11-12,0,0.0,95.0
CMP008,C003436,2025-11-12,0,0.0,95.0
CMP008,C005280,2025-11-12,0,0.0,95.0
CMP008,C001650,2025-11-12,0,0.0,95.0
CMP008,C005206,2025-11-12,0,0.0,95.0
CMP008,C002929,2025-11-12,0,0.0,95.0
CMP008,C004918,2025-11-12,0,0.0,95.0
CMP008,C005072,2025-11-12,0,0.0,95.0
CMP008,C002534,2025-11-12,0,0.0,95.0
CMP008,C005875,2025-11-12,0,0.0,95.0
CMP008,C002334,2025-11-12,0,0.0,95.0
CMP008,C003868,2025-11-12,0,0.0,95.0
CMP008,C004725,2025-11-12,0,0.0,95.0
CMP008,C005484,2025-11-12,0,0.0,95.0
CMP008,C005071,2025-11-12,0,0.0,95.0
CMP008,C002357,2025-11-12,0,0.0,95.0
CMP008,C005844,2025-11-12,0,0.0,95.0
CMP008,C000810,2025-11-12,1,674.93,95.0
CMP008,C003064,2025-11-12,0,0.0,95.0
CMP008,C004397,2025-11-12,0,0.0,95.0
CMP008,C004515,2025-11-12,0,0.0,95.0
CMP008,C002364,2025-11-12,0,0.0,95.0
CMP008,C005969,2025-11-12,0,0.0,95.0
CMP008,C004741,2025-11-12,1,159.64,95.0
CMP008,C001267,2025-11-12,0,0.0,95.0
CMP008,C003264,2025-11-12,1,1568.55,95.0
CMP008,C005847,2025-11-12,1,587.05,95.0
CMP008,C000684,2025-11-12,0,0.0,95.0
CMP008,C004991,2025-11-12,0,0.0,95.0
CMP008,C002441,2025-11-12,1,2025.79,95.0
CMP008,C005420,2025-11-12,0,0.0,95.0
CMP008,C004543,2025-11-12,0,0.0,95.0
CMP008,C005247,2025-11-12,0,0.0,95.0
CMP008,C000870,2025-11-12,1,1267.93,95.0
CMP008,C005503,2025-11-12,1,1354.89,95.0
CMP008,C005559,2025-11-12,1,510.92,95.0
CMP008,C003107,2025-11-12,0,0.0,95.0
CMP008,C000884,2025-11-12,0,0.0,95.0
CMP008,C000106,2025-11-12,0,0.0,95.0
CMP008,C002385,2025-11-12,0,0.0,95.0
CMP008,C003984,2025-11-12,0,0.0,95.0
CMP008,C003523,2025-11-12,0,0.0,95.0
CMP008,C003653,2025-11-12,0,0.0,95.0
CMP008,C001370,2025-11-12,0,0.0,95.0
CMP008,C005795,2025-11-12,1,850.19,95.0
CMP008,C003636,2025-11-12,0,0.0,95.0
CMP008,C004983,2025-11-12,1,1253.77,95.0
CMP008,C005001,2025-11-12,0,0.0,95.0
CMP008,C000693,2025-11-12,1,2135.69,95.0
CMP008,C004631,2025-11-12,0,0.0,95.0
CMP008,C000568,2025-11-12,0,0.0,95.0
CMP008,C003281,2025-11-12,0,0.0,95.0
CMP008,C001238,2025-11-12,0,0.0,95.0
CMP008,C004319,2025-11-12,0,0.0,95.0
CMP008,C002873,2025-11-12,0,0.0,95.0
CMP008,C002608,2025-11-12,1,593.45,95.0
CMP008,C004853,2025-11-12,1,1540.68,95.0
CMP008,C002171,2025-11-12,1,2382.32,95.0
CMP008,C000579,2025-11-12,0,0.0,95.0
CMP008,C000502,2025-11-12,0,0.0,95.0
CMP008,C005576,2025-11-12,0,0.0,95.0
CMP008,C001577,2025-11-12,0,0.0,95.0
CMP008,C002569,2025-11-12,0,0.0,95.0
CMP008,C001492,2025-11-12,0,0.0,95.0
CMP008,C003464,2025-11-12,0,0.0,95.0
CMP008,C000652,2025-11-12,0,0.0,95.0
CMP008,C002927,2025-11-12,0,0.0,95.0
CMP008,C002806,2025-11-12,0,0.0,95.0
CMP008,C004437,2025-11-12,0,0.0,95.0
CMP008,C001714,2025-11-12,0,0.0,95.0
CMP008,C005882,2025-11-12,1,2086.57,95.0
CMP008,C001042,2025-11-12,1,706.99,95.0
CMP008,C005025,2025-11-12,0,0.0,95.0
CMP008,C005406,2025-11-12,0,0.0,95.0
CMP008,C005561,2025-11-12,0,0.0,95.0
CMP008,C001291,2025-11-12,0,0.0,95.0
CMP008,C003507,2025-11-12,0,0.0,95.0
CMP008,C003184,2025-11-12,0,0.0,95.0
CMP008,C005005,2025-11-12,0,0.0,95.0
CMP008,C003318,2025-11-12,0,0.0,95.0
CMP008,C005624,2025-11-12,0,0.0,95.0
CMP008,C004588,2025-11-12,0,0.0,95.0
CMP008,C003444,2025-11-12,1,2082.38,95.0
CMP008,C003189,2025-11-12,0,0.0,95.0
CMP008,C001776,2025-11-12,0,0.0,95.0
CMP008,C005045,2025-11-12,1,1203.34,95.0
CMP008,C004383,2025-11-12,0,0.0,95.0
CMP008,C001437,2025-11-12,0,0.0,95.0
CMP008,C001957,2025-11-12,0,0.0,95.0
CMP008,C000992,2025-11-12,0,0.0,95.0
CMP008,C001758,2025-11-12,1,1160.63,95.0
CMP008,C005085,2025-11-12,0,0.0,95.0
CMP008,C001488,2025-11-12,0,0.0,95.0
CMP008,C003011,2025-11-12,0,0.0,95.0
CMP008,C005000,2025-11-12,0,0.0,95.0
CMP008,C004454,2025-11-12,0,0.0,95.0
CMP008,C003216,2025-11-12,0,0.0,95.0
CMP008,C003589,2025-11-12,1,433.87,95.0
CMP008,C001486,2025-11-12,0,0.0,95.0
CMP008,C000748,2025-11-12,0,0.0,95.0
CMP008,C002281,2025-11-12,1,1423.84,95.0
CMP008,C005806,2025-11-12,0,0.0,95.0
CMP008,C005374,2025-11-12,0,0.0,95.0
CMP008,C001995,2025-11-12,0,0.0,95.0
CMP008,C003225,2025-11-12,1,2124.44,95.0
CMP008,C002491,2025-11-12,1,540.71,95.0
CMP008,C003903,2025-11-12,0,0.0,95.0
CMP008,C002059,2025-11-12,0,0.0,95.0
CMP008,C000680,2025-11-12,0,0.0,95.0
CMP008,C001346,2025-11-12,0,0.0,95.0
CMP008,C000072,2025-11-12,0,0.0,95.0
CMP008,C000907,2025-11-12,0,0.0,95.0
CMP008,C002497,2025-11-12,0,0.0,95.0
CMP008,C004438,2025-11-12,1,4316.15,95.0
CMP008,C003975,2025-11-12,0,0.0,95.0
CMP008,C002331,2025-11-12,0,0.0,95.0
CMP008,C005309,2025-11-12,1,1343.73,95.0
CMP008,C003560,2025-11-12,0,0.0,95.0
CMP008,C002044,2025-11-12,0,0.0,95.0
CMP008,C002411,2025-11-12,1,662.3,95.0
CMP008,C000224,2025-11-12,0,0.0,95.0
CMP008,C004667,2025-11-12,0,0.0,95.0
CMP008,C002035,2025-11-12,0,0.0,95.0
CMP008,C002715,2025-11-12,0,0.0,95.0
CMP008,C004490,2025-11-12,0,0.0,95.0
CMP008,C005961,2025-11-12,0,0.0,95.0
CMP008,C000701,2025-11-12,0,0.0,95.0
CMP008,C004041,2025-11-12,0,0.0,95.0
CMP008,C001853,2025-11-12,1,1006.92,95.0
CMP008,C000946,2025-11-12,0,0.0,95.0
CMP008,C004566,2025-11-12,1,566.59,95.0
CMP008,C001870,2025-11-12,0,0.0,95.0
CMP008,C002700,2025-11-12,0,0.0,95.0
CMP008,C004484,2025-11-12,1,839.57,95.0
CMP008,C004147,2025-11-12,1,877.33,95.0
CMP008,C005478,2025-11-12,0,0.0,95.0
CMP008,C002147,2025-11-12,0,0.0,95.0
CMP008,C005125,2025-11-12,0,0.0,95.0
CMP008,C002430,2025-11-12,1,2138.03,95.0
CMP008,C000055,2025-11-12,0,0.0,95.0
CMP008,C005234,2025-11-12,1,1009.62,95.0
CMP008,C005168,2025-11-12,1,774.25,95.0
CMP008,C000782,2025-11-12,0,0.0,95.0
CMP008,C001196,2025-11-12,1,379.61,95.0
CMP008,C005586,2025-11-12,0,0.0,95.0
CMP008,C001919,2025-11-12,0,0.0,95.0
CMP008,C005654,2025-11-12,1,1082.69,95.0
CMP008,C002009,2025-11-12,0,0.0,95.0
CMP008,C000930,2025-11-12,0,0.0,95.0
CMP008,C002550,2025-11-12,0,0.0,95.0
CMP008,C000519,2025-11-12,0,0.0,95.0
CMP008,C000470,2025-11-12,0,0.0,95.0
CMP008,C000687,2025-11-12,0,0.0,95.0
CMP008,C004501,2025-11-12,0,0.0,95.0
CMP008,C000001,2025-11-12,0,0.0,95.0
CMP008,C001615,2025-11-12,1,339.21,95.0
CMP008,C002304,2025-11-12,1,940.21,95.0
CMP008,C004636,2025-11-12,1,343.0,95.0
CMP008,C000570,2025-11-12,0,0.0,95.0
CMP008,C002462,2025-11-12,0,0.0,95.0
CMP008,C004077,2025-11-12,0,0.0,95.0
CMP008,C004090,2025-11-12,0,0.0,95.0
CMP008,C002808,2025-11-12,0,0.0,95.0
CMP008,C004752,2025-11-12,0,0.0,95.0
CMP008,C004052,2025-11-12,0,0.0,95.0
CMP008,C001102,2025-11-12,1,462.43,95.0
CMP008,C000300,2025-11-12,0,0.0,95.0
CMP008,C000541,2025-11-12,0,0.0,95.0
CMP008,C005275,2025-11-12,0,0.0,95.0
CMP008,C005226,2025-11-12,0,0.0,95.0
CMP008,C000777,2025-11-12,1,2282.55,95.0
CMP008,C001981,2025-11-12,0,0.0,95.0
CMP008,C005987,2025-11-12,0,0.0,95.0
CMP008,C000614,2025-11-12,1,2193.19,95.0
CMP008,C000644,2025-11-12,0,0.0,95.0
CMP008,C000271,2025-11-12,1,928.97,95.0
CMP008,C005430,2025-11-12,0,0.0,95.0
CMP008,C002852,2025-11-12,1,1875.91,95.0
CMP008,C002728,2025-11-12,1,1643.54,95.0
CMP008,C003070,2025-11-12,0,0.0,95.0
CMP008,C003159,2025-11-12,0,0.0,95.0
CMP008,C005017,2025-11-12,1,735.63,95.0
CMP008,C002209,2025-11-12,1,1008.65,95.0
CMP008,C001651,2025-11-12,0,0.0,95.0
CMP008,C001406,2025-11-12,1,2796.61,95.0
CMP008,C005013,2025-11-12,0,0.0,95.0
CMP008,C005291,2025-11-12,0,0.0,95.0
CMP008,C000598,2025-11-12,0,0.0,95.0
CMP008,C004409,2025-11-12,0,0.0,95.0
CMP008,C003125,2025-11-12,0,0.0,95.0
CMP008,C004619,2025-11-12,0,0.0,95.0
CMP008,C000394,2025-11-12,0,0.0,95.0
CMP008,C000007,2025-11-12,0,0.0,95.0
CMP008,C004700,2025-11-12,1,594.24,95.0
CMP008,C005457,2025-11-12,1,860.49,95.0
CMP008,C005759,2025-11-12,0,0.0,95.0
CMP008,C005943,2025-11-12,1,1549.44,95.0
CMP008,C004552,2025-11-12,0,0.0,95.0
CMP008,C002210,2025-11-12,0,0.0,95.0
CMP008,C003315,2025-11-12,0,0.0,95.0
CMP008,C005057,2025-11-12,0,0.0,95.0
CMP008,C001927,2025-11-12,0,0.0,95.0
CMP008,C005463,2025-11-12,1,740.55,95.0
CMP008,C005201,2025-11-12,0,0.0,95.0
CMP008,C005114,2025-11-12,0,0.0,95.0
CMP008,C002624,2025-11-12,1,1377.73,95.0
CMP008,C005480,2025-11-12,0,0.0,95.0
CMP008,C000417,2025-11-12,0,0.0,95.0
CMP008,C000875,2025-11-12,0,0.0,95.0
CMP008,C000825,2025-11-12,0,0.0,95.0
CMP008,C005146,2025-11-12,1,464.78,95.0
CMP008,C002599,2025-11-12,0,0.0,95.0
CMP008,C004241,2025-11-12,0,0.0,95.0
CMP008,C000960,2025-11-12,0,0.0,95.0
CMP008,C005360,2025-11-12,0,0.0,95.0
CMP008,C002226,2025-11-12,0,0.0,95.0
CMP008,C003830,2025-11-12,0,0.0,95.0
CMP008,C005545,2025-11-12,0,0.0,95.0
CMP008,C001790,2025-11-12,0,0.0,95.0
CMP008,C004776,2025-11-12,0,0.0,95.0
CMP008,C005129,2025-11-12,0,0.0,95.0
CMP008,C001104,2025-11-12,0,0.0,95.0
CMP008,C004938,2025-11-12,0,0.0,95.0
CMP008,C005923,2025-11-12,0,0.0,95.0
CMP008,C004520,2025-11-12,0,0.0,95.0
CMP008,C004112,2025-11-12,0,0.0,95.0
CMP008,C004523,2025-11-12,0,0.0,95.0
CMP008,C002342,2025-11-12,1,925.05,95.0
CMP008,C002909,2025-11-12,0,0.0,95.0
CMP008,C003024,2025-11-12,0,0.0,95.0
CMP008,C002582,2025-11-12,0,0.0,95.0
CMP008,C002285,2025-11-12,1,742.85,95.0
CMP008,C002973,2025-11-12,0,0.0,95.0
CMP008,C000725,2025-11-12,0,0.0,95.0
CMP008,C001929,2025-11-12,0,0.0,95.0
CMP008,C004975,2025-11-12,1,669.15,95.0
CMP008,C002434,2025-11-12,1,1224.2,95.0
CMP008,C004733,2025-11-12,0,0.0,95.0
CMP008,C002577,2025-11-12,0,0.0,95.0
CMP008,C001713,2025-11-12,1,422.22,95.0
CMP008,C002830,2025-11-12,1,447.87,95.0
CMP008,C005155,2025-11-12,0,0.0,95.0
CMP008,C002847,2025-11-12,0,0.0,95.0
CMP008,C000763,2025-11-12,0,0.0,95.0
CMP008,C002984,2025-11-12,1,641.23,95.0
CMP008,C001249,2025-11-12,0,0.0,95.0
CMP008,C000140,2025-11-12,1,2993.43,95.0
CMP008,C001166,2025-11-12,0,0.0,95.0
CMP008,C004735,2025-11-12,0,0.0,95.0
CMP008,C005227,2025-11-12,0,0.0,95.0
CMP008,C000546,2025-11-12,0,0.0,95.0
CMP008,C001640,2025-11-12,1,1888.96,95.0
CMP008,C003690,2025-11-12,1,2120.95,95.0
CMP008,C005951,2025-11-12,0,0.0,95.0
CMP008,C005320,2025-11-12,0,0.0,95.0
CMP008,C001980,2025-11-12,1,3280.57,95.0
CMP008,C001820,2025-11-12,0,0.0,95.0
CMP008,C000906,2025-11-12,1,1610.93,95.0
CMP008,C002902,2025-11-12,0,0.0,95.0
CMP008,C002099,2025-11-12,1,2770.45,95.0
CMP008,C004703,2025-11-12,1,972.4,95.0
CMP008,C000710,2025-11-12,0,0.0,95.0
CMP008,C004913,2025-11-12,0,0.0,95.0
CMP008,C004846,2025-11-12,1,225.68,95.0
CMP008,C005796,2025-11-12,0,0.0,95.0
CMP008,C002252,2025-11-12,0,0.0,95.0
CMP008,C003847,2025-11-12,0,0.0,95.0
CMP008,C002712,2025-11-12,1,2862.66,95.0
CMP008,C002490,2025-11-12,0,0.0,95.0
CMP008,C004868,2025-11-12,0,0.0,95.0
CMP008,C003160,2025-11-12,0,0.0,95.0
CMP008,C003623,2025-11-12,0,0.0,95.0
CMP008,C000756,2025-11-12,0,0.0,95.0
CMP008,C004162,2025-11-12,0,0.0,95.0
CMP008,C000093,2025-11-12,1,2003.71,95.0
CMP008,C001555,2025-11-12,0,0.0,95.0
CMP008,C004440,2025-11-12,1,166.42,95.0
CMP008,C002019,2025-11-12,0,0.0,95.0
CMP008,C001149,2025-11-12,0,0.0,95.0
CMP008,C005808,2025-11-12,1,3364.31,95.0
CMP008,C005034,2025-11-12,1,2750.94,95.0
CMP008,C004115,2025-11-12,1,2190.52,95.0
CMP008,C000576,2025-11-12,0,0.0,95.0
CMP008,C003704,2025-11-12,0,0.0,95.0
CMP008,C001381,2025-11-12,0,0.0,95.0
CMP008,C000116,2025-11-12,0,0.0,95.0
CMP008,C000459,2025-11-12,0,0.0,95.0
CMP008,C002804,2025-11-12,0,0.0,95.0
CMP008,C002219,2025-11-12,0,0.0,95.0
CMP008,C005763,2025-11-12,0,0.0,95.0
CMP008,C001372,2025-11-12,0,0.0,95.0
CMP008,C001886,2025-11-12,0,0.0,95.0
CMP008,C000581,2025-11-12,0,0.0,95.0
CMP008,C005884,2025-11-12,0,0.0,95.0
CMP008,C004535,2025-11-12,1,806.36,95.0
CMP008,C003470,2025-11-12,0,0.0,95.0
CMP008,C005812,2025-11-12,0,0.0,95.0
CMP008,C001286,2025-11-12,0,0.0,95.0
CMP008,C000525,2025-11-12,0,0.0,95.0
CMP008,C005560,2025-11-12,0,0.0,95.0
CMP008,C002451,2025-11-12,1,610.88,95.0
CMP008,C003087,2025-11-12,0,0.0,95.0
CMP008,C003211,2025-11-12,1,432.26,95.0
CMP008,C003707,2025-11-12,1,719.73,95.0
CMP008,C005049,2025-11-12,1,1201.33,95.0
CMP008,C002576,2025-11-12,1,1517.74,95.0
CMP008,C005921,2025-11-12,0,0.0,95.0
CMP008,C004302,2025-11-12,0,0.0,95.0
CMP008,C001371,2025-11-12,0,0.0,95.0
CMP008,C002182,2025-11-12,1,2374.59,95.0
CMP008,C004061,2025-11-12,0,0.0,95.0
CMP008,C000349,2025-11-12,0,0.0,95.0
CMP008,C005069,2025-11-12,0,0.0,95.0
CMP008,C005369,2025-11-12,0,0.0,95.0
CMP008,C005910,2025-11-12,0,0.0,95.0
CMP008,C000416,2025-11-12,0,0.0,95.0
CMP008,C001041,2025-11-12,0,0.0,95.0
CMP008,C000516,2025-11-12,1,1237.31,95.0
CMP008,C005204,2025-11-12,1,392.0,95.0
CMP008,C005653,2025-11-12,0,0.0,95.0
CMP008,C003722,2025-11-12,0,0.0,95.0
CMP008,C001082,2025-11-12,0,0.0,95.0
CMP008,C000421,2025-11-12,0,0.0,95.0
CMP008,C004352,2025-11-12,0,0.0,95.0
CMP008,C004876,2025-11-12,0,0.0,95.0
CMP008,C001928,2025-11-12,0,0.0,95.0
CMP008,C005014,2025-11-12,1,1423.51,95.0
CMP008,C003209,2025-11-12,0,0.0,95.0
CMP008,C000196,2025-11-12,0,0.0,95.0
CMP008,C004984,2025-11-12,0,0.0,95.0
CMP008,C005003,2025-11-12,0,0.0,95.0
CMP008,C002405,2025-11-12,0,0.0,95.0
CMP008,C000665,2025-11-12,0,0.0,95.0
CMP008,C005461,2025-11-12,0,0.0,95.0
CMP008,C005823,2025-11-12,0,0.0,95.0
CMP008,C004526,2025-11-12,0,0.0,95.0
CMP008,C002238,2025-11-12,0,0.0,95.0
CMP008,C002629,2025-11-12,0,0.0,95.0
CMP008,C000318,2025-11-12,1,2675.18,95.0
CMP008,C003940,2025-11-12,0,0.0,95.0
CMP008,C001881,2025-11-12,1,704.43,95.0
CMP008,C003271,2025-11-12,0,0.0,95.0
CMP008,C004165,2025-11-12,0,0.0,95.0
CMP008,C001609,2025-11-12,1,1645.6,95.0
CMP008,C005702,2025-11-12,0,0.0,95.0
CMP008,C003374,2025-11-12,0,0.0,95.0
CMP008,C000799,2025-11-12,0,0.0,95.0
CMP008,C001832,2025-11-12,1,2312.74,95.0
CMP008,C003788,2025-11-12,1,1567.42,95.0
CMP008,C003469,2025-11-12,1,731.41,95.0
CMP008,C000313,2025-11-12,0,0.0,95.0
CMP008,C000978,2025-11-12,1,342.39,95.0
CMP008,C005130,2025-11-12,0,0.0,95.0
CMP008,C005928,2025-11-12,0,0.0,95.0
CMP008,C004615,2025-11-12,1,4687.19,95.0
CMP008,C004874,2025-11-12,0,0.0,95.0
CMP008,C005950,2025-11-12,0,0.0,95.0
CMP008,C005190,2025-11-12,0,0.0,95.0
CMP008,C004381,2025-11-12,0,0.0,95.0
CMP008,C002772,2025-11-12,0,0.0,95.0
CMP008,C003044,2025-11-12,0,0.0,95.0
CMP008,C003158,2025-11-12,0,0.0,95.0
CMP008,C001796,2025-11-12,0,0.0,95.0
CMP008,C000689,2025-11-12,1,1322.67,95.0
CMP008,C004852,2025-11-12,0,0.0,95.0
CMP008,C001777,2025-11-12,0,0.0,95.0
CMP008,C003307,2025-11-12,1,1707.96,95.0
CMP008,C000886,2025-11-12,1,740.04,95.0
CMP008,C000845,2025-11-12,1,447.35,95.0
CMP008,C000553,2025-11-12,0,0.0,95.0
CMP008,C003219,2025-11-12,0,0.0,95.0
CMP008,C004885,2025-11-12,1,479.13,95.0
CMP008,C000338,2025-11-12,0,0.0,95.0
CMP008,C000169,2025-11-12,0,0.0,95.0
CMP008,C003036,2025-11-12,0,0.0,95.0
CMP008,C003833,2025-11-12,0,0.0,95.0
CMP008,C002640,2025-11-12,0,0.0,95.0
CMP008,C003581,2025-11-12,0,0.0,95.0
CMP008,C003823,2025-11-12,0,0.0,95.0
CMP008,C005740,2025-11-12,0,0.0,95.0
CMP008,C005158,2025-11-12,1,548.99,95.0
CMP008,C004075,2025-11-12,0,0.0,95.0
CMP008,C004517,2025-11-12,0,0.0,95.0
CMP008,C000762,2025-11-12,0,0.0,95.0
CMP008,C003060,2025-11-12,1,1622.37,95.0
CMP008,C001028,2025-11-12,0,0.0,95.0
CMP008,C001706,2025-11-12,0,0.0,95.0
CMP008,C004324,2025-11-12,0,0.0,95.0
CMP008,C002300,2025-11-12,0,0.0,95.0
CMP008,C004217,2025-11-12,0,0.0,95.0
CMP008,C000186,2025-11-12,0,0.0,95.0
CMP008,C000583,2025-11-12,1,3964.1,95.0
CMP008,C002998,2025-11-12,1,283.73,95.0
CMP008,C003071,2025-11-12,1,1464.1,95.0
CMP008,C005724,2025-11-12,1,1100.03,95.0
CMP008,C000155,2025-11-12,1,740.85,95.0
CMP008,C004715,2025-11-12,1,1806.75,95.0
CMP008,C002427,2025-11-12,0,0.0,95.0
CMP008,C000221,2025-11-12,0,0.0,95.0
CMP008,C001158,2025-11-12,0,0.0,95.0
CMP008,C000238,2025-11-12,0,0.0,95.0
CMP008,C001732,2025-11-12,0,0.0,95.0
CMP008,C003626,2025-11-12,0,0.0,95.0
CMP008,C004609,2025-11-12,0,0.0,95.0
CMP008,C003956,2025-11-12,1,644.13,95.0
CMP008,C004596,2025-11-12,0,0.0,95.0
CMP008,C004442,2025-11-12,0,0.0,95.0
CMP008,C004502,2025-11-12,1,1455.97,95.0
CMP008,C000385,2025-11-12,0,0.0,95.0
CMP008,C003491,2025-11-12,0,0.0,95.0
CMP008,C001385,2025-11-12,1,240.14,95.0
CMP008,C004204,2025-11-12,1,686.54,95.0
CMP008,C001894,2025-11-12,0,0.0,95.0
CMP008,C003404,2025-11-12,0,0.0,95.0
CMP008,C003106,2025-11-12,0,0.0,95.0
CMP008,C002771,2025-11-12,0,0.0,95.0
CMP008,C004265,2025-11-12,0,0.0,95.0
CMP008,C002949,2025-11-12,0,0.0,95.0
CMP008,C005862,2025-11-12,0,0.0,95.0
CMP008,C000711,2025-11-12,1,273.9,95.0
CMP008,C000158,2025-11-12,0,0.0,95.0
CMP008,C001594,2025-11-12,1,2061.88,95.0
CMP008,C005528,2025-11-12,0,0.0,95.0
CMP008,C001453,2025-11-12,1,461.4,95.0
CMP008,C002673,2025-11-12,1,2111.07,95.0
CMP008,C002855,2025-11-12,0,0.0,95.0
CMP008,C005954,2025-11-12,1,3681.81,95.0
CMP008,C004847,2025-11-12,0,0.0,95.0
CMP008,C003619,2025-11-12,0,0.0,95.0
CMP008,C003156,2025-11-12,0,0.0,95.0
CMP008,C005192,2025-11-12,0,0.0,95.0
CMP008,C003418,2025-11-12,1,1113.8,95.0
CMP008,C003367,2025-11-12,0,0.0,95.0
CMP008,C000346,2025-11-12,0,0.0,95.0
CMP008,C001107,2025-11-12,0,0.0,95.0
CMP008,C000088,2025-11-12,1,2569.65,95.0
CMP008,C003615,2025-11-12,0,0.0,95.0
CMP008,C004150,2025-11-12,0,0.0,95.0
CMP008,C005424,2025-11-12,0,0.0,95.0
CMP008,C004939,2025-11-12,1,1045.42,95.0
CMP008,C002925,2025-11-12,0,0.0,95.0
CMP008,C003361,2025-11-12,1,227.19,95.0
CMP008,C004453,2025-11-12,1,449.26,95.0
CMP008,C005855,2025-11-12,0,0.0,95.0
CMP008,C002983,2025-11-12,0,0.0,95.0
CMP008,C002176,2025-11-12,0,0.0,95.0
CMP008,C003824,2025-11-12,0,0.0,95.0
CMP008,C004539,2025-11-12,0,0.0,95.0
CMP008,C005076,2025-11-12,0,0.0,95.0
CMP008,C001256,2025-11-12,0,0.0,95.0
CMP008,C000916,2025-11-12,0,0.0,95.0
CMP008,C003045,2025-11-12,0,0.0,95.0
CMP008,C001004,2025-11-12,1,699.45,95.0
CMP008,C004538,2025-11-12,1,1016.49,95.0
CMP008,C003867,2025-11-12,0,0.0,95.0
CMP008,C005579,2025-11-12,0,0.0,95.0
CMP008,C004034,2025-11-12,0,0.0,95.0
CMP008,C002736,2025-11-12,0,0.0,95.0
CMP008,C004859,2025-11-12,0,0.0,95.0
CMP008,C001171,2025-11-12,0,0.0,95.0
CMP008,C005358,2025-11-12,0,0.0,95.0
CMP008,C003771,2025-11-12,0,0.0,95.0
CMP008,C002539,2025-11-12,0,0.0,95.0
CMP008,C001316,2025-11-12,0,0.0,95.0
CMP008,C003913,2025-11-12,1,691.99,95.0
CMP008,C002004,2025-11-12,1,1412.62,95.0
CMP008,C004601,2025-11-12,0,0.0,95.0
CMP008,C001152,2025-11-12,0,0.0,95.0
CMP008,C002344,2025-11-12,0,0.0,95.0
CMP008,C005185,2025-11-12,0,0.0,95.0
CMP008,C003527,2025-11-12,0,0.0,95.0
CMP008,C001859,2025-11-12,1,934.81,95.0
CMP008,C002554,2025-11-12,0,0.0,95.0
CMP008,C001327,2025-11-12,0,0.0,95.0
CMP008,C005468,2025-11-12,0,0.0,95.0
CMP008,C005762,2025-11-12,1,480.94,95.0
CMP008,C003568,2025-11-12,0,0.0,95.0
CMP008,C004004,2025-11-12,0,0.0,95.0
CMP008,C004198,2025-11-12,0,0.0,95.0
CMP008,C005078,2025-11-12,0,0.0,95.0
CMP008,C002160,2025-11-12,0,0.0,95.0
CMP008,C004968,2025-11-12,0,0.0,95.0
CMP008,C005009,2025-11-12,0,0.0,95.0
CMP008,C001532,2025-11-12,0,0.0,95.0
CMP008,C004728,2025-11-12,0,0.0,95.0
CMP008,C002349,2025-11-12,0,0.0,95.0
CMP008,C001917,2025-11-12,0,0.0,95.0
CMP008,C004944,2025-11-12,0,0.0,95.0
CMP008,C004445,2025-11-12,0,0.0,95.0
CMP008,C001345,2025-11-12,0,0.0,95.0
CMP008,C001972,2025-11-12,0,0.0,95.0
CMP008,C003144,2025-11-12,1,454.77,95.0
CMP008,C005390,2025-11-12,0,0.0,95.0
CMP008,C004467,2025-11-12,0,0.0,95.0
CMP008,C003217,2025-11-12,0,0.0,95.0
CMP008,C000891,2025-11-12,0,0.0,95.0
CMP008,C004266,2025-11-12,0,0.0,95.0
CMP008,C000031,2025-11-12,0,0.0,95.0
CMP008,C001343,2025-11-12,0,0.0,95.0
CMP008,C005709,2025-11-12,0,0.0,95.0
CMP008,C005274,2025-11-12,1,1369.7,95.0
CMP008,C005270,2025-11-12,1,795.08,95.0
CMP008,C001089,2025-11-12,0,0.0,95.0
CMP008,C000251,2025-11-12,1,706.01,95.0
CMP008,C002302,2025-11-12,0,0.0,95.0
CMP008,C001908,2025-11-12,0,0.0,95.0
CMP008,C003016,2025-11-12,0,0.0,95.0
CMP008,C005328,2025-11-12,0,0.0,95.0
CMP008,C000025,2025-11-12,0,0.0,95.0
CMP008,C003963,2025-11-12,1,1102.49,95.0
CMP008,C002514,2025-11-12,0,0.0,95.0
CMP008,C001352,2025-11-12,1,539.88,95.0
CMP008,C001289,2025-11-12,0,0.0,95.0
CMP008,C001571,2025-11-12,0,0.0,95.0
CMP008,C004890,2025-11-12,0,0.0,95.0
CMP008,C001272,2025-11-12,0,0.0,95.0
CMP008,C001565,2025-11-12,0,0.0,95.0
CMP008,C005929,2025-11-12,0,0.0,95.0
CMP008,C002592,2025-11-12,1,628.09,95.0
CMP008,C002811,2025-11-12,1,595.79,95.0
CMP008,C000674,2025-11-12,0,0.0,95.0
CMP008,C005574,2025-11-12,0,0.0,95.0
CMP008,C003839,2025-11-12,0,0.0,95.0
CMP008,C002774,2025-11-12,0,0.0,95.0
CMP008,C003962,2025-11-12,0,0.0,95.0
CMP008,C003938,2025-11-12,0,0.0,95.0
CMP008,C003544,2025-11-12,0,0.0,95.0
CMP008,C005659,2025-11-12,1,2053.44,95.0
CMP008,C005342,2025-11-12,0,0.0,95.0
CMP008,C002278,2025-11-12,0,0.0,95.0
CMP008,C005748,2025-11-12,0,0.0,95.0
CMP008,C004528,2025-11-12,0,0.0,95.0
CMP008,C002945,2025-11-12,0,0.0,95.0
CMP008,C004686,2025-11-12,0,0.0,95.0
CMP008,C001105,2025-11-12,0,0.0,95.0
CMP008,C004562,2025-11-12,1,2704.49,95.0
CMP008,C003907,2025-11-12,0,0.0,95.0
CMP008,C001574,2025-11-12,0,0.0,95.0
CMP008,C004829,2025-11-12,0,0.0,95.0
CMP008,C002132,2025-11-12,0,0.0,95.0
CMP008,C005224,2025-11-12,0,0.0,95.0
CMP008,C005412,2025-11-12,1,421.88,95.0
CMP008,C002515,2025-11-12,0,0.0,95.0
CMP008,C005024,2025-11-12,0,0.0,95.0
CMP008,C001668,2025-11-12,0,0.0,95.0
CMP008,C004082,2025-11-12,0,0.0,95.0
CMP008,C001840,2025-11-12,1,681.39,95.0
CMP008,C003176,2025-11-12,0,0.0,95.0
CMP008,C001978,2025-11-12,0,0.0,95.0
CMP008,C001029,2025-11-12,0,0.0,95.0
CMP008,C004098,2025-11-12,0,0.0,95.0
CMP008,C000937,2025-11-12,0,0.0,95.0
CMP008,C003362,2025-11-12,0,0.0,95.0
CMP008,C001012,2025-11-12,1,863.47,95.0
CMP008,C001148,2025-11-12,1,1083.34,95.0
CMP008,C003193,2025-11-12,1,2315.61,95.0
CMP008,C001157,2025-11-12,1,921.89,95.0
CMP008,C001965,2025-11-12,0,0.0,95.0
CMP008,C003338,2025-11-12,1,1046.77,95.0
CMP008,C002165,2025-11-12,1,432.23,95.0
CMP008,C003425,2025-11-12,0,0.0,95.0
CMP008,C002856,2025-11-12,0,0.0,95.0
CMP008,C003927,2025-11-12,0,0.0,95.0
CMP008,C001883,2025-11-12,1,2099.44,95.0
CMP008,C002471,2025-11-12,1,2049.52,95.0
CMP008,C005296,2025-11-12,0,0.0,95.0
CMP008,C004498,2025-11-12,0,0.0,95.0
CMP008,C003689,2025-11-12,0,0.0,95.0
CMP008,C003019,2025-11-12,0,0.0,95.0
CMP008,C002722,2025-11-12,0,0.0,95.0
CMP008,C005193,2025-11-12,0,0.0,95.0
CMP008,C004353,2025-11-12,0,0.0,95.0
CMP008,C000647,2025-11-12,0,0.0,95.0
CMP008,C001791,2025-11-12,0,0.0,95.0
CMP008,C001671,2025-11-12,1,742.25,95.0
CMP008,C000564,2025-11-12,0,0.0,95.0
CMP008,C001181,2025-11-12,0,0.0,95.0
CMP008,C005818,2025-11-12,0,0.0,95.0
CMP008,C000032,2025-11-12,0,0.0,95.0
CMP008,C002425,2025-11-12,0,0.0,95.0
CMP008,C002189,2025-11-12,0,0.0,95.0
CMP008,C003366,2025-11-12,0,0.0,95.0
CMP008,C001804,2025-11-12,0,0.0,95.0
CMP008,C005674,2025-11-12,0,0.0,95.0
CMP008,C001833,2025-11-12,0,0.0,95.0
CMP008,C005655,2025-11-12,1,1332.02,95.0
CMP008,C004369,2025-11-12,0,0.0,95.0
CMP008,C000813,2025-11-12,0,0.0,95.0
CMP008,C004702,2025-11-12,0,0.0,95.0
CMP008,C000113,2025-11-12,1,809.64,95.0
CMP008,C003308,2025-11-12,1,1379.54,95.0
CMP008,C005562,2025-11-12,0,0.0,95.0
CMP008,C003584,2025-11-12,0,0.0,95.0
CMP008,C004131,2025-11-12,0,0.0,95.0
CMP008,C002683,2025-11-12,0,0.0,95.0
CMP008,C000873,2025-11-12,0,0.0,95.0
CMP008,C000548,2025-11-12,0,0.0,95.0
CMP008,C005188,2025-11-12,0,0.0,95.0
CMP008,C003678,2025-11-12,0,0.0,95.0
CMP008,C005568,2025-11-12,1,431.32,95.0
CMP008,C003022,2025-11-12,0,0.0,95.0
CMP008,C004107,2025-11-12,0,0.0,95.0
CMP008,C002043,2025-11-12,1,1573.27,95.0
CMP008,C002883,2025-11-12,0,0.0,95.0
CMP008,C005746,2025-11-12,0,0.0,95.0
CMP008,C005138,2025-11-12,0,0.0,95.0
CMP008,C005469,2025-11-12,0,0.0,95.0
CMP008,C000078,2025-11-12,1,2177.65,95.0
CMP008,C003553,2025-11-12,0,0.0,95.0
CMP008,C000739,2025-11-12,0,0.0,95.0
CMP008,C005394,2025-11-12,0,0.0,95.0
CMP008,C000696,2025-11-12,0,0.0,95.0
CMP008,C005225,2025-11-12,0,0.0,95.0
CMP008,C002261,2025-11-12,1,785.42,95.0
CMP008,C003329,2025-11-12,0,0.0,95.0
CMP008,C004553,2025-11-12,1,1306.33,95.0
CMP008,C002679,2025-11-12,1,4227.57,95.0
CMP008,C000012,2025-11-12,1,2315.38,95.0
CMP008,C002161,2025-11-12,0,0.0,95.0
CMP008,C003765,2025-11-12,0,0.0,95.0
CMP008,C001018,2025-11-12,0,0.0,95.0
CMP008,C002935,2025-11-12,1,695.08,95.0
CMP008,C002746,2025-11-12,0,0.0,95.0
CMP008,C002388,2025-11-12,0,0.0,95.0
CMP008,C004056,2025-11-12,0,0.0,95.0
CMP008,C001715,2025-11-12,0,0.0,95.0
CMP008,C000656,2025-11-12,0,0.0,95.0
CMP008,C003332,2025-11-12,0,0.0,95.0
CMP008,C005341,2025-11-12,0,0.0,95.0
CMP008,C001846,2025-11-12,0,0.0,95.0
CMP008,C004711,2025-11-12,1,2886.85,95.0
CMP008,C000953,2025-11-12,0,0.0,95.0
CMP008,C001128,2025-11-12,1,235.66,95.0
CMP008,C005282,2025-11-12,0,0.0,95.0
CMP008,C002997,2025-11-12,0,0.0,95.0
CMP008,C000163,2025-11-12,0,0.0,95.0
CMP008,C002478,2025-11-12,0,0.0,95.0
CMP008,C003459,2025-11-12,0,0.0,95.0
CMP008,C002657,2025-11-12,0,0.0,95.0
CMP008,C002941,2025-11-12,0,0.0,95.0
CMP008,C002187,2025-11-12,1,2029.86,95.0
CMP008,C004844,2025-11-12,1,1213.55,95.0
CMP008,C003412,2025-11-12,0,0.0,95.0
CMP008,C004845,2025-11-12,0,0.0,95.0
CMP008,C003981,2025-11-12,0,0.0,95.0
CMP008,C004376,2025-11-12,0,0.0,95.0
CMP008,C000479,2025-11-12,1,909.77,95.0
CMP008,C005281,2025-11-12,0,0.0,95.0
CMP008,C004659,2025-11-12,0,0.0,95.0
CMP008,C001361,2025-11-12,1,1901.2,95.0
CMP008,C002454,2025-11-12,0,0.0,95.0
CMP008,C002257,2025-11-12,0,0.0,95.0
CMP008,C000934,2025-11-12,0,0.0,95.0
CMP008,C004906,2025-11-12,0,0.0,95.0
CMP008,C003846,2025-11-12,0,0.0,95.0
CMP008,C004736,2025-11-12,1,1152.55,95.0
CMP008,C005471,2025-11-12,1,5929.1,95.0
CMP008,C002826,2025-11-12,1,1516.81,95.0
CMP008,C005852,2025-11-12,0,0.0,95.0
CMP008,C002301,2025-11-12,1,3897.93,95.0
CMP008,C000609,2025-11-12,1,1267.78,95.0
CMP008,C001160,2025-11-12,0,0.0,95.0
CMP008,C001516,2025-11-12,0,0.0,95.0
CMP008,C005975,2025-11-12,0,0.0,95.0
CMP008,C001793,2025-11-12,0,0.0,95.0
CMP008,C005481,2025-11-12,1,344.93,95.0
CMP008,C001503,2025-11-12,0,0.0,95.0
CMP008,C002545,2025-11-12,0,0.0,95.0
CMP008,C002414,2025-11-12,0,0.0,95.0
CMP008,C000717,2025-11-12,1,1761.86,95.0
CMP008,C004156,2025-11-12,0,0.0,95.0
CMP008,C005510,2025-11-12,0,0.0,95.0
CMP008,C002049,2025-11-12,1,2289.73,95.0
CMP008,C004522,2025-11-12,0,0.0,95.0
CMP008,C005062,2025-11-12,1,1791.81,95.0
CMP008,C000151,2025-11-12,0,0.0,95.0
CMP008,C002571,2025-11-12,0,0.0,95.0
CMP008,C001262,2025-11-12,0,0.0,95.0
CMP008,C004203,2025-11-12,1,885.35,95.0
CMP008,C002235,2025-11-12,0,0.0,95.0
CMP008,C001510,2025-11-12,0,0.0,95.0
CMP008,C002667,2025-11-12,0,0.0,95.0
CMP008,C005482,2025-11-12,0,0.0,95.0
CMP008,C005298,2025-11-12,0,0.0,95.0
CMP008,C002744,2025-11-12,0,0.0,95.0
CMP008,C001427,2025-11-12,0,0.0,95.0
CMP008,C004500,2025-11-12,0,0.0,95.0
CMP008,C001162,2025-11-12,1,6506.25,95.0
CMP008,C002395,2025-11-12,0,0.0,95.0
CMP008,C000617,2025-11-12,0,0.0,95.0
CMP008,C003245,2025-11-12,1,606.6,95.0
CMP008,C003495,2025-11-12,0,0.0,95.0
CMP008,C005487,2025-11-12,0,0.0,95.0
CMP008,C000605,2025-11-12,1,1720.42,95.0
CMP008,C001760,2025-11-12,1,342.81,95.0
CMP008,C001912,2025-11-12,0,0.0,95.0
CMP008,C004766,2025-11-12,0,0.0,95.0
CMP008,C005250,2025-11-12,0,0.0,95.0
CMP008,C003449,2025-11-12,0,0.0,95.0
CMP008,C002940,2025-11-12,0,0.0,95.0
CMP008,C003528,2025-11-12,0,0.0,95.0
CMP008,C002705,2025-11-12,0,0.0,95.0
CMP008,C005589,2025-11-12,0,0.0,95.0
CMP008,C003616,2025-11-12,0,0.0,95.0
CMP008,C004043,2025-11-12,0,0.0,95.0
CMP008,C000735,2025-11-12,0,0.0,95.0
CMP008,C004527,2025-11-12,0,0.0,95.0
CMP008,C000977,2025-11-12,1,141.08,95.0
CMP008,C001541,2025-11-12,0,0.0,95.0
CMP008,C003309,2025-11-12,0,0.0,95.0
CMP008,C005367,2025-11-12,1,771.44,95.0
CMP008,C005413,2025-11-12,1,262.97,95.0
CMP008,C000917,2025-11-12,0,0.0,95.0
CMP008,C001001,2025-11-12,0,0.0,95.0
CMP008,C004960,2025-11-12,1,918.32,95.0
CMP008,C005719,2025-11-12,0,0.0,95.0
CMP008,C005084,2025-11-12,0,0.0,95.0
CMP008,C003951,2025-11-12,0,0.0,95.0
CMP008,C005402,2025-11-12,0,0.0,95.0
CMP008,C001136,2025-11-12,0,0.0,95.0
CMP008,C003666,2025-11-12,0,0.0,95.0
CMP008,C005376,2025-11-12,0,0.0,95.0
CMP008,C001898,2025-11-12,1,848.61,95.0
CMP008,C003891,2025-11-12,0,0.0,95.0
CMP008,C000824,2025-11-12,0,0.0,95.0
CMP008,C001737,2025-11-12,0,0.0,95.0
CMP008,C003383,2025-11-12,1,2698.03,95.0
CMP008,C005042,2025-11-12,0,0.0,95.0
CMP008,C004690,2025-11-12,0,0.0,95.0
CMP008,C002913,2025-11-12,0,0.0,95.0
CMP008,C002221,2025-11-12,0,0.0,95.0
CMP008,C005761,2025-11-12,0,0.0,95.0
CMP008,C004264,2025-11-12,0,0.0,95.0
CMP008,C004455,2025-11-12,0,0.0,95.0
CMP008,C000709,2025-11-12,1,933.81,95.0
CMP008,C003556,2025-11-12,1,1072.47,95.0
CMP008,C000983,2025-11-12,1,451.97,95.0
CMP008,C000210,2025-11-12,0,0.0,95.0
CMP008,C000770,2025-11-12,0,0.0,95.0
CMP008,C000726,2025-11-12,1,317.36,95.0
CMP008,C003413,2025-11-12,0,0.0,95.0
CMP008,C004850,2025-11-12,0,0.0,95.0
CMP008,C005233,2025-11-12,0,0.0,95.0
CMP008,C005590,2025-11-12,1,866.21,95.0
CMP008,C000933,2025-11-12,0,0.0,95.0
CMP008,C002611,2025-11-12,0,0.0,95.0
CMP008,C003767,2025-11-12,0,0.0,95.0
CMP008,C001239,2025-11-12,0,0.0,95.0
CMP008,C001165,2025-11-12,0,0.0,95.0
CMP008,C000262,2025-11-12,1,2448.15,95.0
CMP008,C004541,2025-11-12,0,0.0,95.0
CMP008,C003999,2025-11-12,0,0.0,95.0
CMP008,C002178,2025-11-12,0,0.0,95.0
CMP008,C003121,2025-11-12,1,1515.63,95.0
CMP008,C002093,2025-11-12,0,0.0,95.0
CMP008,C003148,2025-11-12,1,921.5,95.0
CMP008,C001961,2025-11-12,0,0.0,95.0
CMP008,C000472,2025-11-12,0,0.0,95.0
CMP008,C000057,2025-11-12,0,0.0,95.0
CMP008,C005618,2025-11-12,1,993.85,95.0
CMP008,C003411,2025-11-12,0,0.0,95.0
CMP008,C001794,2025-11-12,1,773.22,95.0
CMP008,C000618,2025-11-12,0,0.0,95.0
CMP008,C004219,2025-11-12,0,0.0,95.0
CMP008,C003760,2025-11-12,0,0.0,95.0
CMP008,C004471,2025-11-12,1,268.73,95.0
CMP008,C005228,2025-11-12,1,1683.57,95.0
CMP008,C000507,2025-11-12,0,0.0,95.0
CMP008,C005779,2025-11-12,0,0.0,95.0
CMP008,C004962,2025-11-12,0,0.0,95.0
CMP008,C000369,2025-11-12,0,0.0,95.0
CMP008,C005292,2025-11-12,0,0.0,95.0
CMP008,C000632,2025-11-12,1,250.73,95.0
CMP008,C005196,2025-11-12,0,0.0,95.0
CMP008,C004192,2025-11-12,0,0.0,95.0
CMP008,C004674,2025-11-12,0,0.0,95.0
CMP008,C003025,2025-11-12,1,531.35,95.0
CMP008,C003316,2025-11-12,0,0.0,95.0
CMP008,C003949,2025-11-12,0,0.0,95.0
CMP008,C004428,2025-11-12,0,0.0,95.0
CMP008,C002519,2025-11-12,0,0.0,95.0
CMP008,C005737,2025-11-12,1,846.64,95.0
CMP008,C001652,2025-11-12,0,0.0,95.0
CMP008,C002255,2025-11-12,0,0.0,95.0
CMP008,C001940,2025-11-12,1,606.19,95.0
CMP008,C002117,2025-11-12,0,0.0,95.0
CMP008,C005714,2025-11-12,1,488.17,95.0
CMP008,C004945,2025-11-12,1,918.81,95.0
CMP008,C001608,2025-11-12,1,1907.56,95.0
CMP008,C003487,2025-11-12,1,2045.42,95.0
CMP008,C002483,2025-11-12,0,0.0,95.0
CMP008,C001734,2025-11-12,1,1170.68,95.0
CMP008,C003778,2025-11-12,1,1089.22,95.0
CMP008,C004284,2025-11-12,1,723.93,95.0
CMP008,C004125,2025-11-12,0,0.0,95.0
CMP008,C005477,2025-11-12,1,214.09,95.0
CMP008,C000703,2025-11-12,0,0.0,95.0
CMP008,C001614,2025-11-12,0,0.0,95.0
CMP008,C000850,2025-11-12,0,0.0,95.0
CMP008,C000797,2025-11-12,0,0.0,95.0
CMP008,C001000,2025-11-12,0,0.0,95.0
CMP008,C000831,2025-11-12,1,1805.17,95.0
CMP008,C005458,2025-11-12,0,0.0,95.0
CMP008,C000267,2025-11-12,0,0.0,95.0
CMP008,C003489,2025-11-12,1,1040.04,95.0
CMP008,C003078,2025-11-12,0,0.0,95.0
CMP008,C000246,2025-11-12,0,0.0,95.0
CMP008,C002590,2025-11-12,0,0.0,95.0
CMP008,C000143,2025-11-12,0,0.0,95.0
CMP008,C002355,2025-11-12,0,0.0,95.0
CMP008,C004188,2025-11-12,0,0.0,95.0
CMP008,C005491,2025-11-12,1,938.41,95.0
CMP008,C005293,2025-11-12,0,0.0,95.0
CMP008,C001401,2025-11-12,1,369.88,95.0
CMP008,C005355,2025-11-12,0,0.0,95.0
CMP008,C003943,2025-11-12,0,0.0,95.0
CMP008,C002854,2025-11-12,1,4304.18,95.0
CMP008,C001217,2025-11-12,1,2292.16,95.0
CMP008,C004443,2025-11-12,0,0.0,95.0
CMP008,C000086,2025-11-12,1,2990.66,95.0
CMP008,C003739,2025-11-12,0,0.0,95.0
CMP008,C000540,2025-11-12,0,0.0,95.0
CMP008,C000971,2025-11-12,0,0.0,95.0
CMP008,C005023,2025-11-12,0,0.0,95.0
CMP008,C004205,2025-11-12,0,0.0,95.0
CMP008,C000358,2025-11-12,0,0.0,95.0
CMP008,C003715,2025-11-12,0,0.0,95.0
CMP008,C001450,2025-11-12,0,0.0,95.0
CMP008,C002972,2025-11-12,0,0.0,95.0
CMP008,C000118,2025-11-12,0,0.0,95.0
CMP008,C004806,2025-11-12,1,787.6,95.0
CMP008,C001955,2025-11-12,0,0.0,95.0
CMP008,C004513,2025-11-12,0,0.0,95.0
CMP008,C004746,2025-11-12,0,0.0,95.0
CMP008,C005963,2025-11-12,0,0.0,95.0
CMP008,C001324,2025-11-12,0,0.0,95.0
CMP008,C000079,2025-11-12,0,0.0,95.0
CMP008,C004246,2025-11-12,0,0.0,95.0
CMP008,C003621,2025-11-12,0,0.0,95.0
CMP008,C000993,2025-11-12,0,0.0,95.0
CMP008,C001214,2025-11-12,0,0.0,95.0
CMP008,C001194,2025-11-12,0,0.0,95.0
CMP008,C002399,2025-11-12,0,0.0,95.0
CMP008,C001400,2025-11-12,0,0.0,95.0
CMP008,C000157,2025-11-12,0,0.0,95.0
CMP008,C003046,2025-11-12,1,1318.88,95.0
CMP008,C003697,2025-11-12,0,0.0,95.0
CMP008,C005635,2025-11-12,0,0.0,95.0
CMP008,C000021,2025-11-12,0,0.0,95.0
CMP008,C004518,2025-11-12,0,0.0,95.0
CMP008,C000252,2025-11-12,0,0.0,95.0
CMP008,C002816,2025-11-12,0,0.0,95.0
CMP008,C002727,2025-11-12,1,2040.24,95.0
CMP008,C004215,2025-11-12,0,0.0,95.0
CMP008,C001763,2025-11-12,0,0.0,95.0
CMP008,C003966,2025-11-12,0,0.0,95.0
CMP008,C005041,2025-11-12,1,253.5,95.0
CMP008,C001506,2025-11-12,0,0.0,95.0
CMP008,C001557,2025-11-12,0,0.0,95.0
CMP008,C000683,2025-11-12,0,0.0,95.0
CMP008,C005662,2025-11-12,1,1141.08,95.0
CMP008,C003501,2025-11-12,0,0.0,95.0
CMP008,C000963,2025-11-12,0,0.0,95.0
CMP008,C001331,2025-11-12,0,0.0,95.0
CMP008,C002990,2025-11-12,0,0.0,95.0
CMP008,C000877,2025-11-12,1,1396.9,95.0
CMP008,C003516,2025-11-12,1,1052.51,95.0
CMP008,C005306,2025-11-12,1,1421.45,95.0
CMP008,C005698,2025-11-12,0,0.0,95.0
CMP008,C002947,2025-11-12,0,0.0,95.0
CMP008,C002888,2025-11-12,0,0.0,95.0
CMP008,C002400,2025-11-12,0,0.0,95.0
CMP008,C002495,2025-11-12,1,1672.41,95.0
CMP008,C004857,2025-11-12,0,0.0,95.0
CMP008,C005181,2025-11-12,1,6097.15,95.0
CMP008,C005934,2025-11-12,0,0.0,95.0
CMP008,C004449,2025-11-12,0,0.0,95.0
CMP008,C005173,2025-11-12,0,0.0,95.0
CMP008,C000704,2025-11-12,0,0.0,95.0
CMP008,C001440,2025-11-12,1,226.95,95.0
CMP008,C000591,2025-11-12,0,0.0,95.0
CMP008,C000859,2025-11-12,1,1369.4,95.0
CMP008,C004142,2025-11-12,0,0.0,95.0
CMP008,C003893,2025-11-12,0,0.0,95.0
CMP008,C000668,2025-11-12,0,0.0,95.0
CMP008,C002618,2025-11-12,0,0.0,95.0
CMP008,C001752,2025-11-12,0,0.0,95.0
CMP008,C004129,2025-11-12,0,0.0,95.0
CMP008,C005485,2025-11-12,0,0.0,95.0
CMP008,C002418,2025-11-12,1,549.98,95.0
CMP008,C003267,2025-11-12,0,0.0,95.0
CMP008,C003763,2025-11-12,0,0.0,95.0
CMP008,C004756,2025-11-12,1,1210.76,95.0
CMP008,C005690,2025-11-12,1,3016.09,95.0
CMP008,C005393,2025-11-12,0,0.0,95.0
CMP008,C004408,2025-11-12,1,358.35,95.0
CMP008,C002778,2025-11-12,0,0.0,95.0
CMP008,C002819,2025-11-12,0,0.0,95.0
CMP008,C003798,2025-11-12,1,887.11,95.0
CMP008,C000901,2025-11-12,0,0.0,95.0
CMP008,C003437,2025-11-12,0,0.0,95.0
CMP008,C004015,2025-11-12,1,1583.84,95.0
CMP008,C000722,2025-11-12,1,342.46,95.0
CMP008,C004322,2025-11-12,0,0.0,95.0
CMP008,C005757,2025-11-12,0,0.0,95.0
CMP008,C001877,2025-11-12,0,0.0,95.0
CMP008,C003574,2025-11-12,1,755.2,95.0
CMP008,C004340,2025-11-12,0,0.0,95.0
CMP008,C003027,2025-11-12,0,0.0,95.0
CMP008,C002521,2025-11-12,0,0.0,95.0
CMP008,C002627,2025-11-12,0,0.0,95.0
CMP008,C001365,2025-11-12,0,0.0,95.0
CMP008,C005821,2025-11-12,0,0.0,95.0
CMP008,C003466,2025-11-12,0,0.0,95.0
CMP008,C003967,2025-11-12,0,0.0,95.0
CMP008,C002120,2025-11-12,0,0.0,95.0
CMP008,C005262,2025-11-12,0,0.0,95.0
CMP008,C002267,2025-11-12,0,0.0,95.0
CMP008,C004307,2025-11-12,0,0.0,95.0
CMP008,C005459,2025-11-12,0,0.0,95.0
CMP008,C004184,2025-11-12,0,0.0,95.0
CMP008,C001441,2025-11-12,0,0.0,95.0
CMP008,C004837,2025-11-12,0,0.0,95.0
CMP008,C004769,2025-11-12,0,0.0,95.0
CMP008,C005577,2025-11-12,0,0.0,95.0
CMP008,C001396,2025-11-12,1,543.06,95.0
CMP008,C000253,2025-11-12,0,0.0,95.0
CMP008,C003352,2025-11-12,1,1643.67,95.0
CMP008,C004459,2025-11-12,0,0.0,95.0
CMP008,C004549,2025-11-12,0,0.0,95.0
CMP008,C000857,2025-11-12,0,0.0,95.0
CMP008,C005104,2025-11-12,1,2823.8,95.0
CMP008,C000556,2025-11-12,0,0.0,95.0
CMP008,C004993,2025-11-12,0,0.0,95.0
CMP008,C003866,2025-11-12,1,2803.73,95.0
CMP008,C002960,2025-11-12,0,0.0,95.0
CMP008,C000869,2025-11-12,0,0.0,95.0
CMP008,C004672,2025-11-12,1,1807.33,95.0
CMP008,C000124,2025-11-12,1,2107.83,95.0
CMP008,C000083,2025-11-12,1,2664.09,95.0
CMP008,C000611,2025-11-12,0,0.0,95.0
CMP008,C004462,2025-11-12,0,0.0,95.0
CMP008,C001669,2025-11-12,1,720.34,95.0
CMP008,C002371,2025-11-12,0,0.0,95.0
CMP008,C003906,2025-11-12,0,0.0,95.0
CMP008,C005488,2025-11-12,1,1227.69,95.0
CMP008,C001695,2025-11-12,1,338.67,95.0
CMP008,C003410,2025-11-12,0,0.0,95.0
CMP008,C005749,2025-11-12,0,0.0,95.0
CMP008,C001068,2025-11-12,0,0.0,95.0
CMP008,C000281,2025-11-12,0,0.0,95.0
CMP008,C004995,2025-11-12,0,0.0,95.0
CMP008,C001819,2025-11-12,0,0.0,95.0
CMP008,C000413,2025-11-12,0,0.0,95.0
CMP008,C002409,2025-11-12,1,2022.58,95.0
CMP008,C002296,2025-11-12,0,0.0,95.0
CMP008,C001968,2025-11-12,0,0.0,95.0
CMP008,C003340,2025-11-12,0,0.0,95.0
CMP008,C001199,2025-11-12,0,0.0,95.0
CMP008,C002184,2025-11-12,1,269.46,95.0
CMP008,C000095,2025-11-12,0,0.0,95.0
CMP008,C002479,2025-11-12,1,1181.2,95.0
CMP008,C001172,2025-11-12,0,0.0,95.0
CMP008,C005564,2025-11-12,0,0.0,95.0
CMP008,C005516,2025-11-12,0,0.0,95.0
CMP008,C002643,2025-11-12,1,695.92,95.0
CMP008,C004011,2025-11-12,1,359.33,95.0
CMP008,C000312,2025-11-12,1,107.52,95.0
CMP008,C001328,2025-11-12,0,0.0,95.0
CMP008,C005139,2025-11-12,0,0.0,95.0
CMP008,C004465,2025-11-12,0,0.0,95.0
CMP008,C005258,2025-11-12,0,0.0,95.0
CMP008,C002533,2025-11-12,1,1897.12,95.0
CMP008,C004272,2025-11-12,0,0.0,95.0
CMP008,C000620,2025-11-12,0,0.0,95.0
CMP008,C002863,2025-11-12,0,0.0,95.0
CMP008,C003768,2025-11-12,0,0.0,95.0
CMP008,C000758,2025-11-12,0,0.0,95.0
CMP008,C005297,2025-11-12,0,0.0,95.0
CMP008,C002140,2025-11-12,1,1287.34,95.0
CMP008,C000174,2025-11-12,0,0.0,95.0
CMP008,C004512,2025-11-12,0,0.0,95.0
CMP008,C003132,2025-11-12,1,500.09,95.0
CMP008,C003576,2025-11-12,1,264.0,95.0
CMP008,C001677,2025-11-12,0,0.0,95.0
CMP008,C000393,2025-11-12,0,0.0,95.0
CMP008,C000572,2025-11-12,0,0.0,95.0
CMP008,C003916,2025-11-12,0,0.0,95.0
CMP008,C005075,2025-11-12,0,0.0,95.0
CMP008,C000536,2025-11-12,0,0.0,95.0
CMP008,C005039,2025-11-12,1,366.51,95.0
CMP008,C003337,2025-11-12,0,0.0,95.0
CMP008,C005565,2025-11-12,1,1033.12,95.0
CMP008,C003515,2025-11-12,0,0.0,95.0
CMP008,C003438,2025-11-12,1,825.18,95.0
CMP008,C004865,2025-11-12,0,0.0,95.0
CMP008,C004587,2025-11-12,0,0.0,95.0
CMP008,C005522,2025-11-12,0,0.0,95.0
CMP008,C003781,2025-11-12,0,0.0,95.0
CMP008,C000101,2025-11-12,0,0.0,95.0
CMP008,C000779,2025-11-12,1,446.43,95.0
CMP008,C000968,2025-11-12,0,0.0,95.0
CMP008,C003141,2025-11-12,1,809.85,95.0
CMP008,C000120,2025-11-12,0,0.0,95.0
CMP008,C000566,2025-11-12,0,0.0,95.0
CMP008,C003272,2025-11-12,0,0.0,95.0
CMP008,C001680,2025-11-12,1,1982.27,95.0
CMP008,C000922,2025-11-12,0,0.0,95.0
CMP008,C000633,2025-11-12,1,545.79,95.0
CMP008,C003631,2025-11-12,0,0.0,95.0
CMP008,C001124,2025-11-12,0,0.0,95.0
CMP008,C003297,2025-11-12,0,0.0,95.0
CMP008,C000190,2025-11-12,1,2479.75,95.0
CMP008,C000484,2025-11-12,0,0.0,95.0
CMP008,C003571,2025-11-12,0,0.0,95.0
CMP008,C004990,2025-11-12,1,624.41,95.0
CMP008,C004026,2025-11-12,1,757.04,95.0
CMP008,C004963,2025-11-12,1,887.4,95.0
CMP008,C000321,2025-11-12,0,0.0,95.0
CMP008,C005594,2025-11-12,1,1011.21,95.0
CMP008,C004355,2025-11-12,0,0.0,95.0
CMP008,C002652,2025-11-12,1,3642.84,95.0
CMP008,C004259,2025-11-12,0,0.0,95.0
CMP008,C003770,2025-11-12,0,0.0,95.0
CMP008,C004762,2025-11-12,0,0.0,95.0
CMP008,C000422,2025-11-12,0,0.0,95.0
CMP008,C000895,2025-11-12,0,0.0,95.0
CMP008,C003814,2025-11-12,0,0.0,95.0
CMP008,C001317,2025-11-12,0,0.0,95.0
CMP008,C001273,2025-11-12,0,0.0,95.0
CMP008,C003737,2025-11-12,0,0.0,95.0
CMP008,C004953,2025-11-12,0,0.0,95.0
CMP008,C003894,2025-11-12,0,0.0,95.0
CMP008,C005466,2025-11-12,0,0.0,95.0
CMP008,C001741,2025-11-12,1,1236.62,95.0
CMP008,C003701,2025-11-12,0,0.0,95.0
CMP008,C002836,2025-11-12,0,0.0,95.0
CMP008,C004966,2025-11-12,0,0.0,95.0
CMP008,C004326,2025-11-12,1,1078.53,95.0
CMP008,C004237,2025-11-12,1,1718.36,95.0
CMP008,C004657,2025-11-12,1,1892.51,95.0
CMP008,C001364,2025-11-12,0,0.0,95.0
CMP008,C004067,2025-11-12,1,1790.61,95.0
CMP008,C003136,2025-11-12,0,0.0,95.0
CMP008,C003321,2025-11-12,0,0.0,95.0
CMP008,C002245,2025-11-12,0,0.0,95.0
CMP008,C002790,2025-11-12,0,0.0,95.0
CMP008,C002264,2025-11-12,0,0.0,95.0
CMP008,C004811,2025-11-12,1,2560.73,95.0
CMP008,C005382,2025-11-12,0,0.0,95.0
CMP008,C003304,2025-11-12,0,0.0,95.0
CMP008,C004384,2025-11-12,1,1034.08,95.0
CMP008,C004446,2025-11-12,0,0.0,95.0
CMP008,C003061,2025-11-12,0,0.0,95.0
CMP008,C000742,2025-11-12,0,0.0,95.0
CMP008,C002965,2025-11-12,0,0.0,95.0
CMP008,C004753,2025-11-12,1,550.21,95.0
CMP008,C003522,2025-11-12,0,0.0,95.0
CMP008,C002031,2025-11-12,0,0.0,95.0
CMP008,C002656,2025-11-12,0,0.0,95.0
CMP008,C000119,2025-11-12,0,0.0,95.0
CMP008,C001060,2025-11-12,1,943.58,95.0
CMP008,C002840,2025-11-12,0,0.0,95.0
CMP008,C002693,2025-11-12,0,0.0,95.0
CMP008,C005103,2025-11-12,1,502.87,95.0
CMP008,C002134,2025-11-12,0,0.0,95.0
CMP008,C004546,2025-11-12,0,0.0,95.0
CMP008,C005988,2025-11-12,0,0.0,95.0
CMP008,C004103,2025-11-12,0,0.0,95.0
CMP008,C001936,2025-11-12,0,0.0,95.0
CMP008,C005580,2025-11-12,0,0.0,95.0
CMP008,C002904,2025-11-12,0,0.0,95.0
CMP008,C005667,2025-11-12,0,0.0,95.0
CMP008,C004905,2025-11-12,0,0.0,95.0
CMP008,C000418,2025-11-12,1,908.04,95.0
CMP008,C005617,2025-11-12,0,0.0,95.0
CMP008,C002258,2025-11-12,0,0.0,95.0
CMP008,C003419,2025-11-12,0,0.0,95.0
CMP008,C005956,2025-11-12,0,0.0,95.0
CMP008,C005428,2025-11-12,0,0.0,95.0
CMP008,C003901,2025-11-12,0,0.0,95.0
CMP008,C002202,2025-11-12,0,0.0,95.0
CMP008,C005744,2025-11-12,0,0.0,95.0
CMP008,C005198,2025-11-12,0,0.0,95.0
CMP008,C004908,2025-11-12,0,0.0,95.0
CMP008,C001856,2025-11-12,0,0.0,95.0
CMP008,C004474,2025-11-12,0,0.0,95.0
CMP008,C003880,2025-11-12,0,0.0,95.0
CMP008,C004312,2025-11-12,0,0.0,95.0
CMP008,C004976,2025-11-12,0,0.0,95.0
CMP008,C000204,2025-11-12,0,0.0,95.0
CMP008,C005902,2025-11-12,0,0.0,95.0
CMP008,C004724,2025-11-12,1,666.22,95.0
CMP008,C005364,2025-11-12,0,0.0,95.0
CMP008,C004073,2025-11-12,0,0.0,95.0
CMP008,C002561,2025-11-12,1,1328.99,95.0
CMP008,C003395,2025-11-12,0,0.0,95.0
CMP008,C004809,2025-11-12,0,0.0,95.0
CMP008,C001785,2025-11-12,0,0.0,95.0
CMP008,C004116,2025-11-12,0,0.0,95.0
CMP008,C005924,2025-11-12,0,0.0,95.0
CMP008,C003625,2025-11-12,0,0.0,95.0
CMP008,C000856,2025-11-12,0,0.0,95.0
CMP008,C000381,2025-11-12,0,0.0,95.0
CMP008,C000584,2025-11-12,0,0.0,95.0
CMP008,C003713,2025-11-12,0,0.0,95.0
CMP008,C003299,2025-11-12,0,0.0,95.0
CMP008,C004629,2025-11-12,0,0.0,95.0
CMP008,C000718,2025-11-12,0,0.0,95.0
CMP008,C002653,2025-11-12,0,0.0,95.0
CMP008,C005442,2025-11-12,0,0.0,95.0
CMP008,C003446,2025-11-12,0,0.0,95.0
CMP008,C002063,2025-11-12,0,0.0,95.0
CMP008,C004120,2025-11-12,0,0.0,95.0
CMP008,C004673,2025-11-12,0,0.0,95.0
CMP008,C003985,2025-11-12,1,327.56,95.0
CMP008,C005613,2025-11-12,1,224.73,95.0
CMP008,C004250,2025-11-12,0,0.0,95.0
CMP008,C004083,2025-11-12,0,0.0,95.0
CMP008,C003370,2025-11-12,0,0.0,95.0
CMP008,C000317,2025-11-12,0,0.0,95.0
CMP008,C002213,2025-11-12,0,0.0,95.0
CMP008,C002339,2025-11-12,1,887.19,95.0
CMP008,C005058,2025-11-12,1,2975.99,95.0
CMP008,C005970,2025-11-12,0,0.0,95.0
CMP008,C001131,2025-11-12,0,0.0,95.0
CMP008,C004873,2025-11-12,0,0.0,95.0
CMP008,C005781,2025-11-12,1,513.23,95.0
CMP008,C000651,2025-11-12,1,1740.23,95.0
CMP008,C001692,2025-11-12,1,1920.44,95.0
CMP008,C004750,2025-11-12,1,1148.79,95.0
CMP008,C003934,2025-11-12,0,0.0,95.0
CMP008,C002613,2025-11-12,0,0.0,95.0
CMP008,C001778,2025-11-12,0,0.0,95.0
CMP008,C004839,2025-11-12,0,0.0,95.0
CMP008,C000412,2025-11-12,0,0.0,95.0
CMP008,C004174,2025-11-12,1,344.04,95.0
CMP008,C004291,2025-11-12,0,0.0,95.0
CMP008,C004871,2025-11-12,1,192.22,95.0
CMP008,C004310,2025-11-12,0,0.0,95.0
CMP008,C000250,2025-11-12,0,0.0,95.0
CMP008,C001632,2025-11-12,1,1935.61,95.0
CMP008,C001583,2025-11-12,0,0.0,95.0
CMP008,C001526,2025-11-12,1,1167.98,95.0
CMP008,C005353,2025-11-12,0,0.0,95.0
CMP008,C001642,2025-11-12,0,0.0,95.0
CMP008,C001123,2025-11-12,0,0.0,95.0
CMP008,C001818,2025-11-12,0,0.0,95.0
CMP008,C003565,2025-11-12,0,0.0,95.0
CMP008,C003377,2025-11-12,0,0.0,95.0
CMP008,C004582,2025-11-12,1,1846.62,95.0
CMP008,C004450,2025-11-12,0,0.0,95.0
CMP008,C004388,2025-11-12,0,0.0,95.0
CMP008,C005599,2025-11-12,0,0.0,95.0
CMP008,C004078,2025-11-12,0,0.0,95.0
CMP008,C005717,2025-11-12,0,0.0,95.0
CMP008,C004670,2025-11-12,0,0.0,95.0
CMP008,C001817,2025-11-12,0,0.0,95.0
CMP008,C000749,2025-11-12,0,0.0,95.0
CMP008,C003422,2025-11-12,1,1095.69,95.0
CMP008,C004745,2025-11-12,0,0.0,95.0
CMP008,C002721,2025-11-12,0,0.0,95.0
CMP008,C003898,2025-11-12,0,0.0,95.0
CMP008,C001646,2025-11-12,0,0.0,95.0
CMP008,C005380,2025-11-12,0,0.0,95.0
CMP008,C003511,2025-11-12,0,0.0,95.0
CMP008,C003409,2025-11-12,0,0.0,95.0
CMP008,C004425,2025-11-12,0,0.0,95.0
CMP008,C005931,2025-11-12,0,0.0,95.0
CMP008,C002917,2025-11-12,0,0.0,95.0
CMP008,C002986,2025-11-12,1,1210.42,95.0
CMP008,C003520,2025-11-12,0,0.0,95.0
CMP008,C001895,2025-11-12,1,2250.45,95.0
CMP008,C001295,2025-11-12,0,0.0,95.0
CMP008,C004168,2025-11-12,0,0.0,95.0
CMP008,C000015,2025-11-12,0,0.0,95.0
CMP008,C005489,2025-11-12,0,0.0,95.0
CMP008,C001062,2025-11-12,0,0.0,95.0
CMP008,C000351,2025-11-12,0,0.0,95.0
CMP008,C001232,2025-11-12,1,1462.08,95.0
CMP008,C002222,2025-11-12,1,993.64,95.0
CMP008,C002458,2025-11-12,0,0.0,95.0
CMP008,C004946,2025-11-12,1,670.69,95.0
CMP008,C001448,2025-11-12,0,0.0,95.0
CMP008,C005209,2025-11-12,0,0.0,95.0
CMP008,C005218,2025-11-12,0,0.0,95.0
CMP008,C005936,2025-11-12,0,0.0,95.0
CMP008,C002955,2025-11-12,1,1032.54,95.0
CMP008,C004933,2025-11-12,0,0.0,95.0
CMP008,C000065,2025-11-12,1,888.02,95.0
CMP008,C003186,2025-11-12,0,0.0,95.0
CMP008,C001528,2025-11-12,1,1259.73,95.0
CMP008,C003105,2025-11-12,0,0.0,95.0
CMP008,C005752,2025-11-12,0,0.0,95.0
CMP008,C001568,2025-11-12,0,0.0,95.0
CMP008,C002024,2025-11-12,1,946.91,95.0
CMP008,C002456,2025-11-12,0,0.0,95.0
CMP008,C001414,2025-11-12,0,0.0,95.0
CMP008,C005680,2025-11-12,0,0.0,95.0
CMP008,C005507,2025-11-12,0,0.0,95.0
CMP008,C000714,2025-11-12,1,2894.86,95.0
CMP008,C000955,2025-11-12,0,0.0,95.0
CMP008,C005006,2025-11-12,0,0.0,95.0
CMP008,C003721,2025-11-12,0,0.0,95.0
CMP008,C004705,2025-11-12,0,0.0,95.0
CMP008,C000912,2025-11-12,0,0.0,95.0
CMP008,C005541,2025-11-12,1,1119.29,95.0
CMP008,C002167,2025-11-12,0,0.0,95.0
CMP008,C004665,2025-11-12,0,0.0,95.0
CMP008,C002297,2025-11-12,1,2785.61,95.0
CMP008,C000985,2025-11-12,1,215.43,95.0
CMP008,C004524,2025-11-12,0,0.0,95.0
CMP008,C000998,2025-11-12,0,0.0,95.0
CMP008,C003545,2025-11-12,0,0.0,95.0
CMP008,C001205,2025-11-12,1,989.93,95.0
CMP008,C005810,2025-11-12,1,878.23,95.0
CMP008,C004606,2025-11-12,0,0.0,95.0
CMP008,C001667,2025-11-12,0,0.0,95.0
CMP008,C005543,2025-11-12,1,827.15,95.0
CMP008,C001387,2025-11-12,1,1621.6,95.0
CMP008,C004473,2025-11-12,1,1697.67,95.0
CMP008,C002453,2025-11-12,0,0.0,95.0
CMP008,C000635,2025-11-12,0,0.0,95.0
CMP008,C000183,2025-11-12,0,0.0,95.0
CMP008,C002575,2025-11-12,1,232.62,95.0
CMP008,C000809,2025-11-12,1,216.19,95.0
CMP008,C003295,2025-11-12,0,0.0,95.0
CMP008,C005462,2025-11-12,0,0.0,95.0
CMP008,C000942,2025-11-12,0,0.0,95.0
CMP008,C002796,2025-11-12,0,0.0,95.0
CMP008,C004086,2025-11-12,0,0.0,95.0
CMP008,C000016,2025-11-12,1,722.28,95.0
CMP008,C002735,2025-11-12,0,0.0,95.0
CMP008,C001831,2025-11-12,0,0.0,95.0
CMP008,C003861,2025-11-12,0,0.0,95.0
CMP008,C000623,2025-11-12,0,0.0,95.0
CMP008,C000098,2025-11-12,0,0.0,95.0
CMP008,C001305,2025-11-12,1,2508.65,95.0
CMP008,C000707,2025-11-12,1,1144.19,95.0
CMP008,C000082,2025-11-12,0,0.0,95.0
CMP008,C001822,2025-11-12,0,0.0,95.0
CMP008,C003978,2025-11-12,1,1902.59,95.0
CMP008,C001314,2025-11-12,0,0.0,95.0
CMP008,C000555,2025-11-12,1,448.45,95.0
CMP008,C001426,2025-11-12,0,0.0,95.0
CMP008,C005405,2025-11-12,1,2030.46,95.0
CMP008,C005169,2025-11-12,1,104.0,95.0
CMP008,C001933,2025-11-12,1,1037.92,95.0
CMP008,C005435,2025-11-12,1,1272.36,95.0
CMP008,C001020,2025-11-12,0,0.0,95.0
CMP008,C003001,2025-11-12,0,0.0,95.0
CMP008,C002567,2025-11-12,0,0.0,95.0
CMP008,C004713,2025-11-12,0,0.0,95.0
CMP008,C003875,2025-11-12,0,0.0,95.0
CMP008,C002681,2025-11-12,1,808.13,95.0
CMP008,C000045,2025-11-12,0,0.0,95.0
CMP008,C004051,2025-11-12,0,0.0,95.0
CMP008,C004429,2025-11-12,0,0.0,95.0
CMP008,C002884,2025-11-12,0,0.0,95.0
CMP008,C000751,2025-11-12,0,0.0,95.0
CMP008,C004363,2025-11-12,0,0.0,95.0
CMP008,C001388,2025-11-12,1,1484.8,95.0
CMP008,C002516,2025-11-12,0,0.0,95.0
CMP008,C005329,2025-11-12,1,886.72,95.0
CMP008,C004055,2025-11-12,1,1082.93,95.0
CMP008,C003137,2025-11-12,1,655.65,95.0
CMP008,C004422,2025-11-12,0,0.0,95.0
CMP008,C004516,2025-11-12,1,921.48,95.0
CMP008,C004209,2025-11-12,1,757.17,95.0
CMP008,C002503,2025-11-12,0,0.0,95.0
CMP008,C002501,2025-11-12,0,0.0,95.0
CMP008,C000068,2025-11-12,0,0.0,95.0
CMP008,C001349,2025-11-12,0,0.0,95.0
CMP008,C005876,2025-11-12,1,731.81,95.0
CMP008,C001567,2025-11-12,1,1212.28,95.0
CMP008,C005642,2025-11-12,0,0.0,95.0
CMP008,C000017,2025-11-12,0,0.0,95.0
CMP008,C005331,2025-11-12,0,0.0,95.0
CMP008,C004621,2025-11-12,0,0.0,95.0
CMP008,C000939,2025-11-12,1,1304.48,95.0
CMP008,C005778,2025-11-12,0,0.0,95.0
CMP008,C005273,2025-11-12,0,0.0,95.0
CMP008,C001546,2025-11-12,0,0.0,95.0
CMP008,C002541,2025-11-12,0,0.0,95.0
CMP008,C005694,2025-11-12,0,0.0,95.0
CMP008,C003648,2025-11-12,0,0.0,95.0
CMP008,C005327,2025-11-12,0,0.0,95.0
CMP008,C005180,2025-11-12,0,0.0,95.0
CMP008,C000449,2025-11-12,0,0.0,95.0
CMP008,C002488,2025-11-12,0,0.0,95.0
CMP008,C004570,2025-11-12,0,0.0,95.0
CMP008,C001739,2025-11-12,0,0.0,95.0
CMP008,C004593,2025-11-12,0,0.0,95.0
CMP008,C004646,2025-11-12,0,0.0,95.0
CMP008,C000303,2025-11-12,0,0.0,95.0
CMP008,C004977,2025-11-12,0,0.0,95.0
CMP008,C001428,2025-11-12,0,0.0,95.0
CMP008,C003958,2025-11-12,0,0.0,95.0
CMP008,C000149,2025-11-12,1,199.51,95.0
CMP008,C005898,2025-11-12,0,0.0,95.0
CMP008,C003845,2025-11-12,0,0.0,95.0
CMP008,C002008,2025-11-12,0,0.0,95.0
CMP008,C002958,2025-11-12,0,0.0,95.0
CMP008,C003335,2025-11-12,0,0.0,95.0
CMP008,C002646,2025-11-12,0,0.0,95.0
CMP008,C002994,2025-11-12,0,0.0,95.0
CMP008,C001590,2025-11-12,0,0.0,95.0
CMP008,C001645,2025-11-12,0,0.0,95.0
CMP008,C005526,2025-11-12,1,1316.18,95.0
CMP008,C001913,2025-11-12,1,400.91,95.0
CMP008,C000791,2025-11-12,0,0.0,95.0
CMP008,C001514,2025-11-12,0,0.0,95.0
CMP008,C004195,2025-11-12,0,0.0,95.0
CMP008,C003508,2025-11-12,1,798.56,95.0
CMP008,C000006,2025-11-12,0,0.0,95.0
CMP008,C005326,2025-11-12,0,0.0,95.0
CMP008,C004568,2025-11-12,1,507.49,95.0
CMP008,C005467,2025-11-12,0,0.0,95.0
CMP008,C004040,2025-11-12,1,1664.55,95.0
CMP008,C000177,2025-11-12,0,0.0,95.0
CMP008,C001168,2025-11-12,0,0.0,95.0
